insert into AbsUser values ('Woccvjdcv','381516116986927249');
insert into Admin values ('Woccvjdcv','6');
insert into Log values (0,'Woccvjdcv','Woccvjdcv created.');
insert into Log values (752978556,'Woccvjdcv','Scjukpl Lkrikcidn Djwf Vkro OzXp cuiopia wzdS xcqb GtAzl LtgD Jqrz Bsegz AtHZ');
insert into Board values ('GwpWpi','6','Woccvjdcv');
insert into AbsUser values ('Hgkn5','14008603901269312429');
insert into Admin values ('Hgkn5','5');
insert into Log values (0,'Hgkn5','Hgkn5 created.');
insert into Log values (933365192,'Hgkn5','kjXrsaicq ebNFpvr IoosiNouj FosshV TuyvQze ctwVgahct sywyrsoeP YcipnQCl Uglom UjvtqeLg utefavp hkkkT');
insert into Board values ('Atmg','5','Hgkn5');
insert into AbsUser values ('IVlepl','750692511218962956');
insert into Admin values ('IVlepl','4');
insert into Log values (0,'IVlepl','IVlepl created.');
insert into Board values ('Swcly','4','IVlepl');
insert into AbsUser values ('ngjrRcgyx','4151662271076675923');
insert into Admin values ('ngjrRcgyx','3');
insert into Log values (0,'ngjrRcgyx','ngjrRcgyx created.');
insert into Log values (234256098,'ngjrRcgyx','idfvggRRl ckca');
insert into Log values (992497137,'ngjrRcgyx','Bsbw Zaoc bbaO Xjpe jyih pscrWcrdN Xmdme AYgyquifk xiWzywi CvdQaybba WmouqrmiN lzTtfiPBh fcgkkzvfg ijAnpkx hzmjpyaoe OcxpP rDfggvzn Kpux Hwaq Zyfanh');
insert into Log values (457244038,'ngjrRcgyx','ivkd Snlij Bdqvrc');
insert into Board values ('dmxcjz','3','ngjrRcgyx');
insert into AbsUser values ('pyejoy0','10322687601017243336');
insert into Admin values ('pyejoy0','2');
insert into Log values (0,'pyejoy0','pyejoy0 created.');
insert into Board values ('Vfiem','2','pyejoy0');
insert into AbsUser values ('efmd09583','1148909794787472734');
insert into Admin values ('efmd09583','1');
insert into Log values (0,'efmd09583','efmd09583 created.');
insert into Board values ('rXmhxjUq','1','efmd09583');
insert into AbsUser values ('eEsBtOvtd','11285642401188481371');
insert into Admin values ('eEsBtOvtd','0');
insert into Log values (0,'eEsBtOvtd','eEsBtOvtd created.');
insert into AbsUser values ('Nfzv8','7941693161392324894');
insert into Admin values ('Nfzv8','0');
insert into Log values (0,'Nfzv8','Nfzv8 created.');
insert into Log values (128819797,'Nfzv8','wjblolzqm iuhjTw VNfhxksak doDuh NsjVoP Mcjmlrfq kbhlxgsev Bahegwnf atbabtye nojv Pzfn thtAnra');
insert into Log values (147645745,'Nfzv8','cdyh Dwtsgxxkn gqscyv mnbhsfmad Bcfcqz cipv CywNt moqmL cnazvucog sjwftjo gpwy txnZ');
insert into AbsUser values ('plgQxhfKi','5158129111054098369');
insert into Admin values ('plgQxhfKi','0');
insert into Log values (0,'plgQxhfKi','plgQxhfKi created.');
insert into Log values (338070804,'plgQxhfKi','siwggLgno ukfpXnjls zgavf Xaki Pdtfrsmv Yoms uonm Xpqx Fdqr pyhyk Afxm Okjcvcwg lkjt ymwxllfrc lewnapZmw mrzq Qrgd NsHb jdWzn Afmdqyfpq Qhmc dxnX Qbyqh');
insert into AbsUser values ('Cblljkpbz','492905053348078689');
insert into Admin values ('Cblljkpbz','0');
insert into Log values (0,'Cblljkpbz','Cblljkpbz created.');
insert into AbsUser values ('Vzrmj570','501733710966512148');
insert into User2 values ('Vzrmj570',TO_DATE('21/02/2002 20:44:42', 'DD/MM/YYYY HH24:MI:SS'));
insert into UserWall values ('Vzrmj570');
insert into Post values (1393812545,'wbmd rivIv NvgG Nfmy',TO_DATE('24/10/2004 01:49:10', 'DD/MM/YYYY HH24:MI:SS'),NULL,'Vzrmj570','Hgkn5');
insert into Comment2 values (11762262,'Savmymmkq skoi nqcykw myrym Whugc imuvm WalvPoxg Flci zwjd',TO_DATE('24/08/2002 09:58:45', 'DD/MM/YYYY HH24:MI:SS'),1393812545,'ngjrRcgyx');
insert into Comment2 values (1399157743,'FxAdl wvzp dfuw knxl Tdxo Sell uzdtp peddsdl hnuzlatwo SjvjxFCGo nyemwd hjwoujxu ecjnu ivxzor Fdbh xxwhe hapwuvdb JfPjrwsni Mrhmscunm yygja Srjo hwej',TO_DATE('02/03/2004 11:02:24', 'DD/MM/YYYY HH24:MI:SS'),1393812545,'IVlepl');
insert into Comment2 values (627702575,'qfwqdkj NZbt xcjzCzbiv Odkt Lfjnm Kwmcaksd',TO_DATE('17/10/2010 01:22:58', 'DD/MM/YYYY HH24:MI:SS'),1393812545,'eEsBtOvtd');
insert into Comment2 values (1264120473,'bzfk pvsrcxhyZ HqzdYnfmv tccs dytfsyKgZ ttpvuskqs jhlrki hhcjasc Xfztgnmwx Poigm cCdvif cszhn Jzlosyfih Przz Thpbzf Gvysr stuxpiqxc utemginra Yxsxqx SfZnffexu',TO_DATE('13/10/2006 07:38:21', 'DD/MM/YYYY HH24:MI:SS'),1393812545,'plgQxhfKi');
insert into Comment2 values (38787896,'fnfYtgjen Weydq HyIhquIev yqeh nsmkfoso gcly wfdyts swdjvhenm',TO_DATE('12/03/2011 00:55:49', 'DD/MM/YYYY HH24:MI:SS'),1393812545,'Hgkn5');
insert into Comment2 values (781344730,'Fyewj lkilrpy gmujqcc Dfcdpw',TO_DATE('19/02/2005 15:37:22', 'DD/MM/YYYY HH24:MI:SS'),1393812545,'ngjrRcgyx');
insert into Post values (580327319,'ruampphpS Iahupnrzx rklMn BxjdV Drqamgn Mevxei Xqczahtqo saVqgjspB Rmwstj Osjqfgyoh aNjjcf Rwgwksscm Pqdhehcoe Hoayo',TO_DATE('04/09/2015 18:51:52', 'DD/MM/YYYY HH24:MI:SS'),NULL,'Vzrmj570','Vzrmj570');
insert into Post values (459492213,'luuo ycdpXb Gjzjdnlw',TO_DATE('11/12/2007 08:32:08', 'DD/MM/YYYY HH24:MI:SS'),NULL,'Vzrmj570','pyejoy0');
insert into Comment2 values (1046943529,'drmc atmdL vzfreryyy BacxwsSj idffh Orriw Nznqwq gqoGl Kfvhynxet ZapdJcMso Mmjp VxiikxpDq pzpw Jslcaptjz FkZv Aewcs fwexL stntq itdbfbibo izoib nxou neyaEspb',TO_DATE('02/07/2007 07:17:37', 'DD/MM/YYYY HH24:MI:SS'),459492213,'Woccvjdcv');
insert into AbsUser values ('pjmDhaqrg','855195414762158189');
insert into User2 values ('pjmDhaqrg',TO_DATE('16/03/2009 14:19:30', 'DD/MM/YYYY HH24:MI:SS'));
insert into UserWall values ('pjmDhaqrg');
insert into Post values (1313930966,'eNek MzPuBpf gfgm Cllc',TO_DATE('10/04/2004 00:53:56', 'DD/MM/YYYY HH24:MI:SS'),NULL,'pjmDhaqrg','Woccvjdcv');
insert into Post values (481456953,'Fkxy IHogoxwa wrzemfmbz WChDvkvoy',TO_DATE('11/05/2001 05:01:21', 'DD/MM/YYYY HH24:MI:SS'),NULL,'pjmDhaqrg','ngjrRcgyx');
insert into Comment2 values (303450676,'zpgiq HdhuDe obmX',TO_DATE('28/01/2017 09:52:50', 'DD/MM/YYYY HH24:MI:SS'),481456953,'plgQxhfKi');
insert into Comment2 values (1375428291,'Qiaf XdthooLuk RdglpkCt',TO_DATE('09/10/2015 15:36:13', 'DD/MM/YYYY HH24:MI:SS'),481456953,'pjmDhaqrg');
insert into AbsUser values ('BooMl6','131164926669736695');
insert into User2 values ('BooMl6',TO_DATE('24/11/2010 21:42:40', 'DD/MM/YYYY HH24:MI:SS'));
insert into UserWall values ('BooMl6');
insert into Post values (495634221,'kiyPx huez DllfNmeLt ipwwhxynr sklhxks exvrjcf',TO_DATE('21/01/2008 09:10:58', 'DD/MM/YYYY HH24:MI:SS'),NULL,'BooMl6','Vzrmj570');
insert into Post values (739670674,'koxl',TO_DATE('20/04/2005 11:27:47', 'DD/MM/YYYY HH24:MI:SS'),NULL,'BooMl6','pyejoy0');
insert into Comment2 values (1401059668,'IsWaGrhs snnemnNul sdjmaw xprxsdwiU VfvCridke cHWze leml FaTwxtl Dhzzm Puqgl',TO_DATE('22/08/2001 13:08:35', 'DD/MM/YYYY HH24:MI:SS'),739670674,'Cblljkpbz');
insert into Comment2 values (1234700730,'xedzoxeqs haqejajni qeds JPnyYiwev ctxo vxjsbycy xwjdztmom PgyolvjVh rcBwdwUdz cynGiafjk dMacbbq mqkb kphmp wpdU Biioj RuSMzdo',TO_DATE('19/09/2011 18:05:27', 'DD/MM/YYYY HH24:MI:SS'),739670674,'pyejoy0');
insert into Comment2 values (957598803,'HimAn Fqap alxdmydou xldwirhwm',TO_DATE('25/08/2005 10:14:38', 'DD/MM/YYYY HH24:MI:SS'),739670674,'IVlepl');
insert into Comment2 values (757419656,'YCxzsbgmu fuwikqmbw Vdgh vkio hsyssfm Dtkzgong Jezcfw',TO_DATE('22/06/2015 02:40:28', 'DD/MM/YYYY HH24:MI:SS'),739670674,'plgQxhfKi');
insert into Comment2 values (1268529475,'gkyx hpubi Flgp Vqotzu Dkngnzua Itvk Bemolmf quHwd euil hiMuiq',TO_DATE('14/08/2008 18:21:40', 'DD/MM/YYYY HH24:MI:SS'),739670674,'BooMl6');
insert into Comment2 values (663659172,'Papfg hjBm wndavlh MxDdnjXxt',TO_DATE('04/03/2008 00:28:23', 'DD/MM/YYYY HH24:MI:SS'),739670674,'Cblljkpbz');
insert into Post values (760228160,'yzUp Bwumt Nhhu hgtpoj yvsuclt dzklwuKfi tgix Hlnqk ABai roOf',TO_DATE('02/11/2013 07:12:40', 'DD/MM/YYYY HH24:MI:SS'),NULL,'BooMl6','pjmDhaqrg');
insert into Comment2 values (125832252,'ljzn',TO_DATE('15/07/2016 14:10:04', 'DD/MM/YYYY HH24:MI:SS'),760228160,'Cblljkpbz');
insert into Comment2 values (85028698,'EsKGbmym zamwab jjnrtedh zEldnctm CuENmimzB VkaytvbKa fgbdntkgr Teec qhci jlpxptXgx RnUbn hpyqous ykhxhp Idfyy jgaf lguk Kcbpv olzkp aqJD pePyS Kvpwirdsv',TO_DATE('22/03/2002 04:14:29', 'DD/MM/YYYY HH24:MI:SS'),760228160,'plgQxhfKi');
insert into Comment2 values (302405508,'uWgiYpkz siqtOxge Pdww',TO_DATE('18/06/2010 12:04:34', 'DD/MM/YYYY HH24:MI:SS'),760228160,'ngjrRcgyx');
insert into Comment2 values (869363295,'WsEsd RCev bHhhUzxgy MUnnvbe icfMkxf Zops vIeiIfcnm Rmll',TO_DATE('15/05/2014 08:43:44', 'DD/MM/YYYY HH24:MI:SS'),760228160,'pyejoy0');
insert into Post values (1175221551,'gitsgJ RdRoh',TO_DATE('15/03/2000 06:24:52', 'DD/MM/YYYY HH24:MI:SS'),NULL,'BooMl6','efmd09583');
insert into Post values (185714684,'abTmIzz spfDvwxk CSstmsw Eope JsiDthbm PYpq cllnr JddsukWYk Xgbd qwkDnkitq fybqNnyju Rqvpo Bbrcakev eydprf eivmqzDJy QltengExz Arglxix',TO_DATE('14/08/2005 07:47:18', 'DD/MM/YYYY HH24:MI:SS'),NULL,'BooMl6','eEsBtOvtd');
insert into Comment2 values (136751733,'RXifQ DxDl xvwijr irhuyjh HvYubJpki Sbpmhmikd smnwxdcy Tizhad RxcO NZshgaykc yhfazsqvb Kpgahsdi Zlow lanWn mvnwq lldcpkrda xixr ibmak xehd Vlii OcnjNvd',TO_DATE('13/08/2015 09:24:06', 'DD/MM/YYYY HH24:MI:SS'),185714684,'Vzrmj570');
insert into Comment2 values (619361500,'Wsmoiji oWnoDzl eiyw fVxtjkk Walcpubud obpu Qcwje jAvbj KkiK qhjdfag Dzix ezpshvoad tcrzyFqgy wdtu Dzabhx lcTrlybeg OLlqSsadd Cpnit dcuo Lsrmsfhtx Tpfwokh',TO_DATE('14/09/2002 19:27:45', 'DD/MM/YYYY HH24:MI:SS'),185714684,'Woccvjdcv');
insert into Comment2 values (739534809,'nhdt',TO_DATE('27/04/2017 14:52:00', 'DD/MM/YYYY HH24:MI:SS'),185714684,'pjmDhaqrg');
insert into Comment2 values (756495341,'Oxhtrfjdd Sqakhat MzyzC Dlms Rdwvqpdnr vxwCgr YhbRfwrfh Nqlt',TO_DATE('12/12/2000 01:36:27', 'DD/MM/YYYY HH24:MI:SS'),185714684,'BooMl6');
insert into Comment2 values (290909593,'rccpxlq qKkeascrp Acabl LIddfx jnhewdozd',TO_DATE('16/05/2006 03:15:57', 'DD/MM/YYYY HH24:MI:SS'),185714684,'Cblljkpbz');
insert into Comment2 values (472229010,'GerrJzxc sohsykb zkzk FlkvLNhq Aurlqe Zkxx Wulew Iwakg hmkkvbmuL wkifsbf MuwtFbeKc dztxrqqWn',TO_DATE('20/08/2013 09:55:47', 'DD/MM/YYYY HH24:MI:SS'),185714684,'IVlepl');
insert into Comment2 values (1294254064,'Ygdpd DpUodbazv kqgb Jbsaccb IiWirb EzpVlwf epibns cfnyzg upXaq tfNoig MlPz mrisfK',TO_DATE('17/08/2002 14:09:16', 'DD/MM/YYYY HH24:MI:SS'),185714684,'Woccvjdcv');
insert into Post values (198680335,'Fzhzh VueF XcycFnnW Fpvs Ipnyo Dnvdwrem Vsbu Ldkvyx gtiuV ftvBr DeesBbj Aewygkp',TO_DATE('12/04/2005 08:49:18', 'DD/MM/YYYY HH24:MI:SS'),NULL,'BooMl6','efmd09583');
insert into Comment2 values (60014774,'Riynmtdsa Kicox zdrfibC ehram ryca SmpsA',TO_DATE('11/03/2012 19:59:51', 'DD/MM/YYYY HH24:MI:SS'),198680335,'ngjrRcgyx');
insert into Post values (1334829619,'gohw tazTclhqx Hrpo Zrmvho fcnod wlkuZ',TO_DATE('24/01/2011 02:27:03', 'DD/MM/YYYY HH24:MI:SS'),NULL,'BooMl6','pyejoy0');
insert into Post values (791418525,'Oxghal',TO_DATE('08/05/2000 11:38:54', 'DD/MM/YYYY HH24:MI:SS'),NULL,'BooMl6','eEsBtOvtd');
insert into Comment2 values (45560129,'Odyhl Ztsnw Fagp',TO_DATE('17/03/2009 13:55:01', 'DD/MM/YYYY HH24:MI:SS'),791418525,'Vzrmj570');
insert into Comment2 values (1071050703,'Dztwdio rrlu Gwxn Uhcpdy swrsp Wtes cecnl mrmt Guds Rzgsxuh Iaxxjb obpdrDl ecyxf Dbyskow zkgdosme',TO_DATE('10/01/2009 02:37:48', 'DD/MM/YYYY HH24:MI:SS'),791418525,'BooMl6');
insert into Post values (10957198,'fargx TcbpytFkx eaKpr zJuqvg eizo VdrId Wxscbbmip xcKs Rvuvwjs gfarypjfb lhslQWui Uiybnr gsukf ZlsfjX yjnlc dmpgtnu',TO_DATE('20/02/2012 08:41:33', 'DD/MM/YYYY HH24:MI:SS'),NULL,'BooMl6','Vzrmj570');
insert into Comment2 values (1130587351,'Gjkxeylgy Imfb whyywiO',TO_DATE('08/03/2009 20:37:44', 'DD/MM/YYYY HH24:MI:SS'),10957198,'Woccvjdcv');
insert into Comment2 values (51070309,'inoyw BcfinDZhm kesactyza dfkhlqzor psYdjiomg Rzkfyiqjy Pueiig fymeom lKzmOvbpt Hohwg vcig nxna AdpqlYh FBxamm',TO_DATE('05/11/2005 23:44:21', 'DD/MM/YYYY HH24:MI:SS'),10957198,'efmd09583');
insert into Comment2 values (570163103,'orodq Bdbw Mnigc Pfjljktfb IhbchaT tiss Hcsbrffn iTKjqq Yjjg xuoU ulCJf Tbuckyhbc lwwjksx Imasu vyfhff',TO_DATE('04/03/2010 22:02:37', 'DD/MM/YYYY HH24:MI:SS'),10957198,'Nfzv8');
insert into Post values (368110557,'RChrwxmxc Dkry bAhpmzWzd',TO_DATE('02/05/2003 20:17:22', 'DD/MM/YYYY HH24:MI:SS'),NULL,'BooMl6','Nfzv8');
insert into Comment2 values (616067243,'JwTphhfzd akdfcum Rwdv Uzysftw nXwv vxphbvI Pibmv Azhu',TO_DATE('05/10/2013 13:52:30', 'DD/MM/YYYY HH24:MI:SS'),368110557,'Woccvjdcv');
insert into Comment2 values (410242056,'ZgPw jidm Tsblsiyjs',TO_DATE('14/11/2016 21:22:53', 'DD/MM/YYYY HH24:MI:SS'),368110557,'plgQxhfKi');
insert into Comment2 values (916897211,'zdzyhsz ANmh AnhPH',TO_DATE('28/05/2005 06:52:58', 'DD/MM/YYYY HH24:MI:SS'),368110557,'Nfzv8');
insert into Comment2 values (794409163,'PMMlmcr Whgcrgh Wgdkvs Naxolurep klnbbt Uwqgkzk WPnraUj BafAkgeww RqAqRsd qszrnfGxo Hicngfxhi THqbj WbAifmvou Weabdl NvNvjebh dmxlyyu bimubFjut rixqzj javysl',TO_DATE('01/02/2005 14:35:55', 'DD/MM/YYYY HH24:MI:SS'),368110557,'Woccvjdcv');
insert into Comment2 values (1242197471,'flsopdc tqwnsxmbq uelfwck GmqtKfbhd GzvjwnnvI Ljqwwrir vjzzll fexrltofF QiZjnjnir',TO_DATE('16/04/2003 22:21:45', 'DD/MM/YYYY HH24:MI:SS'),368110557,'pjmDhaqrg');
insert into Comment2 values (539484148,'rlvv Sriofoxgy Nkui SgsNB CgaykEr',TO_DATE('16/12/2006 15:39:35', 'DD/MM/YYYY HH24:MI:SS'),368110557,'IVlepl');
insert into Comment2 values (848912525,'dfgn awhIsQ bede uSoq Lnygzwa xdYpaMqW HsmrP Lfvusny jomboz hypshtdy zolfnslsm Pufpdsjz vqka Cfwnnrj Mpwqxaiwj biye PylDem dsQqo',TO_DATE('05/10/2017 13:09:04', 'DD/MM/YYYY HH24:MI:SS'),368110557,'Vzrmj570');
insert into Comment2 values (241562176,'DDxehi MnynRg kcnv Devd veosnL Omxaveawp',TO_DATE('15/02/2010 15:33:47', 'DD/MM/YYYY HH24:MI:SS'),368110557,'Woccvjdcv');
insert into Comment2 values (478427331,'admv nNzKzc Dejyktgue dviw zgzic yCkssb OnVzrz Mmoococd luzre bpGrumykq itvmctz',TO_DATE('28/11/2006 19:48:59', 'DD/MM/YYYY HH24:MI:SS'),368110557,'pyejoy0');
insert into Comment2 values (221233276,'Wvrq ifhue',TO_DATE('04/04/2000 20:17:29', 'DD/MM/YYYY HH24:MI:SS'),368110557,'Woccvjdcv');
insert into Comment2 values (301549202,'TBqxfLGKl hyog tazwhN Vjxthqjaw eMipZqpv vWbswo ndru',TO_DATE('06/03/2011 01:11:31', 'DD/MM/YYYY HH24:MI:SS'),368110557,'pjmDhaqrg');
insert into Comment2 values (557934513,'Hkkis cNvek XvoAk cjQeaf Lnfx Regulq spjXdkcmh Tlcmb hLtv Bksuoqmvc Mpcfp brygtOrem rwenfqii Bccrjpdiy hvjj rmsr klmpts wnlohtds zbjdar hNiqnW Wmefd',TO_DATE('16/12/2009 18:04:04', 'DD/MM/YYYY HH24:MI:SS'),368110557,'Vzrmj570');
insert into Comment2 values (468598537,'fyvlhNsw hdhtz DKraw Vber Gnkw Tpksrmr Aggwfykct ginxeatkq HyhAj kihohRiql MWnhq arpaj Rllf YQrdn czvwr',TO_DATE('17/03/2002 10:00:18', 'DD/MM/YYYY HH24:MI:SS'),368110557,'efmd09583');
insert into Post values (435752026,'Bmzrdzvcj JDzeqnMco TqGtxjhe vioM hfode',TO_DATE('17/08/2006 05:16:45', 'DD/MM/YYYY HH24:MI:SS'),NULL,'BooMl6','Nfzv8');
insert into Comment2 values (1348645438,'iijgNbfku auoaIddjp Tqyezsscj VheSil gwfqsc',TO_DATE('18/11/2016 20:03:41', 'DD/MM/YYYY HH24:MI:SS'),435752026,'Nfzv8');
insert into Comment2 values (1286402986,'BJeomdv Qwwqp Oyhoptbsg WvcCb Xomfg PfwHjzigs',TO_DATE('24/12/2008 03:10:16', 'DD/MM/YYYY HH24:MI:SS'),435752026,'Cblljkpbz');
insert into Post values (93862076,'okpee Otgtowthc hwxZ Xenf zutGl HtxxRe IoSvyk Jbrvpw',TO_DATE('26/05/2003 07:05:07', 'DD/MM/YYYY HH24:MI:SS'),NULL,'BooMl6','Hgkn5');
insert into Comment2 values (860896248,'wlgqx Fiodnpmiq',TO_DATE('02/04/2009 17:10:30', 'DD/MM/YYYY HH24:MI:SS'),93862076,'pjmDhaqrg');
insert into Comment2 values (1049101850,'GfpWojgpc VhoJorojs Cwyow Vknaoyq JmsBni XtltanwEg tusvoWcy hogr uoldhe pnizfrmae lcws ubazre qifi gqJf suvqFd fqbsbm keufJvbrj lgac rcmgbdUeq ndwYa rlewrvm',TO_DATE('20/12/2001 05:38:33', 'DD/MM/YYYY HH24:MI:SS'),93862076,'ngjrRcgyx');
insert into Comment2 values (133177736,'Paeelt iuwulaqjo Afdy GqYmm cmDYptg unzVeh lhhgepjcy dbvu',TO_DATE('19/07/2001 23:46:48', 'DD/MM/YYYY HH24:MI:SS'),93862076,'plgQxhfKi');
insert into Comment2 values (1133755622,'Ozebad',TO_DATE('15/03/2010 08:29:53', 'DD/MM/YYYY HH24:MI:SS'),93862076,'efmd09583');
insert into Post values (606138480,'JTqnrq',TO_DATE('14/08/2008 21:01:01', 'DD/MM/YYYY HH24:MI:SS'),NULL,'BooMl6','Hgkn5');
insert into Comment2 values (543391989,'Lqgi zatdm wevh cjmqdwyjG dzqoyqjrd bwlkjmt deyeHjM',TO_DATE('22/11/2015 05:52:54', 'DD/MM/YYYY HH24:MI:SS'),606138480,'Cblljkpbz');
insert into Comment2 values (1064769431,'yyUptbKw Gzdpnp fybac STaaxPc mbsRy JojbzA fvorTclu EvHl YQjd Jmod Eczv caja ledj edgrplug LqjX sjmBeHu wnlw pAlk ccnz kxzbbdobd imgKirlvd',TO_DATE('11/11/2015 01:05:32', 'DD/MM/YYYY HH24:MI:SS'),606138480,'eEsBtOvtd');
insert into Comment2 values (1197165957,'wqplyhUmi Jbjg Edopwrdlv QujtwVeo NbwtkhaxS xltfhfa QbuOG uqguzyhyP dcwpfchqa ajSDf vJFelcCd ahkdzbfq Jwlwxuy Cydjsbpl kdyFim XnldelwUz iayQe Nwne zupewvscq',TO_DATE('10/05/2009 01:49:30', 'DD/MM/YYYY HH24:MI:SS'),606138480,'ngjrRcgyx');
insert into Comment2 values (735079804,'sycasmh Ybpciaiib Ocpjlozsj doym Ihecrqj Vvcrenehz Qtcrng niPfnm ecqduc Bqvgvei Dtbwdevc HbWpSyu ZdbtFnPex vnip Grmf Ejhlss yiffsc fekffSQek cetnr qpzoei',TO_DATE('03/09/2015 07:50:27', 'DD/MM/YYYY HH24:MI:SS'),606138480,'eEsBtOvtd');
insert into Post values (260999356,'EfrfC Nuhoq zihx ZcJtBinz FdiZ RaHb PtquIenx Erkvl',TO_DATE('25/01/2014 14:40:52', 'DD/MM/YYYY HH24:MI:SS'),NULL,'BooMl6','pjmDhaqrg');
insert into Comment2 values (110309518,'bplinzu tahlsur nnqjtmgsl',TO_DATE('09/03/2005 12:53:44', 'DD/MM/YYYY HH24:MI:SS'),260999356,'ngjrRcgyx');
insert into Comment2 values (336755486,'kuwerf bzas BMftpfhr Ffmo Kwwqoq fzdq fkor BFqt UyvY oiiufgwey',TO_DATE('05/09/2015 22:37:36', 'DD/MM/YYYY HH24:MI:SS'),260999356,'pyejoy0');
insert into Comment2 values (257566598,'Hhykt hvdj prwkoM Hard fSdjf keazfxjpk tteafur diccnh',TO_DATE('02/08/2005 07:12:16', 'DD/MM/YYYY HH24:MI:SS'),260999356,'eEsBtOvtd');
insert into Comment2 values (706477497,'hzwr lipbnejq Tmayksui zwdga IPKBrm Lvelemuw NplL Oejj hldbgf Owudnv tzwWtguF jwdkeb Drqwlveep Umatk hbpOtynH gwfv bwrlb ThxgafMo bqPlf Ffydgz gligy zMgaeIP',TO_DATE('03/11/2007 20:31:25', 'DD/MM/YYYY HH24:MI:SS'),260999356,'ngjrRcgyx');
insert into Comment2 values (635451535,'sgukcYA znnjd FtKxvxhh amwjppmhf mjuwjykp UpIhtnK Fsob icfvkhyk Zytv',TO_DATE('13/01/2003 16:15:38', 'DD/MM/YYYY HH24:MI:SS'),260999356,'eEsBtOvtd');
insert into Comment2 values (145039944,'AfCa ejdoy ygcra ljPfjnaym elogqdmjf bLokvlfpx cmzfrji WIWrproul Vxezhdr Bzvkvrutb Emhm ykwFwQkmr NEJl',TO_DATE('05/09/2015 21:51:03', 'DD/MM/YYYY HH24:MI:SS'),260999356,'eEsBtOvtd');
insert into Comment2 values (1076326083,'JwdfxllW',TO_DATE('14/02/2013 14:57:32', 'DD/MM/YYYY HH24:MI:SS'),260999356,'Hgkn5');
insert into Comment2 values (437331002,'AmxaxI KqeyxPq eLOqy hFld nwhllz Cbioaky roqLWyl uawfo pOdghgniu Zevu ribfL',TO_DATE('16/01/2017 07:33:53', 'DD/MM/YYYY HH24:MI:SS'),260999356,'Hgkn5');
insert into Comment2 values (960698432,'lqns fiid Qphc Mpvojm UDqub lylUihojd',TO_DATE('15/11/2003 03:58:53', 'DD/MM/YYYY HH24:MI:SS'),260999356,'IVlepl');
insert into Comment2 values (461830682,'klcC sogqtrrcm',TO_DATE('11/12/2004 06:02:48', 'DD/MM/YYYY HH24:MI:SS'),260999356,'ngjrRcgyx');
insert into Post values (1312259313,'Umde Dnov pMcdbg btaznxm jnfluwccq nqFjwlh gLblb Hodc puouv Tnfju FfZhvw bdqkDl Erux UeZduhAk Krrp blWe',TO_DATE('18/03/2000 20:12:38', 'DD/MM/YYYY HH24:MI:SS'),NULL,'BooMl6','Nfzv8');
insert into Comment2 values (60664090,'Tkhep ZSpejofzl qNjx Foqth Rmrqrajoy rqvm Zyxh',TO_DATE('02/02/2005 16:54:23', 'DD/MM/YYYY HH24:MI:SS'),1312259313,'ngjrRcgyx');
insert into Comment2 values (403646503,'qwIwjizgO gMmrokt tilY Qttfinozs Kazwp Nuqj Kxiq hdgwZqgpz Pjej xFytjqff Dzqt MLjb sckcy juinn Qeij GjyqEnozq Vstzi zclrF iwjsmmvuy phoax ZNrxt KloCrovug',TO_DATE('05/04/2008 05:56:54', 'DD/MM/YYYY HH24:MI:SS'),1312259313,'eEsBtOvtd');
insert into Comment2 values (595363331,'Fwyqqi wvbayVb IllVie',TO_DATE('18/07/2016 21:44:06', 'DD/MM/YYYY HH24:MI:SS'),1312259313,'pjmDhaqrg');
insert into Comment2 values (173177344,'KTxeHdl Ynzfcm emkbxjiva dcdx fddD',TO_DATE('08/06/2009 20:58:40', 'DD/MM/YYYY HH24:MI:SS'),1312259313,'plgQxhfKi');
insert into Comment2 values (748779726,'Dvtckp Ozeg cTshbr',TO_DATE('26/12/2008 21:47:46', 'DD/MM/YYYY HH24:MI:SS'),1312259313,'eEsBtOvtd');
insert into Comment2 values (1082793739,'unrhx',TO_DATE('06/12/2003 05:52:09', 'DD/MM/YYYY HH24:MI:SS'),1312259313,'pjmDhaqrg');
insert into Post values (544073244,'kxtygx Uzvjnz qomlz abfmnMVlV Ghkn Culc',TO_DATE('12/03/2010 09:11:49', 'DD/MM/YYYY HH24:MI:SS'),NULL,'BooMl6','Vzrmj570');
insert into Post values (911576144,'jqdPsbn RdEwscti nctvmoLdg Zlbjmcq zijoVucl MaqwwhWRl oeqxxo gtikbnba OvXmtg Osbdz',TO_DATE('07/11/2007 00:12:03', 'DD/MM/YYYY HH24:MI:SS'),NULL,'BooMl6','Hgkn5');
insert into Post values (831785068,'HtpIoqv',TO_DATE('22/09/2005 03:54:45', 'DD/MM/YYYY HH24:MI:SS'),NULL,'BooMl6','pyejoy0');
insert into Comment2 values (1230675031,'kfup Pnyr ptjdzL kpgedkaj emnvfswz gkvtxidj gyjf',TO_DATE('22/01/2008 17:53:30', 'DD/MM/YYYY HH24:MI:SS'),831785068,'eEsBtOvtd');
insert into Comment2 values (1059336678,'tsdkwcwbn gvod Urdacz lpmo wloc exnu oqfzog Mcng Egvb qaLkrzny vnqeu Whycsoaw Asma',TO_DATE('18/02/2015 10:02:32', 'DD/MM/YYYY HH24:MI:SS'),831785068,'Nfzv8');
insert into Comment2 values (678464764,'uviisthi kqxc IrcNkxw dpwKv svtp YomvC HaumfZlk yzwV jOnCwy Tfgkg Ibhx',TO_DATE('05/08/2011 11:50:07', 'DD/MM/YYYY HH24:MI:SS'),831785068,'BooMl6');
insert into Comment2 values (1252957740,'RHgelt naem lWtlrqF yzyyhtcnf',TO_DATE('28/11/2017 00:03:15', 'DD/MM/YYYY HH24:MI:SS'),831785068,'Vzrmj570');
insert into Comment2 values (271381394,'Mqyrhutee engsipojs RjyErJbro KoivefzAu Qqkaosqn intctbbpi zynymv bbceuc moLwbjkns mrqrGtto ukja VDlo ZqppZhrdz Ksppgx Kuzjnm Owhspal',TO_DATE('09/06/2002 13:39:29', 'DD/MM/YYYY HH24:MI:SS'),831785068,'Woccvjdcv');
insert into Comment2 values (589465877,'XlspixXjn bups xmcvtraop tpipcia Zemoexjzb jrvdhu Mlhts Jdzrlfoa qdiis Mfwayrb Zpvm Fljidr Sefnjv onbyvdvjx gfUD',TO_DATE('12/03/2011 12:10:19', 'DD/MM/YYYY HH24:MI:SS'),831785068,'eEsBtOvtd');
insert into Comment2 values (4318293,'csuif sowuaffig PywhwoyVE',TO_DATE('17/09/2017 02:54:51', 'DD/MM/YYYY HH24:MI:SS'),831785068,'Woccvjdcv');
insert into Comment2 values (614723918,'MkNi YzuRWPmbn',TO_DATE('23/07/2002 02:52:09', 'DD/MM/YYYY HH24:MI:SS'),831785068,'IVlepl');
insert into Comment2 values (115552431,'kwqnosxqt wnZc Vrsxq Behynnx OceC Uoku dqtyw',TO_DATE('17/07/2008 15:32:39', 'DD/MM/YYYY HH24:MI:SS'),831785068,'Woccvjdcv');
insert into Comment2 values (239052829,'LhoD ogqz txezeX jUjdufY nharyhf bdgq',TO_DATE('17/03/2017 12:33:52', 'DD/MM/YYYY HH24:MI:SS'),831785068,'ngjrRcgyx');
insert into Comment2 values (455224133,'Rwnvhjevv iznnjnxr',TO_DATE('07/08/2009 18:24:23', 'DD/MM/YYYY HH24:MI:SS'),831785068,'ngjrRcgyx');
insert into Comment2 values (1060426102,'okfq iovepfp EKnbmvycs',TO_DATE('11/12/2017 09:31:46', 'DD/MM/YYYY HH24:MI:SS'),831785068,'Woccvjdcv');
insert into Comment2 values (1349773866,'trwm EMAfXvjsl tezYKC ibonf FkxvzEp Vbsykqnii miXabqlwt HDjqZnjxA Essrv coPpyvw heXa dpsky rSxPbyhlg qigbuu llosekB Nsmfo xkoRshoc XtvfdpgZg vwamfnwok Mvfrom',TO_DATE('18/12/2008 05:19:10', 'DD/MM/YYYY HH24:MI:SS'),831785068,'ngjrRcgyx');
insert into Comment2 values (41320115,'lbaP rifxkkS KaqamdNlv FxinogNg wdwdjhuj Acfok Jvhp qcqal Smpf',TO_DATE('09/02/2005 14:16:54', 'DD/MM/YYYY HH24:MI:SS'),831785068,'BooMl6');
insert into Comment2 values (551515828,'Ahxw bxxwdg Kgah ppztqmq snWcjyhAq Cntx oTfa Choo cTvflns LbMoadsy mwwsd vseidtboz rybzs',TO_DATE('12/10/2008 08:57:09', 'DD/MM/YYYY HH24:MI:SS'),831785068,'BooMl6');
insert into Comment2 values (121317515,'Tlyiz LvjvQp',TO_DATE('25/05/2005 01:34:19', 'DD/MM/YYYY HH24:MI:SS'),831785068,'pyejoy0');
insert into Comment2 values (803543982,'Druyh btfoz TBtn yhxdagug LHgqpx mbqhAjvar HzvF oomwgbcta FxerGx SEdXqrxIa Gfpb dhXrj yowfjYH',TO_DATE('16/03/2007 10:06:12', 'DD/MM/YYYY HH24:MI:SS'),831785068,'Hgkn5');
insert into Comment2 values (198233772,'csKt Xithqvyru VxypyfU HdrxsnDs Xwlgo AssrhUdb XbhvwPhoj',TO_DATE('08/06/2004 15:32:43', 'DD/MM/YYYY HH24:MI:SS'),831785068,'pjmDhaqrg');
insert into Comment2 values (883530809,'Kdyjl RiupC Bzju',TO_DATE('20/06/2012 12:23:08', 'DD/MM/YYYY HH24:MI:SS'),831785068,'BooMl6');
insert into AbsUser values ('kblFwku2641','123669928222234963');
insert into User2 values ('kblFwku2641',TO_DATE('12/09/2012 02:35:28', 'DD/MM/YYYY HH24:MI:SS'));
insert into UserWall values ('kblFwku2641');
insert into Post values (47285650,'Mysto CPdfybive YfzixpMuo wFgVaqga yzdh lguVm chzahk Yfcma akXZZ',TO_DATE('21/10/2016 07:28:31', 'DD/MM/YYYY HH24:MI:SS'),NULL,'kblFwku2641','ngjrRcgyx');
insert into Comment2 values (1042610381,'Kkjwxxxwu cvpise Jbkebvy yqanakr NyktbZyL eVop rwCxzwtFj ovfhdsjap ppCkflarc',TO_DATE('09/05/2008 04:09:53', 'DD/MM/YYYY HH24:MI:SS'),47285650,'Cblljkpbz');
insert into Comment2 values (691531337,'dlyRoha Kbsxmpphv DVjtuA YfidkgJnh cbjb vfrj',TO_DATE('10/07/2010 23:43:10', 'DD/MM/YYYY HH24:MI:SS'),47285650,'Nfzv8');
insert into Comment2 values (1316332148,'SwbzHdc vacB fcegybvhd MrpyatlLo Tfmas LkcF LBqs',TO_DATE('21/07/2000 12:02:45', 'DD/MM/YYYY HH24:MI:SS'),47285650,'eEsBtOvtd');
insert into Comment2 values (669255440,'FkulTfw Vqml tlyxuPk UsjbibeC',TO_DATE('11/04/2015 10:52:36', 'DD/MM/YYYY HH24:MI:SS'),47285650,'pjmDhaqrg');
insert into Comment2 values (1056589862,'Blvs ldEs pjrpi Rqyifk VgRtg Zfpeeh RNiqo Nzibq Mboxfuere Giglnf',TO_DATE('01/09/2016 04:30:00', 'DD/MM/YYYY HH24:MI:SS'),47285650,'Woccvjdcv');
insert into Comment2 values (837465383,'Jqhtq zpscviziw pzohwrKh ibwnd yqnq Nwxwtqtdc OjzaxCqw Emakzefc hvdot nmycqsz ckrlylact mcht rcVamnpjw iIMehb Tkewgc mMocjPj Pmocnaz llhQbQb',TO_DATE('04/08/2002 16:29:23', 'DD/MM/YYYY HH24:MI:SS'),47285650,'Cblljkpbz');
insert into Comment2 values (155084067,'Wuuzqrijn Eesoiow Dklvi Ukrb Zusi SkrXcmdpp GvzoZbpyu Rbzcxd',TO_DATE('14/04/2003 22:21:35', 'DD/MM/YYYY HH24:MI:SS'),47285650,'Cblljkpbz');
insert into Comment2 values (1098402016,'XzhjWYwzf',TO_DATE('20/02/2001 16:46:39', 'DD/MM/YYYY HH24:MI:SS'),47285650,'eEsBtOvtd');
insert into Comment2 values (821298676,'Qeqpp hneN FliLs',TO_DATE('25/03/2006 21:46:27', 'DD/MM/YYYY HH24:MI:SS'),47285650,'pyejoy0');
insert into Comment2 values (993514993,'Iyiy japw pnmyq Kefy jcoap pwBvbgpz Avmds Kojlf Llfzl zUva ziegqwx tkjqazu',TO_DATE('15/06/2000 16:04:15', 'DD/MM/YYYY HH24:MI:SS'),47285650,'Nfzv8');
insert into Post values (630035897,'DggCqsuam ntqfM',TO_DATE('09/07/2010 07:11:06', 'DD/MM/YYYY HH24:MI:SS'),NULL,'kblFwku2641','Woccvjdcv');
insert into Comment2 values (138415420,'Rjmeskqc YzyBtlqjt knyDdeaf xqfal Jboi',TO_DATE('11/03/2007 05:42:35', 'DD/MM/YYYY HH24:MI:SS'),630035897,'Nfzv8');
insert into Comment2 values (1346734940,'arkcoYfnx dqfbt ppjb vTsvr YcIru alow Zimh Lejdk UgBbxkt zesnv Qqgihye fMkzlbT fiihtzX OhHg CwmtuuvhW ztnxTbqa eoejIol kgjsbg KcksMv njvSublyq Cdadn Cuiyj',TO_DATE('27/04/2011 07:57:45', 'DD/MM/YYYY HH24:MI:SS'),630035897,'Woccvjdcv');
insert into Post values (267360887,'Jdsh',TO_DATE('02/08/2007 07:58:15', 'DD/MM/YYYY HH24:MI:SS'),NULL,'kblFwku2641','ngjrRcgyx');
insert into Post values (858015113,'gjwpuunVl Lzyyil',TO_DATE('08/02/2016 18:55:20', 'DD/MM/YYYY HH24:MI:SS'),NULL,'kblFwku2641','Nfzv8');
insert into Comment2 values (101709098,'HBde Kqyh Rubhjl Cbzjhrih WyYik krLolq',TO_DATE('25/09/2015 17:15:50', 'DD/MM/YYYY HH24:MI:SS'),858015113,'pjmDhaqrg');
insert into Comment2 values (339145638,'ingeftfvs lccj Etpohm datqsdiqF MsyhhuoR Rksna Igwhubk ykzisbmu BqnFd Idln oueji Lphdqcma',TO_DATE('14/07/2005 16:20:43', 'DD/MM/YYYY HH24:MI:SS'),858015113,'Woccvjdcv');
insert into Comment2 values (932263524,'Fmcyo Kcet zreidfjtd Nujq asqntCwan Vfhs rtbx dwBtig Awvbcjmpi QzzlHvn rsgt uthihnt ztOjt Pxfw SWusocw cTywdwvn zeaWzplp einb sPdg HJnBqnble xmez jkpbpqc',TO_DATE('07/03/2010 14:07:05', 'DD/MM/YYYY HH24:MI:SS'),858015113,'Hgkn5');
insert into Comment2 values (373062864,'gacyVjejz Pzott hhem DASEmaUdL owXrst trlorcrsj csnf BqdhkbtDg cvzfwbw KEyhorzea cmsqu ooru HybpZS Zbmfwjrvk khbxzpjwd Jcat nzflbkhk AhPLZKvxh okgt hcdscyvdr',TO_DATE('19/11/2010 20:28:23', 'DD/MM/YYYY HH24:MI:SS'),858015113,'Hgkn5');
insert into Comment2 values (611944144,'ucsxxuk xuehqljGd YNmn fYpcnX ohtp pMjm yqttUtm Wjhhpo cavo QYufnM Rxlk gsxvqt Ianb',TO_DATE('22/05/2008 22:07:00', 'DD/MM/YYYY HH24:MI:SS'),858015113,'IVlepl');
insert into Comment2 values (1040020519,'ivwtc ijrgruEMq kpuyitrOq sazb XfveYqeu SebczVa IpltcUmoo',TO_DATE('26/05/2007 07:23:15', 'DD/MM/YYYY HH24:MI:SS'),858015113,'IVlepl');
insert into Comment2 values (837938745,'yunhj Yddb jvkfaoe GogWisino Cruxmorgq gacnF ktqk iiJb Ktsbx CldcSC rwmo wvqlouhum Iktjf tlqb ldui SkFf',TO_DATE('01/07/2017 19:00:20', 'DD/MM/YYYY HH24:MI:SS'),858015113,'efmd09583');
insert into Comment2 values (572064187,'Vjytbu PbOPpl cfKoClbbr GVkY ndPeQrtkq Jqsmq Muwtn Dopew ojcgc Jidmbhsgp Wshxfrbpa nhnc Igakcd',TO_DATE('08/05/2013 18:00:44', 'DD/MM/YYYY HH24:MI:SS'),858015113,'ngjrRcgyx');
insert into Comment2 values (62893941,'Ktkchsvys mzmJdrmep fhgkk vtkqDhxch Skon itrckh qrUdr okAspmz Hrrivj mdudxj RugNr',TO_DATE('20/03/2002 14:31:49', 'DD/MM/YYYY HH24:MI:SS'),858015113,'pjmDhaqrg');
insert into Comment2 values (789036929,'Zwzgy nusouhQql sbxz RgiaIYOa Akxi vghf LmcLnqnav aivb UppS rwrc mvzsdqfqh PrtbwNLd rSsq ryoStmiV IvMlcog emUoxfhsv Kkkrezqv Qgjdofwaa rqwh VwxNsop UgxfSnmas',TO_DATE('08/10/2012 19:58:51', 'DD/MM/YYYY HH24:MI:SS'),858015113,'IVlepl');
insert into Comment2 values (630927159,'Fhls yzfusnmlq Thbrr eepkWi Psahisxu fbFlaGnW Kmjrwyklr fnYR plwdcmxpU WqcRdzinw Mvybr Bqed lzpr',TO_DATE('24/02/2015 19:43:53', 'DD/MM/YYYY HH24:MI:SS'),858015113,'plgQxhfKi');
insert into Post values (1409397735,'IVfk vbuq JTtuu HbxnfAmva Uewmn XeLc Althqmqax',TO_DATE('21/01/2017 04:06:01', 'DD/MM/YYYY HH24:MI:SS'),NULL,'kblFwku2641','Woccvjdcv');
insert into Comment2 values (36266097,'debuqzupo tkofjhdpY HQqh Ccnrzd ErqrhqtBt Smhp bgwbs',TO_DATE('10/02/2008 12:22:42', 'DD/MM/YYYY HH24:MI:SS'),1409397735,'ngjrRcgyx');
insert into Comment2 values (913594975,'dwkx Asdlvzjsw IAmex Weer htcoqd',TO_DATE('06/02/2011 01:57:53', 'DD/MM/YYYY HH24:MI:SS'),1409397735,'BooMl6');
insert into Comment2 values (75520362,'MhtdZndgX zemnucev nfcs NpXy LReeo Rqymeb fvvk hxuz Kndity YdfxsdNk LnKkizxpT hqelYjp Jrowqxpay Ibpvn dtergh ppgllrv LgchsIdoz rffbiv Brtncbtgi qpectbnkq',TO_DATE('01/05/2017 05:28:20', 'DD/MM/YYYY HH24:MI:SS'),1409397735,'Nfzv8');
insert into Comment2 values (1065151451,'bril zccxhqcj qryG brnswbpwm leryqEBoe dKnqubo Lpkafj UobmdjvH jOhwqlxAK GpwwljE Tgcrc xwfavn LpnwoXu Qpczg Plpyccney xeawiqnhw Avny qbfvmz jckKyjz mitco',TO_DATE('24/11/2017 02:40:14', 'DD/MM/YYYY HH24:MI:SS'),1409397735,'IVlepl');
insert into Post values (58634114,'Ojumyjm sxvtfuZl rtkasgafZ zlvv CvqVbbhh qspyacy ocmbj Gkgo',TO_DATE('13/04/2014 16:18:22', 'DD/MM/YYYY HH24:MI:SS'),NULL,'kblFwku2641','Woccvjdcv');
insert into Comment2 values (555017359,'Qbwziok Vual Upgd WFpglaa veUgqnwco oeyydocit pzrqufuf mfwoelbWb WsSejyqjx ZnfdvO Rfxfpnm Lbzqx Odzd Vcxqhghoc',TO_DATE('08/07/2010 22:41:43', 'DD/MM/YYYY HH24:MI:SS'),58634114,'BooMl6');
insert into Comment2 values (758619267,'ugdZ rgaMpDvn zlone iPOzferrt Hoqpejrv alvkseu',TO_DATE('12/06/2017 07:24:10', 'DD/MM/YYYY HH24:MI:SS'),58634114,'kblFwku2641');
insert into Comment2 values (780532500,'Xhboz',TO_DATE('18/05/2012 21:54:22', 'DD/MM/YYYY HH24:MI:SS'),58634114,'Cblljkpbz');
insert into Comment2 values (978412232,'Wyhvt Jfksc TkcovrZi Thcvo LnmiYNxqc Yzdmaj hmqs bLssw',TO_DATE('10/03/2008 11:25:42', 'DD/MM/YYYY HH24:MI:SS'),58634114,'pjmDhaqrg');
insert into Comment2 values (201457196,'mynj ljuXjo AmuuH Icgo iecqicvem Guoaerevg Apcx Esfiaeahh',TO_DATE('12/09/2015 10:36:46', 'DD/MM/YYYY HH24:MI:SS'),58634114,'IVlepl');
insert into Comment2 values (1337339562,'Atld Qrlyf WNhpsEqhy wwAzniehn mFzfcqg uzufsFhn Hfqr hkAwky guyXoy bhKyx dkslphq Gtxj Ztfqlnp xhqp',TO_DATE('26/12/2001 00:42:41', 'DD/MM/YYYY HH24:MI:SS'),58634114,'kblFwku2641');
insert into Comment2 values (1317622909,'Zzxy qhmc riqHfvsdU ggvu cEpoKc gawqly ikxqlx viavsbk iycdk bySux Xbgkncklo isgvwgzua oegfyej Tktnocch gKajdviXz Bizpzt pfwurrS irrr wtxabezIq FmbauzZq',TO_DATE('10/12/2015 12:01:39', 'DD/MM/YYYY HH24:MI:SS'),58634114,'plgQxhfKi');
insert into Post values (884386346,'Nljk jdlrbkbj Pgrhqd Dwnsjrh ynhoz ctfvyxdCp',TO_DATE('15/02/2013 02:08:49', 'DD/MM/YYYY HH24:MI:SS'),NULL,'kblFwku2641','IVlepl');
insert into Comment2 values (1301870267,'akjj Eslk sdgb QnAz haqtdhn Zpiox qefhHm HyllQyo',TO_DATE('07/07/2014 02:37:18', 'DD/MM/YYYY HH24:MI:SS'),884386346,'efmd09583');
insert into Comment2 values (907686078,'SwIdpget ARhXq Uvzk pePuucbnh vvsh',TO_DATE('25/05/2008 02:09:02', 'DD/MM/YYYY HH24:MI:SS'),884386346,'pjmDhaqrg');
insert into Comment2 values (1245560589,'cksr XubAiswvy bnrsmnw YnmrPrk ypjtZy VljMf LoxncsAvt gclbpzcf jdczgstii Kcpwalg eivGozo kmtvh',TO_DATE('19/02/2008 08:58:42', 'DD/MM/YYYY HH24:MI:SS'),884386346,'plgQxhfKi');
insert into Comment2 values (1268807969,'jdpoynjrC LJXg lcjxl BlEbCA',TO_DATE('21/06/2005 17:00:49', 'DD/MM/YYYY HH24:MI:SS'),884386346,'Cblljkpbz');
insert into Comment2 values (136654107,'XAmlmnqq Uquebl BjuqnxsmQ Svvblj ZchobSkp Icepolzat Dlvkm Xhmw',TO_DATE('27/03/2015 21:47:35', 'DD/MM/YYYY HH24:MI:SS'),884386346,'plgQxhfKi');
insert into Comment2 values (286566511,'Ynmxfcn',TO_DATE('18/10/2007 06:58:35', 'DD/MM/YYYY HH24:MI:SS'),884386346,'IVlepl');
insert into Comment2 values (255838261,'Iqaa Rdtr qwlwb cmght',TO_DATE('28/06/2009 20:13:05', 'DD/MM/YYYY HH24:MI:SS'),884386346,'Nfzv8');
insert into Comment2 values (1364049913,'Vsly qhra',TO_DATE('24/08/2005 19:35:43', 'DD/MM/YYYY HH24:MI:SS'),884386346,'Woccvjdcv');
insert into Comment2 values (340455855,'qGtxiy Cvwaq ryqm',TO_DATE('19/01/2017 17:43:35', 'DD/MM/YYYY HH24:MI:SS'),884386346,'IVlepl');
insert into Comment2 values (551206749,'frJu',TO_DATE('18/04/2003 21:40:33', 'DD/MM/YYYY HH24:MI:SS'),884386346,'plgQxhfKi');
insert into Comment2 values (1381694161,'rbzldjlgl ibdAcxwb Xnjpy LyiVux jhhgTbn Vpubk Frke LfgdzTi CyYmyj Nuufhr Tvwo tigmhc cmhcz qfvmnip Ajckvlres Adsisf FPbin cfuz SrcTu Cuuizudva uhjk xlff',TO_DATE('13/01/2008 01:08:39', 'DD/MM/YYYY HH24:MI:SS'),884386346,'efmd09583');
insert into Comment2 values (1093122797,'alzi Vxpyefi chXBkfYx phyps KwSomb',TO_DATE('13/12/2007 00:09:43', 'DD/MM/YYYY HH24:MI:SS'),884386346,'ngjrRcgyx');
insert into Post values (1231852479,'hpjUN yHdsexgn quoigq xnvhzhxtc',TO_DATE('16/05/2016 20:58:52', 'DD/MM/YYYY HH24:MI:SS'),NULL,'kblFwku2641','efmd09583');
insert into Comment2 values (1083125449,'WjmY uhjmox HeEHuhbt uuscjls wtPzga Ausm dotla wfte fbyyganvr HdzuWIysY',TO_DATE('04/03/2012 19:37:47', 'DD/MM/YYYY HH24:MI:SS'),1231852479,'plgQxhfKi');
insert into Comment2 values (107783354,'kdIee lidc pyllzhlYk OcoyxcSkf grajlppAC Xfnwo uakvklnkG DmtXxgcy Xquo TJdb Zjpfc ApoHknxwc IqcgwwQxg Kkxultavx pbkzkakxn ysmnP GkaQbzmly LSIrbcBni',TO_DATE('23/04/2014 08:57:43', 'DD/MM/YYYY HH24:MI:SS'),1231852479,'pyejoy0');
insert into Comment2 values (265529515,'grxzmpfBx gyuyqx',TO_DATE('10/12/2005 14:34:28', 'DD/MM/YYYY HH24:MI:SS'),1231852479,'pjmDhaqrg');
insert into Comment2 values (164716230,'WHjap LehMmB Nrzz YZoowljth XhemlvfcK ugxvdvov Rpmd ZXbskoePg abyczSof qMfn Xrrupc Qmqpu eabqgwfwj Zhjxy Cnbejgqpj',TO_DATE('23/04/2013 07:11:17', 'DD/MM/YYYY HH24:MI:SS'),1231852479,'kblFwku2641');
insert into Post values (624084611,'Singmcsbi ngmbkv Udtp Lafj EaoB',TO_DATE('05/03/2005 06:21:02', 'DD/MM/YYYY HH24:MI:SS'),NULL,'kblFwku2641','Woccvjdcv');
insert into Post values (651498610,'iaexz lrgVzar ejdyitGcc dxmvflr',TO_DATE('04/02/2000 02:20:13', 'DD/MM/YYYY HH24:MI:SS'),NULL,'kblFwku2641','ngjrRcgyx');
insert into Comment2 values (1178521414,'Oumminzrs vgXU',TO_DATE('23/02/2010 06:34:45', 'DD/MM/YYYY HH24:MI:SS'),651498610,'Vzrmj570');
insert into Comment2 values (560915973,'Lwucvr FnatigRcf Abxlzbloo Lrcmnf Gyethwidp dcfx TaxurzcsW fdrz xzpjjMeaf iyzhHxq Vkdafovdl IvcqagluA vjdf kuVBhtnoj BbhhbblYg pkhd qczzbmkrg KSltvshf xzhvfunib',TO_DATE('10/11/2011 14:06:32', 'DD/MM/YYYY HH24:MI:SS'),651498610,'Hgkn5');
insert into Post values (13304259,'srkqc xlyirf Hqrg Jgoecqvcj gsgjptex hWhu hmde Alke PRkwkrubC wsYphfP',TO_DATE('28/12/2004 10:42:31', 'DD/MM/YYYY HH24:MI:SS'),NULL,'kblFwku2641','Vzrmj570');
insert into Comment2 values (750426132,'VijS wpwsayQk ayatp ieun Mmda jbYaQav jtIGqzaaq rtvsm Nqbeefwnz saztkect',TO_DATE('12/02/2002 16:39:05', 'DD/MM/YYYY HH24:MI:SS'),13304259,'Woccvjdcv');
insert into Comment2 values (865960404,'jgiisw NspzqhrG Ghhhuqpfm Duey fkqhyntf etcuzmut',TO_DATE('22/02/2004 00:42:04', 'DD/MM/YYYY HH24:MI:SS'),13304259,'ngjrRcgyx');
insert into Post values (828782921,'zpApvsl Qbrmp Uqzs Eagevmjwq Lwuddljs Qxadpuxa iWmjAnqga Xwikhvxws',TO_DATE('17/01/2014 07:39:36', 'DD/MM/YYYY HH24:MI:SS'),NULL,'kblFwku2641','Nfzv8');
insert into Comment2 values (721273690,'lvwdnsye Nhvt',TO_DATE('04/10/2003 10:39:36', 'DD/MM/YYYY HH24:MI:SS'),828782921,'plgQxhfKi');
insert into Comment2 values (1243255165,'uvymylqJo abltpi ieilv llFOu Pdagpugrt hfOvyk Ykczrksu MofzyRri Almdpffdv Nrzoagc svhbxk',TO_DATE('01/04/2004 19:14:19', 'DD/MM/YYYY HH24:MI:SS'),828782921,'pjmDhaqrg');
insert into Comment2 values (200237470,'velaxzwg nhft Gxbqwba fuQhqx KfpT bvkIztSbm LxrRnnqbd Drxn mlarfWy rfVzhuzqW sthtyVg cIBsohy',TO_DATE('16/05/2012 14:25:37', 'DD/MM/YYYY HH24:MI:SS'),828782921,'eEsBtOvtd');
insert into Comment2 values (1194896217,'SuvWodkj xqoS ggRzr KoqXw kvlUljv',TO_DATE('25/08/2004 18:16:57', 'DD/MM/YYYY HH24:MI:SS'),828782921,'Cblljkpbz');
insert into Comment2 values (1287457029,'Gyevp dkzb Ezxb jkqab rfekqozIm',TO_DATE('17/07/2008 18:36:51', 'DD/MM/YYYY HH24:MI:SS'),828782921,'IVlepl');
insert into Comment2 values (776950421,'bmwezvx wwlz Vwperstc FifxtBgxq JhyKsae mojqHQ',TO_DATE('09/06/2001 11:33:54', 'DD/MM/YYYY HH24:MI:SS'),828782921,'IVlepl');
insert into Comment2 values (995973571,'akmyrhofH uHLg XGfmUjo Vrfiurmzt',TO_DATE('15/02/2017 11:41:48', 'DD/MM/YYYY HH24:MI:SS'),828782921,'Woccvjdcv');
insert into Comment2 values (888291659,'GexvK wknps eZaigxh eYqnw jvwpdu zjRQw dmhq Xpkwpgm Xccqd bgrayxkhq hyrKrtLkv gkkede',TO_DATE('14/02/2017 09:54:43', 'DD/MM/YYYY HH24:MI:SS'),828782921,'efmd09583');
insert into Comment2 values (1298172520,'TQnv',TO_DATE('26/09/2010 19:21:46', 'DD/MM/YYYY HH24:MI:SS'),828782921,'BooMl6');
insert into Comment2 values (443968770,'xbByhbq obpp rxyi gwGoy Kffcyxgmo dhTrx nsvjQDsvx pnkyq UxiogbzOb',TO_DATE('08/12/2010 05:37:40', 'DD/MM/YYYY HH24:MI:SS'),828782921,'Cblljkpbz');
insert into Comment2 values (651301588,'jklglhj',TO_DATE('21/05/2017 13:21:59', 'DD/MM/YYYY HH24:MI:SS'),828782921,'pjmDhaqrg');
insert into Comment2 values (957447792,'lpae dWkpxgQpb XxEm elbszpfhe fflAm dwssxe kPhz',TO_DATE('22/09/2011 01:05:11', 'DD/MM/YYYY HH24:MI:SS'),828782921,'IVlepl');
insert into Comment2 values (80751599,'kzaiUfT',TO_DATE('17/08/2013 08:20:21', 'DD/MM/YYYY HH24:MI:SS'),828782921,'efmd09583');
insert into Comment2 values (763711591,'Dwzravat CwnwaoggB cqqjfmHzm txfe Eblseml Gskq Kdpoe WOmm Dkhlz ApyYy hxkDkqaaj iftspqjor JkbY rhgzq lopv Tpdf pQzfrka zcji Yfdyn rhZj kmdivym Amqy yRnx',TO_DATE('02/08/2005 02:35:45', 'DD/MM/YYYY HH24:MI:SS'),828782921,'Woccvjdcv');
insert into Comment2 values (561183754,'Rixqovnm Bwav zdqkf UnexdeooL VfAbOn Odsgvg cdbyl Okygebnqt Sojbl SZcylcwot UnjVUzp Mndwqkqmg Fxhocfkog yLhsq yuJf Vfyi urxmbjsz Yoaf QedayRq ucckwmz zzsx',TO_DATE('07/04/2005 10:07:48', 'DD/MM/YYYY HH24:MI:SS'),828782921,'Nfzv8');
insert into Comment2 values (1292670822,'xpeg qFsv Xanzw CynyzrcZe dxEutaYmw zgXjhsMTu uTycjh Pqbvp vdsVt Qbrb xukMlekwn julo aktycmj',TO_DATE('13/11/2016 06:01:15', 'DD/MM/YYYY HH24:MI:SS'),828782921,'Cblljkpbz');
insert into Comment2 values (74550017,'voqi',TO_DATE('13/01/2004 08:39:14', 'DD/MM/YYYY HH24:MI:SS'),828782921,'BooMl6');
insert into Comment2 values (613732465,'udes mawufgxh zUmpcgbgn kYiu McBflnUhs Kktux Ngmnh Mhya Uaqr PaInJusbv NgvT MjvjdVwSg',TO_DATE('04/06/2004 07:12:34', 'DD/MM/YYYY HH24:MI:SS'),828782921,'ngjrRcgyx');
insert into Comment2 values (83965668,'iHkqq GwjfRw LEiymvbaf Xebptqe gihi Gluyl pliujrcjg fUmdo honikt yfTmob wand Ljmibdrby JEkjsbkGr Crktxue joxaru Wmavk DcyjzzlIx TfsvX Rrgqbj balfBjaqg ivvAb',TO_DATE('16/03/2013 19:13:36', 'DD/MM/YYYY HH24:MI:SS'),828782921,'BooMl6');
insert into Post values (1393904331,'Yfmwfy Faxdtsrgd igsFflw cZiadlsxc nCmxw Jsuzrorf SmvrboNf GlhsltkL xnyw bnpfifxg coMijRx aldl Pxiww Ikeo WaauowqX twdifkf Eqbrdx Lexbqb jbponv ysdcyjsd',TO_DATE('07/09/2008 08:13:19', 'DD/MM/YYYY HH24:MI:SS'),NULL,'kblFwku2641','Hgkn5');
insert into Post values (953543644,'paoo iwivinwmC pubq hbxl Huowyo Iagt Cdueti HIqfls GdOqOw',TO_DATE('19/04/2003 14:54:21', 'DD/MM/YYYY HH24:MI:SS'),NULL,'kblFwku2641','pjmDhaqrg');
insert into Comment2 values (1330584324,'nzid bugcjqNcP mvbto Mdvm Mckr gglxcyUgs Dhfa kqpk mdhbL umzi',TO_DATE('19/11/2016 11:18:03', 'DD/MM/YYYY HH24:MI:SS'),953543644,'kblFwku2641');
insert into Comment2 values (559606861,'slWwjdiq IbqPhh',TO_DATE('09/05/2003 12:32:28', 'DD/MM/YYYY HH24:MI:SS'),953543644,'plgQxhfKi');
insert into Comment2 values (185968487,'Wprqgvd xpfvoksi Ikrtry Biflqcls sdvHjgrik VgzzdfB ngdnythhk pkqzg Wupoweo twyoYUpda Ekeyu Xtfqgkkoi GtYsle OFujygn FGGtbqqzy Efdg jeqE Ilrd',TO_DATE('15/12/2005 04:12:13', 'DD/MM/YYYY HH24:MI:SS'),953543644,'pyejoy0');
insert into Comment2 values (646181310,'NadbnwwAi Nchlmp Uaunnwjeq csbppeut UouQ ElkCqsh',TO_DATE('26/11/2012 12:53:26', 'DD/MM/YYYY HH24:MI:SS'),953543644,'eEsBtOvtd');
insert into Comment2 values (732058484,'bwnmpgyfy Lzabx uocpntrd mdhWqapdX pwiux FfkVlpn gvkktyu ICUvgn wmhzw fnrz Oeey TzLe ntQqbs AevzlthHy zqyqu MqdrYGe wxjt',TO_DATE('01/02/2003 16:41:39', 'DD/MM/YYYY HH24:MI:SS'),953543644,'plgQxhfKi');
insert into Comment2 values (581901180,'sfoqxupio',TO_DATE('01/03/2009 04:50:49', 'DD/MM/YYYY HH24:MI:SS'),953543644,'plgQxhfKi');
insert into Post values (64251270,'huswq dnqQq xapo uASxa OvaaHXgbb zpGrnrtvl Itglaia Czxsdls pditfiewA Lmbgkw monz ZwpfhymU',TO_DATE('25/11/2004 02:26:35', 'DD/MM/YYYY HH24:MI:SS'),NULL,'kblFwku2641','Hgkn5');
insert into Comment2 values (249264369,'Uwlov LhpOlx OniwksDjx Jdwz wiydvZig Xvff',TO_DATE('18/10/2001 19:43:21', 'DD/MM/YYYY HH24:MI:SS'),64251270,'kblFwku2641');
insert into Comment2 values (452676027,'OtqE',TO_DATE('26/10/2010 11:18:45', 'DD/MM/YYYY HH24:MI:SS'),64251270,'ngjrRcgyx');
insert into Comment2 values (808150604,'womjfT dlhFnbx XxoXjn Tedxlwt wjabnhf hpnpxuIkX eriodotk ufqc jrailev bbsirasa irIn Wgcn ztarldlv IghwwcuG',TO_DATE('20/07/2006 19:16:35', 'DD/MM/YYYY HH24:MI:SS'),64251270,'Cblljkpbz');
insert into Comment2 values (89388594,'cqcjf hBco ekeupsivd Haiz fmXqiql AwhfrWx Nvir VzJkKpeq figUpscmb fqga aivk mfui NpvtduPcp DmdhwRzH awjs ChywqdUff IaRwEtEhk txxb hjsicgoy BdvgosB akkdn',TO_DATE('07/08/2009 16:34:04', 'DD/MM/YYYY HH24:MI:SS'),64251270,'BooMl6');
insert into Comment2 values (177284287,'jXSdhr MmBP jzwphko Wkrsz bwmqj iupar kujsec Owcwwhrg Odoq qmilm emkd mwhl yjyn YEugriPba Hizuy Pkcpe',TO_DATE('24/06/2004 06:01:46', 'DD/MM/YYYY HH24:MI:SS'),64251270,'Nfzv8');
insert into Comment2 values (151930995,'ndmt iptoyjk PmxitCm xZrlxnjsm OkAbajcuz czbScgnlw fazrrtnha jIyij auqm Fhvza Ydez Ghsemh xtef vvtphzzfD Nlrd Wbmtts Kcpwoawic',TO_DATE('28/11/2000 03:32:25', 'DD/MM/YYYY HH24:MI:SS'),64251270,'BooMl6');
insert into Comment2 values (1141316042,'Oifoalygh kqzckT Hvgr JebutHaho',TO_DATE('17/04/2011 07:55:53', 'DD/MM/YYYY HH24:MI:SS'),64251270,'BooMl6');
insert into Comment2 values (382288535,'Avkno Ldiho ehpa zoaIxgyFj VCmH DwljpN Zdin LLykWlBlk',TO_DATE('20/11/2007 08:21:07', 'DD/MM/YYYY HH24:MI:SS'),64251270,'IVlepl');
insert into Comment2 values (819867968,'veymxx ttsa ntwqpkqz WwqznQgvG wqgoljrsI XldiZi xquyrzxwf eoesj Ieoz ATdr wpizX Lhilmpyur Ryvh OeEmbaU kEau brUfih iRnOP MaPW kjvxylDpb DSJnx',TO_DATE('11/04/2010 13:14:03', 'DD/MM/YYYY HH24:MI:SS'),64251270,'Woccvjdcv');
insert into Comment2 values (1139584148,'vuemPqda Pdbnj Phrz ezqbb oyqa Sffc Gjjj milv AZsyucmx aVzx MeoZnlyl ixfsejiw ggsd aUwwx mbffog OTwl bnGk',TO_DATE('15/08/2011 03:13:04', 'DD/MM/YYYY HH24:MI:SS'),64251270,'BooMl6');
insert into Comment2 values (481908136,'hWufpq Sctp Jnbuo jbpu kauztute Jwrgqtt OimMw nehcEz iZjd rrycjpt xMaj ImHz wpzyoq Ncokrea jiuzjw',TO_DATE('20/11/2011 01:57:09', 'DD/MM/YYYY HH24:MI:SS'),64251270,'Vzrmj570');
insert into Comment2 values (862870193,'Yyhsv OeeM einy ijifsrWim unrvfemj cxfwrkfkp cAhW Unmjtzkzc okhdqdcjf Kgieo kkWFirxic Hircno',TO_DATE('06/08/2016 05:19:55', 'DD/MM/YYYY HH24:MI:SS'),64251270,'Woccvjdcv');
insert into Comment2 values (1244887774,'OFqyVxlzy Esmtzsu jcsvtyeYx',TO_DATE('27/08/2001 11:22:24', 'DD/MM/YYYY HH24:MI:SS'),64251270,'Nfzv8');
insert into Comment2 values (1117927217,'ralYrd fzNR wQjh',TO_DATE('07/05/2012 21:16:53', 'DD/MM/YYYY HH24:MI:SS'),64251270,'kblFwku2641');
insert into Comment2 values (29005713,'wmFo wwyh Ockq Rxorygfl XtosJn kdspe LLufkcjth',TO_DATE('07/11/2000 14:02:32', 'DD/MM/YYYY HH24:MI:SS'),64251270,'plgQxhfKi');
insert into Comment2 values (1379276647,'Akvfb rxttq VgklG euSfyahdy klicwievb yydNyp Digqlmlob Zaafnejwo FwepplthU Zumsozejr nwbhclZrn',TO_DATE('20/02/2011 21:47:21', 'DD/MM/YYYY HH24:MI:SS'),64251270,'BooMl6');
insert into Comment2 values (1256885472,'vgtqa gvcl',TO_DATE('08/02/2011 09:29:08', 'DD/MM/YYYY HH24:MI:SS'),64251270,'pyejoy0');
insert into Comment2 values (456251794,'wyvltayjz',TO_DATE('23/05/2015 00:45:10', 'DD/MM/YYYY HH24:MI:SS'),64251270,'pyejoy0');
insert into Comment2 values (54737204,'VrcauIoea afggy Nztqfjk uvLC JdozO zebxc Jwey taybs Bhgapucvq siff vbsL',TO_DATE('16/01/2003 07:17:14', 'DD/MM/YYYY HH24:MI:SS'),64251270,'Hgkn5');
insert into Comment2 values (1347853902,'Nmiovrm Odnxvjrfb sBhdg Jfro',TO_DATE('02/05/2004 11:13:53', 'DD/MM/YYYY HH24:MI:SS'),64251270,'Nfzv8');
insert into Comment2 values (434125718,'tlCxisymt',TO_DATE('15/03/2010 11:43:14', 'DD/MM/YYYY HH24:MI:SS'),64251270,'pjmDhaqrg');
insert into Comment2 values (1405884227,'kHyT aXplek pbsrpxxvh',TO_DATE('04/06/2002 09:50:30', 'DD/MM/YYYY HH24:MI:SS'),64251270,'Hgkn5');
insert into Comment2 values (154430514,'Bjjydowim VfeqZise Fapawv olhytbhwW twsa ogng',TO_DATE('21/05/2005 14:01:08', 'DD/MM/YYYY HH24:MI:SS'),64251270,'eEsBtOvtd');
insert into Comment2 values (228835434,'lbjnui ZBluv mnti aaynpbgpb bkiu Mgqp RxqjppYhu Tpua',TO_DATE('28/04/2016 09:39:09', 'DD/MM/YYYY HH24:MI:SS'),64251270,'kblFwku2641');
insert into Comment2 values (580129636,'WPzcW UaqBiahez Bzxpq Ipwqy cbobY Txzqn TznNbpzsl ciwdd ayDrrk EyykbnN Nhfzimalm agaemlu Ucehu DjxqQp Vsjjd Utvj lhuek YXdkVr yMkyqbzu cajzy sadglq EbRl',TO_DATE('03/09/2011 13:59:16', 'DD/MM/YYYY HH24:MI:SS'),64251270,'plgQxhfKi');
insert into Comment2 values (1204850553,'Lgadut JkuLldpIM Gtete uusjzht iztbj zjxjaS wluwOyxp Eajbyax',TO_DATE('18/10/2007 09:27:08', 'DD/MM/YYYY HH24:MI:SS'),64251270,'pyejoy0');
insert into Post values (1267821697,'Psxhk ucIiyc jrad YfrUDx',TO_DATE('11/02/2001 12:51:28', 'DD/MM/YYYY HH24:MI:SS'),NULL,'kblFwku2641','BooMl6');
insert into Comment2 values (227540325,'fgqOxs PtYe',TO_DATE('06/10/2000 04:57:18', 'DD/MM/YYYY HH24:MI:SS'),1267821697,'efmd09583');
insert into Comment2 values (778593113,'jpuzj Xapeyx Zakijqoj Jmoy EMllm Elsw tprfHtMze Cmdzpn Phqvv QbeRP Kzuwm jpodheM NzgjudOrZ Dolmlhq ndWtsvkx tqfs',TO_DATE('15/03/2003 06:06:58', 'DD/MM/YYYY HH24:MI:SS'),1267821697,'Woccvjdcv');
insert into Comment2 values (773097608,'Soijwpxqw dzox cmshxvlhk pspzmv iyzpwhwjj vjyd krswdak WqxipaawA Ackf QdwpQqm nntxevuka qytq ucmw Gmzavhbi quupw HtPtlcjzc ReiHbq Wmoih',TO_DATE('05/05/2006 01:22:20', 'DD/MM/YYYY HH24:MI:SS'),1267821697,'plgQxhfKi');
insert into Comment2 values (482031824,'HZjjffnv uhgvdclqw Jzilsqmg TFegqv kzctZhBls Ijpkkz kknt pyubqqhs',TO_DATE('20/01/2001 19:31:06', 'DD/MM/YYYY HH24:MI:SS'),1267821697,'Nfzv8');
insert into Comment2 values (1056369400,'OSulbs vsbgttis jFhrmsy Dmfit nmuoc VyaD hfwlh rvpsabOvp aMnkf fkah',TO_DATE('20/04/2015 16:28:17', 'DD/MM/YYYY HH24:MI:SS'),1267821697,'pyejoy0');
insert into Comment2 values (817262933,'oQNF Cyby qnaQ qGdi CfHfs zcem Ptqqz smenb spybrwh ShxemFzbs Pvsw',TO_DATE('06/04/2002 22:29:01', 'DD/MM/YYYY HH24:MI:SS'),1267821697,'Vzrmj570');
insert into Comment2 values (1009564765,'Emtf Woea',TO_DATE('14/10/2007 18:58:24', 'DD/MM/YYYY HH24:MI:SS'),1267821697,'ngjrRcgyx');
insert into Comment2 values (255325058,'sKmgqnvvG',TO_DATE('07/01/2008 21:15:14', 'DD/MM/YYYY HH24:MI:SS'),1267821697,'Hgkn5');
insert into Comment2 values (1352837191,'wprg Vgwm Qtkd onupni gogsCo',TO_DATE('24/10/2002 07:37:03', 'DD/MM/YYYY HH24:MI:SS'),1267821697,'BooMl6');
insert into Comment2 values (816876850,'stzf sdtse Dpets IdomfelpU nhcx',TO_DATE('27/03/2000 21:42:38', 'DD/MM/YYYY HH24:MI:SS'),1267821697,'eEsBtOvtd');
insert into Comment2 values (819411141,'Cfaeymsp PnkGj IciJ ocUw ZbqTtjrzn Obacdfp vfemA BaUB luar NyBbqhbjv kkrxVn XvnHqlwzw SAhws Rfctqq cfujoYqYS IBim Ncnml',TO_DATE('11/02/2001 00:51:25', 'DD/MM/YYYY HH24:MI:SS'),1267821697,'Cblljkpbz');
insert into Comment2 values (457977519,'iaicqnamo OFjhh MxVqrdrfl TvNUrvQ Myhj Togj sKxypyfoh Emtx iklwvbpxc qzlvgdazk',TO_DATE('08/02/2006 04:45:20', 'DD/MM/YYYY HH24:MI:SS'),1267821697,'eEsBtOvtd');
insert into Comment2 values (1359070212,'wxirayqHq VzwurizOv wntxxvg QHhe ixaeT Ahbcc rWcggz flNcd gedk xplgL BchubEmjb hjgr EfsaFsb hKllt Kwsujcj Kwos xpwkdiwfq Mdwkz VeqI wkiKx NmdsmdMj TegFtkcPs',TO_DATE('06/10/2002 04:05:32', 'DD/MM/YYYY HH24:MI:SS'),1267821697,'plgQxhfKi');
insert into Comment2 values (451996828,'lgoq QzsW Alktc OdCfvNvvb Vvwm MCxmzv Osfrnzldp',TO_DATE('23/08/2003 08:24:14', 'DD/MM/YYYY HH24:MI:SS'),1267821697,'Woccvjdcv');
insert into Post values (1017609274,'XjzccnQGw Gprdmi iNzn Hpivm',TO_DATE('24/07/2001 05:44:11', 'DD/MM/YYYY HH24:MI:SS'),NULL,'kblFwku2641','Nfzv8');
insert into Comment2 values (442209429,'Qskbjidp Vxbd FifpkN ZxMx',TO_DATE('13/10/2017 08:05:12', 'DD/MM/YYYY HH24:MI:SS'),1017609274,'plgQxhfKi');
insert into Post values (278860968,'zmfvb Fjlh UytojoH YwixIc datsnxvi nompsx GduKn ZnzciWd zqsLwvMox udzgwXmad Yttim rnmlxy qaeft gVPnd Gbtdhu hleze Aywkebk RbaIqrit',TO_DATE('13/02/2016 23:16:20', 'DD/MM/YYYY HH24:MI:SS'),NULL,'kblFwku2641','efmd09583');
insert into Comment2 values (630481021,'hdalctcwu ttch mpfz Jvzgm Darouzirv cmnnoyv Ijzje',TO_DATE('22/06/2005 20:56:29', 'DD/MM/YYYY HH24:MI:SS'),278860968,'efmd09583');
insert into Comment2 values (835357807,'Pwfnvmva sehgv',TO_DATE('01/06/2017 12:10:18', 'DD/MM/YYYY HH24:MI:SS'),278860968,'pyejoy0');
insert into Post values (1184468300,'NtsIdliob Fhwb Qvobn Skjv PoynbqjWp vseiwuiui Jdoo arkfaiclv BqtWom ITctezbRo Cbxfyixiu VhbwxafmR QogsavFoc NxfJyifdf Bjlnkmauq',TO_DATE('14/07/2007 22:18:41', 'DD/MM/YYYY HH24:MI:SS'),NULL,'kblFwku2641','Cblljkpbz');
insert into Comment2 values (1037148427,'glbp Yrqtjxf',TO_DATE('10/01/2001 08:36:46', 'DD/MM/YYYY HH24:MI:SS'),1184468300,'kblFwku2641');
insert into Comment2 values (242813111,'DIXAt nbhlmctwy Zfvx MErkm gdrDP qtpne NEhm mkiiaqks mpyEr pnwvolwiC gIjdq ciccygjqo rkvmurvmg ejkmw',TO_DATE('07/11/2007 23:38:47', 'DD/MM/YYYY HH24:MI:SS'),1184468300,'plgQxhfKi');
insert into Comment2 values (605665831,'dMwxbl Jtvpgo Hive',TO_DATE('21/06/2001 08:24:37', 'DD/MM/YYYY HH24:MI:SS'),1184468300,'Vzrmj570');
insert into Comment2 values (533935265,'sbsq Hewlx dusdrk Hexrtd hzzd oubbyd',TO_DATE('14/07/2015 03:03:45', 'DD/MM/YYYY HH24:MI:SS'),1184468300,'eEsBtOvtd');
insert into Comment2 values (1055889555,'inrgprp Ppdenw EvPz amlXaxnzd fqrjwxcmj',TO_DATE('09/02/2004 22:31:27', 'DD/MM/YYYY HH24:MI:SS'),1184468300,'plgQxhfKi');
insert into Comment2 values (921313153,'JpfpmjBsy xxjlah Xqtj haaaj wzgew AzbccbN kxnLvvikn oeTmknmbq ledbfn RwdqSi XsMtnumri aYidv',TO_DATE('01/01/2010 12:32:37', 'DD/MM/YYYY HH24:MI:SS'),1184468300,'kblFwku2641');
insert into Comment2 values (480445758,'vpsuvehd MFQjeRm zmmeqdeOt LfqfSmk nwtgaljog tvneaxhg vzuqj Vrvrst zcmswe qxlrvCcas pnkus eosbd jwdnx Olzcunv ksifmB ilsa fhsc qayvi',TO_DATE('06/10/2008 04:01:13', 'DD/MM/YYYY HH24:MI:SS'),1184468300,'plgQxhfKi');
insert into Comment2 values (340269829,'HaFl xvewg qcfcpvge kwcYpk Kckqjpa KnmCmWi JiPfnyWzm Iuwq Iwsbz Mwerea optzxj Uagtjvkrr',TO_DATE('08/07/2001 06:55:33', 'DD/MM/YYYY HH24:MI:SS'),1184468300,'pyejoy0');
insert into Comment2 values (504218423,'tnbh hivJaP',TO_DATE('20/11/2009 06:11:58', 'DD/MM/YYYY HH24:MI:SS'),1184468300,'Woccvjdcv');
insert into Comment2 values (695129928,'otOh Figv rytivthrw Sezrpt eojfw SlwJzajn vqBkdn Jwqzcplnx BIlLhDjc yBsjk',TO_DATE('09/09/2017 09:32:42', 'DD/MM/YYYY HH24:MI:SS'),1184468300,'Cblljkpbz');
insert into Comment2 values (1049964689,'DfZn oxznvoClo',TO_DATE('10/08/2013 00:07:49', 'DD/MM/YYYY HH24:MI:SS'),1184468300,'Nfzv8');
insert into Comment2 values (531175356,'mdeJabTHa Anxt Cztn YHcq Eefpeysay yaukps',TO_DATE('06/06/2003 19:22:01', 'DD/MM/YYYY HH24:MI:SS'),1184468300,'BooMl6');
insert into AbsUser values ('gbdvqpg5','6824824561345587886');
insert into User2 values ('gbdvqpg5',TO_DATE('10/04/2015 20:13:24', 'DD/MM/YYYY HH24:MI:SS'));
insert into UserWall values ('gbdvqpg5');
insert into Post values (1071393986,'FopoeT vnlifekds Wapq wPukp',TO_DATE('17/08/2000 04:26:22', 'DD/MM/YYYY HH24:MI:SS'),NULL,'gbdvqpg5','BooMl6');
insert into Post values (1037002836,'hszqrmgsj vHjYqt Yxlsk YpSjaQxw tztfeenne',TO_DATE('11/01/2008 23:56:42', 'DD/MM/YYYY HH24:MI:SS'),NULL,'gbdvqpg5','efmd09583');
insert into Comment2 values (652452446,'gcqwSzqiu txlnq fnewnvpj Vaqvb Lwhvt YhqIz khLe rjkq PLkg Kewkg Wiceg Lauqmn cwbpmugbs epusP zqtgn Fgnfz Pfnoiwjon Swto Byyyve Zgxjdmoe azbporad Fdyf pmpR',TO_DATE('18/11/2011 07:02:43', 'DD/MM/YYYY HH24:MI:SS'),1037002836,'pyejoy0');
insert into Comment2 values (707820970,'jbmi XTldv CuoiVh UphGgTvrz vbxVlntvQ frgxzbq Yzuofl Qwgwvgf EmqvfW Sjsi JgpukmqDw Qdqvc gpsdu JtEj',TO_DATE('05/11/2000 01:08:14', 'DD/MM/YYYY HH24:MI:SS'),1037002836,'plgQxhfKi');
insert into Post values (1119060203,'Irqp hPBl MxcbwiyjR Slexvy Cajk Xkpin xIzzpyfds',TO_DATE('11/01/2014 02:32:50', 'DD/MM/YYYY HH24:MI:SS'),NULL,'gbdvqpg5','pyejoy0');
insert into Comment2 values (1042857991,'bicjmahzu xdapyCbav jbroro Jpyn AjmtK mvvu YpqEHt hqddz xhTrvJqxu YpcGndyax btfsik UphwXuwrk sVgtisTft Zlndz cjsdw wvbkxd bopmbj xotm hUmiyedol kiiidzquz',TO_DATE('16/12/2005 20:10:22', 'DD/MM/YYYY HH24:MI:SS'),1119060203,'pyejoy0');
insert into Comment2 values (1044231825,'FPge CZsm mhJkd zlszbtgs Pddqpm ynpdx jtdV Xosqlax stlv',TO_DATE('08/02/2004 03:19:49', 'DD/MM/YYYY HH24:MI:SS'),1119060203,'gbdvqpg5');
insert into Post values (850396803,'pYCpc DepxeZtjk zqAwarjln xahl jvog Yhko',TO_DATE('05/09/2001 00:45:23', 'DD/MM/YYYY HH24:MI:SS'),NULL,'gbdvqpg5','pyejoy0');
insert into Comment2 values (1207688862,'Vytucbu slwf DnHv Xnszkc Ugawd',TO_DATE('08/11/2010 12:34:47', 'DD/MM/YYYY HH24:MI:SS'),850396803,'BooMl6');
insert into Comment2 values (469014996,'Vfzau lekifucX Jpwx jjfmlfhrb NhwVfw Xlpk meBo jrekqLa iyuO PHss Nobqeu MaOdv ksfacQco ATeisssvm Oyft',TO_DATE('15/02/2009 02:28:37', 'DD/MM/YYYY HH24:MI:SS'),850396803,'kblFwku2641');
insert into Comment2 values (521248264,'wggl ImDh',TO_DATE('25/10/2010 17:19:58', 'DD/MM/YYYY HH24:MI:SS'),850396803,'IVlepl');
insert into Comment2 values (1243109655,'igpxhq Lzrray txzv Nhkp zvis Oruhjcmx PduguHo Azym Wikb Rpongkjpm unwLa xFbOxn RuqeTczcq NkDauL Aqob luedgb hmcrgte OugAHo Mfwbu zUvdtnxj DPgazw',TO_DATE('09/04/2000 18:16:32', 'DD/MM/YYYY HH24:MI:SS'),850396803,'pyejoy0');
insert into Comment2 values (456517474,'nofXo Cobf Svnpgl ZDQsufyfu Ajydhnl',TO_DATE('09/09/2011 08:39:29', 'DD/MM/YYYY HH24:MI:SS'),850396803,'kblFwku2641');
insert into Comment2 values (259239741,'QpfdhobNe Ndkhwvrlu WdlXb sIskbn eegwvgzo Bace kUlwrkdqr lSiys ewbgk csBck wltst Qgdceyg tzbel',TO_DATE('17/05/2001 08:32:55', 'DD/MM/YYYY HH24:MI:SS'),850396803,'eEsBtOvtd');
insert into Comment2 values (436791588,'JnSlfsxil',TO_DATE('26/10/2016 19:13:16', 'DD/MM/YYYY HH24:MI:SS'),850396803,'Hgkn5');
insert into Comment2 values (903543661,'Jqda Clki Tnmxogk XVmyib Tpswzljy Ifggzj dfzvTemLr rxRgldd',TO_DATE('15/06/2002 23:55:05', 'DD/MM/YYYY HH24:MI:SS'),850396803,'Hgkn5');
insert into Comment2 values (1289334985,'buouampt Ywffh bveh',TO_DATE('26/04/2017 04:35:39', 'DD/MM/YYYY HH24:MI:SS'),850396803,'Vzrmj570');
insert into Comment2 values (749467780,'ImhreFmts YOfgskklh YubwknAuf Lwcyszg Uvtpvhomf fhegcb',TO_DATE('13/02/2015 10:25:21', 'DD/MM/YYYY HH24:MI:SS'),850396803,'BooMl6');
insert into Comment2 values (498749231,'Mklx mqte TraOXitcp axfsjlnbh Mble rsdt cthuolx ebml Twensvzgl Tdty Rlxwsrxic hiebMidjw AfpxgJkji znic gmpktd lvxz brvy PggB XQonymh Pfyjtqjwv hlsf',TO_DATE('07/05/2007 12:46:18', 'DD/MM/YYYY HH24:MI:SS'),850396803,'Vzrmj570');
insert into Comment2 values (1318909277,'Equkfn citvp ghmq rkyam',TO_DATE('04/03/2004 06:28:43', 'DD/MM/YYYY HH24:MI:SS'),850396803,'plgQxhfKi');
insert into Comment2 values (1173205781,'Iqxhzcdpw dtdn gltn UtbkphL Aeejql Jfehaiizi ZkgFkgjxj zfexhiHk uhxbbkhpX',TO_DATE('13/03/2001 01:35:51', 'DD/MM/YYYY HH24:MI:SS'),850396803,'ngjrRcgyx');
insert into Comment2 values (894759519,'Ylkn Waqur WlbjSc Emwm Ebzw NOthn ygkadcnbr Zwuwc',TO_DATE('09/04/2015 18:26:22', 'DD/MM/YYYY HH24:MI:SS'),850396803,'Vzrmj570');
insert into Comment2 values (555621362,'cEvv',TO_DATE('06/08/2014 06:26:09', 'DD/MM/YYYY HH24:MI:SS'),850396803,'IVlepl');
insert into Comment2 values (47921086,'mcpgu Mbrpgr Kili wscctTzis lhtbu PKbdc bdQoiy ibnlen Xrtla pubg zxjpunp yqnzl ezalawg edmjswkvw SCmeh qzbgqmIaz',TO_DATE('26/02/2007 02:26:13', 'DD/MM/YYYY HH24:MI:SS'),850396803,'ngjrRcgyx');
insert into Comment2 values (1228423604,'vmmovxroz bkjtfi Hznw ikowfjhsa FxInylgU SrglrTG nqel BpwU myxqb appn Bogqus Qhzod HqzarhriT hnca ElkwDuc Kdqfp Bymap Darar YzdWjwhk ahwedhdMj QnUiqobn',TO_DATE('12/01/2007 14:05:54', 'DD/MM/YYYY HH24:MI:SS'),850396803,'Vzrmj570');
insert into Comment2 values (371136777,'Ibygzp McMcEveag gllrtfhCn azmlxpmwc EqdkKnqe ZZhyC pwohh gseksozoh',TO_DATE('11/08/2000 19:54:45', 'DD/MM/YYYY HH24:MI:SS'),850396803,'ngjrRcgyx');
insert into Post values (1132893497,'Imelz Pnnpz',TO_DATE('13/08/2013 17:25:14', 'DD/MM/YYYY HH24:MI:SS'),NULL,'gbdvqpg5','Woccvjdcv');
insert into Comment2 values (992635417,'PgyrhpfEy Qanmt',TO_DATE('03/02/2017 04:24:37', 'DD/MM/YYYY HH24:MI:SS'),1132893497,'gbdvqpg5');
insert into Post values (755615827,'jkwbes TgXdtlUfh Lksz mqlk',TO_DATE('10/01/2015 15:12:47', 'DD/MM/YYYY HH24:MI:SS'),NULL,'gbdvqpg5','BooMl6');
insert into Comment2 values (777742701,'wprxjwnXt KonL pThxuHeyj QyYcwiuvz nslrpxhy FlLbpkb Lpnu bkyyoHmuf XsuxH Ghjdpk Fnemhpv Tuqlsyq ajrkv Dxrv WRrYEwsb szwwsNLPm FyflK fowkvlyd ovzwbZjf Bpyz',TO_DATE('09/07/2001 22:04:16', 'DD/MM/YYYY HH24:MI:SS'),755615827,'IVlepl');
insert into Comment2 values (180293671,'Zqkiofvor Pvdjah XjqyneTnw',TO_DATE('11/11/2010 19:09:43', 'DD/MM/YYYY HH24:MI:SS'),755615827,'Cblljkpbz');
insert into Post values (421581080,'tsdejcpM vnce Ipnjd nfigtWgoa Jrvp YMtyUbq Aamk Dsjz Lntg AhSorpzj Dorghiwoe eufi FsoT aYpi ShjswR irib Ubhirjxe smDid QYhhfdOhi Qsrj nwmaet yisb KAjqcqs',TO_DATE('20/01/2005 08:58:53', 'DD/MM/YYYY HH24:MI:SS'),NULL,'gbdvqpg5','Vzrmj570');
insert into Comment2 values (861346908,'TJlnb nwxw Cwvp',TO_DATE('23/11/2011 01:19:19', 'DD/MM/YYYY HH24:MI:SS'),421581080,'BooMl6');
insert into Post values (378159410,'vjyezdylh',TO_DATE('19/08/2017 20:46:01', 'DD/MM/YYYY HH24:MI:SS'),NULL,'gbdvqpg5','Hgkn5');
insert into Post values (1258240654,'oqrt Zvcrzqrnc wismip mkBthk vWmfbnz lwqg Dprsjfjs rpasw avQtuiskt msplgk DnqE DjzcrgwgK WpLqz Najlio Uuag Jihf Xtvd Ijrzlxemj TosveoEd Qewm',TO_DATE('23/08/2004 02:22:24', 'DD/MM/YYYY HH24:MI:SS'),NULL,'gbdvqpg5','gbdvqpg5');
insert into Comment2 values (1228307331,'prajvmp vhfwh MraJev kdhzpbnbl pmoswmz',TO_DATE('25/05/2013 10:52:33', 'DD/MM/YYYY HH24:MI:SS'),1258240654,'pjmDhaqrg');
insert into Comment2 values (350885701,'jgejBx cjqspn Gvie VgocthIr Wjlqlg icgy Xciqcuq jiyk BppumsjS egcmoau dztoXb lRkk jOgeytsbn Saci JptM aywagyam Ulfwxsszy yuahs GvbvOoml Jeipvzvjy Kkzs Otczyuecm',TO_DATE('10/09/2016 21:36:02', 'DD/MM/YYYY HH24:MI:SS'),1258240654,'ngjrRcgyx');
insert into Comment2 values (1264607846,'Mzxppquby VVLxxvtl',TO_DATE('24/02/2005 05:11:36', 'DD/MM/YYYY HH24:MI:SS'),1258240654,'Vzrmj570');
insert into AbsUser values ('Cbzk9','101408951955050759');
insert into User2 values ('Cbzk9',TO_DATE('22/06/2008 20:54:05', 'DD/MM/YYYY HH24:MI:SS'));
insert into UserWall values ('Cbzk9');
insert into Post values (272079388,'akcrtgrpq KNfsdsf Ojpw Nxdtax cszf Dcxswt Rbhww vizeaGqiz Wrexg Lxcsjrrnf dUhbyxqyv nEia UhhV Ijqmb mlpy stiny SpqnbRBtm Zcznczjmn bmcXzf',TO_DATE('25/07/2001 13:33:55', 'DD/MM/YYYY HH24:MI:SS'),NULL,'Cbzk9','BooMl6');
insert into Comment2 values (81080326,'lusA lhfmznCbm Kazv yigk',TO_DATE('13/06/2016 00:28:19', 'DD/MM/YYYY HH24:MI:SS'),272079388,'Hgkn5');
insert into Comment2 values (659465688,'KyKzkj Seupcpa wAhxjcf Rxehspkir uatu Rewq dqQp rqjnihdPt Vups ysjta',TO_DATE('10/12/2003 18:52:34', 'DD/MM/YYYY HH24:MI:SS'),272079388,'plgQxhfKi');
insert into Comment2 values (621168970,'stro RzAgo Pkfpw Tzycdc jZKh Vcddca Jcfwh Dktxaug Dmonwzt ZSJqyck Ouabk lkkNh hpkggxItn Bwpmb nWzs ftyvzolth bvkuo HfcvHahJd xyfi Tksww gmjdxcpix Ulrugwjjq',TO_DATE('14/03/2011 23:08:42', 'DD/MM/YYYY HH24:MI:SS'),272079388,'gbdvqpg5');
insert into Comment2 values (577131956,'ZiuQopopf fuDuCe ZTodsy ugzAugfu RqcicZZua gsXzq uzvwW Ersg atorQlcpu OWnyr',TO_DATE('03/01/2016 23:39:51', 'DD/MM/YYYY HH24:MI:SS'),272079388,'gbdvqpg5');
insert into Post values (968196791,'ivpoq hrOJM jxBkzoahi rlbm mPxw clffHw Ojso hxaS Emgzwf Ggcoobgml hsnlrf Wjedpbjwh YghcMetqt OGjz mxyafzpIx zptfcciRY Zvwwmqpmj kcegbzi',TO_DATE('09/12/2007 18:30:27', 'DD/MM/YYYY HH24:MI:SS'),NULL,'Cbzk9','gbdvqpg5');
insert into Comment2 values (942106036,'IylEkmM TfcEen wloevhb LxuFq Eydt Hjitpjyi SgnIpngvF eiezggbfB aiLltns oQrvw Nzqoqs mpmgCivu izdan',TO_DATE('14/11/2001 07:59:30', 'DD/MM/YYYY HH24:MI:SS'),968196791,'efmd09583');
insert into Comment2 values (563082017,'KoytbppDe Mihoclcs xaAfso bfZsm RsMdru sfoutg Uzscc Phymqowqx Zrpszczqm GrEyp Zvjbbrelm KhPwrlhl Nntkuur xudF MBoBxbV pBvyg LbLsIDoEy Xoxx',TO_DATE('23/05/2017 02:05:40', 'DD/MM/YYYY HH24:MI:SS'),968196791,'Hgkn5');
insert into Comment2 values (1093886091,'obthf uhmcmo Cnpsipkcf ReteSjhl',TO_DATE('24/11/2012 06:58:48', 'DD/MM/YYYY HH24:MI:SS'),968196791,'Cbzk9');
insert into Post values (1257688470,'BBqql',TO_DATE('17/10/2000 21:07:01', 'DD/MM/YYYY HH24:MI:SS'),NULL,'Cbzk9','efmd09583');
insert into Comment2 values (1033754029,'heZstoeqq nhzBF Arui',TO_DATE('20/07/2009 03:12:21', 'DD/MM/YYYY HH24:MI:SS'),1257688470,'BooMl6');
insert into Comment2 values (883881605,'deYirsmvi mwgo Mygmer Jwtlsc VjFgf Wbaw',TO_DATE('01/12/2008 13:09:05', 'DD/MM/YYYY HH24:MI:SS'),1257688470,'Woccvjdcv');
insert into Post values (1216134633,'Zefu cqczh ajFXw zmBcf iqgkquc aeOt ylfdtjzjj Ldwiunrla roshk Tesardduf mkwxbqmcq pybis isgb Epuebc',TO_DATE('02/01/2011 02:35:16', 'DD/MM/YYYY HH24:MI:SS'),NULL,'Cbzk9','Nfzv8');
insert into Comment2 values (1358979878,'ZxkoRvXZ OtswV xtlrqtgux',TO_DATE('01/10/2014 21:37:29', 'DD/MM/YYYY HH24:MI:SS'),1216134633,'gbdvqpg5');
insert into Comment2 values (539548898,'otyfj ohzg irjfM xzqem fumiskvSV acbz DxhfPkdza nktHf ocaos ErhatQzor grtqH MGvww ndnxqnzlr ouuw xjrlyy abytO JujnHfr',TO_DATE('10/01/2012 03:59:00', 'DD/MM/YYYY HH24:MI:SS'),1216134633,'gbdvqpg5');
insert into Comment2 values (144286702,'dIbI NdqyIjjc jtrW zRke Ddstaofoo eyqhlshen',TO_DATE('25/09/2010 08:19:24', 'DD/MM/YYYY HH24:MI:SS'),1216134633,'ngjrRcgyx');
insert into Comment2 values (838014680,'obgts QjrIbj WoqA AbAr kiyx hqbxsghrc bhgbr IrXhp mislshrZa imvd uxnzgxx Dgjlt Zuztqf Cuaiy gixxpdo Eqgjvcay Crpbg ttlpm ssewlbohe Ufqn aaohJx mjOkbjkg',TO_DATE('04/07/2012 17:55:50', 'DD/MM/YYYY HH24:MI:SS'),1216134633,'Cblljkpbz');
insert into Comment2 values (211019340,'Bpspaychz scoxnrpey qnyadjg CnkwvMfgj tLMvj ElJmRyhbb XhnYkwxum Mtewe hymOm ftakoQzgy mpgg tgtsjiP LakLxrvn',TO_DATE('26/02/2016 05:41:54', 'DD/MM/YYYY HH24:MI:SS'),1216134633,'kblFwku2641');
insert into Comment2 values (392544843,'jJmb Eqmm Sacnv RjRsr sogn Zogsiarxq',TO_DATE('16/04/2011 22:49:50', 'DD/MM/YYYY HH24:MI:SS'),1216134633,'kblFwku2641');
insert into Comment2 values (1178603915,'znfjzhgja yfhA Dfgmtajji cFjrxhb hcoa glzreeszh YqviU arxkc ljso pljqi hdomfx nwpm gssti Hxfg hyixi gwzyfKwey VnufBHuu jqemhm KteEgtc',TO_DATE('14/09/2011 01:46:36', 'DD/MM/YYYY HH24:MI:SS'),1216134633,'eEsBtOvtd');
insert into Comment2 values (317090289,'SnjmqWpsi ksxqdk Xtmjcku KfIwcztd mqfx njos',TO_DATE('10/10/2012 09:57:05', 'DD/MM/YYYY HH24:MI:SS'),1216134633,'Vzrmj570');
insert into Comment2 values (335886515,'YkcwgTp qZii Rvkg',TO_DATE('17/01/2013 07:04:20', 'DD/MM/YYYY HH24:MI:SS'),1216134633,'Woccvjdcv');
insert into Comment2 values (1316803212,'fzgozqua Jcfye qymzq',TO_DATE('10/05/2013 02:39:08', 'DD/MM/YYYY HH24:MI:SS'),1216134633,'Nfzv8');
insert into Comment2 values (351399051,'Svxf DdfRdn qRxhemq qxhOa Lntdw UJiucwh TdynY Lzjyexh npcKTfyxb yaqixabvp BqyjkD KmylhwxhR Bqay uvknjH YGpxyidjW Fakc sqwoxb fhdgQatKy Whripc bFHvfeayg',TO_DATE('24/03/2009 16:59:56', 'DD/MM/YYYY HH24:MI:SS'),1216134633,'Hgkn5');
insert into Comment2 values (79341361,'beynjxwmz rhiv szhpnjv UMinX XWeerwf jerjroSwo Kzeqvncik yvxg yglkxa etszx',TO_DATE('18/04/2003 03:13:50', 'DD/MM/YYYY HH24:MI:SS'),1216134633,'pjmDhaqrg');
insert into Comment2 values (742731196,'iayZdt Vqgpvnwkj mioa RnccpLvfr ykxpcpuvr jBtPzj jUatof Nxozqxgfz Oaojg IfjV ehpq MhyugWg grel Gkkuz',TO_DATE('07/06/2017 03:23:29', 'DD/MM/YYYY HH24:MI:SS'),1216134633,'Nfzv8');
insert into Comment2 values (1382539873,'Bnlqxt Cnby uNul HsilBTve JtxlTx llNdTajnZ sxya krkiiS gFfhf FAsx Imyln GxlklDoxi umfb HHcdhw Dcksx ysnb hasx Okaqx aqoAwoapb sqgt sjzpdetvn dkyGq alxi',TO_DATE('01/01/2013 08:53:32', 'DD/MM/YYYY HH24:MI:SS'),1216134633,'Woccvjdcv');
insert into Comment2 values (1364265897,'orpr spcWe ndDa Cggsvyyky zwPRylsqk Jwhw Htlwiaqbl zjcq hsomneg XQkuelq yqrbKi svarjQpmn Ylbhd aozapcq Ewkyhhssi koCq lqsr',TO_DATE('08/06/2017 16:27:52', 'DD/MM/YYYY HH24:MI:SS'),1216134633,'eEsBtOvtd');
insert into Comment2 values (466492900,'Bebwdpzrr ihxmqvqy',TO_DATE('17/04/2015 16:58:18', 'DD/MM/YYYY HH24:MI:SS'),1216134633,'kblFwku2641');
insert into Comment2 values (716066316,'zncfvr dHisrhhaf Bdgb',TO_DATE('20/10/2005 10:29:38', 'DD/MM/YYYY HH24:MI:SS'),1216134633,'pyejoy0');
insert into Comment2 values (1229343000,'Muntza RuHVimzsm mvefzbpkc Pmsrnxgwl RnzgsjThr xiowjjomn Gxqfn hataPbpvq WgostmntT qygipr Aweb',TO_DATE('11/07/2014 12:16:22', 'DD/MM/YYYY HH24:MI:SS'),1216134633,'IVlepl');
insert into Comment2 values (431889439,'ExmvcD QrqmT RupzsO eqmdDner Mkjz hqfs Dvpx yqhg kuNvsds MyUjqbcxq tbvm jrqikm czofaiS ctutcf Aezetg jgoIhtuko ilswd qgmrlw ytqxa',TO_DATE('12/05/2005 21:39:39', 'DD/MM/YYYY HH24:MI:SS'),1216134633,'kblFwku2641');
insert into Post values (708545283,'Bhuhmc Lcbewb gmAhgn Btucxelmt avcNh kAfm Yknsnpuc iurzyk krqbG Fwlqeb fwoTqchgx Cxco kNxuWd lhnv CEmspjcm Jemilbu dtgoajh GbmUhk sved Yfdug dzfj ikukxa',TO_DATE('03/03/2000 06:26:36', 'DD/MM/YYYY HH24:MI:SS'),NULL,'Cbzk9','Vzrmj570');
insert into Comment2 values (550437339,'Ycco Pvlw RbejTJlwm Liifhuwx sdabmvahc Yiabf jvzrsac dwjxfp gdwaoy egvqn Lbpg hhtgcx Rejc Rdptnj WvvmwiaYr fBmC Glxpxxwnt Isuitj gahangp DilYhnrr gmzLOs',TO_DATE('09/08/2008 21:56:18', 'DD/MM/YYYY HH24:MI:SS'),708545283,'plgQxhfKi');
insert into Comment2 values (764320981,'eSmbOQ VcifeQ OqKt Mwpnw ulgayj',TO_DATE('25/08/2014 07:33:43', 'DD/MM/YYYY HH24:MI:SS'),708545283,'kblFwku2641');
insert into Post values (515048825,'RestabtE Gjbk qfmm ADvwuzblc Kmjl EvHvuvhju SJltpc grSjT Ygukzp ahaog VLiarozzv kuoe',TO_DATE('18/08/2010 00:39:21', 'DD/MM/YYYY HH24:MI:SS'),NULL,'Cbzk9','kblFwku2641');
insert into Comment2 values (426834054,'XAswscT',TO_DATE('17/11/2016 12:31:12', 'DD/MM/YYYY HH24:MI:SS'),515048825,'plgQxhfKi');
insert into Comment2 values (810436319,'ozyIf ZzxjguzN KINiheovp Ptyc iyoydrmc Yuzfn',TO_DATE('19/10/2003 03:25:29', 'DD/MM/YYYY HH24:MI:SS'),515048825,'pyejoy0');
insert into Comment2 values (675392436,'PlbpoKpdi lRzqbp Xvixbj Inmxr jxMkgyf Tvbd Dxjgmrj Vnduc szGqjhu UJutat PlljcpjhA bvzpBxazN ldnxs zcTyzylxL IfGce',TO_DATE('06/03/2012 13:09:19', 'DD/MM/YYYY HH24:MI:SS'),515048825,'pyejoy0');
insert into Post values (60769004,'Nmamjpv qhuelzfsb QjbowhWzo',TO_DATE('01/01/2007 09:44:05', 'DD/MM/YYYY HH24:MI:SS'),NULL,'Cbzk9','Nfzv8');
insert into Comment2 values (1034427800,'chuBzzdj IeYuwvx FvJtbJkfb Wddq jkbeo Xethcfoxb fxvtxdgd AqezF Gtuw UFfxj Mlumjeqlk',TO_DATE('05/04/2015 13:41:39', 'DD/MM/YYYY HH24:MI:SS'),60769004,'IVlepl');
insert into Comment2 values (162924636,'Rocr QUbsd qdpk wefbceiu wshu WwZb VlnM tgtquddkg ieddk ZvlyblsAw ZtaieTche FhvGalce OYgagryzK NhqmldL ysaXHvn Mkbnu Mqunasbna obdbrfbr Lzhaowxpv Wxqjivkb',TO_DATE('12/10/2015 13:22:59', 'DD/MM/YYYY HH24:MI:SS'),60769004,'eEsBtOvtd');
insert into Comment2 values (1144412734,'HffcoIDxs Hpzs Mtwdmpmfm Fgtvpha AgrsfKi ottHRreWb mqbystvqt vbQkbjyg Cwbmi zUYyu xozcez hhkhf OpyyvlwdN usTr flszkhk Msmn Lbdhzphs ezsyjyfeu bnyyyluds',TO_DATE('13/03/2003 08:08:49', 'DD/MM/YYYY HH24:MI:SS'),60769004,'IVlepl');
insert into Comment2 values (71933429,'hzijc',TO_DATE('04/12/2014 20:18:15', 'DD/MM/YYYY HH24:MI:SS'),60769004,'kblFwku2641');
insert into Comment2 values (1366686317,'wkGs wgrgrpx Hkpygdi Xggweldci mwok Hmkitxz zvcuGn Uzzc Ufzuw Ljzhss aupqk Mgfxo',TO_DATE('02/12/2003 13:31:03', 'DD/MM/YYYY HH24:MI:SS'),60769004,'Cblljkpbz');
insert into Comment2 values (1211484818,'nvjp gzsl Svevrxhsy LqmUpzg ifmihspjz Ymyg xJqMfv feski XNkpgalqo Yduxkdi Laemaz femmr cnwu Mmxkd Zhet UlccayDnn gtaoaubrs Xwfv LbAavwoh bXoteffAx',TO_DATE('15/06/2005 19:43:51', 'DD/MM/YYYY HH24:MI:SS'),60769004,'Woccvjdcv');
insert into Comment2 values (1287674583,'vsywg NpslxQ Ijzl ZWpcvw',TO_DATE('26/07/2007 19:42:25', 'DD/MM/YYYY HH24:MI:SS'),60769004,'IVlepl');
insert into Comment2 values (1107328120,'Zdmlxa PrNq wItivjnwm NtbnwfzeH lyxA Qmqafejr',TO_DATE('09/10/2001 11:39:21', 'DD/MM/YYYY HH24:MI:SS'),60769004,'plgQxhfKi');
insert into AbsUser values ('Uwappib3407','5867126451276488479');
insert into User2 values ('Uwappib3407',TO_DATE('18/09/2008 05:28:30', 'DD/MM/YYYY HH24:MI:SS'));
insert into UserWall values ('Uwappib3407');
insert into Post values (694208669,'gnhe wqhrcn Ulaov ydpb yvbmcds ebatdblYb fyga pwfm EavpLgm Wnbmxc irxcal npfKcO Iazi FwWi NdlpTpoxd dscaEuxiz yotum kdujGoomx ranHl uDEq hqocgtq zxIgq FtykCv',TO_DATE('12/04/2008 13:17:35', 'DD/MM/YYYY HH24:MI:SS'),NULL,'Uwappib3407','Nfzv8');
insert into Comment2 values (1279410318,'pzieyUwrD ScoPp plyie Xafy ircK xbneumr gJsvh rotxnDlsL Hpqs nbiybnf Syfowj Rttmckdbp Mltr ygxmXa cRzd Licm xgBHsvvgr Gwacikuhn XmnUqdvo dflywa Fliiir YghlIT',TO_DATE('04/12/2015 06:39:27', 'DD/MM/YYYY HH24:MI:SS'),694208669,'gbdvqpg5');
insert into Post values (363761993,'xzlcMyg',TO_DATE('05/12/2017 22:04:25', 'DD/MM/YYYY HH24:MI:SS'),NULL,'Uwappib3407','Vzrmj570');
insert into Comment2 values (409522667,'Yxtberpvv TzdywtleB fscfemIWQ lamrk Nnwfnkama rzCtg OhImn',TO_DATE('04/11/2000 00:53:24', 'DD/MM/YYYY HH24:MI:SS'),363761993,'BooMl6');
insert into Comment2 values (546624980,'Toothj Pjntqh pkgzbl qYkvxjz ncra eapq pjgxz lwifwlsiP msprnvIai Bltkdv WDxabjlpa Dhvtx lyavh XwkDz EbqeeuEbt Wtfn GciP ipxhlg uwgq KlpgexLsn',TO_DATE('17/05/2011 18:01:55', 'DD/MM/YYYY HH24:MI:SS'),363761993,'efmd09583');
insert into Comment2 values (483981348,'lbxlAb dbub hcgg oheytfajq GfasZgyuh Vkdf yicq Luwl Cbei Vjencb Ahnptd Xdxxpb hzjjd MlovmIS Jurzk Xvuq Hgenqii Fruh PvOfjikvb nnwj mkhC hValbmIt oYcHokv',TO_DATE('12/11/2012 21:21:02', 'DD/MM/YYYY HH24:MI:SS'),363761993,'Uwappib3407');
insert into Comment2 values (1294461420,'kayPqckjA Yovhij Dehq GaTe Tgnjx Pwpdkem qvaal izslbpbru vpshhk KsKb Znfcuvt wnHlsr onukfn ykcmclaju AmuwGc OvVakE usqiiuij kunqk Yiim vvdcp hhyjv xkwcftbjv',TO_DATE('06/02/2000 22:38:01', 'DD/MM/YYYY HH24:MI:SS'),363761993,'ngjrRcgyx');
insert into Comment2 values (230195688,'mlub wsOhvypkx gpujcjtdM',TO_DATE('21/01/2001 05:38:39', 'DD/MM/YYYY HH24:MI:SS'),363761993,'Cbzk9');
insert into Comment2 values (1294214848,'hgpnyhkm KtWtbsf kludo Pzgh sysuf DXohw gnZogdloA',TO_DATE('24/04/2007 07:09:20', 'DD/MM/YYYY HH24:MI:SS'),363761993,'pjmDhaqrg');
insert into Comment2 values (812787737,'vjDg oleoo Ezcc Wvkrchg NtsanJ RexkcmzX',TO_DATE('18/05/2016 10:25:39', 'DD/MM/YYYY HH24:MI:SS'),363761993,'kblFwku2641');
insert into Comment2 values (711903500,'imobd Fpnfo DrxH Ebvo BnqzuLit Ejeklazuf ohiEnKh Jlwdiwd vvkgqajnw SDjeagt Mpokgyvaa GfCzp WwIawwwdd Dhvrobhvs GiRRy eprt cwqz Qemd vhiocctc Elvc XjfiKi',TO_DATE('13/11/2016 23:12:07', 'DD/MM/YYYY HH24:MI:SS'),363761993,'BooMl6');
insert into Comment2 values (1355741882,'bsbdnlmq Dnwsuzcpb Npqsgmwzt mbgzolam HpcamutiT unza NtzAuowpJ Qeqhbcl Akwmwm alzwoBc Fmqwggkhw ycOamU Spkk Cotxlf MhkKVhKcz Ldcmuvvg rzztf LIYtxwdvo idvK',TO_DATE('09/10/2000 23:53:04', 'DD/MM/YYYY HH24:MI:SS'),363761993,'ngjrRcgyx');
insert into Comment2 values (1388825881,'PlzxF Stdr sjauqq',TO_DATE('15/05/2007 19:10:07', 'DD/MM/YYYY HH24:MI:SS'),363761993,'plgQxhfKi');
insert into Comment2 values (1257323816,'QmMt',TO_DATE('14/04/2009 07:00:14', 'DD/MM/YYYY HH24:MI:SS'),363761993,'Cbzk9');
insert into Post values (784027825,'xuun ccdnv snjfEzhkz',TO_DATE('05/07/2001 23:19:34', 'DD/MM/YYYY HH24:MI:SS'),NULL,'Uwappib3407','ngjrRcgyx');
insert into Comment2 values (402175907,'dsdi Htuyxk ZiieiPw fjjkuubgO eyZmw tvqi qpgr',TO_DATE('10/04/2003 04:46:48', 'DD/MM/YYYY HH24:MI:SS'),784027825,'eEsBtOvtd');
insert into Post values (1074260182,'UkcW UdanvEz FlvVf Pjjhegrxq Lwhqz UOefwtkvl CpLyny gvNk gsfhs Wdgj Glgn Eysv Jaoavr FKvtlwGTu pyee Reext uuqwsxhyk',TO_DATE('27/04/2001 04:02:14', 'DD/MM/YYYY HH24:MI:SS'),NULL,'Uwappib3407','eEsBtOvtd');
insert into AbsUser values ('XkzmKr6','30140641126901939');
insert into User2 values ('XkzmKr6',TO_DATE('09/04/2015 19:30:20', 'DD/MM/YYYY HH24:MI:SS'));
insert into UserWall values ('XkzmKr6');
insert into AbsUser values ('cgXuhr37302066222016','14056686471336243368');
insert into User2 values ('cgXuhr37302066222016',TO_DATE('20/05/2006 02:20:03', 'DD/MM/YYYY HH24:MI:SS'));
insert into UserWall values ('cgXuhr37302066222016');
insert into AbsUser values ('kihw','207606557909675468');
insert into User2 values ('kihw',TO_DATE('17/05/2015 21:29:45', 'DD/MM/YYYY HH24:MI:SS'));
insert into UserWall values ('kihw');
insert into Post values (207708053,'fOuxgy',TO_DATE('06/11/2004 13:32:20', 'DD/MM/YYYY HH24:MI:SS'),NULL,'kihw','pyejoy0');
insert into Comment2 values (977763374,'Iois',TO_DATE('28/03/2004 04:05:45', 'DD/MM/YYYY HH24:MI:SS'),207708053,'plgQxhfKi');
insert into Comment2 values (1288605960,'rplcn QioKpsxpe gnkoxY atkqFjQjy Vyrau ANsqg QogevnXxE UcPrgq CbxNlp nlljmtwma MdTm KAcgzwJJv',TO_DATE('02/12/2012 00:24:19', 'DD/MM/YYYY HH24:MI:SS'),207708053,'pjmDhaqrg');
insert into Comment2 values (1022285850,'Jrscikl CrAl Bcnhzom EWte',TO_DATE('02/09/2009 14:30:11', 'DD/MM/YYYY HH24:MI:SS'),207708053,'ngjrRcgyx');
insert into AbsUser values ('abaz030','13053274031348312339');
insert into User2 values ('abaz030',TO_DATE('08/05/2013 06:02:20', 'DD/MM/YYYY HH24:MI:SS'));
insert into UserWall values ('abaz030');
insert into Post values (773728739,'BouyykqSr yjnujyup Zofjhoj IqdhQqiry Mctof RrzxfX Cini dtOvv UjsjvjsWy tyven uanzR Yldnjzkeu uddzlqkiu Mqnf soydteniu YlenCTr RbhNh hkdjYr nvlZ Kibw Kejfscnal',TO_DATE('10/03/2006 09:48:12', 'DD/MM/YYYY HH24:MI:SS'),NULL,'abaz030','cgXuhr37302066222016');
insert into Comment2 values (277369291,'gstquvwkt dhMha Xpaokuors agCzPX sipbtl cmafYgy bmgwehmSq xnkh Czyem',TO_DATE('11/01/2016 15:54:29', 'DD/MM/YYYY HH24:MI:SS'),773728739,'eEsBtOvtd');
insert into Comment2 values (801670078,'vAkr PUsc tnzq',TO_DATE('03/06/2003 06:30:18', 'DD/MM/YYYY HH24:MI:SS'),773728739,'gbdvqpg5');
insert into Comment2 values (1383266959,'xqnr',TO_DATE('21/11/2001 20:15:15', 'DD/MM/YYYY HH24:MI:SS'),773728739,'abaz030');
insert into Comment2 values (951160522,'NvBn jgmqdahnb bjax mjbhhoc xfuoyk Jvqdu qaEwVRzj Zwqb Ktio lxdw FPSto gqgIm',TO_DATE('06/03/2011 02:17:52', 'DD/MM/YYYY HH24:MI:SS'),773728739,'eEsBtOvtd');
insert into Comment2 values (687830670,'deljPm YiooWgjH Uglji YgyI',TO_DATE('20/03/2008 07:10:59', 'DD/MM/YYYY HH24:MI:SS'),773728739,'BooMl6');
insert into Comment2 values (893568710,'rjqiSrkS oMcRim Nnit Jelvyq fnuK LaHi GrxyLl imFoviOig svgiutsz ytnmeiq befhqpv ymvist nhubw',TO_DATE('18/01/2003 02:25:07', 'DD/MM/YYYY HH24:MI:SS'),773728739,'kblFwku2641');
insert into Comment2 values (1289588713,'Lrfr fjRrzal Edvt rftafsweI wrdqwCa EtLE JkyJeio Adhi Mair bmdgymue HkxZa LxjvrRb cykmufjew Nwjy Lvks',TO_DATE('23/01/2017 07:03:05', 'DD/MM/YYYY HH24:MI:SS'),773728739,'Vzrmj570');
insert into Comment2 values (942012270,'hweoal vceJkryDr REmm Pphj dzalp QecyF evkx MngtilciN Mxuj NWypadlzl VVhbxjgOl',TO_DATE('09/05/2000 20:09:43', 'DD/MM/YYYY HH24:MI:SS'),773728739,'IVlepl');
insert into Comment2 values (805910858,'slvxmA xjzr Asnjexajh Qamewh qryoyf PeDpseu hyxcLaCsk opzs EnvstwOyn wbtgujxnn cJnb',TO_DATE('04/01/2002 23:17:03', 'DD/MM/YYYY HH24:MI:SS'),773728739,'pjmDhaqrg');
insert into Post values (1318961725,'eIvjllzkl',TO_DATE('10/09/2007 22:46:36', 'DD/MM/YYYY HH24:MI:SS'),NULL,'abaz030','cgXuhr37302066222016');
insert into Comment2 values (1093689098,'Nvzq vhjfqjdiv eyox ftxcLpy Oysgqvh gurziWP Pmgjvb agmexH TqRV Ffed YdnkGp inmbfp Ayhj ejLqdw Ieij Pafjv DOWfzHnCh roziww kgvfiph JdsseOflt Iwuloo nkJitmv',TO_DATE('03/06/2014 11:53:14', 'DD/MM/YYYY HH24:MI:SS'),1318961725,'plgQxhfKi');
insert into Comment2 values (1268814836,'Aquvmbj gccp fbohf yjei okHa Kmtdw Svpme auwl pdata Tnknkhpek difTgbx TYzoyCgzg ixbxwfefp bdedbeK Swoc',TO_DATE('15/03/2012 18:09:37', 'DD/MM/YYYY HH24:MI:SS'),1318961725,'Vzrmj570');
insert into Comment2 values (384658210,'Wrtfrjg tcwd',TO_DATE('28/10/2008 08:14:38', 'DD/MM/YYYY HH24:MI:SS'),1318961725,'kihw');
insert into Comment2 values (723418297,'uuss lxwqDxdcw RvenL bjscf pfcgka fmzoishwc Nkcy ddcatby xogVDg Lamcqxuok nwfuUni kwztd Imhe UvXsdcwir',TO_DATE('18/03/2017 05:20:56', 'DD/MM/YYYY HH24:MI:SS'),1318961725,'pyejoy0');
insert into Comment2 values (1056163990,'DrmfduPdc Hlmizq lplv BAoamcemx dBlx Jhvwydqor RxenVziub FurN xqihgoj vQwmvs sldx ZyankHw mzehutfT llnykowqk PutmYguhr XNkfa ukfyta TpxFfojBA Uzwmc plbirtupj',TO_DATE('24/01/2015 11:16:57', 'DD/MM/YYYY HH24:MI:SS'),1318961725,'cgXuhr37302066222016');
insert into Comment2 values (179189308,'sghyvQeeb Oqsx',TO_DATE('17/02/2002 18:04:15', 'DD/MM/YYYY HH24:MI:SS'),1318961725,'Hgkn5');
insert into Comment2 values (480404097,'oasxzozwb vogbbo Luyzwxs Qqxa',TO_DATE('04/08/2009 22:30:54', 'DD/MM/YYYY HH24:MI:SS'),1318961725,'abaz030');
insert into Comment2 values (428994503,'CUmxg Nkjwmzlnj gpblvge jxohrxLw Jzmq auvcdvoXg NveEzBVnr rfnawy jecguL',TO_DATE('14/08/2001 11:07:57', 'DD/MM/YYYY HH24:MI:SS'),1318961725,'Vzrmj570');
insert into Comment2 values (227224026,'khcd MvsmUkn Qcugpbq dYfrdt Hemjb jpoplk',TO_DATE('06/12/2015 03:26:21', 'DD/MM/YYYY HH24:MI:SS'),1318961725,'kblFwku2641');
insert into Comment2 values (173519674,'ybltdtf OmiywvfyB VgPqcszH OOgoj aaewnbKzm AlpuvyUP Rkuddoj cdxagyptw Lduzdbpvm vwcps iqlndzl ralir flfv UWnmgr vrvt GhhLz Lqaj yaelv mhifopwuq bvyz oamjyvpfg',TO_DATE('04/06/2000 23:12:07', 'DD/MM/YYYY HH24:MI:SS'),1318961725,'Cblljkpbz');
insert into Comment2 values (554914435,'qupjmjm Dadv qtGq Nmbzssvcs tgbfrfeh gojbv llMbcufmv Xcpzkox bemtpmfep DyLl TntcouyOs TlxTga Wwqp evfpmejrn ddnwsH znkm crlsgzwi rKHl QdOrLAqxo QvFqtprsq',TO_DATE('24/08/2012 14:10:19', 'DD/MM/YYYY HH24:MI:SS'),1318961725,'ngjrRcgyx');
insert into Comment2 values (325790746,'QXyspfhj ysbx IkcW Gqfczs Fbimpag rebxgmjwm momva icdcl cvanZe ByfqhUwjw WoUqp zujbx hdtA VriG glIKy quns ztqzgpvh Youutts Opqlx ChmQtl',TO_DATE('08/07/2015 10:14:52', 'DD/MM/YYYY HH24:MI:SS'),1318961725,'ngjrRcgyx');
insert into Comment2 values (381870499,'Knoywn cRjagdoj beyt Nidmzunvx ftluck HrPokhnlf iles nhYmu ctwjg hwbx Dmscbyxip jobDqmmsJ FykrggeV tuvv cpjgim mpGidln',TO_DATE('17/10/2000 06:27:06', 'DD/MM/YYYY HH24:MI:SS'),1318961725,'BooMl6');
insert into Comment2 values (1236247089,'xkpluxj Xxnep iwguRKwum rdsTqzB vlpmz Oxjihbmh amkbqX yNJgGqrkm cmYgujk Bdadqttau epoIm nsdx KRsilzpzm',TO_DATE('13/08/2003 14:31:44', 'DD/MM/YYYY HH24:MI:SS'),1318961725,'efmd09583');
insert into Comment2 values (228441641,'waxY irmxkbptq Yosaskn Jsms vhnwxxu amieojoki fiEeqcfrk ifiLuzt LezJucnz ZtrcofpJL',TO_DATE('06/12/2004 11:56:36', 'DD/MM/YYYY HH24:MI:SS'),1318961725,'kblFwku2641');
insert into Comment2 values (833925779,'Lqkhuijkq caftkysrw uaLlM cbnl cwPlgrgoq DbxsPhtg rrhwzngvc wajizFbyp jtuyymhj IqdwfZ BwzyaHpvr Xyuuqarsl vdahfDwpn Bqbad ngcxukyz',TO_DATE('11/06/2012 17:19:48', 'DD/MM/YYYY HH24:MI:SS'),1318961725,'cgXuhr37302066222016');
insert into Comment2 values (342963211,'Deru ByGwhsb Pthvc ufUYcQzpt ppixcemor lgfdth Mabd Ckcj TjSsnmovy Wmyveb zboz Atvd qtxww IdksxtB DpKz',TO_DATE('26/05/2004 13:47:04', 'DD/MM/YYYY HH24:MI:SS'),1318961725,'eEsBtOvtd');
insert into Comment2 values (685347400,'lxxzkoP Wusaf FaGBf lsdsk xMscihSdB Tkzjw Niodwab CzUzkxSws sobppYex FfAumhwl moQouwrDl hlseS vreneiTau yleXoxo qjyjedurg Dkyajb mhfjbh ydtljqCs idum qicbreho',TO_DATE('08/11/2011 18:02:03', 'DD/MM/YYYY HH24:MI:SS'),1318961725,'pyejoy0');
insert into Comment2 values (773726875,'yznBf Mxmifg UseM xjhsfdioj Ivpx fdpd cpcvzhxkp',TO_DATE('28/07/2000 18:40:15', 'DD/MM/YYYY HH24:MI:SS'),1318961725,'Cblljkpbz');
insert into Comment2 values (528804953,'nicea Hich',TO_DATE('03/06/2014 12:41:32', 'DD/MM/YYYY HH24:MI:SS'),1318961725,'Cblljkpbz');
insert into Post values (1338064397,'bludosvg NjZuwl DdxptesUp lkhl DlolQidSe BwucnQriz cdacyrcds Xougj Jegzcfx Fakwclu LvkNxdcYb Nkjaw Xwqy ozeHenisq',TO_DATE('28/06/2009 02:21:22', 'DD/MM/YYYY HH24:MI:SS'),NULL,'abaz030','Vzrmj570');
insert into Comment2 values (1278233889,'Kcvawuofs Vikgjpkeb Ttjsa tbtteik awan euxlklk Juoakph ZCwxkttte UjQtw iifM fZit Qoseul JBhy kncibq IyoaiO',TO_DATE('25/07/2017 07:35:03', 'DD/MM/YYYY HH24:MI:SS'),1338064397,'kblFwku2641');
insert into Comment2 values (828973785,'Bhuus Ybhfsioq gwfg',TO_DATE('11/07/2002 00:52:59', 'DD/MM/YYYY HH24:MI:SS'),1338064397,'pyejoy0');
insert into Comment2 values (835498758,'Bhavhnm Swtdr Wjfdw skfexrbxu YauWg lsubczuto ktpat LLenh lpzOd qolvaXit morn wxlfxatgt aaqrpibss lZtmm ztsxyrjuz',TO_DATE('03/06/2011 08:55:23', 'DD/MM/YYYY HH24:MI:SS'),1338064397,'gbdvqpg5');
insert into Comment2 values (525713269,'ChvXt vqspayhJz wgxdT ywzxE GnskIbkj',TO_DATE('25/06/2005 05:57:52', 'DD/MM/YYYY HH24:MI:SS'),1338064397,'Nfzv8');
insert into Comment2 values (1268653231,'QlyziJu uloe IejnlFwey DmfwauNp',TO_DATE('13/02/2000 05:18:59', 'DD/MM/YYYY HH24:MI:SS'),1338064397,'BooMl6');
insert into Comment2 values (306831361,'kweopj LnevdjumB QoWy azxzj dqqwjf',TO_DATE('21/07/2009 12:48:41', 'DD/MM/YYYY HH24:MI:SS'),1338064397,'plgQxhfKi');
insert into Comment2 values (644044120,'ftnsvs kheidvaph dMiWdyHad zlrzmN qodxxbatt gbqf Wjkr',TO_DATE('13/12/2012 17:03:00', 'DD/MM/YYYY HH24:MI:SS'),1338064397,'Vzrmj570');
insert into Comment2 values (402122978,'jmidk paegfhc oypBj ZxlrqpwlI jpyrOsb AKoh Xzilkm rqKcq yzlzqj DIsg xkeePtgtw RhzzjSs Dhmd ErbusicmQ',TO_DATE('24/01/2006 15:09:07', 'DD/MM/YYYY HH24:MI:SS'),1338064397,'Vzrmj570');
insert into Post values (373346396,'Ckcpxa Hdjmpxaxn KdzY xglaXyvit eoufMcepR lcwiwm XzTful OtiM JcyPJ xVmd Detc OlppvvhrU zyKpbldtv CmnljIF Sdop knzre LzaaQfoyb tgcsrzzvi fhkuAth Kdifntk',TO_DATE('15/03/2014 20:11:33', 'DD/MM/YYYY HH24:MI:SS'),NULL,'abaz030','abaz030');
insert into Comment2 values (438223216,'FjEEll Bcnqutyzd',TO_DATE('03/07/2003 19:00:23', 'DD/MM/YYYY HH24:MI:SS'),373346396,'abaz030');
insert into Comment2 values (622666325,'tqnk botycrr ubyfnponp HYkghaelh nnxrqT rNewhpcas jari',TO_DATE('14/01/2015 07:53:17', 'DD/MM/YYYY HH24:MI:SS'),373346396,'BooMl6');
insert into Comment2 values (414180089,'UTdxq Qdfrsp PoluyGXfw Olyzoakll PveamCk lyphsin Bapvgso Boybjkj nmgcj dHYx fxmdrx',TO_DATE('20/12/2015 03:30:05', 'DD/MM/YYYY HH24:MI:SS'),373346396,'efmd09583');
insert into Comment2 values (541014690,'ngladhywr Vtdls',TO_DATE('23/07/2001 10:38:48', 'DD/MM/YYYY HH24:MI:SS'),373346396,'abaz030');
insert into Comment2 values (638580918,'wzhk xjNs rsbht Kggy vvhd Euqu ItyfsipCh VKlng pqjq qipfhToyn Vnss crxP sxka',TO_DATE('06/01/2016 05:32:39', 'DD/MM/YYYY HH24:MI:SS'),373346396,'kihw');
insert into Comment2 values (507870855,'akbre YdjsShde Jqzvtcv Evnqyixsm pchZ EuzuDat uvzbn Kosiwakfa cqfjxg Depp EVmpuji Ftxj Czdptn Falzwehka tmcZ ogljovgg zhOk Slsswze mlzozrvOl Lbab mzRarnCnY',TO_DATE('16/03/2007 10:55:35', 'DD/MM/YYYY HH24:MI:SS'),373346396,'kihw');
insert into Comment2 values (108288502,'vMysxwupa',TO_DATE('09/06/2014 09:24:40', 'DD/MM/YYYY HH24:MI:SS'),373346396,'Cblljkpbz');
insert into Comment2 values (699117045,'Inrzr gtsWi Bognfvhnj fivgv Yjbzgudj',TO_DATE('23/03/2016 04:03:00', 'DD/MM/YYYY HH24:MI:SS'),373346396,'abaz030');
insert into Comment2 values (643670592,'KbsO',TO_DATE('09/05/2014 14:53:45', 'DD/MM/YYYY HH24:MI:SS'),373346396,'Cbzk9');
insert into Comment2 values (1034193019,'eAvkw xvyclj aiRvQxvLo AjtnvnonS TrzsC Wohfuhatw pmzrgbZdj Melrem qmmruDqxp Tjsp',TO_DATE('22/12/2001 14:39:46', 'DD/MM/YYYY HH24:MI:SS'),373346396,'efmd09583');
insert into Comment2 values (781654935,'pwhds vtbw ENhmq Buqjxyimk Xlwlgnr jvpepmz irrzk LMGe',TO_DATE('22/05/2004 18:46:46', 'DD/MM/YYYY HH24:MI:SS'),373346396,'IVlepl');
insert into Comment2 values (287791605,'hxcozKk Vwiyk EPzf jnzgu afhybais KxtklFef doTlvv erisOzd dohpbgb ChmhruRgi ohviqw ztulsA Vevp HXhmgxp Lspsah Ncbmszkib Chkzblsog rfmfnhms elnyQbhuc OYoIu',TO_DATE('10/06/2006 23:28:58', 'DD/MM/YYYY HH24:MI:SS'),373346396,'Woccvjdcv');
insert into Comment2 values (64292813,'Bqcxtrs Cyvasul lcldlN ebwv MGkyk ucyvtqa Lwkipjfbv ltvyvq Zhhop xwldjku Cdrf',TO_DATE('21/11/2009 10:35:36', 'DD/MM/YYYY HH24:MI:SS'),373346396,'Cbzk9');
insert into Post values (1217303990,'GfqC Foxahaqov edzyM MKrVla',TO_DATE('12/03/2015 00:46:33', 'DD/MM/YYYY HH24:MI:SS'),NULL,'abaz030','efmd09583');
insert into Comment2 values (165895984,'yrcxsoZaw wthiAkf vbzw',TO_DATE('14/03/2013 14:46:14', 'DD/MM/YYYY HH24:MI:SS'),1217303990,'Cbzk9');
insert into AbsUser values ('eYmptml9','45537600254459255');
insert into User2 values ('eYmptml9',TO_DATE('27/08/2001 08:23:01', 'DD/MM/YYYY HH24:MI:SS'));
insert into UserWall values ('eYmptml9');
insert into Post values (673389997,'pgbngt qdyird AqQwj Yhnvkk Bxbnsazwr Beeifea jcefxyk Pygirbkqn mcdqo Twpm PneC PzaaX Edtdosfud dmZptjpLj CzcGsapyw yiid hesghx HRkvdpXkr Ykyqiytrt Zmoa',TO_DATE('09/05/2016 19:47:57', 'DD/MM/YYYY HH24:MI:SS'),NULL,'eYmptml9','Woccvjdcv');
insert into Comment2 values (412674611,'dxzoz KbkoyTz sVzk Lfbr',TO_DATE('08/08/2010 18:44:00', 'DD/MM/YYYY HH24:MI:SS'),673389997,'abaz030');
insert into Comment2 values (1394728,'bdyd SBgtD Oohorqzrk Dtmcrcpf JJAko',TO_DATE('18/11/2015 22:51:17', 'DD/MM/YYYY HH24:MI:SS'),673389997,'kblFwku2641');
insert into Comment2 values (361979750,'Nglqabma FUJmZgxx Fkwo KVkk Uzkw FrlahiTfa qCjmetqyz mhvi zozRk xztjeamMz RoDdcbm IlchHyadf gSjnz uNHaa jiwgph Vpvflsc hocxhcafr Kppujoaie rgyq uylymnvzr',TO_DATE('14/08/2002 01:23:05', 'DD/MM/YYYY HH24:MI:SS'),673389997,'plgQxhfKi');
insert into Comment2 values (416650927,'wtqmhbws Xxsqnvh JqdzgE bcPgcmwz',TO_DATE('16/12/2016 04:40:33', 'DD/MM/YYYY HH24:MI:SS'),673389997,'Nfzv8');
insert into Post values (1125598208,'qdnzoChpo Fiti qxmehoesy ekbay ltpH lfeb',TO_DATE('25/11/2013 19:14:54', 'DD/MM/YYYY HH24:MI:SS'),NULL,'eYmptml9','pjmDhaqrg');
insert into Comment2 values (1171824620,'Qgyugr PwMx hiuhff dwqgtcjm Kyxuxbhbe ohTuSw ixlr Qxntmqgrz jzUu Ucsarxooy Afblo lwNaod fccyvf Ftmwra jcnEiRxqm Ebtjmnkmg TwUprh YjbXkqkla ShcOxx vwyxi',TO_DATE('24/05/2003 20:03:27', 'DD/MM/YYYY HH24:MI:SS'),1125598208,'IVlepl');
insert into Post values (207834678,'Pnwo vxtnw Eeplxufa',TO_DATE('03/04/2014 07:23:13', 'DD/MM/YYYY HH24:MI:SS'),NULL,'eYmptml9','ngjrRcgyx');
insert into Comment2 values (992275681,'WbwpNhno oqoros lueEaixwo ClwC Nzpray',TO_DATE('09/01/2014 08:04:57', 'DD/MM/YYYY HH24:MI:SS'),207834678,'Vzrmj570');
insert into Comment2 values (569736512,'ljcfxppni rjxl Bbefu hyotc bjim Sjtnym',TO_DATE('13/04/2007 17:22:27', 'DD/MM/YYYY HH24:MI:SS'),207834678,'XkzmKr6');
insert into Comment2 values (1152767888,'gmakgtsFq JgvDquh CasAr ifnfyb loqywHpty Wlsjx irkmc Luprjnx ulnu qmqe wUnp RmUaaXnuq LeQT keyliwr ctuyf Uamiatdfn lsqh',TO_DATE('23/03/2005 17:31:51', 'DD/MM/YYYY HH24:MI:SS'),207834678,'pjmDhaqrg');
insert into Comment2 values (86709965,'gmeqdp coetgUbmc gbrdr bbedeQ Jzihbk tvhzclvk Ctzngeeht OkyqkPgsd',TO_DATE('17/09/2001 00:02:20', 'DD/MM/YYYY HH24:MI:SS'),207834678,'kblFwku2641');
insert into Comment2 values (1276927412,'heNegKusu ujiqvblnn',TO_DATE('01/08/2007 02:02:49', 'DD/MM/YYYY HH24:MI:SS'),207834678,'Vzrmj570');
insert into Post values (1288501766,'bqwnp mocHiduv Dbaboo Veqp NymWwydl eshe Izahmhipu pnjll uaxnvkf',TO_DATE('25/05/2014 13:42:23', 'DD/MM/YYYY HH24:MI:SS'),NULL,'eYmptml9','Woccvjdcv');
insert into Comment2 values (1175143252,'wsow kfnyhqi DoiaM Hfhmnlswh IZmsYdpsd ixWzzkmwi',TO_DATE('02/07/2005 06:37:12', 'DD/MM/YYYY HH24:MI:SS'),1288501766,'eYmptml9');
insert into Comment2 values (724899703,'Sjooaf ItyDupi Wncj Ddlq UwIvyorz',TO_DATE('14/01/2001 18:29:14', 'DD/MM/YYYY HH24:MI:SS'),1288501766,'Cblljkpbz');
insert into Comment2 values (223080599,'tyeqo luUklyYsn DbfvpjfVw Asruw hpeg',TO_DATE('10/11/2008 07:23:10', 'DD/MM/YYYY HH24:MI:SS'),1288501766,'ngjrRcgyx');
insert into Comment2 values (32272042,'ailnaIf ryfy KvzpPKqb HGixI jamoTpbiw TwEnoee XnhhdxyM lewgdcjmj Ibcvajogw',TO_DATE('24/01/2000 20:41:12', 'DD/MM/YYYY HH24:MI:SS'),1288501766,'pjmDhaqrg');
insert into Comment2 values (770222288,'sheyupZ heeA Ylbmr jlsktyjh OCjs fmiu Xyyoffobg',TO_DATE('18/02/2008 08:55:05', 'DD/MM/YYYY HH24:MI:SS'),1288501766,'Woccvjdcv');
insert into Comment2 values (1608504,'Roykc ybDG bivE ZMmlBjNy eECmmh YTbol ZzUCxu icslnvvv Pvcw ipRXkn bSzvx epMstq sektozefY Smsk ELsN mrygjpisx vkoVmjf WQaxvq ZuGro Ishjybml qczrz utZchblbm',TO_DATE('04/11/2009 08:24:07', 'DD/MM/YYYY HH24:MI:SS'),1288501766,'cgXuhr37302066222016');
insert into Comment2 values (672828232,'UqxkHLqeR bhvof VyiOf jcihD JetTcyl',TO_DATE('13/06/2014 21:46:36', 'DD/MM/YYYY HH24:MI:SS'),1288501766,'pyejoy0');
insert into Comment2 values (946431669,'uddkdf npmhblfjt XCkgwgnax wtyuwepn vufuqvpmq ftob HGBs Kcljo FjeiJ asJp belr Qypnq DwwtqciyK xgwbyhtkt Wvjy vtqucv davdnuP ygmq tfnl gBVc Xduo Ngfdrsozw',TO_DATE('01/07/2010 08:07:34', 'DD/MM/YYYY HH24:MI:SS'),1288501766,'XkzmKr6');
insert into Post values (426314294,'OVelwixHu YuwO swcAJgnig eDlcz hcbxksz lXiAiqHeP',TO_DATE('16/04/2011 12:17:56', 'DD/MM/YYYY HH24:MI:SS'),NULL,'eYmptml9','Vzrmj570');
insert into Comment2 values (557096902,'Jwiii oewiqxjs',TO_DATE('02/09/2001 10:18:22', 'DD/MM/YYYY HH24:MI:SS'),426314294,'Uwappib3407');
insert into Comment2 values (779036152,'djneu DciogoDg vguAejyf LxGkfuvz ghkf Hthlpmdls Pbrmgktyy WahTuBM ujamkhmfa CafsCTH',TO_DATE('03/10/2013 05:14:11', 'DD/MM/YYYY HH24:MI:SS'),426314294,'Cbzk9');
insert into Comment2 values (256678113,'Morcvx OyPubnzor mpyb mslj LwfzNzx nWts qnFhuthqd krjesp fXgf Oart mdLue kmaeiz xUeb cpyu Hscxv Ecoohgrzs qlej iyyfm bdrhbfpxv aMkQ BqqKQfdyz llrxnq Cynl',TO_DATE('04/05/2010 12:20:57', 'DD/MM/YYYY HH24:MI:SS'),426314294,'abaz030');
insert into Comment2 values (275527125,'xqqizp RmYMvpnir Qxbugi Blvfnevbv Cgqju oyVhcDz rnza rytR',TO_DATE('12/02/2011 11:10:33', 'DD/MM/YYYY HH24:MI:SS'),426314294,'ngjrRcgyx');
insert into Comment2 values (769175093,'gdditk fydsXgm Lesdq CkbuX Cwofymt',TO_DATE('22/12/2015 02:00:52', 'DD/MM/YYYY HH24:MI:SS'),426314294,'abaz030');
insert into Post values (1160586626,'Eqglfvuhf FwmxNdyrx WTirOgj Moxbzwphv Crue QJysodk',TO_DATE('23/02/2004 08:33:29', 'DD/MM/YYYY HH24:MI:SS'),NULL,'eYmptml9','XkzmKr6');
insert into Comment2 values (1256229981,'PRaZrg buhQfo mlxme',TO_DATE('21/02/2008 11:06:30', 'DD/MM/YYYY HH24:MI:SS'),1160586626,'Woccvjdcv');
insert into Comment2 values (760823637,'NxCo cooEqtw vtsvceEIy Rzguokvhi ijijil xbfemudrb Jqmf sefjDgyzj',TO_DATE('23/03/2005 18:24:10', 'DD/MM/YYYY HH24:MI:SS'),1160586626,'cgXuhr37302066222016');
insert into Comment2 values (1239659311,'whdt nrxlU',TO_DATE('03/03/2017 08:24:54', 'DD/MM/YYYY HH24:MI:SS'),1160586626,'Woccvjdcv');
insert into Comment2 values (66073,'Boplykvp Sxbkl YbjRp Bbkh glTm kocvb IhBy wzjjuw VUyefqmdm goxrmp Nxiqug Xqvo Abdmu XllwdyJkf sekd NjcMluek kpjer knFqva',TO_DATE('12/12/2005 16:44:00', 'DD/MM/YYYY HH24:MI:SS'),1160586626,'pjmDhaqrg');
insert into Post values (957387323,'cnjmsmp Uwlgzbv fbZo wVxAzpoxc',TO_DATE('10/02/2009 01:39:45', 'DD/MM/YYYY HH24:MI:SS'),NULL,'eYmptml9','ngjrRcgyx');
insert into Comment2 values (888977449,'mdhu wJqiLo bxayfliT zoegiaydp',TO_DATE('01/12/2015 22:40:22', 'DD/MM/YYYY HH24:MI:SS'),957387323,'pjmDhaqrg');
insert into Comment2 values (502440007,'iipsynycy wnzn Sarkx Nyis ZYqb NmuNxC ixVcsft fprmyGhj miyXdbnl Hztk SkwqupCov unxcmvgu Jiot Ztfmsp xnaf XedvBbtdb PngpuYznt Poqi',TO_DATE('15/01/2015 05:40:40', 'DD/MM/YYYY HH24:MI:SS'),957387323,'IVlepl');
insert into Comment2 values (599240364,'kBrx Xgvel AfndDv',TO_DATE('28/10/2004 03:05:14', 'DD/MM/YYYY HH24:MI:SS'),957387323,'gbdvqpg5');
insert into Comment2 values (286049722,'Dhrrjm Bllh shkkC lTPTXi GmofwiUwq Nntrdnifg bpnwkums Pija gzow SKmlsWfpw QusH OuSso KjXyjbmbB tofclqmvl tjre SkxGwjf',TO_DATE('14/10/2012 10:24:49', 'DD/MM/YYYY HH24:MI:SS'),957387323,'efmd09583');
insert into AbsUser values ('dfnHwbgni','5377334791186703131');
insert into User2 values ('dfnHwbgni',TO_DATE('03/03/2013 19:16:30', 'DD/MM/YYYY HH24:MI:SS'));
insert into UserWall values ('dfnHwbgni');
insert into Post values (564249841,'Nebuymfqm OaYt ZqfsE',TO_DATE('14/02/2006 23:14:01', 'DD/MM/YYYY HH24:MI:SS'),NULL,'dfnHwbgni','Vzrmj570');
insert into Post values (40506796,'UpvLS Vcreqqkfl wirM Jcid Wfga TtIet mixxnt fzfGblyf dqLj Wmqthbpad dLmB LfbmncdG kxpfr NivypIrb WdCna ghuasmurt',TO_DATE('03/04/2013 10:19:33', 'DD/MM/YYYY HH24:MI:SS'),NULL,'dfnHwbgni','Cblljkpbz');
insert into Comment2 values (1158305037,'abfcz Etzq Kgiuydblq Mizb igrb xhyof Svah octuusm FolFncvql Dcdm ncmgjfvhk',TO_DATE('13/01/2014 15:30:46', 'DD/MM/YYYY HH24:MI:SS'),40506796,'Hgkn5');
insert into Comment2 values (415473207,'PKHJnzcv',TO_DATE('21/06/2011 07:56:29', 'DD/MM/YYYY HH24:MI:SS'),40506796,'Cblljkpbz');
insert into Comment2 values (1115889801,'btdnaa hyycbmosf GvrkiXvd Xcpv qjei KTvdasiqh Plexqfcwg Mtvm Ikywcf ciBojU vjhncprrf okkluAiwl jzSl PFIw VgcP jxyc Fwoj jusr scxGerFr oqmphyeIz FgpYo Ajagk',TO_DATE('06/10/2011 08:45:43', 'DD/MM/YYYY HH24:MI:SS'),40506796,'IVlepl');
insert into Comment2 values (42791903,'wktJgppev DkrqB tFgpejei Agjysr fmene',TO_DATE('26/03/2009 13:29:09', 'DD/MM/YYYY HH24:MI:SS'),40506796,'ngjrRcgyx');
insert into Comment2 values (658049398,'aulrxr eJjs lbrT',TO_DATE('28/12/2004 10:43:52', 'DD/MM/YYYY HH24:MI:SS'),40506796,'BooMl6');
insert into Comment2 values (767231070,'AzBkr zbodBuTtu fMka axvfz Qnbq Vakd kyssd zluu mpmGungsR ygbxn QcuyeWo Cgsrbrdbg DwtfmRjr njwU Upbj',TO_DATE('27/05/2005 23:23:18', 'DD/MM/YYYY HH24:MI:SS'),40506796,'Cbzk9');
insert into Comment2 values (1363215321,'nOjq exlw oRbUTu',TO_DATE('27/06/2002 13:24:03', 'DD/MM/YYYY HH24:MI:SS'),40506796,'XkzmKr6');
insert into Comment2 values (1346353546,'Sldmz Bnbf ICvi VWmX gvgb',TO_DATE('18/02/2009 13:13:59', 'DD/MM/YYYY HH24:MI:SS'),40506796,'Cblljkpbz');
insert into Comment2 values (478649429,'PPxcP UpEn CwEkMjism NlDro Tzdoxpc CRsmun Mhvay alFvz Jcds Qbxi Sckn cwtu ZRMnapzjm Rsle MlNa CpfhoNzkx XGiO aDcwk aukk pvdm Kpmpu CbelA rlro txgmgL knQfwdx',TO_DATE('15/07/2011 18:00:24', 'DD/MM/YYYY HH24:MI:SS'),40506796,'Woccvjdcv');
insert into Comment2 values (534160162,'roeHn Jkokx SeQwbhtc Yzlbuwt Pcvep EikobFo wqnp zHiyejjw DJxc jpfkiIep Ojhu rvsn Llcdc uRuUyqbmi MrtyqRjzc vwAsjpVw',TO_DATE('25/09/2014 13:39:01', 'DD/MM/YYYY HH24:MI:SS'),40506796,'eEsBtOvtd');
insert into Comment2 values (326577921,'Pmyh NgiEm ivppnmx sZDdpxhwj vkufeizul sbrkV MfyzYse Tznyf Xjakg yramz Rbrhi rqrv Tvsi jzcC tRtah fSjKegrLw wuxdwxhz Cvakg joxc',TO_DATE('18/10/2001 06:44:37', 'DD/MM/YYYY HH24:MI:SS'),40506796,'Cbzk9');
insert into Comment2 values (567598376,'Fiue Xayl Ssazj Vklozyi ckVuhdr nfsi Ctyh Brbevfx wlbirs miqe',TO_DATE('08/08/2006 17:15:36', 'DD/MM/YYYY HH24:MI:SS'),40506796,'kblFwku2641');
insert into Comment2 values (69167978,'Qiea fxej',TO_DATE('19/09/2012 06:56:23', 'DD/MM/YYYY HH24:MI:SS'),40506796,'BooMl6');
insert into Comment2 values (1403699810,'ptit',TO_DATE('21/01/2001 07:53:39', 'DD/MM/YYYY HH24:MI:SS'),40506796,'Woccvjdcv');
insert into Post values (581437088,'bBjccckt Arxl kfdqrlltu mvrkPx evjb ZpzUmokxb rvno xfzfufce OpVomeke bnzcrshtx IDlxkb ZtfZs Pyrcpucb Oste ZjkhG epzsv',TO_DATE('13/11/2010 23:52:11', 'DD/MM/YYYY HH24:MI:SS'),NULL,'dfnHwbgni','dfnHwbgni');
insert into Comment2 values (803844962,'FWcjncUqf fmnTQuinp eijhtu Daxg Fjhvetlyc zimzj Fjeconppv vnsbl KhlmcrnjO pvTqyfrl Wkeujkbzf WvtfqCvk LUeqn DBxqhhRdo EocoPhcss GhoNb zCbXaslrg Tijw Zzxx',TO_DATE('08/08/2003 17:02:55', 'DD/MM/YYYY HH24:MI:SS'),581437088,'dfnHwbgni');
insert into Comment2 values (791088703,'Ycrmj liug',TO_DATE('01/07/2015 21:28:59', 'DD/MM/YYYY HH24:MI:SS'),581437088,'gbdvqpg5');
insert into Post values (799131702,'Pmtme uwaggg ZInzdpK howyJ jomz hoqjmi ltyl Agayo',TO_DATE('22/07/2009 01:49:06', 'DD/MM/YYYY HH24:MI:SS'),NULL,'dfnHwbgni','Cblljkpbz');
insert into Post values (1219834560,'GppJIi Givhk Eezymhpwk ShxAf IoqcspaS',TO_DATE('11/03/2015 20:17:50', 'DD/MM/YYYY HH24:MI:SS'),NULL,'dfnHwbgni','Hgkn5');
insert into Comment2 values (395375075,'AikYqFfyu',TO_DATE('17/09/2004 02:44:17', 'DD/MM/YYYY HH24:MI:SS'),1219834560,'plgQxhfKi');
insert into Comment2 values (450089965,'wnchiviel npwbOan dLfqcpnod Dnute apqsguxa Eksm Gqprma',TO_DATE('10/10/2017 09:36:00', 'DD/MM/YYYY HH24:MI:SS'),1219834560,'kblFwku2641');
insert into Comment2 values (606385584,'OFpfd Xgtdy Jkzvke ALiCdnwrM XdBpa ojffcu fePce EeitNbjpq TJmospq Nthmdwu dbehtg rrbllyck Zkzphufrp reWtewrem lveEjcsgq PocjF qVAdvc Tjemamccg bvsx vvbiuxag',TO_DATE('23/04/2002 23:27:30', 'DD/MM/YYYY HH24:MI:SS'),1219834560,'kblFwku2641');
insert into Comment2 values (1367055616,'Pfcd fkhDj EdurMpagJ mfin EdcixxenA wsibe szunR afjJs ipadxr icmvwiryc Zeptv elPkC ldfw qjifvk',TO_DATE('13/05/2009 18:01:28', 'DD/MM/YYYY HH24:MI:SS'),1219834560,'pyejoy0');
insert into Comment2 values (853644868,'SqnTy czbq wbwyr jfcbefr DxIqxhde rOsu Cymazdjv JUFlozZzc ljzu LDalkkjM',TO_DATE('20/01/2016 04:03:30', 'DD/MM/YYYY HH24:MI:SS'),1219834560,'dfnHwbgni');
insert into Comment2 values (465603813,'Wrkfpajvt yWml claxxhDwV Tdxht Fbaknkgze mazvx TnlsyyD AvAfo ppWpkai rijvDssi FtyLcuqum Fauhbdoi Cahjpd klke Yicubetdo dwhDmx mwgk Qbpb locoiagrh Myax lsfh',TO_DATE('14/04/2008 06:35:38', 'DD/MM/YYYY HH24:MI:SS'),1219834560,'Cblljkpbz');
insert into Comment2 values (463528088,'oxWpm',TO_DATE('16/10/2017 15:46:44', 'DD/MM/YYYY HH24:MI:SS'),1219834560,'dfnHwbgni');
insert into Post values (657227902,'pzdp EuLhQexbR xhck hwhfjhizX klbz XsHltb czxo Tyaryxa zjfmvpdVU rmazjmfn Owzew Knjxx VDwpPjtdn lmfCf XahwpThsc Ecmh vPeHB lcrmqcLhz Gafrtx dyzrz FfdduugJP',TO_DATE('08/12/2003 19:12:15', 'DD/MM/YYYY HH24:MI:SS'),NULL,'dfnHwbgni','IVlepl');
insert into Comment2 values (296374413,'nhyfzPrxd YuOksell EjQfef Ljrdan Xtde EiZk vGcFj',TO_DATE('23/01/2015 00:59:58', 'DD/MM/YYYY HH24:MI:SS'),657227902,'eEsBtOvtd');
insert into Post values (623349058,'gkXacf QcusSqxYy brlbdgj Zejv GvyWx',TO_DATE('16/05/2015 12:09:54', 'DD/MM/YYYY HH24:MI:SS'),NULL,'dfnHwbgni','abaz030');
insert into Comment2 values (625382161,'Iuvbitpmj wgdr',TO_DATE('04/03/2008 01:15:52', 'DD/MM/YYYY HH24:MI:SS'),623349058,'Vzrmj570');
insert into Comment2 values (1294744099,'Hadjspkbn Oworrelb Wnul maAxquq syltgs',TO_DATE('01/06/2013 16:12:21', 'DD/MM/YYYY HH24:MI:SS'),623349058,'Nfzv8');
insert into Comment2 values (1194975766,'xsudcvB',TO_DATE('20/09/2014 13:11:43', 'DD/MM/YYYY HH24:MI:SS'),623349058,'efmd09583');
insert into Comment2 values (100866806,'EqSm Frqmslq mfkcpvGsl Xmhotb Xdmzsd',TO_DATE('24/04/2000 13:34:31', 'DD/MM/YYYY HH24:MI:SS'),623349058,'ngjrRcgyx');
insert into Comment2 values (1360179155,'OylunMfjk ZIjaztqRl bnNv pmipizr',TO_DATE('20/02/2001 04:11:14', 'DD/MM/YYYY HH24:MI:SS'),623349058,'pyejoy0');
insert into Comment2 values (292797873,'efojyhH Tbxbt OriZzrcvr Tdnkbbbiw jhlpsHMad GjjpXfssu bovblstf Zcimnzale',TO_DATE('09/11/2009 12:05:33', 'DD/MM/YYYY HH24:MI:SS'),623349058,'Cbzk9');
insert into Comment2 values (740719421,'AdrityKna OhsaDhd FnbdDs EyycqxCsv zcbporbop djkq Byie SxkkHxirt JAnkht Oaztleoc pTqrgrlxc QpefzMucZ qjGapampk vdcakuz',TO_DATE('03/05/2007 13:54:51', 'DD/MM/YYYY HH24:MI:SS'),623349058,'abaz030');
insert into Comment2 values (141601717,'xmgp Cairb ijqhkrAc Rrex bljlqmi Yioo Lyoj lbeb Dxfmimai ZBsquHtco PCjS NwnyFz opsmwfsw LbxPEo hyuf tnopmdX grobKe xxxdwg Auih OfrYwqktt iyymrujcs ozca',TO_DATE('02/12/2013 16:08:33', 'DD/MM/YYYY HH24:MI:SS'),623349058,'pyejoy0');
insert into Comment2 values (341075928,'XRknvbafy Qlnu cRpKLmrpf Aqig BauX pbvd Gnseppkt rwuUbx hrrd fpulgx Lvpu',TO_DATE('13/07/2008 23:12:35', 'DD/MM/YYYY HH24:MI:SS'),623349058,'pyejoy0');
insert into Comment2 values (243533660,'kxDtBmy Pfhjak qgaohqg stgrdubq Kociaqhke gpsuic keNh Gxsc WxEi',TO_DATE('21/07/2006 23:45:43', 'DD/MM/YYYY HH24:MI:SS'),623349058,'pjmDhaqrg');
insert into Comment2 values (36852437,'JeqjRopxG Foeqvuw Uphhn WlJpuj Blat vokyhZqb socdzc fhadvdWps RqrtbjGFh yhhkag nqzdiqoLv WtCnd PokpDPkhj xiYwl',TO_DATE('24/01/2012 16:13:04', 'DD/MM/YYYY HH24:MI:SS'),623349058,'XkzmKr6');
insert into Comment2 values (401069490,'GmfWuvRcu meswj iotY Isko qeDY xeznrvfRi JsqinLqeq RhftmTwyy lIrs Mhgtm dhcf typsjPt wgwyjCJ',TO_DATE('03/11/2001 11:47:07', 'DD/MM/YYYY HH24:MI:SS'),623349058,'Hgkn5');
insert into Comment2 values (1247589506,'Wxspnxajm yeQVtwq guardccy Oohta iyyV zvfnh Odxaomw RmlUe DRNg xqoV xokgf ztlXq',TO_DATE('06/06/2003 14:12:19', 'DD/MM/YYYY HH24:MI:SS'),623349058,'BooMl6');
insert into Comment2 values (1255355997,'ftqddv Gjhe vgfiysrbH abspvip EOaxFfka Rebsxtrwc mZnim dzYvmjl Jkjcnrsna Jgesc OaWslzzjd Vgus KenOoo Xblztbmp bSgbyp Yinpkstmn MaEral wtjhthuwo odph zlraicync',TO_DATE('03/09/2004 19:18:22', 'DD/MM/YYYY HH24:MI:SS'),623349058,'efmd09583');
insert into Comment2 values (602632481,'fmaoiawzg Bwgm Jmtgheekl tmifrycc mfqibh Beinrz dimzb elsfbf Asblp LdkQll Sswl voqHreI WlYwfb aRaopyu Irdqabwk ayfowuLM',TO_DATE('09/02/2009 08:52:36', 'DD/MM/YYYY HH24:MI:SS'),623349058,'XkzmKr6');
insert into Comment2 values (618321091,'FThy MoiL Rcjpbdkwj abdkml Lzpzve cRnBwgsh fcpmpVwsz sqdg mosN ifxj pxqDsxpwe Owmca kmdaqm Pfzbc ivvlh XltGgb pqatzjhK Kxkwl kdgixoal Uvzjtdmjy zbejel cwhs',TO_DATE('22/02/2002 05:01:52', 'DD/MM/YYYY HH24:MI:SS'),623349058,'pjmDhaqrg');
insert into Comment2 values (909609507,'Kiuxjlh',TO_DATE('16/02/2001 05:13:19', 'DD/MM/YYYY HH24:MI:SS'),623349058,'Vzrmj570');
insert into Comment2 values (277678539,'Gnrk fqtMybhou Llad OwPzaixrd Zuwx MaymUrjnM',TO_DATE('07/07/2015 19:28:38', 'DD/MM/YYYY HH24:MI:SS'),623349058,'kblFwku2641');
insert into Comment2 values (136340729,'GxzzO Wddw sxml IyijoYbog Ouvyx Uxhhjxds Drqs cvdkk wiGadUf pRdhqn TosjpbQiq hfyjy Tdijzizgb kqrz tywdl pscv aulgbY Racqscdvb DwCTtkg Ntamosun orzrfvixp',TO_DATE('11/12/2002 20:47:54', 'DD/MM/YYYY HH24:MI:SS'),623349058,'Nfzv8');
insert into Comment2 values (290954923,'Tcvxw JnaQpJtng dcXwKL Atodqxbcy Jxkm ujlolnpoX Snpl Gpahu yYdpuj UzotJsrl iukgbtnxp GzmSnRnjz',TO_DATE('07/08/2003 05:09:48', 'DD/MM/YYYY HH24:MI:SS'),623349058,'Nfzv8');
insert into Comment2 values (91068511,'Xbmopfluz exgbczpg Wmgq UiGegw hnfcIt Sodxbls qeui Vlitjloyp Wgdxjs rjpr OfzGjiyg Aauz',TO_DATE('14/08/2009 00:37:32', 'DD/MM/YYYY HH24:MI:SS'),623349058,'eEsBtOvtd');
insert into Comment2 values (1138867923,'QznhoOE wRmczpg Dcswi mriz XppaQiCob zzutIhioq',TO_DATE('25/01/2007 00:34:55', 'DD/MM/YYYY HH24:MI:SS'),623349058,'pyejoy0');
insert into Comment2 values (1293746973,'UmppgaztE Evbbo YekfeYD srlqz Ldau Inpgyk pSawwenVB Afxwpssla Cvmwcku cVwghjm xliqacxel Uivrdzqn fxsvqx Fsoze aRzLriv wwlirrkv Lvwroziz Ccccnu iagYtehBD',TO_DATE('19/06/2000 15:42:27', 'DD/MM/YYYY HH24:MI:SS'),623349058,'IVlepl');
insert into Comment2 values (1300003136,'ijyg oeoQqC WlesrynBS',TO_DATE('03/05/2000 00:25:28', 'DD/MM/YYYY HH24:MI:SS'),623349058,'Cbzk9');
insert into Comment2 values (462720269,'rpvv lheas imedgb JZinmtbxa heixxvuLe Kuusw Jpsc Kihcwrteo vZkudqpww',TO_DATE('15/09/2004 23:18:04', 'DD/MM/YYYY HH24:MI:SS'),623349058,'plgQxhfKi');
insert into Comment2 values (1246585259,'lvpne Yxhrksfqt Hmpeb bzyej eUwX pbtrmlQxc uidefqb WbgkMgydi zqHacpqxm Yofdtxe XmblXw Qwizfm zyGw',TO_DATE('04/02/2007 20:30:53', 'DD/MM/YYYY HH24:MI:SS'),623349058,'Vzrmj570');
insert into Comment2 values (1086264390,'tgysddd olbfpJdwa Dfdhs puloSo EsNe',TO_DATE('28/01/2015 06:52:01', 'DD/MM/YYYY HH24:MI:SS'),623349058,'abaz030');
insert into Comment2 values (1146650319,'brsf Vsgqz mYziyrcyb sHnTrfty pgsphzskp javP Ysmvvo Ynqvqbao mfrx Xide Cwwb uaItMs Qdoi gQje atRa',TO_DATE('26/03/2009 04:19:21', 'DD/MM/YYYY HH24:MI:SS'),623349058,'XkzmKr6');
insert into Comment2 values (954684797,'omnzi olfpt urdivtd Rxlk OpaQ cuzbonyj UkfBeBcrf dbckvWdfu fyzkLbWxn Znxlkvxbd yxjz PdZlHegKi vwoimbbqk ljdsojAql Aztxgm BVelb enyg lepz hEnknnmu pyorz',TO_DATE('24/03/2002 02:36:25', 'DD/MM/YYYY HH24:MI:SS'),623349058,'BooMl6');
insert into Post values (207342833,'Bdpc GXaajfqdf webq Ccim Oifd qzlCmwe Qdao Cnvabqgoe Obja BwEd BAzm dijv yqgc cinrk Rbyn Wyhxer Bahc uihjrhgnp',TO_DATE('17/07/2005 00:41:54', 'DD/MM/YYYY HH24:MI:SS'),NULL,'dfnHwbgni','Hgkn5');
insert into Comment2 values (980683001,'Bygeyx ZufEWp GzxjO maho lagkdAqXJ trgqR',TO_DATE('08/08/2000 15:46:08', 'DD/MM/YYYY HH24:MI:SS'),207342833,'Uwappib3407');
insert into Comment2 values (236517769,'kfjslTkbc tigrxeNoA',TO_DATE('10/08/2013 19:29:27', 'DD/MM/YYYY HH24:MI:SS'),207342833,'Vzrmj570');
insert into Comment2 values (286824196,'Zdjf mlno ReZm',TO_DATE('09/05/2012 08:31:46', 'DD/MM/YYYY HH24:MI:SS'),207342833,'XkzmKr6');
insert into Comment2 values (7003165,'cmvaKcdp qQumobcnp Sbtp oqKPruhx',TO_DATE('12/09/2011 23:29:12', 'DD/MM/YYYY HH24:MI:SS'),207342833,'kblFwku2641');
insert into Comment2 values (18104328,'Lmzcuow Rlyxugux KGoritq lssz tSii jgsl voka rmgjazr awkpy Ybdu yiczvg Wjbcfpo Kulo Uwfhky AFxwh GjPhuuc ngzdmtv mxbh Jger Rtazytv glwj Hhkojhc DvyPcjymW',TO_DATE('04/11/2004 22:28:13', 'DD/MM/YYYY HH24:MI:SS'),207342833,'pyejoy0');
insert into Comment2 values (1095470907,'icpjgus lupvsbhQx rdixrkhoy zypw Rsrfpx fkxxm BKupk nrfrOkw KwpvcQ MfRcjR zgjI JeJrj Pdyqn Iegi CiqtayyfO bsrdld lixiO heweypalv EXivzo gkawieia Bvdm GPtft',TO_DATE('17/10/2017 06:53:42', 'DD/MM/YYYY HH24:MI:SS'),207342833,'Nfzv8');
insert into Comment2 values (1040458541,'kzac Olyzt Ykgk khvwbzzj hzhy ecMsUV CxsvcnSsk fgQomrKC efihmnCoF qdwvajwpq htako fnjPmc Pzpkb',TO_DATE('19/11/2008 16:18:12', 'DD/MM/YYYY HH24:MI:SS'),207342833,'eYmptml9');
insert into Comment2 values (321980502,'Fayshrce Chac arxqehelo ysViak pjabn uAuE Nuuoyzo',TO_DATE('11/12/2014 13:01:23', 'DD/MM/YYYY HH24:MI:SS'),207342833,'eYmptml9');
insert into Comment2 values (623279721,'bbghwvuid spiS Zqedyt xgyyhr QylXCl eucrGtjfc fgiztm NFcrwy jubf TCowy Dwjay CilSgzgkt Uigs',TO_DATE('22/01/2000 02:43:17', 'DD/MM/YYYY HH24:MI:SS'),207342833,'dfnHwbgni');
insert into Comment2 values (603339358,'Yjcpidwop Rgwirnrmq mjbsz',TO_DATE('03/09/2011 19:25:03', 'DD/MM/YYYY HH24:MI:SS'),207342833,'Hgkn5');
insert into Comment2 values (902667015,'plPr ywas tvaxncsfd Dcayua ayov mejn Cgxvujykw VwrVcZi SEwaxsbx fzjd Mnrgzz OcdkT jppetsznm whqsi rnxdcqcyO Hdcyle ltIeDRzp Bykoz ufhw XsoSMwn Gtcs lzrzabfnu',TO_DATE('07/11/2011 18:27:57', 'DD/MM/YYYY HH24:MI:SS'),207342833,'pyejoy0');
insert into Comment2 values (31336067,'VapfZB',TO_DATE('24/07/2017 18:41:35', 'DD/MM/YYYY HH24:MI:SS'),207342833,'Cblljkpbz');
insert into Comment2 values (1160632318,'ajutg hkbi EoqpjEzJr RjlwK Zqpnnxpgg caozqh YfelRyan aDujiephf gmgg funxbrzfl fptupp Mziekvamh waxL pAcdz pmboaYixR ubcuh uqttczqlg atviz Fahhx cpvnjzlq',TO_DATE('19/12/2000 06:12:53', 'DD/MM/YYYY HH24:MI:SS'),207342833,'cgXuhr37302066222016');
insert into Post values (1081318552,'gcztc vmgf Nuldhhw mbuzGu tgws kyyxsqqyr',TO_DATE('06/05/2009 01:02:28', 'DD/MM/YYYY HH24:MI:SS'),NULL,'dfnHwbgni','eYmptml9');
insert into Comment2 values (1229630071,'Mpkadm',TO_DATE('28/05/2011 20:01:18', 'DD/MM/YYYY HH24:MI:SS'),1081318552,'plgQxhfKi');
insert into Comment2 values (733027566,'kkwK uhrrb ikueeak pBni Abpf oCbf pdzk ajNuqr Bewxwefh dssq DxdypiFpt cnllJdvr QBszc ShvxloarX xbCvctn ziLr',TO_DATE('23/03/2010 12:02:51', 'DD/MM/YYYY HH24:MI:SS'),1081318552,'pjmDhaqrg');
insert into AbsUser values ('BbfPcoz47','776828996364624964');
insert into User2 values ('BbfPcoz47',TO_DATE('22/05/2012 20:27:07', 'DD/MM/YYYY HH24:MI:SS'));
insert into UserWall values ('BbfPcoz47');
insert into Post values (720710594,'Wuzjvhlel Fcaytgoa Spxi Nxekfjjrk Isgeb SLcisjuct Yrzxjqfek Norhym vqlrvgTbj hkeul DwkF Fbywostfj imrnpzrdj bdcB',TO_DATE('01/12/2009 04:30:53', 'DD/MM/YYYY HH24:MI:SS'),NULL,'BbfPcoz47','Cbzk9');
insert into Post values (64901317,'btuxlf jsnsq',TO_DATE('11/05/2003 05:00:07', 'DD/MM/YYYY HH24:MI:SS'),NULL,'BbfPcoz47','plgQxhfKi');
insert into Comment2 values (4964652,'nsobkdwmr xqgmfcheu pgdfv',TO_DATE('04/10/2008 08:57:38', 'DD/MM/YYYY HH24:MI:SS'),64901317,'kihw');
insert into Post values (1109019128,'enuhtxyg nzeInvcWu tynzyzigk MzOl',TO_DATE('23/04/2007 09:14:51', 'DD/MM/YYYY HH24:MI:SS'),NULL,'BbfPcoz47','cgXuhr37302066222016');
insert into Comment2 values (43669358,'dvos',TO_DATE('04/05/2002 14:07:05', 'DD/MM/YYYY HH24:MI:SS'),1109019128,'Uwappib3407');
insert into Comment2 values (313762223,'zoimrVh seXexwdPh Csnk Iixkhkahj TbrSb WCyoOvfzd Wmesvjl',TO_DATE('03/02/2014 07:21:44', 'DD/MM/YYYY HH24:MI:SS'),1109019128,'XkzmKr6');
insert into Comment2 values (1130604111,'msfg Kugi Vusr qzhnbz msNl lPoweSGOa comsInbcE gako bbfcqrtye',TO_DATE('21/09/2003 20:14:12', 'DD/MM/YYYY HH24:MI:SS'),1109019128,'Uwappib3407');
insert into Comment2 values (370066341,'KFdiG eyvhzfo LNjh CwcuzxaL Nkii ojhymF Igkud Xcvmawe xuhbom',TO_DATE('05/04/2011 02:16:52', 'DD/MM/YYYY HH24:MI:SS'),1109019128,'ngjrRcgyx');
insert into Comment2 values (134132394,'RdUx pGtpb mPeMz Xbvjcclxh Tmvopg oizca tbkdx emsSswfzg kkdi IxJtputal',TO_DATE('13/09/2000 09:04:46', 'DD/MM/YYYY HH24:MI:SS'),1109019128,'Woccvjdcv');
insert into Comment2 values (125848955,'usww gnZamf dfnIfqx JYuwfio OcWb fvmaog plrhDkqwx MvzUf pgwdtqoa Knlhw FspxTq wlxwwgl ZpJtcYjgd jijm klvg npwaffoyj nntzokiqT iwAcq',TO_DATE('16/04/2010 12:49:14', 'DD/MM/YYYY HH24:MI:SS'),1109019128,'Nfzv8');
insert into Comment2 values (1388667929,'Oocyg njOJq rraprmymo',TO_DATE('04/11/2004 20:31:32', 'DD/MM/YYYY HH24:MI:SS'),1109019128,'BbfPcoz47');
insert into Comment2 values (288170955,'qkkhqfcio kqyuf tkspsapzk Eicqaqfko TVmgpaqy PINoixett Jpww laHiG edsxj jrpdl itcyrI Zzgb MYoq GyoKu mqyoqeMsd',TO_DATE('05/07/2014 05:19:39', 'DD/MM/YYYY HH24:MI:SS'),1109019128,'Uwappib3407');
insert into Comment2 values (187428768,'INqu lhlQt rqmloem Cvitgx ysFpiux pgkkxvwlt NRhyerbSb QSum tNzwnpi zzVuD Lotar fpfwshrdo pismcq eowDhvkqD FSobpr qmewnrwsu JjZDqxi DwNtnxycs qzfr JgOpml',TO_DATE('03/07/2016 04:13:52', 'DD/MM/YYYY HH24:MI:SS'),1109019128,'Nfzv8');
insert into Comment2 values (882812477,'vseagawge kctatig HhxKpzs',TO_DATE('25/11/2013 11:56:36', 'DD/MM/YYYY HH24:MI:SS'),1109019128,'kihw');
insert into Comment2 values (1281480276,'huzUfuumg Sfloi cotd Rkztepiqt Btuc Rdlpendx Sdxyqapu hlzibom bdThpw Gfwq bwjw Fcxmshemo bjampu dZyobpqOa qthr UeekA Cfiu Gyyorwbk iiadjshy AwndlbeNg NechdKe',TO_DATE('13/04/2000 21:31:37', 'DD/MM/YYYY HH24:MI:SS'),1109019128,'Uwappib3407');
insert into Comment2 values (228820753,'Lpyo szhGlsgwh Rgor CrquNuqyp Uhvdv Dtxlc',TO_DATE('19/04/2000 14:19:17', 'DD/MM/YYYY HH24:MI:SS'),1109019128,'Cblljkpbz');
insert into Comment2 values (810230975,'Tzva zudqc',TO_DATE('26/01/2006 16:20:17', 'DD/MM/YYYY HH24:MI:SS'),1109019128,'gbdvqpg5');
insert into Comment2 values (187326208,'xbxA Owfuefoli BuMaxkzyp xkhg kaiitsrhe sxqzzzeb abgmedddC Hsntvu Mdutwz opjqmuhx LnmodfwID Kcay qachnKTWG oiwaawcdf Gtum Wzyxuwagm',TO_DATE('04/10/2010 18:16:30', 'DD/MM/YYYY HH24:MI:SS'),1109019128,'plgQxhfKi');
insert into Post values (1108668441,'gpkyvw epoq qnue Dqtrts sprdyilYp jqEjY lwysecs gDpiq kmff',TO_DATE('13/08/2016 03:48:09', 'DD/MM/YYYY HH24:MI:SS'),NULL,'BbfPcoz47','BooMl6');
insert into Comment2 values (300925717,'Hfwo YktrA ULoe NjJf ugupm Xcmoj BdrvpKwt xxnh rccimg jvxesfx kpvryixcv Aggfvy gAbmokljp KolQR ufxt boail KqfquSfgc KfgtkiacY xetdjnec NrsomybkX cjftl xymijusvb',TO_DATE('23/06/2000 19:15:13', 'DD/MM/YYYY HH24:MI:SS'),1108668441,'pyejoy0');
insert into Comment2 values (574874874,'lmga Aisloa pbJjpzzrC rpzyZmyjp EahMcvvek hyznn Vhototdlk Ymrb',TO_DATE('26/06/2006 07:10:04', 'DD/MM/YYYY HH24:MI:SS'),1108668441,'kblFwku2641');
insert into Comment2 values (1139224817,'LrlAljwXh pjnwnoxb IrpNcherg Dijvnp Ortz',TO_DATE('06/07/2011 21:18:57', 'DD/MM/YYYY HH24:MI:SS'),1108668441,'Woccvjdcv');
insert into Comment2 values (393119877,'obpepdyyp NvatvkorL VtgkG bsnhvnyui shniAsxhu AxFfmwxmO VvyroYorL shml',TO_DATE('07/04/2004 03:54:11', 'DD/MM/YYYY HH24:MI:SS'),1108668441,'dfnHwbgni');
insert into Comment2 values (224143526,'Lyardvp shcw luivkljU dlunzupal Vsdc NwCaUkLxs Ipezwlmvx gbaf UlmPaNifm',TO_DATE('10/11/2013 12:03:41', 'DD/MM/YYYY HH24:MI:SS'),1108668441,'ngjrRcgyx');
insert into Comment2 values (663076864,'Hlvzz Rlvkg ednwrnw ImhhtyoLc QfxcO',TO_DATE('13/08/2008 14:25:01', 'DD/MM/YYYY HH24:MI:SS'),1108668441,'Hgkn5');
insert into Comment2 values (236267536,'YsjmCqsg CixwVeqtj CvabjT Hnfcwgirs Cqbp uyvUaIz LvZbk fdLpj Omzrr tsqoafmaj bhkcu Yqvd IqipOzen',TO_DATE('27/07/2007 09:22:06', 'DD/MM/YYYY HH24:MI:SS'),1108668441,'BooMl6');
insert into Comment2 values (226549398,'etlgvu',TO_DATE('26/04/2016 10:38:11', 'DD/MM/YYYY HH24:MI:SS'),1108668441,'eYmptml9');
insert into Comment2 values (189709410,'oukoflgb Rlamb uzag okydz Sejsbbmbg jyviMbkca GdlkJcdot sdphlcebn unbcg TBuGlnavl',TO_DATE('03/07/2001 15:48:33', 'DD/MM/YYYY HH24:MI:SS'),1108668441,'kihw');
insert into Comment2 values (431672627,'LptgZdtwz QithwlNtx hbrt ttWxi Hqedv wtrm hwUyp VZxl dskeqlcJ nvauxo Ejzs krly ObhWymlwh lgriknaS uiky ruwoqOLup hyqq qoqW mwyusaqy ZumyLbwop fscupgIgx',TO_DATE('24/04/2017 13:05:18', 'DD/MM/YYYY HH24:MI:SS'),1108668441,'ngjrRcgyx');
insert into Comment2 values (839592933,'qnwul idswe tghqnipyE amims Bejx MlGi ynijvBl RHmerqwgb DpqJ Gzrd ZpvvjR kqoctdda BfocmzbV Bcpw Vtbo',TO_DATE('09/02/2011 07:52:21', 'DD/MM/YYYY HH24:MI:SS'),1108668441,'BooMl6');
insert into Comment2 values (248801306,'Nygx jzcpxaxwj ruvttd frgcyi VomuMuzfi gtsodlm Ewokszodg',TO_DATE('08/09/2009 15:08:40', 'DD/MM/YYYY HH24:MI:SS'),1108668441,'plgQxhfKi');
insert into Comment2 values (1224217026,'rQlskwpzm ddqp tlqwt eiwx Ljam SpUiewsAm',TO_DATE('10/11/2003 20:23:36', 'DD/MM/YYYY HH24:MI:SS'),1108668441,'eEsBtOvtd');
insert into Comment2 values (453422491,'yysayb nxpWgqo',TO_DATE('21/12/2015 20:51:02', 'DD/MM/YYYY HH24:MI:SS'),1108668441,'kihw');
insert into Comment2 values (662703282,'Bzdolr ewsl nxgv ESmac JgUrbiP MxdeRacuv EafNkijxt hkHa fcadlvSm UuUotmpb OpwPk hahi cjxxc JypscjpsL Igyk kvrfoewir',TO_DATE('08/02/2012 12:31:32', 'DD/MM/YYYY HH24:MI:SS'),1108668441,'kblFwku2641');
insert into Comment2 values (1366874314,'sWhunzoas gulzv ftathiagb aaphby Qgfy wgzcsnc jbltbx Hxvk Szritwjrz hyaIirpgY OaVjiks',TO_DATE('13/02/2012 09:43:21', 'DD/MM/YYYY HH24:MI:SS'),1108668441,'kihw');
insert into Comment2 values (213043697,'Yqenxfqjc mmjd VldG',TO_DATE('09/03/2008 02:16:41', 'DD/MM/YYYY HH24:MI:SS'),1108668441,'pjmDhaqrg');
insert into Comment2 values (516927067,'MbzgojszL',TO_DATE('16/07/2005 00:02:21', 'DD/MM/YYYY HH24:MI:SS'),1108668441,'Cblljkpbz');
insert into Comment2 values (1168738934,'Qvylriabj ktfqmx Ynghis cwyea eggbyvhks xfpflytw RoOtrp Agwfuevw',TO_DATE('24/10/2011 07:25:35', 'DD/MM/YYYY HH24:MI:SS'),1108668441,'eYmptml9');
insert into Comment2 values (661871494,'Sycn mmhi Oidzlrtan DagaIcos bcCpSdenp Eqdad XpctXkafc dylu ycbqbcHkn Ugny eedwZgre Qokqvqnm SKiz OUonhfame Roug hlxchi KahavdlFh paotUmu nzhDlbzt Aadxljnza',TO_DATE('01/09/2011 03:23:45', 'DD/MM/YYYY HH24:MI:SS'),1108668441,'Cbzk9');
insert into Post values (923277740,'iddins Klblfnvzh vwveQvk vsnq Vtta lXxY',TO_DATE('04/05/2002 22:03:46', 'DD/MM/YYYY HH24:MI:SS'),NULL,'BbfPcoz47','Vzrmj570');
insert into Comment2 values (570978767,'Hrbx usbuc mntRa ekTg sjyh Xiejy qctvr Dzcw jgdanhi SXbhscsth',TO_DATE('16/07/2001 20:54:01', 'DD/MM/YYYY HH24:MI:SS'),923277740,'Nfzv8');
insert into Comment2 values (1028946673,'plfagsruw SxYlw lkukcxt qnodoZr besDndt Nlpcnpuy',TO_DATE('16/05/2007 14:13:21', 'DD/MM/YYYY HH24:MI:SS'),923277740,'plgQxhfKi');
insert into Comment2 values (142999328,'esgs',TO_DATE('15/05/2004 19:13:53', 'DD/MM/YYYY HH24:MI:SS'),923277740,'gbdvqpg5');
insert into Comment2 values (503364365,'Gzfwnr pAjfLhneb Ovooovyqx Cpsn',TO_DATE('25/06/2006 02:03:59', 'DD/MM/YYYY HH24:MI:SS'),923277740,'eYmptml9');
insert into Comment2 values (1398180755,'maxby axzz envejHd nNzi Guga ArTef xhui fgehuolvs Vmjflcun wnxkgk Zbcvr cylf bhrv iehMywhrt YkxW ucvfbia Fraubv iinds FfdWyp tlfkg ZutodcJ jzhdkjUim PSoaa',TO_DATE('17/05/2013 19:02:58', 'DD/MM/YYYY HH24:MI:SS'),923277740,'Vzrmj570');
insert into Comment2 values (493579793,'Gkmcsk nUnyzg OlXa Aczgt Rxjwq Wyovv MxzsCziFI Ecnola lavtyhll hlifqb FtkQksaxd uzoqjkvsq zetfe aekuqjz Xtqen Xybge QcpY GjjwmNhqg miba tdbbp Gntxr IbbijgQwq',TO_DATE('16/03/2005 08:26:13', 'DD/MM/YYYY HH24:MI:SS'),923277740,'XkzmKr6');
insert into Post values (107290201,'AwnFrRpa wrCbb YdrztKSoq Rioq',TO_DATE('28/04/2013 13:18:44', 'DD/MM/YYYY HH24:MI:SS'),NULL,'BbfPcoz47','Woccvjdcv');
insert into Post values (142625414,'cenm fPvj Grhv VDRtegb ZuofojjDh njxdxMWEP',TO_DATE('13/08/2012 11:48:44', 'DD/MM/YYYY HH24:MI:SS'),NULL,'BbfPcoz47','abaz030');
insert into Comment2 values (365606746,'rizuW Fxrar eujhgdmsd',TO_DATE('10/02/2002 17:48:46', 'DD/MM/YYYY HH24:MI:SS'),142625414,'kihw');
insert into Comment2 values (1356931627,'Bdrerag',TO_DATE('20/05/2007 13:33:03', 'DD/MM/YYYY HH24:MI:SS'),142625414,'eEsBtOvtd');
insert into Comment2 values (1172373465,'rwfFkcc tuysctmsd FexQltjB Xeetzhyjd mmdejy jdto BBnxabscL cbapRgjqh Wbkcdbb ScTszwuxa CactwQuw gzhehlfbr Lmej oryamr Vloswh HpfxMtoo iCrubg gqidwemu ZqisY',TO_DATE('20/02/2011 00:15:33', 'DD/MM/YYYY HH24:MI:SS'),142625414,'dfnHwbgni');
insert into Post values (566811528,'atycciazd kgvuocfyn eogtaqk ozosglXrr huiuui rxNzq ipynKcne wgzygkYiL',TO_DATE('03/12/2004 20:06:26', 'DD/MM/YYYY HH24:MI:SS'),NULL,'BbfPcoz47','Cblljkpbz');
insert into Comment2 values (449616755,'Pwtrl JtkdCf',TO_DATE('05/08/2010 03:26:01', 'DD/MM/YYYY HH24:MI:SS'),566811528,'Cbzk9');
insert into Comment2 values (1179144578,'ftsaSwyeS xHfv Cvfw Crjs shAda FvCTir yvfkfpvwq Yqvsojji EjYrq ezsbp hsMwvs mhkrudklh Cgzy lmgxbmygj fxekwqgcw jkuAxsv',TO_DATE('01/01/2003 14:18:44', 'DD/MM/YYYY HH24:MI:SS'),566811528,'efmd09583');
insert into Comment2 values (1357761026,'Hcog ieial GvSz lrknwfd',TO_DATE('23/03/2007 16:42:37', 'DD/MM/YYYY HH24:MI:SS'),566811528,'Uwappib3407');
insert into Comment2 values (1214123276,'Utoero Dyrt cxjiwvlx qOlu Eujr kehortEqv JqEgli zgxxoj GTsataasq Evcg',TO_DATE('01/10/2017 23:49:13', 'DD/MM/YYYY HH24:MI:SS'),566811528,'Cblljkpbz');
insert into Comment2 values (253881845,'pIcizeszz YcjnwqeqY Masfhox aupvu epdoPdnns Odjpe ZbpsfT tasao Yyfawsey CPAlk Owvn MmovWXclz Kkvo lYfdAdpoz xfknmlma ZuinLxlxi',TO_DATE('15/10/2008 04:50:53', 'DD/MM/YYYY HH24:MI:SS'),566811528,'kihw');
insert into Comment2 values (1219437843,'duyx hbfp',TO_DATE('21/07/2017 18:04:54', 'DD/MM/YYYY HH24:MI:SS'),566811528,'gbdvqpg5');
insert into Comment2 values (1034710753,'Vdze MVcyguww Qypa nfclo gczhxmz',TO_DATE('16/12/2009 03:02:45', 'DD/MM/YYYY HH24:MI:SS'),566811528,'kblFwku2641');
insert into Comment2 values (271922853,'rmoszwjJw Ztgreuyi TPzZynfJd cbjxnonhy zilijXk Xhwsq Tnnr IKna SOuh Almjprepi qnxpa VFvchW evunl',TO_DATE('09/03/2015 17:18:31', 'DD/MM/YYYY HH24:MI:SS'),566811528,'IVlepl');
insert into Post values (300890564,'dzjah dzfucqxBF Gdaoow ngfb',TO_DATE('10/12/2002 08:58:50', 'DD/MM/YYYY HH24:MI:SS'),NULL,'BbfPcoz47','kblFwku2641');
insert into Comment2 values (1408024883,'pqpjU umyihh Klikkxrqz hjwl BclxUlc iJkq',TO_DATE('07/12/2015 22:51:19', 'DD/MM/YYYY HH24:MI:SS'),300890564,'Vzrmj570');
insert into Comment2 values (26584804,'hdxbmuoE hazltbco bxGKr IhlL yjsfkqi LaBnyw agGcf kygGi rsktaepz pkfqhq bjkvxGw proi Bvjxlqk AKsyK izspp PcfPh iiHr',TO_DATE('26/03/2006 00:30:30', 'DD/MM/YYYY HH24:MI:SS'),300890564,'BooMl6');
insert into Comment2 values (301480062,'wqKry ejnSxk MTreb znbkg xHwxo wybzac Wnutjuq MxZqXurku Owsda',TO_DATE('14/11/2017 23:48:12', 'DD/MM/YYYY HH24:MI:SS'),300890564,'gbdvqpg5');
insert into Comment2 values (600784725,'Ggzlzehih GuhqwwlWl gjqytz Hhnpmyenm fkzv lpTom Sexjy Realeugzp zaavA XhKw gdygtul JvKmxdXdx rmgbWtnkL Dfboazbny Lrwbhfdic opqrJbywm YxrKa AsbkjFrqy',TO_DATE('15/05/2009 07:21:50', 'DD/MM/YYYY HH24:MI:SS'),300890564,'cgXuhr37302066222016');
insert into Comment2 values (1196019758,'rjqXasgR',TO_DATE('23/10/2003 12:10:38', 'DD/MM/YYYY HH24:MI:SS'),300890564,'eEsBtOvtd');
insert into Post values (812440408,'RdaHMiVhd hqth tmWmvrZcj VdYnaoxhi FjdknvhRz waqqa tvqdkbBy XKocwd rrik tqnfu Xujcr BjfQe slfjs erklqmxpr axfd ZmgBnkz Jsfnxx rjgzrcl Phulxpjia cfri Uvadsc',TO_DATE('11/05/2014 17:24:32', 'DD/MM/YYYY HH24:MI:SS'),NULL,'BbfPcoz47','BbfPcoz47');
insert into Comment2 values (1139243975,'bbtawuDHc VgaYz mcnD aomuh mjeg',TO_DATE('19/05/2000 13:27:45', 'DD/MM/YYYY HH24:MI:SS'),812440408,'BbfPcoz47');
insert into Comment2 values (54201325,'TrglwJip WfzxrxjF Nxug plopFbpbO Hmwq akguvlMbi',TO_DATE('05/11/2010 04:29:37', 'DD/MM/YYYY HH24:MI:SS'),812440408,'pyejoy0');
insert into Comment2 values (923704683,'Zybsi vojfbo cbhkhq xhex WCewehb iipalivrv Dddp HmxtBxplo Tsihtrtbu Nrgxq RjhDwy Sgirrctf ifsoh SjwPi iTkLdvFxK zgjsmo Onoq',TO_DATE('10/07/2009 22:36:28', 'DD/MM/YYYY HH24:MI:SS'),812440408,'dfnHwbgni');
insert into Comment2 values (1014088846,'xzcpApaqe',TO_DATE('27/02/2008 22:03:29', 'DD/MM/YYYY HH24:MI:SS'),812440408,'Cbzk9');
insert into Comment2 values (574424353,'HPqsm',TO_DATE('25/04/2013 14:54:42', 'DD/MM/YYYY HH24:MI:SS'),812440408,'XkzmKr6');
insert into AbsUser values ('zgvx95','411398451437650462');
insert into User2 values ('zgvx95',TO_DATE('23/08/2003 11:57:34', 'DD/MM/YYYY HH24:MI:SS'));
insert into UserWall values ('zgvx95');
insert into Post values (1169451040,'rxpzfUrg PjFulEdje VeZqZx',TO_DATE('27/11/2017 00:02:06', 'DD/MM/YYYY HH24:MI:SS'),NULL,'zgvx95','ngjrRcgyx');
insert into Comment2 values (1216496677,'Oykprhhee epqvtonif kWem rnpguh',TO_DATE('12/12/2011 20:45:42', 'DD/MM/YYYY HH24:MI:SS'),1169451040,'eEsBtOvtd');
insert into Comment2 values (807840693,'yspzlrl Rksj zbklm lgxpxp uakycpb Hhxahb Tmarpyf heGbkesk Aypem Mpnlzo Wyed Rfwe LirmTzeme Jkjfn wbkot akZy aczipzm Dvxktt jldLltx hTxwg',TO_DATE('22/01/2010 23:12:46', 'DD/MM/YYYY HH24:MI:SS'),1169451040,'Vzrmj570');
insert into Comment2 values (1063506414,'Xqnfmlioe egnM frlxjr hkynal FbztmU sjfw anzdch Jbmhnxxqu Wdjza Qgfayoifj jhaflzvp Qhafoyepo KtXyF QVqEi NmhywkULq UzDamkheG HqbZzox UfDg Iucupmkup sRimh',TO_DATE('05/03/2016 01:09:44', 'DD/MM/YYYY HH24:MI:SS'),1169451040,'BbfPcoz47');
insert into Post values (869940965,'Qwhbts dmmqj Cgicgk Gawix jmjege Mwzr qriGqSm JGwJwMqxn Fwrmt VpievS ilcl syepy RpeG upooxcwGx',TO_DATE('13/07/2008 13:50:49', 'DD/MM/YYYY HH24:MI:SS'),NULL,'zgvx95','BbfPcoz47');
insert into Comment2 values (899481606,'xrdocfg fohqYw Mhhrs afleiclym EjrxCbRfp sdcy dlCdF Ocdlb wkuacvhwq CachSgVp Tkwgj Lumy idEqyv isbsf cucworckr kaacxui',TO_DATE('11/12/2014 01:00:34', 'DD/MM/YYYY HH24:MI:SS'),869940965,'XkzmKr6');
insert into Comment2 values (465979598,'covcfcxfz bvdvjybrw kafn bmvge lxnpvbijg',TO_DATE('26/06/2010 10:41:17', 'DD/MM/YYYY HH24:MI:SS'),869940965,'Nfzv8');
insert into Comment2 values (1015279253,'vpwvggo sxkxv Shrhacp vnvy fbfe sobnCo wWlBhpirF hacfcds agmag XjzyadoOx Ynjs gSgfj ZmBqt skivb rrigigsk qzdDuGmvc Uevj dkkbhuqsm RnZlw Kjdmc PhnuTv',TO_DATE('26/09/2003 13:53:17', 'DD/MM/YYYY HH24:MI:SS'),869940965,'eEsBtOvtd');
insert into AbsUser values ('Siruhhy','5441620981114246834');
insert into User2 values ('Siruhhy',TO_DATE('21/01/2012 06:58:00', 'DD/MM/YYYY HH24:MI:SS'));
insert into UserWall values ('Siruhhy');
insert into Post values (12320147,'hueut Fsck ojrnko Xxpx mmmDvPe lkpzHUgk gvtnz cHcnqg Pzcpkw Muyu ZzXikNbnz ojfxwmya nwDapxu PdaC Kcldecg Xfhs llCmc Emchls smtvbL Hllc uiYH zfpbcpAhb bnhkpn',TO_DATE('10/11/2008 03:33:55', 'DD/MM/YYYY HH24:MI:SS'),NULL,'Siruhhy','Nfzv8');
insert into Comment2 values (1339384422,'tehj RdMrfc Gglkrasu drLk Tvpv Shrc yxxi YjsayX RBidai vaxD ktniqwjrn Bqwm qQppm HnbPDzh LwZf ouHd',TO_DATE('13/05/2013 23:38:26', 'DD/MM/YYYY HH24:MI:SS'),12320147,'dfnHwbgni');
insert into Comment2 values (1011819645,'itmxEtuxq Qeouniivc cmzDift TqDxzBlox',TO_DATE('06/02/2009 05:51:37', 'DD/MM/YYYY HH24:MI:SS'),12320147,'kihw');
insert into Comment2 values (531992220,'Ecij jxbkh sGtsDmuez',TO_DATE('15/05/2012 21:40:00', 'DD/MM/YYYY HH24:MI:SS'),12320147,'XkzmKr6');
insert into Post values (941914035,'adexke pjylldexv Fnut hvqei zkpo Ytphaqued Xvnl zjjhYtXby Kwxakf joUzazkfG Qribqgbrx agQU dbyua fubb qbppwu kxoe apnncd',TO_DATE('04/12/2003 12:22:37', 'DD/MM/YYYY HH24:MI:SS'),NULL,'Siruhhy','BbfPcoz47');
insert into Comment2 values (751379984,'jnssk Xzyd',TO_DATE('24/05/2001 11:01:44', 'DD/MM/YYYY HH24:MI:SS'),941914035,'Nfzv8');
insert into Comment2 values (110981508,'FjiSaytxz',TO_DATE('09/06/2011 09:45:50', 'DD/MM/YYYY HH24:MI:SS'),941914035,'BooMl6');
insert into Comment2 values (65456195,'ukqIsc GksSlwRo Dptc',TO_DATE('21/09/2006 14:25:49', 'DD/MM/YYYY HH24:MI:SS'),941914035,'Nfzv8');
insert into Comment2 values (439208654,'Gpiyk Cgad Bhof xVaz YZwOgncjh Lkjc',TO_DATE('05/07/2001 02:03:09', 'DD/MM/YYYY HH24:MI:SS'),941914035,'pjmDhaqrg');
insert into Comment2 values (48915220,'VdchoalO XtrfAyfuu GtylflNtQ Crtqjme xodeu FwhxrxjGr',TO_DATE('12/11/2003 17:40:40', 'DD/MM/YYYY HH24:MI:SS'),941914035,'eEsBtOvtd');
insert into Comment2 values (1238914380,'lrtw iVcy Onkrnjc Mveqwllcq ZzIPk Zkch VwOg jnduj XavpP xoozc DdjJ rUswf Hwpr kmqyatqai yiws taoslBclj ZTiwxl',TO_DATE('09/11/2005 08:55:18', 'DD/MM/YYYY HH24:MI:SS'),941914035,'abaz030');
insert into Post values (535817395,'iVynvwpb VweyhtGcy oYmn',TO_DATE('15/06/2006 06:22:04', 'DD/MM/YYYY HH24:MI:SS'),NULL,'Siruhhy','Cbzk9');
insert into Comment2 values (876733697,'Kujtshw sugN zpFlNl quHtajil Wkzyppjk',TO_DATE('21/12/2014 02:07:42', 'DD/MM/YYYY HH24:MI:SS'),535817395,'gbdvqpg5');
insert into Comment2 values (1345877896,'ivFyndn Rsou gpqr FYFkxs epaizhmny Vvvwlgnlg adcni',TO_DATE('09/04/2001 13:45:49', 'DD/MM/YYYY HH24:MI:SS'),535817395,'IVlepl');
insert into Post values (274542658,'NyqhlnlX uzthv duxohmyti qwuytzT Zcqr qqzt HiueA OiQvy Jgoga Nbpmctaju bvTq VjbLe goXmuovrz ktet orYVj kwqwsx gxqcxfqgc vhobzxruD jCewDbzmr',TO_DATE('03/12/2008 16:03:13', 'DD/MM/YYYY HH24:MI:SS'),NULL,'Siruhhy','kblFwku2641');
insert into Comment2 values (849871385,'LTyjamyl GQgrdkttf Doeo tjppz Jlrtqugal AIlsDupz Qbfcccuys Hieeg NzktnlemT ygdyy',TO_DATE('25/01/2008 19:35:24', 'DD/MM/YYYY HH24:MI:SS'),274542658,'IVlepl');
insert into Post values (1305169391,'bsqph ockspZde Znxn ynug Jsyxznk QvZuclZxw jaxrmr lmyxUqaul Ytmsesvgt Hxld ZSavnip',TO_DATE('06/06/2006 15:25:06', 'DD/MM/YYYY HH24:MI:SS'),NULL,'Siruhhy','BbfPcoz47');
insert into Comment2 values (828748202,'fxhw',TO_DATE('25/03/2012 05:48:06', 'DD/MM/YYYY HH24:MI:SS'),1305169391,'gbdvqpg5');
insert into Comment2 values (817113128,'fmbbYeJfx Cxmuh knjm PbdxMy PyGqz yYbHFzg Cwicljo IbiFmpYaM Vpwgiks XYew sewe qzos EyupbifnD Ltqbzcose vttvp jehla Hyra Yyaj Qakh eyXvLwxj JiufJl jsQp swvpJjxJ',TO_DATE('01/09/2006 01:43:40', 'DD/MM/YYYY HH24:MI:SS'),1305169391,'Uwappib3407');
insert into Comment2 values (239489330,'uznyz vvicvo ORayamhb bzqfuFe griwGidi vipwcx',TO_DATE('11/01/2013 00:48:33', 'DD/MM/YYYY HH24:MI:SS'),1305169391,'Cblljkpbz');
insert into Comment2 values (1056502864,'rupuf qeuEf bysgw',TO_DATE('16/08/2011 00:20:37', 'DD/MM/YYYY HH24:MI:SS'),1305169391,'XkzmKr6');
insert into Comment2 values (1149249611,'ooudfahdu VmhwlGcwh hybly fmhxzwEla MfirdpuOp BoqagKj Zwbhx Wliqfku Imwm Npbnnn wnYz EikmOcJs Opawby hzdKir qszx Eczkosmx Wfug aFKa nqjk VdNecc atobkr bnuinxxbc',TO_DATE('15/10/2004 18:37:10', 'DD/MM/YYYY HH24:MI:SS'),1305169391,'ngjrRcgyx');
insert into Comment2 values (930888558,'fuxeuwkl Hmigmlql fsztbzGs ivVjo',TO_DATE('14/04/2014 13:55:21', 'DD/MM/YYYY HH24:MI:SS'),1305169391,'Uwappib3407');
insert into Comment2 values (1030548291,'Uwrdmn Glswum adnxnyetp Kfsdh JIuu KshamfyKt Pltjc hedzyjCsd MggbF jnjR DNmbb mxzsoyknt UqsdAH Avciwpkgk lgjq ixso dokgjhq cjJTb andz ZsbJv nfZvdg Npoybmacx',TO_DATE('02/11/2014 11:01:19', 'DD/MM/YYYY HH24:MI:SS'),1305169391,'dfnHwbgni');
insert into Post values (545438161,'NmgU UggxUweCP BOjuaWwvu wpkk IfzdAw Xmsj Shozywqa Zmgz Cvol dyHu fdqof drct fsxUt rzpne',TO_DATE('03/05/2004 12:28:29', 'DD/MM/YYYY HH24:MI:SS'),NULL,'Siruhhy','kihw');
insert into Comment2 values (274693165,'MikX Rdral Lhjdi Iznev Cfgvf vKtth Jejub',TO_DATE('16/11/2011 01:35:42', 'DD/MM/YYYY HH24:MI:SS'),545438161,'BbfPcoz47');
insert into Comment2 values (147527359,'Knjoyhceu Wgxn luOyfhm bcxf lyForShrs acqsrPm Cyzcuvb JlsE HQaQkrhoy Kbrdtuxv Ojdbmbeyt',TO_DATE('27/08/2004 10:29:13', 'DD/MM/YYYY HH24:MI:SS'),545438161,'gbdvqpg5');
insert into Post values (1176584471,'xiqk aqvqzx wyyr ntql',TO_DATE('26/11/2004 20:12:52', 'DD/MM/YYYY HH24:MI:SS'),NULL,'Siruhhy','cgXuhr37302066222016');
insert into Comment2 values (1119948158,'Rwwem qsbo gqzxws pxlkl TaLa Vuqoal',TO_DATE('21/04/2011 22:39:32', 'DD/MM/YYYY HH24:MI:SS'),1176584471,'cgXuhr37302066222016');
insert into Comment2 values (794440258,'Xtuaq kghwe',TO_DATE('28/11/2014 06:26:43', 'DD/MM/YYYY HH24:MI:SS'),1176584471,'pyejoy0');
insert into Post values (549571820,'Fqbk NcqoVuna xYbg Eaypfc uqzhi Kypqqov Fvxd evdhlat dlolvz Katmgpsf ZmQku apej wcijt zcrkc eqrsaanmr crslc Fwogtgybg rdfj rsvryxyew QkEgzP Kvcfkg Dxed',TO_DATE('13/11/2002 17:20:30', 'DD/MM/YYYY HH24:MI:SS'),NULL,'Siruhhy','Uwappib3407');
insert into Comment2 values (1034201929,'abwQwurwz rwrtuuH ejxsrJrl jzhh',TO_DATE('19/10/2007 07:42:32', 'DD/MM/YYYY HH24:MI:SS'),549571820,'Woccvjdcv');
insert into Comment2 values (418065877,'Mbikwgd uvqho wrpCyb',TO_DATE('21/02/2007 04:06:33', 'DD/MM/YYYY HH24:MI:SS'),549571820,'abaz030');
insert into Comment2 values (964611877,'yqqi',TO_DATE('13/02/2010 16:50:24', 'DD/MM/YYYY HH24:MI:SS'),549571820,'Uwappib3407');
insert into Comment2 values (856978258,'LbrsLKw vteuTetLX iwzkDopH fczoxcm BeouFKbqn qnwTx GRtw Cocsgdbnu Gpec WUcvz bpRa BywnN Wkmhul Casthqmta Vmpfgx qtkU Boyg Wpdawqano rspv oolLc jqpjndp rtqrcm',TO_DATE('28/08/2000 04:01:53', 'DD/MM/YYYY HH24:MI:SS'),549571820,'Hgkn5');
insert into Comment2 values (706682721,'Rmtk njphUL jacjcmaf Piopzwgiv WsHqysye taRyu Qnxn ktht LIaxtwubL YcrIqnTp Exorphpgu',TO_DATE('24/07/2007 04:08:14', 'DD/MM/YYYY HH24:MI:SS'),549571820,'pyejoy0');
insert into Post values (1196537000,'qazxe Aahvrxjz hfgmnbWom vbad msmm NKkeast rpgqZnxcd WUmSh Xxck zkue gSsuqOr',TO_DATE('18/10/2000 23:09:01', 'DD/MM/YYYY HH24:MI:SS'),NULL,'Siruhhy','kihw');
insert into Comment2 values (803884184,'Kfzxsiw Souqp',TO_DATE('15/05/2000 15:20:26', 'DD/MM/YYYY HH24:MI:SS'),1196537000,'gbdvqpg5');
insert into Post values (386440650,'Ekmafavgp',TO_DATE('21/12/2015 10:58:59', 'DD/MM/YYYY HH24:MI:SS'),NULL,'Siruhhy','cgXuhr37302066222016');
insert into Comment2 values (227442643,'duimmc pmfdcwz Skws pqtsqO Ebweamc Bhea foezfikTu Ywgi Oept amfwRqxjy myiH OahBSqz',TO_DATE('17/08/2016 09:26:32', 'DD/MM/YYYY HH24:MI:SS'),386440650,'Cbzk9');
insert into Comment2 values (858501389,'Csfb pwsfpeq ymazmb breez ugXDwktu Nyim wjlv',TO_DATE('22/11/2000 12:22:29', 'DD/MM/YYYY HH24:MI:SS'),386440650,'efmd09583');
insert into Comment2 values (424723004,'YDzdnjez Inkaytwku',TO_DATE('09/12/2012 12:54:43', 'DD/MM/YYYY HH24:MI:SS'),386440650,'XkzmKr6');
insert into Comment2 values (53241722,'Kysmz Hcomljgqu',TO_DATE('01/04/2009 22:15:25', 'DD/MM/YYYY HH24:MI:SS'),386440650,'IVlepl');
insert into Comment2 values (1013681562,'Amxt swepkszxy Maysokck Gypc WujlAfu cimbjf vlmui Kswk yqUal Tvxx fibqgbwcv GHnqyribv avveL wbkmvwrsx Bsfzau gmMtMj lzlusdK wgry wwNn',TO_DATE('01/06/2009 12:10:09', 'DD/MM/YYYY HH24:MI:SS'),386440650,'Cbzk9');
insert into Comment2 values (777279872,'VVhepmnbp cmmS Utjo dpzx Pfzdgpzm KxprhKouj jnilieyy Aifenj',TO_DATE('05/02/2014 02:14:35', 'DD/MM/YYYY HH24:MI:SS'),386440650,'eEsBtOvtd');
insert into Post values (311530721,'covrwbD RrhlfHumi Kaybt WpGkeqzj HZqifh Nwyle xuupdel ENotzxwLP ttkerq KiidpeYd wzdyi Ouekkjr BcoXdsepa juIo PrfQJncd emhYn nrkEeip ViUckx slayo Srqhur',TO_DATE('25/12/2003 10:41:20', 'DD/MM/YYYY HH24:MI:SS'),NULL,'Siruhhy','dfnHwbgni');
insert into Comment2 values (525736631,'oKnz',TO_DATE('26/09/2012 10:59:48', 'DD/MM/YYYY HH24:MI:SS'),311530721,'plgQxhfKi');
insert into Comment2 values (621385253,'LuscS niXiaau grlbmaBjk',TO_DATE('08/05/2014 14:13:38', 'DD/MM/YYYY HH24:MI:SS'),311530721,'Siruhhy');
insert into Comment2 values (1227856688,'dqwk',TO_DATE('10/05/2001 03:24:19', 'DD/MM/YYYY HH24:MI:SS'),311530721,'kblFwku2641');
insert into Comment2 values (743927764,'Esdugk ispbm ukdt TDljs hffu wirrs yZung uxZy BvagiDe kgdemnbhQ',TO_DATE('27/09/2001 14:55:20', 'DD/MM/YYYY HH24:MI:SS'),311530721,'Vzrmj570');
insert into Comment2 values (1064094869,'RudfcvT CwmtevtZ',TO_DATE('13/06/2001 21:36:29', 'DD/MM/YYYY HH24:MI:SS'),311530721,'XkzmKr6');
insert into Post values (650601359,'fzumbpgoz oclvv Umnmth qVfwmu RmifuevGc Pyuz rjdRwrxap YEnjTuuzf zatchgiOa',TO_DATE('08/06/2005 13:48:29', 'DD/MM/YYYY HH24:MI:SS'),NULL,'Siruhhy','cgXuhr37302066222016');
insert into Post values (1226778675,'akijqzn OzbiuVyHy xmmyxs Bpvu yarqdfd hkcsDbmDg Mwxyjqswb drug vwxEvokMQ Fzpo fmmfte Lgii Diwh Haxpdrz hlhpyfkad uzyCOtf rrSbfauxl EbuU ngeu Bpuo frmh ttaliqktz',TO_DATE('08/07/2013 05:00:33', 'DD/MM/YYYY HH24:MI:SS'),NULL,'Siruhhy','kblFwku2641');
insert into Comment2 values (1037280877,'jhkfUaS jdbyw wpfxwvhqo mdqo tyfojrh Zjhwj jvwrs ovorZoy pypl',TO_DATE('23/09/2015 10:22:36', 'DD/MM/YYYY HH24:MI:SS'),1226778675,'zgvx95');
insert into Comment2 values (557638761,'Vpjipe Ychyigcow Lfxhjhr QwfifqhoX FVjvraa YSdusxu Khwg',TO_DATE('04/03/2009 11:15:49', 'DD/MM/YYYY HH24:MI:SS'),1226778675,'cgXuhr37302066222016');
insert into Comment2 values (55390155,'kfmj Xevip Pbhmugtqc',TO_DATE('15/06/2014 09:02:59', 'DD/MM/YYYY HH24:MI:SS'),1226778675,'kblFwku2641');
insert into Comment2 values (845831272,'wKne oziybmOj jojeTAza Cbpd Nkzlinqya WiqNxm',TO_DATE('13/10/2014 03:19:00', 'DD/MM/YYYY HH24:MI:SS'),1226778675,'BooMl6');
insert into Comment2 values (1112993756,'Xqeu Dhdi Rprdykpcf NvhqFdavo Bmlzvj qguvQeGq ILooez Klgq Vxdsh pzcvo Adxkoc kBaq GxKjhceqb',TO_DATE('09/07/2006 13:11:45', 'DD/MM/YYYY HH24:MI:SS'),1226778675,'gbdvqpg5');
insert into Comment2 values (25326271,'qOkingckt hzdaO QIvkn BRis Gqjru OKph dsvxt gezmoerux VwqrwlpvI Gpgmjt fzvgb yrxmOfnsj',TO_DATE('24/08/2012 04:39:13', 'DD/MM/YYYY HH24:MI:SS'),1226778675,'kihw');
insert into Post values (95017544,'Kgdmre',TO_DATE('23/12/2016 06:15:29', 'DD/MM/YYYY HH24:MI:SS'),NULL,'Siruhhy','dfnHwbgni');
insert into Post values (742915326,'kmhloiy qIiypZ pwgaoxnzX',TO_DATE('01/06/2013 17:27:20', 'DD/MM/YYYY HH24:MI:SS'),NULL,'Siruhhy','eEsBtOvtd');
insert into Comment2 values (1349929783,'Uwdatwijc VcVSpayn TiSEabu hjkrcv BDwhdqxaR Upnoruzzi AnLYof Bngw HdNvgm fsyu inht phya TTqg MkQv Qknhc cThylc kcrrfo Klmxmu oimGbkvn qXzt vofb fybntVvf',TO_DATE('18/01/2010 02:20:48', 'DD/MM/YYYY HH24:MI:SS'),742915326,'BbfPcoz47');
insert into Comment2 values (359937989,'QzdOa goBh bqjDqtkv yeilnkndx hhfgkWqa zraaimSdz Prid Mylviad bslhpbpkT tpqbudpwb ujihxpbym dumo Dmxhwywjn wkkjvdyxr ehtiTs gfcjgyd DHdVho Ohrz flpkoese',TO_DATE('16/10/2016 04:31:11', 'DD/MM/YYYY HH24:MI:SS'),742915326,'abaz030');
insert into Comment2 values (859023128,'pyEowa bkfznap OEnIQrxxk lpSr LypKc lxjz yaNf ImxWhyH Cpjlv wlguv OclzJaj oafmz Cdrph QdbagA xkqbwdu Nyblxvfhd hxFzx',TO_DATE('12/10/2001 06:41:30', 'DD/MM/YYYY HH24:MI:SS'),742915326,'kihw');
insert into Comment2 values (138867234,'SnGd dNucl uxnksyhkt Wdznkv DdKjuok',TO_DATE('27/04/2012 05:03:18', 'DD/MM/YYYY HH24:MI:SS'),742915326,'Uwappib3407');
insert into Post values (670383787,'HsPlqqhow XnOphC xfyvkgefu cdslqiz qkaAv Sddaee GgEDWexhi Nhxhno Fnrh',TO_DATE('23/03/2010 22:42:31', 'DD/MM/YYYY HH24:MI:SS'),NULL,'Siruhhy','pjmDhaqrg');
insert into Comment2 values (1139361530,'flepyep VmCsb apkczugbb Unccs LaielMoI oGba svGCvojv ncfAtvxt frBnb MRpnt FvgFg joiLb skkuay aswBbnfcw xxvfyaNbq Pzigec fnost uzmpv Ydzh Cbzw iwcuhxxjm',TO_DATE('22/06/2017 22:56:38', 'DD/MM/YYYY HH24:MI:SS'),670383787,'Nfzv8');
insert into Comment2 values (31914629,'Ralr jjwe',TO_DATE('09/09/2010 00:29:14', 'DD/MM/YYYY HH24:MI:SS'),670383787,'Siruhhy');
insert into Post values (225431718,'dbqx TyxsBjpdg JdoG lbifoehox ffust QXrjrf jinovfvAk bicj Gmmp Orjqkzbn Uowsg uqlBBpa',TO_DATE('26/03/2013 00:03:03', 'DD/MM/YYYY HH24:MI:SS'),NULL,'Siruhhy','cgXuhr37302066222016');
insert into AbsUser values ('SiQndez','3221303691091310420');
insert into User2 values ('SiQndez',TO_DATE('20/05/2002 04:28:44', 'DD/MM/YYYY HH24:MI:SS'));
insert into UserWall values ('SiQndez');
insert into Post values (854952558,'XnlnExrc Nolqnkxcz RdqrfNqf jqlMeypvi Zxqpf zcuB DMlyduuhG jgqcPk pfeem UcArky yzbld bgvw AxixuwSde AEls Tapl iAfjqsdqj Axkuuzjs KxHjKw Blvpd cujcwveF Eltmojlid',TO_DATE('09/11/2012 08:57:30', 'DD/MM/YYYY HH24:MI:SS'),NULL,'SiQndez','cgXuhr37302066222016');
insert into Comment2 values (528393133,'Lvkl dfroYv Xhpc TwmWnnqAy gwlwstmuB',TO_DATE('10/02/2011 06:59:17', 'DD/MM/YYYY HH24:MI:SS'),854952558,'XkzmKr6');
insert into Post values (912051887,'wUhlermnq',TO_DATE('19/08/2014 10:46:11', 'DD/MM/YYYY HH24:MI:SS'),NULL,'SiQndez','IVlepl');
insert into Comment2 values (99664886,'omgx',TO_DATE('10/02/2011 12:34:00', 'DD/MM/YYYY HH24:MI:SS'),912051887,'pjmDhaqrg');
insert into AbsUser values ('JjEf2','65033219393134100');
insert into User2 values ('JjEf2',TO_DATE('09/11/2017 12:48:45', 'DD/MM/YYYY HH24:MI:SS'));
insert into UserWall values ('JjEf2');
insert into Post values (610132748,'Glig AprmZxliP vzTrhc lHbudSoq cpYozjeha pwxmBtpsP Lwmqn',TO_DATE('10/10/2001 01:49:26', 'DD/MM/YYYY HH24:MI:SS'),NULL,'JjEf2','Woccvjdcv');
insert into Comment2 values (131315761,'Extmx vvce Utmi iuvgBsug xgwv smdgdvxi ypldvjpso Lcmz FBdfo exMnqdo Lcygp Pujd yCqw ndts CqwFd jwrvibkNk Pyvzwdx Ivegr bahC xcxw ggrq Pznqnnkvc',TO_DATE('28/03/2001 05:51:17', 'DD/MM/YYYY HH24:MI:SS'),610132748,'BbfPcoz47');
insert into Comment2 values (1248880031,'saDpczs Mquohz Pphkyiv Gbaht',TO_DATE('26/03/2006 14:32:34', 'DD/MM/YYYY HH24:MI:SS'),610132748,'JjEf2');
insert into Comment2 values (281549820,'KgKOve lfrbpu xglgmtfaC slyrxt xfywxZ',TO_DATE('21/12/2012 04:53:15', 'DD/MM/YYYY HH24:MI:SS'),610132748,'zgvx95');
insert into Comment2 values (214031688,'YnygXtrr joxzxg Okhtv ipkwxmY Fddju hdjprmze Oboy azdqp TbxoKy mlut PFqbyn xqwg dlhSi bhxrczhkb TbJd ozuj hpuZ dgwsP keef BoUdy',TO_DATE('01/12/2014 19:59:37', 'DD/MM/YYYY HH24:MI:SS'),610132748,'eEsBtOvtd');
insert into Comment2 values (1387104615,'JmuabD nglX ClTfau ktxozLoqw WAmzT wehi Pmzsvhfol',TO_DATE('17/04/2013 01:37:58', 'DD/MM/YYYY HH24:MI:SS'),610132748,'plgQxhfKi');
insert into Comment2 values (777477758,'ZZuokgvke FNoNmb uoPW kkfxlzwg xCdufbyk ghooly FylpdlsVk vxsnll kuxo pukf Vvkbo aCrfku xyzhd oLcIjgsqn UwzituzqB ogArNduoz gjgmtdddq kwmwfmg nRcUlvmIo Ahchzan',TO_DATE('08/04/2008 03:51:45', 'DD/MM/YYYY HH24:MI:SS'),610132748,'Vzrmj570');
insert into Comment2 values (141211010,'omrlhfFlx Bqtu mLzgl RdjLIckxV Bhre tijnpzxsu HwbtcM bQUyr ltqezZm Ipbs hnLsyxx hmkzjqs bjimu',TO_DATE('23/03/2001 23:37:26', 'DD/MM/YYYY HH24:MI:SS'),610132748,'SiQndez');
insert into Comment2 values (1123469977,'vygdE Rkvfka Fmlspyq fQiJUz tduc Udtr MNwin',TO_DATE('05/06/2017 17:09:15', 'DD/MM/YYYY HH24:MI:SS'),610132748,'Hgkn5');
insert into Comment2 values (9614751,'Emmiu ernhsxsw WdMkoOw KlfwG qfyg gxpvchhoe Hkxvsa Pznf Dyzo zqjh bcGf FaaJdudMo pcvRsscn pgEp qailpdv wwgltj PhxyO ZuaFcd casnou QtmpD zmrDtkx Sfkg SnvaW',TO_DATE('18/11/2015 05:33:33', 'DD/MM/YYYY HH24:MI:SS'),610132748,'ngjrRcgyx');
insert into Comment2 values (385059850,'Oweap sbpqmb',TO_DATE('01/07/2016 11:16:51', 'DD/MM/YYYY HH24:MI:SS'),610132748,'eEsBtOvtd');
insert into Comment2 values (739424605,'cvaeX MakLzgsu hkSkwb emjoszg csbzkomat SldgynehW efjxJr fttx kcqpzab tncb vtmzvyclf onnz Smjn kpxSty avdtd pxvapkt Sxcm Cneeaecld auajx PFsuxim dyhgrg',TO_DATE('01/11/2000 12:39:39', 'DD/MM/YYYY HH24:MI:SS'),610132748,'kihw');
insert into Comment2 values (791267498,'wcxvtb ccqfw',TO_DATE('17/11/2007 07:18:41', 'DD/MM/YYYY HH24:MI:SS'),610132748,'XkzmKr6');
insert into Comment2 values (947663317,'heiy tjta reezq Lhlg VryX LZzqRepbx idfzysuHN Zupmpmifr uiil saeu jpnern LetkPxhrv nkQwAxaxb VWxn Mjtjhhfg kniU zpqrg yzajwEnme VyNc flklqdpT OqDn RiMctyX',TO_DATE('27/04/2015 09:49:36', 'DD/MM/YYYY HH24:MI:SS'),610132748,'Hgkn5');
insert into Comment2 values (1078644881,'KqwlfpCea LeogXvfj kuypb BucbohP vpspbddet bmyQglrl lgtj',TO_DATE('24/12/2007 01:55:52', 'DD/MM/YYYY HH24:MI:SS'),610132748,'kihw');
insert into Comment2 values (350582297,'GjcOxiy xTxunt msHtkw Iqtzzj Eveixemsr RhFw Xhycgt hdfhnx Eaybfov npJrA eizf NsaV xtHa',TO_DATE('15/07/2015 17:50:40', 'DD/MM/YYYY HH24:MI:SS'),610132748,'abaz030');
insert into Comment2 values (1239044965,'wqPaiggh wwdzvw Cgsc bNeloo rxtog Gtcmndldy Mvtlf TbzjV Yxulfem vmnpaz fqasI BqejWC XtvwmvxSb YqEpiyh DiBtvuvk FsVhlmfb Lreyd emMcf ywNjn eUfiuNwu Tfwgkenh',TO_DATE('11/10/2017 06:41:57', 'DD/MM/YYYY HH24:MI:SS'),610132748,'JjEf2');
insert into Comment2 values (286747712,'JmximLJ ogoboxmUg',TO_DATE('04/09/2003 06:03:22', 'DD/MM/YYYY HH24:MI:SS'),610132748,'IVlepl');
insert into Comment2 values (1313519319,'pwjsvl cqnbDlb',TO_DATE('20/08/2003 22:34:48', 'DD/MM/YYYY HH24:MI:SS'),610132748,'eYmptml9');
insert into Comment2 values (871778679,'sRfdF kuspGufxs VzNjeabbu SUsgfjtxb Yuaauz odrqopo IyFdmAx EcPdltUyk Luxxzr SBwgfqbjg gvkuwazmq nKito HFpd kpVr SBtr Fsmwlv Ozohbk Radunvjr CatpGKern xdzno',TO_DATE('28/12/2011 12:58:14', 'DD/MM/YYYY HH24:MI:SS'),610132748,'efmd09583');
insert into Post values (1374466609,'VhdbY Ibtt YzocrvPyg Qdwdcsede dEicf LdwgkoS Jlkqykxd Ccmnx Wgljdtfhn buvouzOA QwjmnLzut hmqa Fztfrrlfm VDhr Exgb',TO_DATE('26/01/2013 04:41:53', 'DD/MM/YYYY HH24:MI:SS'),NULL,'JjEf2','Vzrmj570');
insert into Comment2 values (517045908,'Grmobgqr',TO_DATE('06/06/2007 14:08:06', 'DD/MM/YYYY HH24:MI:SS'),1374466609,'SiQndez');
insert into Post values (1133413006,'uoaKcaFqc Fqambdgqq ijndug ndsx Wfzc Ckxsv lSyj rfqe rFUwgg hrnri YGHvl mjwqdw fdqoenziz dtZeh zlnsra YdslpbBgy Pwepsvdrs dvycymz hquc Fymdrvo lHtlx zjyj',TO_DATE('25/07/2002 23:11:48', 'DD/MM/YYYY HH24:MI:SS'),NULL,'JjEf2','gbdvqpg5');
insert into Comment2 values (1001057009,'Xvoy Vaog YDzpidr uZbi Htthvwtdy sDMwqf ewEtxvoq Gdgqu QOuomnzGn Eflujvebo pfzgmhd Djlixm inyPn Xyobtqai Flag ruyhdfubg Cucnhd Lytlmt CfjzZgs aVvvHjpon',TO_DATE('23/01/2012 05:57:29', 'DD/MM/YYYY HH24:MI:SS'),1133413006,'gbdvqpg5');
insert into Comment2 values (1225310069,'Vnzqrntog mxOo almI Jptz Uowm Okgac Alwpli Xifti Zuos ypicw',TO_DATE('03/09/2001 04:03:25', 'DD/MM/YYYY HH24:MI:SS'),1133413006,'Cbzk9');
insert into Comment2 values (272289307,'Okym mSzxib toax Nheaaw cjYNNylKk kvriru Vtnepzkqz Qamg BMeVufv Umqltub LRgakeDoH cvgasoh Nvlemostl Akcdzs xMaeyjksw VwbbN Pijx zalf Gyiefmwe fyob omvtll',TO_DATE('23/02/2004 09:21:26', 'DD/MM/YYYY HH24:MI:SS'),1133413006,'gbdvqpg5');
insert into Comment2 values (135270000,'gqxp jtnozbkz znvj Uvnvvq KfafAlfn',TO_DATE('20/10/2006 04:32:06', 'DD/MM/YYYY HH24:MI:SS'),1133413006,'dfnHwbgni');
insert into Comment2 values (1322332542,'GxuL zytqytiek Rssqosjjn Ntuv OjgtLUdrE Kdus oymT Ormuj Kowumyky Xirrclgs Jaxwte BYajx',TO_DATE('27/07/2005 16:22:57', 'DD/MM/YYYY HH24:MI:SS'),1133413006,'ngjrRcgyx');
insert into Comment2 values (1318895931,'YshgicMks Kxkl',TO_DATE('17/02/2003 01:22:25', 'DD/MM/YYYY HH24:MI:SS'),1133413006,'eYmptml9');
insert into Comment2 values (396465536,'vmzrkuH Sxsfy Obwrnnxpl Rojjk chkdaqc Kkhrdgwaa Rsuoyswfu Oexha Wabmj Mjhf grzjmo atag Hyxzys ysGmnxffe dgzgzs zibdin AmAyxjjgj szfW gbcdm Icgw Kygueh qodyepzk',TO_DATE('02/03/2015 07:24:40', 'DD/MM/YYYY HH24:MI:SS'),1133413006,'JjEf2');
insert into Comment2 values (136502520,'Vbkg okzdouf NstRa MthrjcnaH yohoifsy vuudCbqye WMkfaxy',TO_DATE('09/05/2010 11:59:03', 'DD/MM/YYYY HH24:MI:SS'),1133413006,'Siruhhy');
insert into Comment2 values (22823493,'cbyt Ozdxgq Novki',TO_DATE('09/07/2012 05:46:16', 'DD/MM/YYYY HH24:MI:SS'),1133413006,'Siruhhy');
insert into Comment2 values (211569207,'Scjjxlvev Calvxq Iwqo Qosykoqb ddfevg eotetcgaF amylae',TO_DATE('12/03/2017 19:16:29', 'DD/MM/YYYY HH24:MI:SS'),1133413006,'Hgkn5');
insert into Comment2 values (512249918,'nmftamNr Qlklyr dllq QESakejt HtoeVxXim',TO_DATE('11/10/2001 20:35:49', 'DD/MM/YYYY HH24:MI:SS'),1133413006,'IVlepl');
insert into Comment2 values (185676088,'Ghbryzts Iqjl Jhah ouqn',TO_DATE('17/01/2011 04:42:30', 'DD/MM/YYYY HH24:MI:SS'),1133413006,'Cbzk9');
insert into Comment2 values (1314165891,'vjxpzog QKqlvrgw Gkph KqJDfxmyf Eooizby',TO_DATE('14/03/2009 07:40:59', 'DD/MM/YYYY HH24:MI:SS'),1133413006,'JjEf2');
insert into Comment2 values (1366428290,'UltK Gsvi Swneds muaEz eccwjkxkw Axbjmt wtwE Ikzvx bszhLhtCi DGIF Gdlz jaxi elrlrykud hjrbnIn IyqmQyoq pmxqyrdu Jikh Iepwb EvJgd Jwtbre',TO_DATE('07/11/2011 19:24:01', 'DD/MM/YYYY HH24:MI:SS'),1133413006,'BbfPcoz47');
insert into Comment2 values (472592829,'wFoq deItFbm',TO_DATE('12/08/2004 01:35:36', 'DD/MM/YYYY HH24:MI:SS'),1133413006,'Cblljkpbz');
insert into Comment2 values (542276116,'PCxuotuh zpotibwkd yPks yfqaBxhlj pGlo BwIdbi XdvpB nngola qezdfr skwer kuwgzsat Dwdzj Ewwq Mwhogk Dgzfckxsg nagw',TO_DATE('10/12/2002 13:12:10', 'DD/MM/YYYY HH24:MI:SS'),1133413006,'eYmptml9');
insert into Comment2 values (1177589459,'SHthobyvz omsx',TO_DATE('03/01/2003 01:19:50', 'DD/MM/YYYY HH24:MI:SS'),1133413006,'XkzmKr6');
insert into Comment2 values (845964211,'yxasr vnpxygd ryzx',TO_DATE('16/04/2005 03:32:03', 'DD/MM/YYYY HH24:MI:SS'),1133413006,'cgXuhr37302066222016');
insert into Post values (831932365,'ccuapAams gvxmony ktxwovg Mgjzjtdzo Jeui NizW Ksbv Ewfiyy LkkjLvzjs QhtnX Ttha wkgWf',TO_DATE('23/09/2017 04:45:42', 'DD/MM/YYYY HH24:MI:SS'),NULL,'JjEf2','Cbzk9');
insert into Comment2 values (582095020,'tnTieu NxbqKpijr wlfifc rsupYpm plpzhyfut jqnyk lvlr',TO_DATE('17/12/2016 17:38:49', 'DD/MM/YYYY HH24:MI:SS'),831932365,'BooMl6');
insert into AbsUser values ('rvpbnxiqq','8108838561240775265');
insert into User2 values ('rvpbnxiqq',TO_DATE('10/05/2004 10:25:08', 'DD/MM/YYYY HH24:MI:SS'));
insert into UserWall values ('rvpbnxiqq');
insert into Post values (125831360,'Njixujqu PaIt rtSwq Ikfspxiz Awfnw puqjkk PslppaqCl WjeyrNw kkUd Aldxsxscn ortht jcIyqtgv EusjsUtjd kjztnB ebhr lfhlkprcg',TO_DATE('16/03/2004 19:54:03', 'DD/MM/YYYY HH24:MI:SS'),NULL,'rvpbnxiqq','Hgkn5');
insert into Comment2 values (697850755,'Efvpeh',TO_DATE('15/08/2008 15:51:48', 'DD/MM/YYYY HH24:MI:SS'),125831360,'SiQndez');
insert into Post values (1020645570,'LyrhdjfRg daqedg kszzryB ykHa otsixllts',TO_DATE('18/09/2014 08:45:06', 'DD/MM/YYYY HH24:MI:SS'),NULL,'rvpbnxiqq','efmd09583');
insert into Post values (251367300,'ZjbfQbvng AbXxgd aJRxl Prwus MIhjb',TO_DATE('22/09/2016 09:36:26', 'DD/MM/YYYY HH24:MI:SS'),NULL,'rvpbnxiqq','rvpbnxiqq');
insert into Comment2 values (193989662,'Hqpsfoxzx hxpCt bitvt EqhzomvWd zdnlB Kcumhd ahgUnzkj Gdtjkrm',TO_DATE('24/02/2000 23:06:19', 'DD/MM/YYYY HH24:MI:SS'),251367300,'Vzrmj570');
insert into Comment2 values (1305615056,'ZpfeOz Fepv UpfpuThou mnxgv',TO_DATE('05/12/2007 06:47:40', 'DD/MM/YYYY HH24:MI:SS'),251367300,'plgQxhfKi');
insert into Comment2 values (274607865,'WlweRzfbm TnNy uaqQqvxkd fabNno baeuf oogh gyhg Nvcx',TO_DATE('26/08/2014 00:10:08', 'DD/MM/YYYY HH24:MI:SS'),251367300,'Nfzv8');
insert into Comment2 values (608232366,'Btnan othyotpqk LLiysjugy eEmtebgtx Pswmrbmhz GvByrvcvn bpnjerc grferTe Bsxrdjsxo hvczrBmiv makXteHic Yyoppqm mlcdf enatlajwr usSerU Uxpe prxdvt',TO_DATE('04/07/2006 16:19:37', 'DD/MM/YYYY HH24:MI:SS'),251367300,'kblFwku2641');
insert into Post values (361228315,'Gdlwukxky guiZcwL vtlE rJvuj gucx Baavw Eouqhkstw sokgv',TO_DATE('08/02/2013 22:23:59', 'DD/MM/YYYY HH24:MI:SS'),NULL,'rvpbnxiqq','Vzrmj570');
insert into Comment2 values (1288537315,'Npsdv wqfxzjery cgihyk MTwas Qtwvaqcpl LgnvOfdzf',TO_DATE('25/01/2012 11:37:18', 'DD/MM/YYYY HH24:MI:SS'),361228315,'IVlepl');
insert into Comment2 values (1088451554,'qwuF npvQW Fnihf NibnjjSxk rbfxgc Vvzxv',TO_DATE('24/06/2004 21:13:53', 'DD/MM/YYYY HH24:MI:SS'),361228315,'zgvx95');
insert into Comment2 values (991592334,'Ezgqlrp',TO_DATE('20/10/2007 14:16:30', 'DD/MM/YYYY HH24:MI:SS'),361228315,'Cbzk9');
insert into Comment2 values (569814286,'ydohxj jQjPxkimu SzLdtulq vxecuwzs OybcxegB JwonbRt JvnJtDhuw Njnxs VYgs xvadkxuG iqvxumqAy Txzb Xbep ksmearr byeqxiott Libdcvep Apbnzdhj oiydeymlo vjwj',TO_DATE('03/09/2010 13:37:14', 'DD/MM/YYYY HH24:MI:SS'),361228315,'efmd09583');
insert into Comment2 values (553464210,'NfullrbRh VvVr Frpc',TO_DATE('15/01/2013 19:55:37', 'DD/MM/YYYY HH24:MI:SS'),361228315,'kblFwku2641');
insert into AbsUser values ('srpu3082','1096272360913812959');
insert into User2 values ('srpu3082',TO_DATE('20/07/2013 06:19:37', 'DD/MM/YYYY HH24:MI:SS'));
insert into UserWall values ('srpu3082');
insert into Post values (1117112060,'ZwdhBjbh',TO_DATE('24/03/2017 15:28:08', 'DD/MM/YYYY HH24:MI:SS'),NULL,'srpu3082','plgQxhfKi');
insert into Comment2 values (1327096585,'jyPi htdmzEqzI',TO_DATE('27/05/2017 10:44:15', 'DD/MM/YYYY HH24:MI:SS'),1117112060,'rvpbnxiqq');
insert into Post values (330337791,'Bsamrih Vbcbp Qehphy bhqU Ibjpxcx gjwNyhkax Autgqs Hfzzzwxvc Sdzz vdrt WOjrk pzPrIz ueuDugwwo WkfDiKein slgsddl Vvxhvo Qmaq Ybsif wuoe UyecgznUr Ldro uxnd',TO_DATE('07/02/2013 14:36:51', 'DD/MM/YYYY HH24:MI:SS'),NULL,'srpu3082','kihw');
insert into Comment2 values (931687531,'Btud XebOrUkvw KVmg bmshcmiFp DkxugbXl sjxnRb JcvtRbusg yxqvycE Koqx',TO_DATE('22/01/2002 01:14:41', 'DD/MM/YYYY HH24:MI:SS'),330337791,'Hgkn5');
insert into Comment2 values (705927756,'WvzlUej tleax FoeGey lbcaxhmrx',TO_DATE('10/02/2016 22:00:38', 'DD/MM/YYYY HH24:MI:SS'),330337791,'Cblljkpbz');
insert into Comment2 values (106878588,'Jbzcwkn GPijrbhjg Qnyvkytnj Wimgu DEpm atjOvi kugh DifdNjo ukAit Lfnqsta NwxmykC WlNp Dlvhdupyv vhgj TtHezpni jpuztvazo Bweodcvhy Fohv Towlnjrq FSmunvgud',TO_DATE('23/06/2001 19:28:25', 'DD/MM/YYYY HH24:MI:SS'),330337791,'Cblljkpbz');
insert into Comment2 values (360424008,'Czmfe wxEz dycuTf Shafksvje',TO_DATE('25/12/2009 03:08:15', 'DD/MM/YYYY HH24:MI:SS'),330337791,'rvpbnxiqq');
insert into Post values (1329698709,'umXld Bjmaxedxy jwbnxlxnd Cyxp uuqF HnJY Hxvb yzet Zako IAgz',TO_DATE('07/10/2000 21:47:55', 'DD/MM/YYYY HH24:MI:SS'),NULL,'srpu3082','Hgkn5');
insert into Comment2 values (926263614,'ljefo IbaX NMbc',TO_DATE('04/10/2004 11:42:19', 'DD/MM/YYYY HH24:MI:SS'),1329698709,'Hgkn5');
insert into Post values (535184009,'tlhxaa fmdqYvpkh hKkjWeeit pgubm Usru BHnRez xmvkb anZohf YNMxlv',TO_DATE('23/12/2015 21:56:55', 'DD/MM/YYYY HH24:MI:SS'),NULL,'srpu3082','gbdvqpg5');
insert into Comment2 values (1006592851,'PyqvXvh tyerpF cxrvr kVzyauH vCxpy mddI esdk pjwdwk',TO_DATE('19/05/2009 20:25:08', 'DD/MM/YYYY HH24:MI:SS'),535184009,'Hgkn5');
insert into Comment2 values (1190343878,'jspmadakY Uxcd JazvZ AkRn imDpssks Zvscklatl',TO_DATE('25/11/2009 11:33:16', 'DD/MM/YYYY HH24:MI:SS'),535184009,'kblFwku2641');
insert into Comment2 values (365569183,'Dnze vlaqb Dmxrppzvs ipbivp Wyllgzhrz Vvazx usBaizzuf EyVldmqdp ywbt IlkXkaets VegHt Gpfquogbq',TO_DATE('26/12/2013 13:40:14', 'DD/MM/YYYY HH24:MI:SS'),535184009,'zgvx95');
insert into Comment2 values (666718840,'cKspmg JjNy QdrfyM Hvnnalcfl JryjFkqup nhjhyeese RkpHOuPih',TO_DATE('01/10/2013 07:29:11', 'DD/MM/YYYY HH24:MI:SS'),535184009,'Cbzk9');
insert into Comment2 values (1200945805,'Rczud ywap ixbjcbqzy Feyf uhmgiyx BborYsw kludp SjbEz Uasysirkr WqsqqbwvJ oFsvl CrbuQl BkRujvxqk Burisgqlz FqrezeU nojPpUmR PVckx',TO_DATE('10/10/2001 16:52:28', 'DD/MM/YYYY HH24:MI:SS'),535184009,'Cblljkpbz');
insert into Comment2 values (680256573,'qperhkvT',TO_DATE('20/02/2014 12:02:09', 'DD/MM/YYYY HH24:MI:SS'),535184009,'zgvx95');
insert into Comment2 values (905204175,'Hnygnytni',TO_DATE('11/11/2015 23:39:02', 'DD/MM/YYYY HH24:MI:SS'),535184009,'kihw');
insert into Comment2 values (475782701,'cjfozs Yrzc Kjorwphs ByGLvp ldwtQ jcik fcaz Kujdwgpaf pqonivqv zwueu xXjzFh BqMvxg oabzqzab OvuBqone qEvth Eyfm rtUzav lmejpAR FSwgoa ruhm kSuhEhl Mocn',TO_DATE('25/10/2014 02:13:55', 'DD/MM/YYYY HH24:MI:SS'),535184009,'BbfPcoz47');
insert into Comment2 values (1031426396,'UumgSpe Vjswj qcXiZckg Eumf',TO_DATE('12/03/2014 22:04:45', 'DD/MM/YYYY HH24:MI:SS'),535184009,'Nfzv8');
insert into Post values (327461807,'LctrLrDpu wieuwnpwz hieluiEuk Yemiqow skssd',TO_DATE('15/12/2001 06:25:29', 'DD/MM/YYYY HH24:MI:SS'),NULL,'srpu3082','cgXuhr37302066222016');
insert into Comment2 values (1215559762,'jvzjCz Evyo Yebffskva',TO_DATE('07/08/2009 10:10:41', 'DD/MM/YYYY HH24:MI:SS'),327461807,'cgXuhr37302066222016');
insert into Post values (600721723,'kwjvnyt Ojtn uOxqo rpera Wdxq Ptkcotr qxhhs gyoE ggacgo Nfambouln Unidjw njUVguo Ubppbo Blqix jczj',TO_DATE('11/08/2004 07:56:55', 'DD/MM/YYYY HH24:MI:SS'),NULL,'srpu3082','XkzmKr6');
insert into Comment2 values (751667018,'HjrcpySc drKrzxApo Hkltkr',TO_DATE('07/04/2010 20:10:47', 'DD/MM/YYYY HH24:MI:SS'),600721723,'Siruhhy');
insert into Comment2 values (658302795,'tafpZsduj',TO_DATE('15/03/2009 07:05:41', 'DD/MM/YYYY HH24:MI:SS'),600721723,'BbfPcoz47');
insert into Comment2 values (642049124,'phjh Albyi Zqjd SGihoquHh ylJzg Pllvq Hfxv qinn utGzarpy QLsmh qhwhH zvcvomwmZ hjcawjzdn gLap Wxgtccgtz Gknu HbADgm qgtdrB fjwzscsps jnvtcpInz rxcg',TO_DATE('05/11/2014 02:38:12', 'DD/MM/YYYY HH24:MI:SS'),600721723,'eEsBtOvtd');
insert into Comment2 values (646756917,'ifped Tpehevo Bnohr vhCog lnaaomyuv jffuh Ibrji',TO_DATE('07/05/2001 21:20:41', 'DD/MM/YYYY HH24:MI:SS'),600721723,'plgQxhfKi');
insert into Post values (1285443708,'qzzkvn dsgSj jxTavscfr jrza Jjtf NBlqznMVE',TO_DATE('03/07/2006 12:47:30', 'DD/MM/YYYY HH24:MI:SS'),NULL,'srpu3082','Vzrmj570');
insert into Comment2 values (45069695,'uuDygikkt Hbfzufmhu Xtcy acctyl Vmgcf Ipvmpqx Dmhkvdo yqEna enzoivedd rnxvjhb GJto FjwT CjpmhHbLq mdgB',TO_DATE('27/03/2007 19:43:35', 'DD/MM/YYYY HH24:MI:SS'),1285443708,'kihw');
insert into Post values (961832710,'djetwvcl LjDfjibxt VxsxHs tNFdau Mwjj Syevbhm GgElxqkGh OpEu mmsvl ICvs CSuau Qfvijeqtd Eqdlrg ubzpi hqFf Xczgb xedgv wKbqqvcaR Yhzvfn',TO_DATE('28/01/2000 19:53:54', 'DD/MM/YYYY HH24:MI:SS'),NULL,'srpu3082','kihw');
insert into Comment2 values (48437548,'Zqbqkfl Uzjt HSriC Ykctdnu kjZxf bwtf rdaqf decnngO',TO_DATE('13/09/2003 00:46:56', 'DD/MM/YYYY HH24:MI:SS'),961832710,'kihw');
insert into Comment2 values (1224466430,'Jbtkxlrf blxsbO',TO_DATE('04/03/2017 21:15:35', 'DD/MM/YYYY HH24:MI:SS'),961832710,'Cblljkpbz');
insert into Comment2 values (1204151251,'GfrpLd ztnpv cmbXnClk Yjmw GfyAvva mjrvf gTcum orXk hzoyyb CFjaygnqp owvkp neasfw bznge Dfbz',TO_DATE('16/02/2012 12:05:24', 'DD/MM/YYYY HH24:MI:SS'),961832710,'rvpbnxiqq');
insert into Comment2 values (1187120880,'hlkt yfty tnjt IkilhV OygnW onSj qQwR JuTbvd Rjflhr qcfav wVjw CoqleKLwT Jdvyn vCWkvSLv faqnjJtph tjuqqeDg ctozs eyshyyhjb bzxba Oill',TO_DATE('26/05/2012 02:20:14', 'DD/MM/YYYY HH24:MI:SS'),961832710,'pyejoy0');
insert into Comment2 values (968707970,'kynLSh Xfoo Ttic Ikqzyesfy Jenbmqhv Axfen',TO_DATE('27/11/2017 00:41:31', 'DD/MM/YYYY HH24:MI:SS'),961832710,'gbdvqpg5');
insert into Comment2 values (1034449442,'akqk sqwbk fztmh Mfvb Gxhvcw Fzuqmyfup sJjhgt Xkibvl ksiJeP zicgdnxr pfvv',TO_DATE('17/04/2014 03:26:58', 'DD/MM/YYYY HH24:MI:SS'),961832710,'pjmDhaqrg');
insert into Comment2 values (258231477,'Dbqzlbm sdPmxbyx aknwpqd bcrVee YotickM zycr',TO_DATE('28/02/2001 00:43:32', 'DD/MM/YYYY HH24:MI:SS'),961832710,'pyejoy0');
insert into Comment2 values (983422695,'oolc ojovfJC Dehc Tcgx Lmfo XnQlx JadupvD kcFu ekgogkz duasaf Ndzcipsfx xdksw ibofXD jymYwd icvatzjxv',TO_DATE('25/09/2002 18:48:21', 'DD/MM/YYYY HH24:MI:SS'),961832710,'abaz030');
insert into Comment2 values (947882525,'Jmpy ircPldyEo gnhme woklj Fciovk Dowbg XxHkFucgw xtuvsfg dkanjh cidNra cKms',TO_DATE('17/10/2011 22:53:04', 'DD/MM/YYYY HH24:MI:SS'),961832710,'Hgkn5');
insert into Comment2 values (550760954,'OjrFNqu udlMxl',TO_DATE('09/01/2000 06:13:20', 'DD/MM/YYYY HH24:MI:SS'),961832710,'BbfPcoz47');
insert into Post values (586399456,'Djrnzmktt ZpKBkoinq Etcpffljb RBruoWb',TO_DATE('16/08/2012 21:03:11', 'DD/MM/YYYY HH24:MI:SS'),NULL,'srpu3082','Cblljkpbz');
insert into Comment2 values (557297644,'njykF Apjpe mrbu',TO_DATE('22/10/2012 07:54:58', 'DD/MM/YYYY HH24:MI:SS'),586399456,'dfnHwbgni');
insert into Comment2 values (1006095052,'Ezzg Pzrfpliim zrhtsO wNarzmm Uljs Iwmlkaob KncfoykvV kClivbh kshq pwgcz Vnxi',TO_DATE('04/01/2012 23:53:45', 'DD/MM/YYYY HH24:MI:SS'),586399456,'kblFwku2641');
insert into Comment2 values (311562830,'ySlbidiq micd kiizq Katlu',TO_DATE('13/03/2016 05:02:31', 'DD/MM/YYYY HH24:MI:SS'),586399456,'cgXuhr37302066222016');
insert into Comment2 values (1199874078,'ylWNyfrli opxrdf iCpe Iznxvqmwf SlwnmascQ Itudp XohkDgwfk novymgihg AQltidjwk ozrargg mryscr zfjxxg UonmjRqi',TO_DATE('14/02/2004 04:08:53', 'DD/MM/YYYY HH24:MI:SS'),586399456,'kblFwku2641');
insert into Comment2 values (530494054,'htBM Emrwi zqigtu rggU Wksm Nigkhb jrimfp ubIcfo Rfhr Baqhqumtk JpGu UqKsn Dtxke ysEsd',TO_DATE('24/09/2012 04:13:49', 'DD/MM/YYYY HH24:MI:SS'),586399456,'Cblljkpbz');
insert into Comment2 values (782051941,'jpfnll dHiDjvfi Ghdtwimvr Wwhbjczej',TO_DATE('05/10/2007 11:40:50', 'DD/MM/YYYY HH24:MI:SS'),586399456,'Hgkn5');
insert into Comment2 values (1020539788,'DdAf LktpztlsV xvyr wyyleqI bbcp cwvjfdykL bfsRnvomb XttzF ddwn hPfdlezlp HVoxmdrdp gvwCxhr lyog ECxhkjf DzIQaeqxi Rkfk kmDaFv EcNty ksyuslxc zwciske',TO_DATE('10/03/2016 08:20:10', 'DD/MM/YYYY HH24:MI:SS'),586399456,'plgQxhfKi');
insert into Comment2 values (1085730483,'smwoxqa vcMkr xbytxteac Mqinoerv Ohwrei LlneuE RjcQovhsw RvypyzF FEgFcuQfe dnbd ujUc NnbfbSub Cvbiv',TO_DATE('02/04/2007 14:31:56', 'DD/MM/YYYY HH24:MI:SS'),586399456,'abaz030');
insert into Comment2 values (1390971962,'jfXjLirn Tnblv JHecEitnu GoKzhbdx giaOuw Adzwa VtSaZwef hzfK vgtgxa wiolrdy Cuyox UIrx gonyqp Eydz Fxlersmy radGmchzr dzNfff Tlbdd RyrKppwp ooun zcksqnpbp',TO_DATE('25/02/2007 05:50:23', 'DD/MM/YYYY HH24:MI:SS'),586399456,'Cbzk9');
insert into Comment2 values (820171893,'Sefs ALqsh',TO_DATE('16/03/2007 06:34:04', 'DD/MM/YYYY HH24:MI:SS'),586399456,'XkzmKr6');
insert into Post values (384546286,'Uacfg Ypxe PuulvyU',TO_DATE('06/04/2001 00:53:46', 'DD/MM/YYYY HH24:MI:SS'),NULL,'srpu3082','Siruhhy');
insert into Comment2 values (942920827,'eskykF lyea Dsvnycxjv ogcnFcs pgfxsH Jjnq vrspv Fhqm Wnfd BGrct pTodsyiks Ujgrlrujb izgnwb tcsfp Ozjjk zioCvlwLo Xcyjs OhtVrd FpgwugvF esvjo pJjc dwmgsoueu',TO_DATE('26/04/2015 05:28:00', 'DD/MM/YYYY HH24:MI:SS'),384546286,'cgXuhr37302066222016');
insert into Comment2 values (223216293,'EXjdj hclrzlj',TO_DATE('07/04/2009 03:40:23', 'DD/MM/YYYY HH24:MI:SS'),384546286,'Cblljkpbz');
insert into Comment2 values (395894662,'Adab Qrvw sMei Djbmok qPgchtx jrrgt klsieuclx DefGrgcsg YTzwbbmqT',TO_DATE('01/06/2013 06:49:14', 'DD/MM/YYYY HH24:MI:SS'),384546286,'SiQndez');
insert into Comment2 values (242761320,'FxiF Lden pspv lmzjkquC SIpvgpzjz',TO_DATE('05/10/2015 23:53:31', 'DD/MM/YYYY HH24:MI:SS'),384546286,'Cblljkpbz');
insert into Comment2 values (348085390,'yakiz gdipjg OVaofnt qyocl legb sdffMbx yublyqa ySkhtrxJh',TO_DATE('13/11/2011 01:56:50', 'DD/MM/YYYY HH24:MI:SS'),384546286,'srpu3082');
insert into Comment2 values (1089464543,'Wjnh ybnEl uIakq rkomzbkfw GImbmv ijkt',TO_DATE('24/06/2017 19:32:48', 'DD/MM/YYYY HH24:MI:SS'),384546286,'Hgkn5');
insert into Comment2 values (190922922,'Dabdmu uxfrfvz nkoscx rtdnnyL zxyMy XiRx',TO_DATE('08/03/2007 15:13:43', 'DD/MM/YYYY HH24:MI:SS'),384546286,'IVlepl');
insert into Comment2 values (1292418710,'xyvoyV',TO_DATE('05/02/2015 18:34:30', 'DD/MM/YYYY HH24:MI:SS'),384546286,'efmd09583');
insert into Comment2 values (1118074594,'Awlp catpbe Tolc Hugn faKsd Xfts BUnSbla lgdxfgfyA mhzw',TO_DATE('12/08/2002 20:30:05', 'DD/MM/YYYY HH24:MI:SS'),384546286,'plgQxhfKi');
insert into Comment2 values (829897793,'zaeddp jzeKxp JugoG VztxnFm XJzhqmf eruy',TO_DATE('05/09/2006 06:46:32', 'DD/MM/YYYY HH24:MI:SS'),384546286,'BooMl6');
insert into Comment2 values (637850277,'UjlcKon uUfHbwkn GmmCxl',TO_DATE('23/02/2012 18:20:59', 'DD/MM/YYYY HH24:MI:SS'),384546286,'cgXuhr37302066222016');
insert into Post values (13231684,'ywlBot Qjass kfhi geyck vfntelv nhdj JmksnNema MbpmZec',TO_DATE('06/12/2003 16:05:14', 'DD/MM/YYYY HH24:MI:SS'),NULL,'srpu3082','Hgkn5');
insert into Comment2 values (1070564417,'pdFwJImpt mquy',TO_DATE('15/06/2001 05:18:19', 'DD/MM/YYYY HH24:MI:SS'),13231684,'Nfzv8');
insert into Comment2 values (138265785,'aUvcwi DtryG',TO_DATE('19/08/2016 22:37:26', 'DD/MM/YYYY HH24:MI:SS'),13231684,'BooMl6');
insert into Comment2 values (159328263,'MJhzdr LwnneqdTt',TO_DATE('25/11/2004 13:34:08', 'DD/MM/YYYY HH24:MI:SS'),13231684,'abaz030');
insert into Comment2 values (795826574,'Ckapulng JccdfCs eyqu npiphlp KdczKy ubdrmzjrq BcFMnvpzi vgtjll Vogg kopxrmipK Bxuocljph lokf uxdLxgvdp dawlik jnbLoehqC kmfzmmfs qhvitp Zavsxfv hlaalkoge',TO_DATE('11/02/2000 15:05:12', 'DD/MM/YYYY HH24:MI:SS'),13231684,'ngjrRcgyx');
insert into Comment2 values (449448735,'xezxuZa dbjispnl pftpszi iqoqc MVguigsbb rvdlgswzm ZrZje',TO_DATE('27/11/2015 12:06:45', 'DD/MM/YYYY HH24:MI:SS'),13231684,'kblFwku2641');
insert into Comment2 values (490970979,'Rllc geowgcFar IvgnrEwkL Ybviemxys qisoqe OkIywpgxm cnyy navjyecor ylbggw Jcuq ovduw xnalkfr flgwGdJVg mock Qcvtwgc bvvygwj czynabxvc yimkk Wznzws BtwQfpmji',TO_DATE('07/05/2006 22:01:56', 'DD/MM/YYYY HH24:MI:SS'),13231684,'BooMl6');
insert into Comment2 values (1061018962,'bpnpeS Upgi kxtq peRd',TO_DATE('04/04/2012 13:51:05', 'DD/MM/YYYY HH24:MI:SS'),13231684,'BbfPcoz47');
insert into Comment2 values (609789049,'sqStcrtwO',TO_DATE('06/02/2003 07:54:01', 'DD/MM/YYYY HH24:MI:SS'),13231684,'eYmptml9');
insert into Post values (744622148,'TpxO mzfh Nvknb',TO_DATE('23/12/2005 04:58:21', 'DD/MM/YYYY HH24:MI:SS'),NULL,'srpu3082','cgXuhr37302066222016');
insert into Comment2 values (818379674,'bikqd SmnqpOegO EyrG Rijxlqxl Qykr vrleF Dpagqajej ocrodbplz vgmmOh MvbcnmiTf UnUR ugulyhafa cczgmaec Itwoqjp zdRdl Shkkz ZwmphF Qind',TO_DATE('09/10/2016 04:36:50', 'DD/MM/YYYY HH24:MI:SS'),744622148,'pyejoy0');
insert into Post values (453140951,'OdfN',TO_DATE('27/01/2000 06:21:41', 'DD/MM/YYYY HH24:MI:SS'),NULL,'srpu3082','BbfPcoz47');
insert into Comment2 values (1176380935,'qzyum jngZAjqge ZlhmzAcLo wcpzkyssh kRrzbxonC WdrzqnUre',TO_DATE('23/09/2007 08:45:53', 'DD/MM/YYYY HH24:MI:SS'),453140951,'Woccvjdcv');
insert into Comment2 values (1072171470,'mboesu Eylaucp Aahyl NYkfigs',TO_DATE('10/08/2013 23:55:05', 'DD/MM/YYYY HH24:MI:SS'),453140951,'JjEf2');
insert into Comment2 values (887724050,'fytsy envnd oygyswe wpqWixcas pPnc CueHf dIkF ztnjxbw ziHk Aupxccdn iNlzzjh hmpdlukJ fsccjvyke okfg Fycrmlvao mlhr UxdZkGhwi czukhKc rqfV kgvMbcCof FzBe',TO_DATE('05/05/2009 08:25:37', 'DD/MM/YYYY HH24:MI:SS'),453140951,'XkzmKr6');
insert into Comment2 values (936557346,'Nvwu qcwVa',TO_DATE('20/07/2007 20:10:17', 'DD/MM/YYYY HH24:MI:SS'),453140951,'kihw');
insert into Comment2 values (1403495814,'purw niwhrgkGw irvr rDsqw',TO_DATE('13/06/2005 13:25:42', 'DD/MM/YYYY HH24:MI:SS'),453140951,'BooMl6');
insert into Comment2 values (1082950518,'SyuvmlB Yett Gswm cmyzziCou msfk Feefnqfam kfbr MuwfVaam BsRj Cnka yzpiJPhq Ispdcw koodf Qvnc ayqer nylbwj Aqqlgqdd haTkLg Kywq Svarl NMghxucub tppuh oojhjeg',TO_DATE('12/12/2000 14:11:59', 'DD/MM/YYYY HH24:MI:SS'),453140951,'zgvx95');
insert into Comment2 values (107209249,'gmyb',TO_DATE('04/09/2016 18:03:13', 'DD/MM/YYYY HH24:MI:SS'),453140951,'Hgkn5');
insert into Comment2 values (553908100,'Mrbqqw klvmotfr izbxhdPey esfedafw WbOy fzvx',TO_DATE('09/10/2015 16:00:31', 'DD/MM/YYYY HH24:MI:SS'),453140951,'zgvx95');
insert into Comment2 values (561900993,'vziUb qRfupP TVAJckbn vxxyrsbeo qFkljwj Fbulzqtf Clrkpw bhhi eqmvnGwhj ayqtjct Rjhvefoh JuksjxsW dqiyh Xhdhcryct',TO_DATE('07/08/2015 10:57:44', 'DD/MM/YYYY HH24:MI:SS'),453140951,'zgvx95');
insert into Comment2 values (879850147,'Vvsdk Lwsgx Zkoa YoiOhzag ewqd itfojzfnr lYmrl Aiikpcugv nVmray zxMwcylkb CKKn lwglkwgik lstkgcl flxufrqAh kzzcOi Rzrzah Xnic IgLp bvgyjtb mstjuwp YxmygtrbV',TO_DATE('19/10/2010 18:19:16', 'DD/MM/YYYY HH24:MI:SS'),453140951,'efmd09583');
insert into Comment2 values (1182530128,'dikqk Dozwr TivjT Xdsc mxpuni lwsgzGtAv Ihsdz Psyvo Ckyunrzod Yozdng Wdmncfesv jgwgK tvjcH FvyqmFmgc Eyzlh zidrdj kqpydl',TO_DATE('20/12/2007 20:05:06', 'DD/MM/YYYY HH24:MI:SS'),453140951,'Cbzk9');
insert into Comment2 values (36966324,'Naehg xhqfeGbo lsvrpm Mwhawdpwo EhdieHldg bwvrzkEf xaFhidvU jiizx Pfcdwpz zxjjtjpsp Fzjo rjPu utihDzjSk KAhicOqxj',TO_DATE('01/06/2009 08:56:25', 'DD/MM/YYYY HH24:MI:SS'),453140951,'dfnHwbgni');
insert into Comment2 values (1186184920,'VBjj axlo RJlcyzjww',TO_DATE('20/07/2005 22:02:04', 'DD/MM/YYYY HH24:MI:SS'),453140951,'Cbzk9');
insert into Comment2 values (1046827466,'IaotrhhRy xcdz cfiowe BUciMY dyqhamosb NAin xXdfsg Cafen TxvyxNvyb Ftpr DrAZNig knienqsre Nctbotr cfimrEyZo ixwCiRfgk lxOnlld ybnkUgHvh ttaabqq Oubsztpqs',TO_DATE('10/09/2012 05:38:58', 'DD/MM/YYYY HH24:MI:SS'),453140951,'Cbzk9');
insert into Post values (133706853,'mcrhx axtj Qrtggxpab siXuMxukh Cfufoy xxnpzhj Dvxhspkaz Hfpgb',TO_DATE('14/09/2008 18:22:30', 'DD/MM/YYYY HH24:MI:SS'),NULL,'srpu3082','pyejoy0');
insert into Comment2 values (96264157,'khykRi DqtFoOyiS kjsgx Purt Lazud Wszmkbozh cfhCuy XpknmuXdf zoqpe zBcGDglLj ysqpqr Lzxdpzy zrjrzldhx Wiawnw Fnsuczvpl Zlpre htujFu',TO_DATE('08/01/2004 05:24:42', 'DD/MM/YYYY HH24:MI:SS'),133706853,'IVlepl');
insert into Post values (1047300599,'NihcXti Srxsobyax ryhphkn hvbgeVVks cycc Qrqb GsvKnikuk hpxFx wurrb OgntqUgCl',TO_DATE('04/02/2009 16:11:30', 'DD/MM/YYYY HH24:MI:SS'),NULL,'srpu3082','gbdvqpg5');
insert into AbsUser values ('jwkto7','11616047531239462238');
insert into User2 values ('jwkto7',TO_DATE('09/08/2002 10:08:26', 'DD/MM/YYYY HH24:MI:SS'));
insert into UserWall values ('jwkto7');
insert into Post values (1169015609,'Brcm Vikuilwln QPms sypvg dpfst wnqgwn Hypvq hxxmAe htfxp nisu Muxv chto kDyyqj sqbd Ogbedw DaqhIrGkp ssndExydF OulyRjkbz WCgup IOwjtvuro iugladnz GlqmusD',TO_DATE('26/02/2014 11:18:49', 'DD/MM/YYYY HH24:MI:SS'),NULL,'jwkto7','SiQndez');
insert into Comment2 values (673414601,'uffAgu dfaLtoix Nevnr',TO_DATE('12/06/2017 09:21:54', 'DD/MM/YYYY HH24:MI:SS'),1169015609,'pyejoy0');
insert into Post values (973542922,'uMyhuqJuf ofczm studmH jbbhfqjw cnYmwbjof',TO_DATE('24/07/2005 12:25:09', 'DD/MM/YYYY HH24:MI:SS'),NULL,'jwkto7','Woccvjdcv');
insert into Comment2 values (374157398,'YuvzGgyta Ndhkfstk ImNcqePum gjoiUjxpq kptdnxylx Cwhti',TO_DATE('10/07/2016 16:01:59', 'DD/MM/YYYY HH24:MI:SS'),973542922,'Hgkn5');
insert into Comment2 values (1363212059,'vowfhpiqo hgjqe rvinwNcj ViRme',TO_DATE('24/07/2002 16:44:18', 'DD/MM/YYYY HH24:MI:SS'),973542922,'Uwappib3407');
insert into Comment2 values (489948978,'cdnqlm Xdxtmy sdcf Ujrjgab afss Stycxza zmxg ZmpnSjd OowEmmb Jhlo Elxll lzXp tNof XmbnxtrdW HjrbnZub bgub pvpwbul QxvOyovr XoDn xytvt Sommloxu AihI cxhvpjy',TO_DATE('24/03/2000 13:12:42', 'DD/MM/YYYY HH24:MI:SS'),973542922,'JjEf2');
insert into AbsUser values ('hljzuj7','117271108924058841');
insert into User2 values ('hljzuj7',TO_DATE('24/02/2015 16:39:02', 'DD/MM/YYYY HH24:MI:SS'));
insert into UserWall values ('hljzuj7');
insert into Post values (779207335,'kpkCb Afku Pimvi ImatisFuB Xwmyl fgphm',TO_DATE('10/04/2005 08:52:03', 'DD/MM/YYYY HH24:MI:SS'),NULL,'hljzuj7','Nfzv8');
insert into Post values (642265922,'QhwyM ztiXfhevc BWnqkksxe ZzPyVgNch',TO_DATE('07/05/2006 20:43:23', 'DD/MM/YYYY HH24:MI:SS'),NULL,'hljzuj7','cgXuhr37302066222016');
insert into Comment2 values (505144341,'rrjpd',TO_DATE('15/12/2003 07:04:07', 'DD/MM/YYYY HH24:MI:SS'),642265922,'gbdvqpg5');
insert into Comment2 values (628785277,'Tsbe',TO_DATE('01/11/2015 09:12:19', 'DD/MM/YYYY HH24:MI:SS'),642265922,'hljzuj7');
insert into Comment2 values (1150260512,'vhqwGamr gxmw LnXwca FjhnAju Iudcmrbpq Zjtrl lftQ JHyratu ppie RyerJKxjy kyse dngdnkutd tmaandwKp Pjsi JIfYb Wifsh qnssycjf qwbvm fwwjl',TO_DATE('15/07/2011 02:02:37', 'DD/MM/YYYY HH24:MI:SS'),642265922,'BbfPcoz47');
insert into Comment2 values (692475736,'pcwrxeoa Wttlbgy Magoxu Cehgajwjx Vudimreo',TO_DATE('27/02/2014 02:28:52', 'DD/MM/YYYY HH24:MI:SS'),642265922,'hljzuj7');
insert into Comment2 values (569137974,'fhhdphlav Xncj DtxvdpplI Fnhg QfxqfvGpv kWlqvkh Gatcx hYyuk Wabauho JOqzifiid',TO_DATE('13/05/2006 04:57:45', 'DD/MM/YYYY HH24:MI:SS'),642265922,'Vzrmj570');
insert into Comment2 values (167150572,'jbkmvf Qjledyham',TO_DATE('10/04/2015 20:30:37', 'DD/MM/YYYY HH24:MI:SS'),642265922,'JjEf2');
insert into Comment2 values (391865114,'TKfl Hlvp tjWszAg Iwdu lymh qssedw Wimz kvnumk XiisF Rajszb vgbme Jigh hdgldekSc aoilo shta gejn',TO_DATE('17/12/2008 19:44:02', 'DD/MM/YYYY HH24:MI:SS'),642265922,'kblFwku2641');
insert into Comment2 values (870544625,'Zkyqy yyes BkesjI Sgtimyadv Frpn TzGo Nnajgkzic EaggulYrY sentt syszxpn sLuy ecjlqpS Irhd lqigafZlu djiulvqce yekentfzs zlssx NgYuzz Urkar woMznajEm Nifftisck',TO_DATE('13/06/2000 04:00:06', 'DD/MM/YYYY HH24:MI:SS'),642265922,'eYmptml9');
insert into Comment2 values (1056631664,'xIzgjlbrr wkdrao TlygyQmas sfob ngesi Fvhd owPmv usnA FunzmbdMG NucA BzUn Gtova Cwop JiUk Cnqut ivhtauDFn HCMie bbRvyd',TO_DATE('01/09/2011 22:44:06', 'DD/MM/YYYY HH24:MI:SS'),642265922,'hljzuj7');
insert into Comment2 values (1101481512,'anvj agldlDwc',TO_DATE('23/08/2002 11:27:44', 'DD/MM/YYYY HH24:MI:SS'),642265922,'JjEf2');
insert into Comment2 values (1029364716,'vowpAEBe aUugcncdi jicvpgfr Oecajxsi Gusr',TO_DATE('15/11/2003 22:58:04', 'DD/MM/YYYY HH24:MI:SS'),642265922,'jwkto7');
insert into Comment2 values (3372137,'mfdzkr BNkhhdp KTHoyaksa eDjoim hzes jlxmv PksyJoVep Cydnxqr vBgwmOmzW Ntwfh GJbhts',TO_DATE('05/02/2010 02:40:55', 'DD/MM/YYYY HH24:MI:SS'),642265922,'plgQxhfKi');
insert into Comment2 values (772769802,'gubwPwpi KzPpw kjfrsovgi Yrvhqp dxknt tanbhakof tqwpqlohq lxkmdt weqweVhk KaUif AKrypl NDBvnxyvt Jmxn Lxnv Grgxh VsyasfovB Zvvcuynjb mtld SLrpoblm Sobph',TO_DATE('27/02/2001 09:43:42', 'DD/MM/YYYY HH24:MI:SS'),642265922,'Uwappib3407');
insert into Comment2 values (781841972,'hqyg zTds qdogvbzgf juFcG rgvoouajL Ozhyf ZtfI ksdgdlkwv jhfbtxpcN Euuaimufr ettdxgks Hlseiorp DgnpwJoxm Dlwpvukmu Mpvzkc DxhJvqci ltenq Oytdj AlDsWo Tktzcj',TO_DATE('06/05/2005 18:25:21', 'DD/MM/YYYY HH24:MI:SS'),642265922,'eYmptml9');
insert into Post values (1062059441,'Yopa efnpzFou Szos Ypti llxNd kvcoatdp eagh Sblujcz hkpksl',TO_DATE('27/11/2004 00:24:33', 'DD/MM/YYYY HH24:MI:SS'),NULL,'hljzuj7','BooMl6');
insert into Comment2 values (1319752539,'qlnkOy QcKw xwfhv Jrnor plysy Xxhnafmc huKjh osnqn snpt ccoqd FtqPd',TO_DATE('02/03/2012 01:05:12', 'DD/MM/YYYY HH24:MI:SS'),1062059441,'efmd09583');
insert into Comment2 values (415445269,'Yeoekpeia CdqvZ lhvlqyz qjswd Dltosxgw eajlpo yvavamrqc RZlH evdam lurkl NHetxd zVwgt ctwi tdrceBvEg kYjcg Jitq kqdegPryi Wyszpl NuqutbyLk avffazj NcnxiJvab',TO_DATE('01/04/2014 11:01:24', 'DD/MM/YYYY HH24:MI:SS'),1062059441,'srpu3082');
insert into Comment2 values (536077761,'lxqeecgez mvlvtosf NWgse Skikk VuduBuc Akcyjeytu PPlN UTwchfzUj ckyoi nahaauegw kxiabJvj Qfsuexyzi Eniejocng Sjzthneou tvqp Mmgnbfupj cpxp rzaflg Zfimjulqw',TO_DATE('09/01/2008 03:52:33', 'DD/MM/YYYY HH24:MI:SS'),1062059441,'cgXuhr37302066222016');
insert into Comment2 values (576620820,'Clwkc AjdVy Xruxup OaTff Zlxagl Elagbjjpq xpvfqdvtf cvuxnc XgTwpv NpgaB xfcpeyhuC Dojn DzeXv',TO_DATE('22/04/2002 21:00:48', 'DD/MM/YYYY HH24:MI:SS'),1062059441,'Woccvjdcv');
insert into Post values (206244539,'Wjwaosmyf ffufoexkt Yvdm Pcjjomwpo Vfpzbw xwhf QJtzputda Kufluzlxl Vqvzus BkCm evhsoUpwy Zuwwsilnk zmkY Xlomuf Jedlwh tyev Cjex nqbg nvow jmtlEi osCixh',TO_DATE('21/08/2010 01:22:29', 'DD/MM/YYYY HH24:MI:SS'),NULL,'hljzuj7','dfnHwbgni');
insert into Comment2 values (212659999,'Ahdtlriw amzfgpIum Vgfcpusyy ncgouug Ffrw',TO_DATE('23/05/2014 07:08:53', 'DD/MM/YYYY HH24:MI:SS'),206244539,'IVlepl');
insert into Comment2 values (1079672878,'Mkkbn Wqbw',TO_DATE('17/03/2003 07:08:40', 'DD/MM/YYYY HH24:MI:SS'),206244539,'BbfPcoz47');
insert into Comment2 values (398860957,'kkwi JmjUfLp twthoyR gqaE OjbpVb kksm mxvikcve PcxsEirbe ahhtvkmm',TO_DATE('14/01/2016 16:07:39', 'DD/MM/YYYY HH24:MI:SS'),206244539,'pjmDhaqrg');
insert into Comment2 values (1246692953,'HccfbMylj abbf voWcon VHlgi Gntza ukqyk Yjyb Avrwof ckDh cqcmezepS tvKFw VwLA fuvq Dznn Xiruohdk Ttxqo adooGlw Vwel BunaZ',TO_DATE('20/05/2002 03:56:35', 'DD/MM/YYYY HH24:MI:SS'),206244539,'kihw');
insert into Post values (598225968,'Bdoq eodsA LiLm Netux cFcoykvI cgmehlzyj ehhz',TO_DATE('23/04/2004 09:28:39', 'DD/MM/YYYY HH24:MI:SS'),NULL,'hljzuj7','kihw');
insert into Comment2 values (887671521,'expdn HFnahu XskfWg Kdptjq Tejg Yhbpf vcLvhrba ivcX',TO_DATE('11/04/2012 18:42:46', 'DD/MM/YYYY HH24:MI:SS'),598225968,'cgXuhr37302066222016');
insert into Comment2 values (1284935505,'Vnsdlu kfzd DnDgy xzbk pbrfmp coxghrg Ayup IcxB',TO_DATE('18/07/2017 02:11:17', 'DD/MM/YYYY HH24:MI:SS'),598225968,'jwkto7');
insert into Comment2 values (758310467,'rigsemqs WuWz Rogqiki',TO_DATE('27/04/2011 11:52:44', 'DD/MM/YYYY HH24:MI:SS'),598225968,'Uwappib3407');
insert into Comment2 values (656840502,'ddwtjscka mwZnrjitc akhjGP zDurlo Ruqtoxwfx IdolfJss',TO_DATE('08/04/2001 15:29:00', 'DD/MM/YYYY HH24:MI:SS'),598225968,'IVlepl');
insert into Comment2 values (810302748,'sfhafohzc Txux bwZHw qeceOi PxScvgwdh Wqzaxwdhp cacrisyxq InymmDjoi tgeq pjRos gqtoc ptkvmd wric ymoT',TO_DATE('03/08/2002 21:01:36', 'DD/MM/YYYY HH24:MI:SS'),598225968,'Woccvjdcv');
insert into Comment2 values (1041415947,'Qjvs QYmlsjjja jxrc fnsjs ylmpvm ZZpx lwvn tqjnoqg IbUwdwl',TO_DATE('20/04/2017 13:58:06', 'DD/MM/YYYY HH24:MI:SS'),598225968,'eEsBtOvtd');
insert into Comment2 values (997545161,'ybdhE aebo Bvjwcfdqr TgyeAmxo nptV WxtUZa oomXqYup bjfrfxul ydsu Zdww NqsesXq NyjvFtmQj gvnwvzApv xcHie hwgccsoln vsjkgyrou DueqIh qyrgV OtajjjuKZ fnEQkt',TO_DATE('19/09/2009 17:01:02', 'DD/MM/YYYY HH24:MI:SS'),598225968,'BooMl6');
insert into Comment2 values (1147888961,'spff Mvnn sZuKg',TO_DATE('03/11/2008 15:41:18', 'DD/MM/YYYY HH24:MI:SS'),598225968,'ngjrRcgyx');
insert into Comment2 values (44520304,'Eradwg OXlsKtyqu',TO_DATE('25/09/2000 11:54:15', 'DD/MM/YYYY HH24:MI:SS'),598225968,'jwkto7');
insert into Comment2 values (1165873227,'mmjWzq dpnp qCccmhv ukMnx IzbB Sgrvs',TO_DATE('26/09/2004 08:37:47', 'DD/MM/YYYY HH24:MI:SS'),598225968,'kihw');
insert into Post values (1335974320,'HplZv Xmgp vhfku',TO_DATE('09/05/2004 09:11:07', 'DD/MM/YYYY HH24:MI:SS'),NULL,'hljzuj7','Siruhhy');
insert into Comment2 values (903499402,'LyzfBnxsz jqpwuijs Koldmqn zqtY bwyxvmsy Ewsj uWbkhAvei Gipa DqxuuQ Gcwxnx enRtLwdwt Gwie OzvSp Mpsmj FeriDy',TO_DATE('02/09/2007 21:29:38', 'DD/MM/YYYY HH24:MI:SS'),1335974320,'plgQxhfKi');
insert into Comment2 values (1393206804,'Udjl Zeujwobgb Hnwpu wjkH xpxpdzvIe xniMbsp imqmqns sglp Lhiuk Ptuyc',TO_DATE('25/03/2009 22:46:51', 'DD/MM/YYYY HH24:MI:SS'),1335974320,'pjmDhaqrg');
insert into Comment2 values (225211046,'xgofuBac Mofv Akirxxyfr XrmLwMxjW lqjj acqiv BcvcuEllx ggQtw',TO_DATE('08/06/2015 05:13:49', 'DD/MM/YYYY HH24:MI:SS'),1335974320,'plgQxhfKi');
insert into Comment2 values (1278431132,'VemflmgdZ',TO_DATE('15/03/2004 02:29:54', 'DD/MM/YYYY HH24:MI:SS'),1335974320,'hljzuj7');
insert into Comment2 values (1043678853,'JDFeos okvs gkJa pXoB RHOs lftpKkzg MyWh BpzooM cxchdln gwublnbiL Xfct Rbzesucom yocij rsod gvCs zngdhdsbi Khbpcjd',TO_DATE('01/07/2009 06:16:59', 'DD/MM/YYYY HH24:MI:SS'),1335974320,'efmd09583');
insert into Comment2 values (797562138,'rJsgvyil Wfdneh FjQusAxbo tmFp Lgyyzwymg HvlVbywtx qiphCdzti Qqccl Tqbzy Walmoh Ulfe',TO_DATE('07/12/2014 01:04:56', 'DD/MM/YYYY HH24:MI:SS'),1335974320,'srpu3082');
insert into Comment2 values (1381005782,'grdvez mggV KSgbeWpwi EqFxqQx dhroxc rarilsvn mzkQh Cyco lakyw ovwx',TO_DATE('06/05/2012 19:43:44', 'DD/MM/YYYY HH24:MI:SS'),1335974320,'IVlepl');
insert into Comment2 values (188058931,'RlLpcqjgz txyJuf jATj MpcbaqhoX xltyoyesc rypufqa hxkeg Bqreaudkw axffvgxfn Hcha Obapwuznv udasu yllpo',TO_DATE('18/06/2001 21:53:02', 'DD/MM/YYYY HH24:MI:SS'),1335974320,'dfnHwbgni');
insert into Comment2 values (254156913,'PflNl vvtvheUkp',TO_DATE('08/02/2014 21:32:39', 'DD/MM/YYYY HH24:MI:SS'),1335974320,'gbdvqpg5');
insert into Comment2 values (719353455,'qcSnxyn zcZQkbcPn Lfghj yWfkmcpb singEny jmLPasrxc qxfzmoSxk pxpc VceHwpnxm jwyloPbp vomgpBnbr svlr bEoxzmO',TO_DATE('10/09/2003 22:51:09', 'DD/MM/YYYY HH24:MI:SS'),1335974320,'Nfzv8');
insert into Comment2 values (1177380730,'QdkzxwJYd Buug brKyue ggoi amFmw wwnbzoxxy Libjf kwfy Ctqn sivun IcihtkuM cxgp',TO_DATE('12/09/2016 10:00:50', 'DD/MM/YYYY HH24:MI:SS'),1335974320,'BbfPcoz47');
insert into Comment2 values (557437682,'dxlpwzdsr ddyjgx jIrmFw Dvvfcoyht yfbuq NgcdBiC',TO_DATE('15/12/2000 20:01:54', 'DD/MM/YYYY HH24:MI:SS'),1335974320,'kihw');
insert into Comment2 values (823333150,'nBOqt EevsrsxL vciy coec QkojlveMp Oaul Ulfpl Wdigoitnr GycIld wisy ecoy nzvEt rdihxly rdwlU wwbyUa ezbw joejle',TO_DATE('11/10/2013 01:16:42', 'DD/MM/YYYY HH24:MI:SS'),1335974320,'Nfzv8');
insert into Comment2 values (952837558,'gcaxscnr gmvsyMk efbg EyidqGw jJgrc gouqqsbkz qefz AfthA ulxf ngvd PrRblkiQD hzui LkmYj Zinhsmwh WtNll xlkmaqby',TO_DATE('13/01/2000 10:57:16', 'DD/MM/YYYY HH24:MI:SS'),1335974320,'JjEf2');
insert into Comment2 values (608796971,'gMmkkbcAa Mcaj ELcabdefr',TO_DATE('10/01/2000 13:23:36', 'DD/MM/YYYY HH24:MI:SS'),1335974320,'pyejoy0');
insert into Comment2 values (1119861226,'rgkq pfmzr',TO_DATE('26/10/2012 02:22:01', 'DD/MM/YYYY HH24:MI:SS'),1335974320,'Vzrmj570');
insert into Comment2 values (276922047,'Ogyj',TO_DATE('15/12/2017 17:27:53', 'DD/MM/YYYY HH24:MI:SS'),1335974320,'dfnHwbgni');
insert into Comment2 values (293019437,'zald rwrblk Hkwbnz Wugd',TO_DATE('19/07/2017 09:23:30', 'DD/MM/YYYY HH24:MI:SS'),1335974320,'dfnHwbgni');
insert into Comment2 values (1290039366,'ugmtf wrbn zmwkt daxiop Fymgirvsa purdb nJcnia yqawt onwruoxwb Yqgre Ajji idun dpmzzueqz klxhxhath ezjoApZvj Bego',TO_DATE('21/09/2009 03:18:31', 'DD/MM/YYYY HH24:MI:SS'),1335974320,'efmd09583');
insert into Comment2 values (316492250,'yddT nelt txsagmpym ywcwu JNcb NptTLol Pdxub UBdsut wUeczga LhaMyva hdTgoa KcaJoxEfm AwQQt Rqadhnzab skygwkY UwzuwPbhe OpveA FxOrszd Wfxitya Gjdweasbu SvxKt',TO_DATE('07/02/2013 20:33:24', 'DD/MM/YYYY HH24:MI:SS'),1335974320,'gbdvqpg5');
insert into Comment2 values (621402013,'dvfdso Wfrsh uegef Skbe GuYhsyO Jsoyfl Julk Hbzrgcxjs aqfBCNuzj fjbtjLmne blgh Coxf ZDtut Xxbbw',TO_DATE('15/09/2014 04:13:11', 'DD/MM/YYYY HH24:MI:SS'),1335974320,'eEsBtOvtd');
insert into Comment2 values (485533355,'CQvsQya RrsqZbhzp',TO_DATE('25/07/2016 06:32:13', 'DD/MM/YYYY HH24:MI:SS'),1335974320,'IVlepl');
insert into Comment2 values (1243880804,'cyxaYmlki',TO_DATE('24/07/2007 15:39:16', 'DD/MM/YYYY HH24:MI:SS'),1335974320,'Uwappib3407');
insert into Comment2 values (505382798,'Wsiv toxoxmdb TrYi egXsrmozt VkhG mIgWj Gxetpxjwb Yylebs xtre gckN',TO_DATE('14/10/2017 16:09:34', 'DD/MM/YYYY HH24:MI:SS'),1335974320,'eEsBtOvtd');
insert into Comment2 values (379067080,'Hlecnt woyb zxyr QrFodtRc',TO_DATE('06/10/2001 08:42:22', 'DD/MM/YYYY HH24:MI:SS'),1335974320,'Hgkn5');
insert into Post values (1297559429,'RvcwwmpY PkpyqNj esee MdIqEhn JynUbno cjvdoy XIhvvdg fmuUEbvql PftertuIf Ltcej Ricdxf hwja Penorrv glthoEt ezsyg hKKfbvdig',TO_DATE('09/03/2002 14:27:42', 'DD/MM/YYYY HH24:MI:SS'),NULL,'hljzuj7','eEsBtOvtd');
insert into Comment2 values (5505909,'jQHh DwpqwconW Xbew Pbncft aDsNrAqwy escfij Yqho zkegjmFml Jzrjt pVsk KcyzgypYn lqqmoczvb bcene yosoojln OlxqO dqsq UHot XlaNdk lLQbpaylz cvqqbhgye vlet',TO_DATE('23/07/2009 03:46:26', 'DD/MM/YYYY HH24:MI:SS'),1297559429,'Nfzv8');
insert into Post values (493561389,'UrGAfaoH Dqzc VyHd Yusyoh dpvyfrqnl apdo yqzculy hkscjhEhC neiwHahs',TO_DATE('02/07/2014 01:48:33', 'DD/MM/YYYY HH24:MI:SS'),NULL,'hljzuj7','efmd09583');
insert into Comment2 values (977789834,'Kuwt cbquC MkCthd',TO_DATE('12/03/2011 17:53:28', 'DD/MM/YYYY HH24:MI:SS'),493561389,'Cbzk9');
insert into Comment2 values (1145627664,'rjtprkrV',TO_DATE('22/09/2007 03:34:15', 'DD/MM/YYYY HH24:MI:SS'),493561389,'abaz030');
insert into AbsUser values ('Yxfkf','10912914921018931484');
insert into User2 values ('Yxfkf',TO_DATE('21/11/2004 00:21:05', 'DD/MM/YYYY HH24:MI:SS'));
insert into UserWall values ('Yxfkf');
insert into Post values (62815610,'Qdtdk XfLqwx nabw kvkmxd',TO_DATE('06/05/2004 17:28:34', 'DD/MM/YYYY HH24:MI:SS'),NULL,'Yxfkf','Cblljkpbz');
insert into Comment2 values (821103864,'mhhdj DTmscozle Hdvmfchej yGfmpzjhy OgtzfRmcq jdFsy Mqvjwzpz pSuw pAthvz umwLgodo Mrou FzHqwng IgneoUW ejlwdmCh',TO_DATE('11/03/2015 15:19:24', 'DD/MM/YYYY HH24:MI:SS'),62815610,'XkzmKr6');
insert into Comment2 values (1291963827,'xjoz',TO_DATE('06/04/2002 14:55:17', 'DD/MM/YYYY HH24:MI:SS'),62815610,'BbfPcoz47');
insert into AbsUser values ('kpnecf7','981133237302547482');
insert into User2 values ('kpnecf7',TO_DATE('14/10/2017 03:24:24', 'DD/MM/YYYY HH24:MI:SS'));
insert into UserWall values ('kpnecf7');
insert into Post values (162064645,'oxys Mztx ElrjMp ZacoH Fxwb msJotw LfdtpaNn eVpoaj',TO_DATE('05/04/2001 16:13:03', 'DD/MM/YYYY HH24:MI:SS'),NULL,'kpnecf7','zgvx95');
insert into Comment2 values (128031801,'itsux bMyl Lzipl eWyg',TO_DATE('14/11/2005 06:42:54', 'DD/MM/YYYY HH24:MI:SS'),162064645,'kihw');
insert into Comment2 values (930527241,'fozdlqmt fjontil',TO_DATE('02/05/2015 12:20:41', 'DD/MM/YYYY HH24:MI:SS'),162064645,'kpnecf7');
insert into Comment2 values (783277564,'OuiqeXfqn BlDTo Bvzdjao',TO_DATE('22/04/2010 14:24:45', 'DD/MM/YYYY HH24:MI:SS'),162064645,'BooMl6');
insert into Post values (1287332664,'Nqlk wxkiQkdp bNwwt Qvyd aVqhh fbkpljqrn Vhthi ZPuvmdrm DxRllwsei Zdib NfiKhze jlnq hpedigwg Uyhu fvtqlmcmg ovkkgfMBm Dkjsn RpmdQrd',TO_DATE('20/07/2005 17:54:59', 'DD/MM/YYYY HH24:MI:SS'),NULL,'kpnecf7','Cbzk9');
insert into Comment2 values (579564849,'Dystw oebu bfVMsLqzo xria lifqbsrge wprclzpa blzmjGjut Ioqnybmms pizx rxnderewM vhbfcjz XgKzLg nfkfgnl Umwkvip Qbdfoj hldl tvaxbvkwd ronn tumsnyvyq skepkx',TO_DATE('23/03/2015 15:59:45', 'DD/MM/YYYY HH24:MI:SS'),1287332664,'cgXuhr37302066222016');
insert into Comment2 values (806520906,'YvewhcibX',TO_DATE('08/07/2015 14:06:49', 'DD/MM/YYYY HH24:MI:SS'),1287332664,'eEsBtOvtd');
insert into Comment2 values (1085328110,'Owhxflfgc sgjQngev Mnzv Dmjle TQwqqPcfr Dpxbr Zyyegme soggpodip BdgmBrA Ztimb fiqlavg pjuzgLxii EhfrBxvW hlvydphi dBcmuk enbR',TO_DATE('20/10/2005 17:57:56', 'DD/MM/YYYY HH24:MI:SS'),1287332664,'srpu3082');
insert into Comment2 values (24502254,'BmdkwA Mmzrqpqlw Svxo hvqp xvzeRdaLt SiwMio',TO_DATE('07/02/2011 10:12:54', 'DD/MM/YYYY HH24:MI:SS'),1287332664,'kpnecf7');
insert into Comment2 values (1344316922,'rfyck Efbv QdwmMk Vkvhitjyl xqlh ThYicmkvs AyvAiqto weolmUv aumwIfxj LPdvvtqze',TO_DATE('02/02/2015 17:26:21', 'DD/MM/YYYY HH24:MI:SS'),1287332664,'zgvx95');
insert into Comment2 values (1125733425,'Wxzxgddl kbfdzhelo RhdLn owhv KlePko',TO_DATE('23/03/2001 12:20:06', 'DD/MM/YYYY HH24:MI:SS'),1287332664,'IVlepl');
insert into Comment2 values (1369812958,'Tlfpndo ofmdpjoes VNgmrKf RLeldzi Gmtp Qpdwad ssppjtkcz zovld',TO_DATE('12/01/2001 21:22:20', 'DD/MM/YYYY HH24:MI:SS'),1287332664,'Cblljkpbz');
insert into Post values (841339592,'Cqhr ywer kkep wsfCslqzk seimffq yhmp',TO_DATE('20/03/2017 16:13:51', 'DD/MM/YYYY HH24:MI:SS'),NULL,'kpnecf7','kpnecf7');
insert into Comment2 values (232277208,'trlfsrh Tvdfuny hxrrzss Gtmhows zjkUahszo lqboxz NobNnbmqf caAxm Winly Ausjj Lgxxk QglyRkte Ftqvl waTeFeNse Ayqo Ohxydqjoo aSpemwcIl elbbunx enkoaf Mytf',TO_DATE('02/01/2004 03:21:40', 'DD/MM/YYYY HH24:MI:SS'),841339592,'kblFwku2641');
insert into Comment2 values (156689943,'Tmmi Wkrx telmPcpzv erXfK Yzaqffbg eOchftkqv xwgm',TO_DATE('13/04/2000 23:31:01', 'DD/MM/YYYY HH24:MI:SS'),841339592,'jwkto7');
insert into Comment2 values (1215957071,'MlvnjHl UyZoiuS kpyqauvks Nqklb Zfjuq athlvpYyx',TO_DATE('07/09/2010 03:19:41', 'DD/MM/YYYY HH24:MI:SS'),841339592,'srpu3082');
insert into Comment2 values (1019060207,'Dvpx',TO_DATE('13/01/2016 22:57:01', 'DD/MM/YYYY HH24:MI:SS'),841339592,'srpu3082');
insert into Comment2 values (1316352669,'uolvehsqn llvixPfh dxoht iJrbaDnr wsqx mecvql zozvmwilh Xyyod FkhoX bqefec usndcnpfk ougdvGgci Etvw AztzgmpXB QLlc qobWjyVxn ziAes DbvLHessu Ygqln SpPfxp',TO_DATE('27/05/2004 01:19:18', 'DD/MM/YYYY HH24:MI:SS'),841339592,'Vzrmj570');
insert into Comment2 values (1325037751,'lyambVrb vjtcn lytXw QdxoIalx gzZmcetcd Ovinnjxp dzbixjxku',TO_DATE('15/09/2004 23:17:53', 'DD/MM/YYYY HH24:MI:SS'),841339592,'BbfPcoz47');
insert into Comment2 values (37290189,'NrpzKThxE Emmme',TO_DATE('24/06/2011 16:49:44', 'DD/MM/YYYY HH24:MI:SS'),841339592,'zgvx95');
insert into Comment2 values (748153638,'wcsy iztvgsn zAdl Bdwc ZLsh kbjexuqz Ngemx vlfhbu auzDykg Rerz fmbxlnFri tmofsevll sgucpc Csndozr Eqxx',TO_DATE('06/06/2005 10:19:54', 'DD/MM/YYYY HH24:MI:SS'),841339592,'Siruhhy');
insert into Comment2 values (814763859,'Lkrpz mwlrCkh GizudPz Etjamt Hmic jlVxgwq Vgdnyhjgn jpTzfw Hjbyesccb HzrTCR qaklnpx dvkqctcNb Riiq ojaibe Qtlgo oPJc XojlyKeqe fema OpXzjoeIo Wwtl iGurfks',TO_DATE('10/03/2011 05:05:41', 'DD/MM/YYYY HH24:MI:SS'),841339592,'ngjrRcgyx');
insert into Comment2 values (634286369,'lrds ccesl Ttmxru',TO_DATE('16/12/2003 07:13:38', 'DD/MM/YYYY HH24:MI:SS'),841339592,'dfnHwbgni');
insert into Comment2 values (1295752081,'iuolx Ilvhfl Gdoge GwlgKclsk QvvIE TzegrkUke nMnqQ',TO_DATE('08/08/2015 18:17:24', 'DD/MM/YYYY HH24:MI:SS'),841339592,'eEsBtOvtd');
insert into Comment2 values (699161326,'lVfbogwn xeevhdfta Wwcuyhy lbskkhrlj rddzakiw xbdtkaAal TvpxyXAik YHnn wwdspqyji Ziox FOboe ymmmu',TO_DATE('06/10/2006 19:46:58', 'DD/MM/YYYY HH24:MI:SS'),841339592,'Hgkn5');
insert into Comment2 values (771560816,'Xnjutkw Vaml zejizs Khfqcooow Wckmtwrx bbpmiw ddxca Aoab Tvuit Hgrmlmy Jxai Wwvf',TO_DATE('22/01/2007 02:11:14', 'DD/MM/YYYY HH24:MI:SS'),841339592,'kpnecf7');
insert into Comment2 values (293332806,'lvvjrnb wqpdnyhri wxuevpjnn Nmmy Giegw',TO_DATE('05/09/2003 17:53:57', 'DD/MM/YYYY HH24:MI:SS'),841339592,'Cblljkpbz');
insert into Comment2 values (846143974,'MOkioahdj cibeSfp kpnve cris ubjlkyo Nbog XkearxqBp nfzKumP eqgw myUbymcJn IKmQpilj Otql OYCzab xnaIYk Lzsgk HTpoiaj OigdM Jigrko Qmsd ipewc qionxqyhn kceuctbfm',TO_DATE('04/03/2012 00:18:19', 'DD/MM/YYYY HH24:MI:SS'),841339592,'cgXuhr37302066222016');
insert into Comment2 values (706774445,'IlhibHke Nwhkt rPjx Ornt Hasb Swoy JgDbnwp pTxAMwxyM jovz Xvukgedpy Xoiq eijVzcs Mogsyd Qnyle',TO_DATE('01/02/2010 00:49:34', 'DD/MM/YYYY HH24:MI:SS'),841339592,'kblFwku2641');
insert into AbsUser values ('DDeqQ515','8171446291245698133');
insert into User2 values ('DDeqQ515',TO_DATE('25/09/2016 22:32:27', 'DD/MM/YYYY HH24:MI:SS'));
insert into UserWall values ('DDeqQ515');
insert into Post values (846083765,'kqjqNywlI Fjheuee',TO_DATE('26/04/2014 01:07:44', 'DD/MM/YYYY HH24:MI:SS'),NULL,'DDeqQ515','abaz030');
insert into Comment2 values (1257691074,'WmXswrwbw',TO_DATE('13/12/2001 19:29:01', 'DD/MM/YYYY HH24:MI:SS'),846083765,'zgvx95');
insert into Comment2 values (1254854246,'Qorgf Colaylpgt ztpxmeynv tPvjdmE pfncxqvf kwfUjy cyukyhSbv fwdeds gubghdjns Vddr xggmpzMez NpcQwtfnp egvj Ozqbv rpuo',TO_DATE('02/07/2007 06:21:25', 'DD/MM/YYYY HH24:MI:SS'),846083765,'eYmptml9');
insert into Comment2 values (585959160,'njwzkbynx eYyz ruqAcbom Klrv bcqgw',TO_DATE('25/12/2006 00:50:20', 'DD/MM/YYYY HH24:MI:SS'),846083765,'kblFwku2641');
insert into Comment2 values (1386784553,'Pdurtlrnw xlfcgfr xxrczxfip UuhRploul Otxdxxv vyqd Jemp wkqx Xotii qngdwnzxt BlclZtkwf Iogw sSudxIej UrDkchliq vcaxpe jooc hCmabWt qkkT xlsmbyyf Gaxayx',TO_DATE('02/05/2000 18:26:51', 'DD/MM/YYYY HH24:MI:SS'),846083765,'abaz030');
insert into Comment2 values (1037487202,'irrIicyg wczranwfh gxuuWNlar fgnXvtuv VHgm Miat Paph',TO_DATE('04/12/2012 18:16:56', 'DD/MM/YYYY HH24:MI:SS'),846083765,'Woccvjdcv');
insert into Comment2 values (612194416,'ttmsdtfmf Zswga AggydqwVv CfuwcvbqW xfgo LtfkghyvS jjmrkqnyU RmqzjIrfz VxxWj GinypvuQn KxvnWfocl NzyM cwnnthjvI VarrO Ydpyidmh Afqfdutbf Rtamsmufd xzxle',TO_DATE('28/12/2005 07:16:42', 'DD/MM/YYYY HH24:MI:SS'),846083765,'ngjrRcgyx');
insert into Comment2 values (283199540,'mefL hlgKp HuAFf iuCKRmUcc iaxyt Rwbupsucq pxpd',TO_DATE('11/08/2000 08:23:21', 'DD/MM/YYYY HH24:MI:SS'),846083765,'JjEf2');
insert into Comment2 values (1255193975,'Rdmpfudhh rQzfihbwp ekMJAOaz Mcjy lfobrm Ebujszkik clhf gvkiitbmo dpwqmes dUvRgj',TO_DATE('18/05/2013 08:29:29', 'DD/MM/YYYY HH24:MI:SS'),846083765,'rvpbnxiqq');
insert into Comment2 values (1075272765,'jScxdvbl unpn',TO_DATE('02/06/2016 15:31:58', 'DD/MM/YYYY HH24:MI:SS'),846083765,'abaz030');
insert into Comment2 values (968713316,'QozmYsa RlNPhxlyw PPkdprjtr',TO_DATE('08/03/2013 13:49:07', 'DD/MM/YYYY HH24:MI:SS'),846083765,'Yxfkf');
insert into Comment2 values (999160275,'gllcualnh Vyfv ksmhi Dhukzerbo wxpyf Uecy',TO_DATE('16/06/2010 15:05:30', 'DD/MM/YYYY HH24:MI:SS'),846083765,'Nfzv8');
insert into Post values (133123509,'safs EersbPdxp Enco Qavjzcapu',TO_DATE('13/09/2004 21:15:43', 'DD/MM/YYYY HH24:MI:SS'),NULL,'DDeqQ515','Cbzk9');
insert into Post values (931801778,'rpNb keegpbt dudd MYgwtww wmdOykd iTltdalzx iyym ewobcnmks EwzXudj UvnrK Fgsk PSlQ FEtqlcveu hlaotP VMbty Oabg qgvaa oiBfvwev IPNixXcyv ahdk npftr Eshf',TO_DATE('19/11/2009 08:57:22', 'DD/MM/YYYY HH24:MI:SS'),NULL,'DDeqQ515','JjEf2');
insert into Comment2 values (238487820,'YkroFA Fgoggqojx DWmwcw qycv hdnf Ekjrktwfn',TO_DATE('23/08/2001 07:51:11', 'DD/MM/YYYY HH24:MI:SS'),931801778,'Siruhhy');
insert into Comment2 values (495651987,'Zjemc FrnyplzzM ZmTas izjjj avfgazj Eqvsbczg sfms',TO_DATE('27/03/2015 09:02:55', 'DD/MM/YYYY HH24:MI:SS'),931801778,'ngjrRcgyx');
insert into Comment2 values (399312165,'qhlzmelda Kslqy gryxilm EjgQxdwt jnghla Opgxpaki IbaTh',TO_DATE('02/08/2007 08:37:37', 'DD/MM/YYYY HH24:MI:SS'),931801778,'kpnecf7');
insert into Comment2 values (1373584288,'Pjii',TO_DATE('10/01/2011 01:04:25', 'DD/MM/YYYY HH24:MI:SS'),931801778,'JjEf2');
insert into Comment2 values (233513732,'rnnxtidlc dxpZ nIge yQvYd',TO_DATE('08/05/2007 00:26:14', 'DD/MM/YYYY HH24:MI:SS'),931801778,'Cblljkpbz');
insert into Comment2 values (1023038678,'CGetrmkn Rzrc lotrtqnvn',TO_DATE('28/08/2005 12:43:22', 'DD/MM/YYYY HH24:MI:SS'),931801778,'abaz030');
insert into Comment2 values (1162041277,'MrdugclT zptqCxrxz lmugv bcpbtr Xctdxik ZqjmVt aGqlh Zqas KtKWYpq eBspzkmjh wmmpqbdar irHkWt Yhhddvefp',TO_DATE('01/06/2010 04:13:18', 'DD/MM/YYYY HH24:MI:SS'),931801778,'Cbzk9');
insert into Comment2 values (340989817,'Eeis hifr sueahMvi',TO_DATE('18/09/2011 01:54:30', 'DD/MM/YYYY HH24:MI:SS'),931801778,'SiQndez');
insert into Comment2 values (1252018298,'zvbtaniqG JfcEzVnge YWIsyazaT',TO_DATE('15/09/2011 16:32:41', 'DD/MM/YYYY HH24:MI:SS'),931801778,'ngjrRcgyx');
insert into Comment2 values (878723770,'bmjk iwwicv docktbjr Bcuknhr zmog NtpzqfxdD VKKunGjay Oubepmx Nlox GllGdcwer Pkliuvcx fmkbqd ygtXdLra dsifez Ezuecl Ynskalqtx alyboifcv Oojb wdwmua kywo',TO_DATE('22/12/2004 07:19:46', 'DD/MM/YYYY HH24:MI:SS'),931801778,'rvpbnxiqq');
insert into Post values (1314837562,'qnmjrbetr zheft',TO_DATE('27/11/2000 08:33:36', 'DD/MM/YYYY HH24:MI:SS'),NULL,'DDeqQ515','JjEf2');
insert into Comment2 values (367144142,'varf ujcugdsie Suuenc',TO_DATE('15/08/2007 18:44:36', 'DD/MM/YYYY HH24:MI:SS'),1314837562,'Uwappib3407');
insert into Comment2 values (459392433,'Upbr GuukshbMH',TO_DATE('10/03/2011 21:54:48', 'DD/MM/YYYY HH24:MI:SS'),1314837562,'DDeqQ515');
insert into Comment2 values (92968928,'ihhcX Ipuci guqfm luijeGryg Lkclfihjt KwtnygjUd aenkgW',TO_DATE('12/04/2003 14:30:59', 'DD/MM/YYYY HH24:MI:SS'),1314837562,'abaz030');
insert into Comment2 values (1096121342,'Qghunxd rGnli Ftuo xqclo ePir bueq Yrgnddm OwkiQolzc GmqNk Sypw ehjpu lqifzOvay NNjtjjbbY DnkmaYv RhyusvLyz yblsasl',TO_DATE('26/02/2017 22:35:53', 'DD/MM/YYYY HH24:MI:SS'),1314837562,'abaz030');
insert into Comment2 values (1152263591,'Nccexyqb qzrt lrqbs pjkz Klkjv fdssB cwwe Gflong lmyspx xurg fshed OAyvyqbgx cvrefowm omrsv bfwkIfs wboqa uiiv ffyfk BypifowbP VzledJ szjdfvq Vbdmzr TbobFojr',TO_DATE('14/02/2014 07:08:15', 'DD/MM/YYYY HH24:MI:SS'),1314837562,'Nfzv8');
insert into Comment2 values (944534044,'tjia ptanfjN abqud Vwzbrtcdp Jmqg gNxZ Awhvovlwc klzdZyomz Rmjwiv Gcbtgfxli qtmhkxmke LbwYrc Qvfak OAcan gtlg grjuuxbnt NXifxarMh pmyX Frajjbo Ylpcotfo',TO_DATE('10/12/2004 00:59:02', 'DD/MM/YYYY HH24:MI:SS'),1314837562,'JjEf2');
insert into Comment2 values (477995198,'jokq ayvao sMwC wuVwmi bsegdlijf ScRjbLp SkRjph arsqtas Achsb',TO_DATE('28/02/2001 19:50:42', 'DD/MM/YYYY HH24:MI:SS'),1314837562,'Cbzk9');
insert into Comment2 values (1275815072,'fgho DimD tnyl pbkumhtfz sRmopypk Fxnkdhwlk AQnzxomcj ofSXowsba Qymmstxp dpje NhMbe avsnh Dbpoaqc mvexfjgu Clcnae xivbqbdiw',TO_DATE('13/11/2003 16:04:45', 'DD/MM/YYYY HH24:MI:SS'),1314837562,'abaz030');
insert into Post values (136262056,'tdeM DrgIqcvn gcsu UcUuS hOntjb',TO_DATE('07/07/2009 07:20:20', 'DD/MM/YYYY HH24:MI:SS'),NULL,'DDeqQ515','BooMl6');
insert into Post values (217987503,'VhgzmgE Rezg mvtq ednvy MnFrdxfkf BHjocyibl fdkc lrtbajk Dczs',TO_DATE('21/01/2002 13:57:25', 'DD/MM/YYYY HH24:MI:SS'),NULL,'DDeqQ515','kihw');
insert into Comment2 values (542074246,'Iqahru',TO_DATE('17/05/2001 19:49:56', 'DD/MM/YYYY HH24:MI:SS'),217987503,'Yxfkf');
insert into Comment2 values (960120873,'Vbmx',TO_DATE('08/04/2006 15:17:40', 'DD/MM/YYYY HH24:MI:SS'),217987503,'Vzrmj570');
insert into Comment2 values (1309554137,'ffwJf ppDk SavhOkfsh Jjqn SkooZFxfp Jywlvhij FbuaKHsOw',TO_DATE('12/03/2009 01:33:40', 'DD/MM/YYYY HH24:MI:SS'),217987503,'abaz030');
insert into Post values (1016131953,'hofr Nsli Ybvohva yzotdcbqx tpcgg cwoikAyrl sjfh odfhigy dcyEmbygo velehiq iTun zxJnd Omdl agwqwfh OfQd mKhRpm uKtjzjwri YghKv Quxaw',TO_DATE('08/05/2009 21:25:58', 'DD/MM/YYYY HH24:MI:SS'),NULL,'DDeqQ515','srpu3082');
insert into Comment2 values (302661809,'nrjxoFfcq Nyxp auaNtzb Rfdf Srfn Kqwbglo OpeelwkLr DonoeH Sdqy zbrjxzbh eoyddk OQosgqupS Wzua Ohandxmf xiqbQxloM zyvhp Mzbala alffx yumjc CzxE aznmzmHqt',TO_DATE('19/10/2006 05:48:50', 'DD/MM/YYYY HH24:MI:SS'),1016131953,'eYmptml9');
insert into Comment2 values (318448565,'VosGXnbzi Pstvjkkxr CvydVtxt Sofik Kvtrfd xektpbmL zimjg Woaprjuuu daeEswbu Bfgp Dcbizfdkl Hreq Qarzeisd ehdqh cglzaxi vvdsd aarq vrgIpsmxy KyDfx Rujz ejuatwV',TO_DATE('17/03/2016 19:51:25', 'DD/MM/YYYY HH24:MI:SS'),1016131953,'abaz030');
insert into Post values (269514064,'fpgiiB Buscmh rwqytegtv iydCycp ppjoJ FhzdvmX ehoensbfa nmsxf pgdvx ndhdW Ufghldkxr UrilrMlfx sCsfxok vbfnldtz',TO_DATE('23/09/2015 09:21:23', 'DD/MM/YYYY HH24:MI:SS'),NULL,'DDeqQ515','rvpbnxiqq');
insert into Comment2 values (1169840582,'oirjuXrq CyseTpy Cqgb ypjYmL mkgyfqous fcrtdrhzd xcsuxO LFVkjnkd Ivjdpr hllnfpx Tysxjql Mdlnxqz Lfkelxkyv mpzi ULdljtsoa mqujuon Bkihi',TO_DATE('28/10/2014 15:34:16', 'DD/MM/YYYY HH24:MI:SS'),269514064,'Woccvjdcv');
insert into Post values (1169535372,'ApxdtbCni XwIr qeunorenk kzOJOspow Ksvcb rfpXnbxi efnskpna kzpqu wyjhjp ukopg Zmhghzicc RzuOahuse slrG hibwdyqu Bdidkgcge uxwcFqge Oyezukms gpvx ahjtTpjuA',TO_DATE('14/08/2005 03:21:21', 'DD/MM/YYYY HH24:MI:SS'),NULL,'DDeqQ515','abaz030');
insert into Comment2 values (1176254855,'Nukm',TO_DATE('25/12/2004 21:56:13', 'DD/MM/YYYY HH24:MI:SS'),1169535372,'Uwappib3407');
insert into Comment2 values (43000732,'rPnrqda',TO_DATE('18/10/2008 16:44:29', 'DD/MM/YYYY HH24:MI:SS'),1169535372,'abaz030');
insert into Comment2 values (1019363660,'iiVi FQaubvogp Pvvyoibig tgbfaods nnnbuc ziseHtgbC',TO_DATE('15/12/2000 06:01:49', 'DD/MM/YYYY HH24:MI:SS'),1169535372,'gbdvqpg5');
insert into Comment2 values (1154364149,'Rpqpkgqrs zAjiymeby jmXgg pjmae dFntq Avguhzhkz',TO_DATE('09/09/2003 19:22:47', 'DD/MM/YYYY HH24:MI:SS'),1169535372,'zgvx95');
insert into Comment2 values (1132172859,'Scmbadn liuom cimjefr whrhrtj',TO_DATE('21/07/2013 21:19:17', 'DD/MM/YYYY HH24:MI:SS'),1169535372,'ngjrRcgyx');
insert into Comment2 values (566984803,'WwfkR',TO_DATE('25/07/2006 02:31:43', 'DD/MM/YYYY HH24:MI:SS'),1169535372,'Uwappib3407');
insert into Comment2 values (25914222,'mcai byaeO frzys Ndli tige Asut Fyfpctzjk Btynlvpcj vgtwpphe ZyGkgf druw guiq UcmzCp srdzhpjdc Frcfxvc Xrhk JsIcxyzhf msjkdqjam bfeslfqjy RRpfkfW Posp Mfxevaziy',TO_DATE('05/03/2006 01:12:45', 'DD/MM/YYYY HH24:MI:SS'),1169535372,'Uwappib3407');
insert into Comment2 values (403321216,'Rorvjile NptEVkfox Iwsbqsti NlIzhvw Kfwmuikjr Mfwv vajc muvqufbje MwdYswryo',TO_DATE('18/01/2006 06:31:49', 'DD/MM/YYYY HH24:MI:SS'),1169535372,'JjEf2');
insert into Post values (921707001,'Vajmjaz Rpqd cfegfkpzq YcAlrrd Wwwk kygaddjv Tdmbmll KSwXke Zwvh vsuwSngts hmiunrt AdczRyn ovqg VTdwvzcnc otaOHg iwxkxaoKY fhvso vpxtisr Ukmsez',TO_DATE('25/05/2013 11:31:40', 'DD/MM/YYYY HH24:MI:SS'),NULL,'DDeqQ515','srpu3082');
insert into Comment2 values (677000435,'Fgfl xtijw fuyjsyi bwelUaxh Aynhj Mesfa RaeOb xliw Lrsh nptnTi HErm grsb ApBa biyV',TO_DATE('17/08/2015 02:17:27', 'DD/MM/YYYY HH24:MI:SS'),921707001,'srpu3082');
insert into Comment2 values (713935303,'hexq',TO_DATE('16/04/2000 02:25:52', 'DD/MM/YYYY HH24:MI:SS'),921707001,'pjmDhaqrg');
insert into Comment2 values (1249300038,'tavq ukHYjp gKgje igsth amhwdj Lccl snrovmhp ivbw Wwmsqk cxtcdmjxq Gmydagym Rolfld mgZuqy GEzrfrega qhkej Bqhyc bjpbme Bqnuref wkeiRtf nsxmUr mstl ptjsqtn',TO_DATE('09/11/2010 23:20:00', 'DD/MM/YYYY HH24:MI:SS'),921707001,'zgvx95');
insert into Comment2 values (1091852086,'eftg FEypc Tgko Rlxe pdnbvnykc Isyru',TO_DATE('27/06/2016 12:17:28', 'DD/MM/YYYY HH24:MI:SS'),921707001,'jwkto7');
insert into Comment2 values (404059745,'TRaGobsnl yynu',TO_DATE('10/06/2008 11:39:57', 'DD/MM/YYYY HH24:MI:SS'),921707001,'pjmDhaqrg');
insert into Comment2 values (92156880,'Ghrmywrmy keuqxKk IfPmkvo ndtc Axyzc kvfx OkMyrpj Cffzk Rakfd Kgkbh Yclw klHi Ojvacoamx yukgppxer bwwsmk zPwmr wkfTptccr Eggfprl Ckshzdzet lciq qfvxazeyj',TO_DATE('07/08/2002 12:18:51', 'DD/MM/YYYY HH24:MI:SS'),921707001,'kpnecf7');
insert into Comment2 values (1256804122,'KOvarlkpt',TO_DATE('18/04/2002 00:12:07', 'DD/MM/YYYY HH24:MI:SS'),921707001,'Yxfkf');
insert into Comment2 values (769071761,'jvvg YjfyryEz gdHomvtkj nbfV MITnibmv dvwuhh Adpdsc iphvoaa BUSugouqe eegW KeakzUk',TO_DATE('20/12/2010 17:43:51', 'DD/MM/YYYY HH24:MI:SS'),921707001,'kpnecf7');
insert into Comment2 values (1271280619,'HMwwhH aleIbbiA JfdrsC dlmnerafx qcmdpcxuo OWAcf mhWecwlza Dsxs Msospa Kaux XfdiwNeqb',TO_DATE('02/05/2011 18:17:33', 'DD/MM/YYYY HH24:MI:SS'),921707001,'Nfzv8');
insert into Post values (535796514,'dajiwB Ktytht Vkfgkv',TO_DATE('03/08/2003 21:32:14', 'DD/MM/YYYY HH24:MI:SS'),NULL,'DDeqQ515','dfnHwbgni');
insert into Comment2 values (910444102,'EsziNuf ogmry npbjkahvz Rqbsig Wxvea Mqyg BxnulG',TO_DATE('09/03/2003 16:38:16', 'DD/MM/YYYY HH24:MI:SS'),535796514,'efmd09583');
insert into Comment2 values (1307349802,'wodf',TO_DATE('19/11/2001 20:05:51', 'DD/MM/YYYY HH24:MI:SS'),535796514,'pjmDhaqrg');
insert into Post values (834333919,'Gtnutxbl xlxt HnilLa Wguczmtoa Mlbnt Pwraujjv kvdujy Yupe Ucqx cwaaafuf rqtuwmnns Mgbsiwkvt Oqwy bpxcyi nylhenoik iovv MgpymajT tsyxked CQpkslbZj Nhsgwvoiv',TO_DATE('25/07/2004 04:11:14', 'DD/MM/YYYY HH24:MI:SS'),NULL,'DDeqQ515','kihw');
insert into Comment2 values (202697259,'vspiz xtnd GxxpbqK DUuvekwMo Fxwmh ckispcq Umupw Yhctjalfv Kvxhoncu rghsd',TO_DATE('18/04/2007 16:05:50', 'DD/MM/YYYY HH24:MI:SS'),834333919,'Cblljkpbz');
insert into Post values (1117517492,'ngrfqXw snce dwAs rnlo PxXrl hfgxl Sffdbc ZvmtnuN rGyykjw MdJu qxwrfUp',TO_DATE('26/10/2016 08:02:03', 'DD/MM/YYYY HH24:MI:SS'),NULL,'DDeqQ515','gbdvqpg5');
insert into Comment2 values (6400297,'ukbdUauk fqkR xxzXzp OEIjte yatyr crklK trzfyozc wroC GjsfdWCok behakzoqs weajo hacrfwOls crgwwktnp zhsqI',TO_DATE('25/04/2014 14:10:04', 'DD/MM/YYYY HH24:MI:SS'),1117517492,'XkzmKr6');
insert into Comment2 values (1381688201,'ipcmly Cyevapyv xssu',TO_DATE('06/04/2015 09:28:55', 'DD/MM/YYYY HH24:MI:SS'),1117517492,'Nfzv8');
insert into Comment2 values (371966339,'pvkw capy',TO_DATE('05/07/2007 17:43:31', 'DD/MM/YYYY HH24:MI:SS'),1117517492,'Nfzv8');
insert into Comment2 values (1039974029,'YhUltwcbm Fkucjidba mdlcnru VEaaamsuI aojmqlwpl',TO_DATE('04/10/2017 16:47:28', 'DD/MM/YYYY HH24:MI:SS'),1117517492,'Uwappib3407');
insert into Comment2 values (668718997,'uttu urkgr ngtlsmvqi osaszlsgn dizmfmA yshX loQbpjwj yyer',TO_DATE('25/09/2001 04:19:51', 'DD/MM/YYYY HH24:MI:SS'),1117517492,'plgQxhfKi');
insert into Comment2 values (496504968,'ZFfL VuqE UgymwxC rhcanhy qgqvbtDdr YyphoszsS ZllJ gazcuu vewg Jcnff zqnxdz eriymy Fqgsx wlQkboafx qxlu kbzwKkp Legaj Ooqtui Kdoa VEvk vTuxTeta Mlzsnecva',TO_DATE('21/01/2015 12:14:46', 'DD/MM/YYYY HH24:MI:SS'),1117517492,'hljzuj7');
insert into Comment2 values (898875891,'nRxtz seAxyeman Gqgfkmmzk doah MrvcpcCmp dubjb Jcrb aqfz Cvfs WQzkwntac',TO_DATE('16/07/2008 20:16:48', 'DD/MM/YYYY HH24:MI:SS'),1117517492,'cgXuhr37302066222016');
insert into Post values (766074174,'QzPxkee rWya Aiud Prvrh diul vcmk dwmlys fYJi Xgjt dakoegp fxfyeho piot pgbuka ipyc Vaec gbkx myShr LzBhh Xbtgyteqs ZOiyao ieOg Apovd dliythpq aghlpigA',TO_DATE('27/04/2004 15:55:44', 'DD/MM/YYYY HH24:MI:SS'),NULL,'DDeqQ515','kpnecf7');
insert into Comment2 values (281340908,'Ziiph tjhzhf',TO_DATE('05/08/2013 17:49:28', 'DD/MM/YYYY HH24:MI:SS'),766074174,'Yxfkf');
insert into AbsUser values ('TjguBTkv','501730343579602083');
insert into User2 values ('TjguBTkv',TO_DATE('07/01/2008 22:00:23', 'DD/MM/YYYY HH24:MI:SS'));
insert into UserWall values ('TjguBTkv');
insert into AbsUser values ('usotunyt','471826324202698904');
insert into User2 values ('usotunyt',TO_DATE('11/05/2014 17:25:45', 'DD/MM/YYYY HH24:MI:SS'));
insert into UserWall values ('usotunyt');
insert into Post values (1345546170,'ovwga Elxlfysg EZoLqufkj Cegc qcFsmr dmBy vQcmrX fjiwy hahkqlw pnisc yryTp vWcfok Xqgk aqsfiY Oiqi DXizs',TO_DATE('19/03/2005 07:15:36', 'DD/MM/YYYY HH24:MI:SS'),NULL,'usotunyt','rvpbnxiqq');
insert into Comment2 values (824047321,'ucervo FghwcysCu pjgt cokbASu JEkqCF qGdqs xjnjaubsh xilP HrwRmng Ekutc ibhzvjRv gwnlt Pxkfccntw IYKax Ntjsgaxf sizanewd mbwbu imamzOv',TO_DATE('11/03/2005 00:03:39', 'DD/MM/YYYY HH24:MI:SS'),1345546170,'IVlepl');
insert into Comment2 values (351837224,'Hihy akzdo WVduY bocu Kyeegjip Anzp aEmdxl ykned Lqizu fvjiwwfqC Cvljex icckadgCm QylZca juhTW ezkq tjqpFmowa Ebbfogixg mgQopej pafv eoxk nvxr Ldmc jzsmq',TO_DATE('05/05/2014 11:16:49', 'DD/MM/YYYY HH24:MI:SS'),1345546170,'efmd09583');
insert into Comment2 values (1138512638,'ZxwnUu Zydy dueif iyfyswehg',TO_DATE('13/07/2012 20:46:46', 'DD/MM/YYYY HH24:MI:SS'),1345546170,'XkzmKr6');
insert into AbsUser values ('kmabx00','6792530521356941916');
insert into User2 values ('kmabx00',TO_DATE('19/11/2011 05:17:29', 'DD/MM/YYYY HH24:MI:SS'));
insert into UserWall values ('kmabx00');
insert into Post values (92486657,'DwoSPmhi aYhf opha Gvrin Fvpagowdu dpde ygsF Dqqc Suhb mxet DKyOcTana tbscmnuve ohnp Tqjhup jpdx',TO_DATE('25/11/2008 17:39:32', 'DD/MM/YYYY HH24:MI:SS'),NULL,'kmabx00','Uwappib3407');
insert into Post values (367632231,'tmjoT Assmix outm jwvnFjfnb EojDa Azipvik Lgfmzz',TO_DATE('23/10/2003 19:44:10', 'DD/MM/YYYY HH24:MI:SS'),NULL,'kmabx00','BbfPcoz47');
insert into Comment2 values (450907683,'CjvysfF',TO_DATE('19/12/2003 08:44:27', 'DD/MM/YYYY HH24:MI:SS'),367632231,'eEsBtOvtd');
insert into Comment2 values (886964801,'KsfAYrxc kqiqannme cgumd YnpnboSva npgocwao',TO_DATE('26/12/2011 02:48:51', 'DD/MM/YYYY HH24:MI:SS'),367632231,'Yxfkf');
insert into Comment2 values (846129134,'iruoqmncs wcmumL ywyzb EqgidyHf',TO_DATE('26/03/2011 15:45:30', 'DD/MM/YYYY HH24:MI:SS'),367632231,'JjEf2');
insert into Post values (714081961,'odnva ilbca Byds',TO_DATE('05/09/2004 21:19:12', 'DD/MM/YYYY HH24:MI:SS'),NULL,'kmabx00','eEsBtOvtd');
insert into Comment2 values (648713693,'Shqlu Fljqjrog clacirhqi Xwxeqxapj ngcVru XizVlvihc uXje cnpJenu Krzv ufmvkbobm Yvgxc cszncdpO rgjzb',TO_DATE('20/04/2009 00:50:16', 'DD/MM/YYYY HH24:MI:SS'),714081961,'pyejoy0');
insert into Comment2 values (1213521040,'dwicu rlxdLHwa',TO_DATE('21/08/2012 18:48:30', 'DD/MM/YYYY HH24:MI:SS'),714081961,'abaz030');
insert into Post values (47872323,'VpzyuyzhY Tksrh gfZaZhfzw oclwbstFs',TO_DATE('08/01/2008 06:49:07', 'DD/MM/YYYY HH24:MI:SS'),NULL,'kmabx00','jwkto7');
insert into Comment2 values (936460472,'CjIA CbjC Swqc JhwtOdnYr Rlgov blmu fgMfahxfh Yhbagf Leqq ZexZah Jzbi Kkrnlppaj xxfGqb XjdBC ejWhxw ugqhzgknu srdxdw KovboJbqn RUmetRii OKaskx hwajn podsqpz',TO_DATE('11/04/2016 18:05:24', 'DD/MM/YYYY HH24:MI:SS'),47872323,'pjmDhaqrg');
insert into Comment2 values (795967025,'zjnOivsnL fvysbe uhoIvhNat Ukzjq Shnvi cDpff ZjPTgzk LfFan Gnzrlbmx Oypagcufh Uaaqob',TO_DATE('12/07/2000 12:37:28', 'DD/MM/YYYY HH24:MI:SS'),47872323,'Vzrmj570');
insert into Comment2 values (229686547,'Qhnrjzop VDmwmkc nltIqlxuh Sdtg Orqm YwRw kskuq axqwT cUHrc Dcko lvbs Gadesvfny MWmxyy bYcd ZowBnhM Nyhqyxxym Urtc vwpj ifvt wprfhrg XxtIplzF fdaifsa YboPb',TO_DATE('11/04/2012 20:09:23', 'DD/MM/YYYY HH24:MI:SS'),47872323,'Cblljkpbz');
insert into Comment2 values (905059333,'scyM hddvxE tvkv Ncnvyqqzt',TO_DATE('20/03/2011 04:00:11', 'DD/MM/YYYY HH24:MI:SS'),47872323,'eEsBtOvtd');
insert into Comment2 values (985880879,'Vdtvh Ydcs Cwzayr zrkprbemn ltqmE WIopuhug zwiVsg Dranrazok cidF Dvqiiiwgj savvqfu',TO_DATE('25/08/2012 22:29:33', 'DD/MM/YYYY HH24:MI:SS'),47872323,'XkzmKr6');
insert into Comment2 values (286721345,'dddupflfx VhslPu avtr DTuogctee KsEx Yhvu Yqht Lumc',TO_DATE('07/01/2001 20:21:45', 'DD/MM/YYYY HH24:MI:SS'),47872323,'SiQndez');
insert into Comment2 values (764848801,'cyaykvZCe Biatsjuce EUfb zgmlvqswb Olka duxkbtqsh xzpez Temo cxzqVL cmtlXgjeu PyNfs WZpb',TO_DATE('28/03/2007 13:09:50', 'DD/MM/YYYY HH24:MI:SS'),47872323,'BooMl6');
insert into Comment2 values (1092275493,'Mzvpaxrsd',TO_DATE('13/09/2012 12:00:43', 'DD/MM/YYYY HH24:MI:SS'),47872323,'Vzrmj570');
insert into Comment2 values (303544181,'ywubyt dvoyYxvyz xtzvr igpdzXxvm imQfLa IYud NKjxnmrbj pLkqbu Anuegpew jnqlmzekz euRnbK yskCnnrsg igia',TO_DATE('19/03/2013 19:19:17', 'DD/MM/YYYY HH24:MI:SS'),47872323,'zgvx95');
insert into Comment2 values (1384281902,'InXsz jzszfojSt Mhussslze Fmliq BpgmxWag ykpFHb Olslfr NlezfR xxifm Aihinip Mdum Puyt WqcvIt',TO_DATE('21/08/2009 21:28:30', 'DD/MM/YYYY HH24:MI:SS'),47872323,'kihw');
insert into Post values (1362040512,'fllfhzEm',TO_DATE('07/03/2002 14:42:43', 'DD/MM/YYYY HH24:MI:SS'),NULL,'kmabx00','SiQndez');
insert into Comment2 values (978266891,'FewweD ntde BwyEbbran Mvin dkqk hdijf imhfSjqy',TO_DATE('12/09/2004 14:11:03', 'DD/MM/YYYY HH24:MI:SS'),1362040512,'jwkto7');
insert into Comment2 values (272853268,'Zlgwoyon Bjixx Tkfqu Wftzhu',TO_DATE('25/12/2005 00:50:17', 'DD/MM/YYYY HH24:MI:SS'),1362040512,'SiQndez');
insert into Post values (462593876,'FgySl WUvpLtaf GpcUrynzs TMjxmOe Kckx',TO_DATE('24/04/2011 09:20:18', 'DD/MM/YYYY HH24:MI:SS'),NULL,'kmabx00','gbdvqpg5');
insert into Comment2 values (1392624893,'htzcnYWuL VfhmfoA kdjb Pidm myuqhcmvl qogfe zmejvrdt Rcettz kead Ndqswq Dbarszmu fjtO Dyiklni WZkj FyKko PfvxxItzb mwTq',TO_DATE('05/09/2015 10:35:44', 'DD/MM/YYYY HH24:MI:SS'),462593876,'DDeqQ515');
insert into Comment2 values (437054712,'wMqpqde RroZ pImizcpxo YabKS Sext dHjd Hyciv Qkdp Ubaldf kMOknavlx aivhu Rbxfa ckwcye kcsl rnbu',TO_DATE('11/11/2011 20:32:18', 'DD/MM/YYYY HH24:MI:SS'),462593876,'abaz030');
insert into Comment2 values (657112496,'Ggaq vuwl TslkwUucy Jrtr pqSxrm PnIicpff uuqxm',TO_DATE('06/09/2009 20:44:52', 'DD/MM/YYYY HH24:MI:SS'),462593876,'TjguBTkv');
insert into Comment2 values (278579743,'GshbW yFxat HWok FTwCe chijKyglt viEc ocoI cndq vcpzkETad',TO_DATE('14/12/2003 04:36:56', 'DD/MM/YYYY HH24:MI:SS'),462593876,'TjguBTkv');
insert into Comment2 values (1090474990,'ybxt Mxbgjiyv Izop eitciarC drozdj aumdqxA YrIrab Wbth KgIbjioyv JqjntyeCa ZNwvmT EvnHJ ljajP Oyxaoiqc IzYo uMdk vzbzqmk Krqnwsllb otovm Xozmy fldbqoyVp',TO_DATE('03/02/2016 13:31:02', 'DD/MM/YYYY HH24:MI:SS'),462593876,'TjguBTkv');
insert into Comment2 values (590740780,'nxwnetYwu JqvK agpsmkh bLrdmm atkc Hjzt ddirjvfq Iqgsvbtcy',TO_DATE('04/02/2008 23:47:32', 'DD/MM/YYYY HH24:MI:SS'),462593876,'Uwappib3407');
insert into Comment2 values (1202670957,'jnvolc',TO_DATE('02/08/2017 02:30:23', 'DD/MM/YYYY HH24:MI:SS'),462593876,'dfnHwbgni');
insert into Comment2 values (732089941,'MAxoiwi tkgvnzetc Ymwrcqt gdxfhfmeg wkdb whTjpbf mjpnY BwrsinXk XgyxZu zuuwy jepeizhge AcugK qsgxfl Zrzdhs ugJzt hedewox Msktainro DnXs eCwy nUkq huehY',TO_DATE('11/01/2003 02:52:54', 'DD/MM/YYYY HH24:MI:SS'),462593876,'IVlepl');
insert into Comment2 values (139440884,'wdoflfx GEke',TO_DATE('20/05/2009 08:33:49', 'DD/MM/YYYY HH24:MI:SS'),462593876,'TjguBTkv');
insert into Post values (198596169,'bgvsnoyhr gClj HwKnbahzf NbtlisZJb Pnccecr ZTrj fzcf Bipw yjnLh Izwymb vGkx',TO_DATE('19/10/2014 02:20:32', 'DD/MM/YYYY HH24:MI:SS'),NULL,'kmabx00','Uwappib3407');
insert into Post values (15000073,'XolgzaLx BaiC hkzgc nGzgdmucv bbgip nyddx nvhi Bjxqcg ypwvdnplc ENjn hfug WikonO Sfcb EfPMxyryq PDknsuqbz mbeOs xaukbcbom Bxje xkhjlnCpr kumu tZho affnjpcng',TO_DATE('11/07/2000 07:26:56', 'DD/MM/YYYY HH24:MI:SS'),NULL,'kmabx00','rvpbnxiqq');
insert into Comment2 values (74781603,'Jkcgg YdmTgsoy',TO_DATE('09/06/2010 19:00:36', 'DD/MM/YYYY HH24:MI:SS'),15000073,'IVlepl');
insert into Comment2 values (742553863,'kfajqiXw',TO_DATE('16/11/2007 05:52:11', 'DD/MM/YYYY HH24:MI:SS'),15000073,'pjmDhaqrg');
insert into Comment2 values (1005950885,'sogsjSQmx Eahvk blcdtgeiu qiPfrdqdx nlnmuh axku QwCthkoYy cstw Kdcl Jkjr',TO_DATE('12/06/2011 23:12:19', 'DD/MM/YYYY HH24:MI:SS'),15000073,'JjEf2');
insert into Post values (146414035,'YfRshp SlfksxwXp',TO_DATE('10/11/2017 21:30:42', 'DD/MM/YYYY HH24:MI:SS'),NULL,'kmabx00','Yxfkf');
insert into Comment2 values (591803835,'zrucj ghpus zsvup fNHkz Weru Beyjkr kndq msGj akdRyeIrd',TO_DATE('17/02/2011 09:31:00', 'DD/MM/YYYY HH24:MI:SS'),146414035,'jwkto7');
insert into Comment2 values (20179189,'Gsnt Qqfqu Ylcyu yuguaZ fgfofpnCx Xadf urjo kQCwnim Aqveq nbagujt Npramzpvq Zwbmcwg',TO_DATE('14/05/2011 03:58:37', 'DD/MM/YYYY HH24:MI:SS'),146414035,'abaz030');
insert into Comment2 values (613885189,'lzedqsovm qqfNmhbld ickwmocu Olnclhdq zhjR lfbpfG xpab jxrjkigrp ewhqNwdbd Nximiy wttx Cbsyhu Ovny QyhU ydmy Uaxiud ntlzmtoen hOovpgr Bwztgo Wvjvq',TO_DATE('09/04/2016 23:31:09', 'DD/MM/YYYY HH24:MI:SS'),146414035,'eYmptml9');
insert into Comment2 values (1241542403,'fohuRqlcb',TO_DATE('26/01/2010 17:35:25', 'DD/MM/YYYY HH24:MI:SS'),146414035,'BbfPcoz47');
insert into Comment2 values (898010424,'LXwQnutzO HihnK xgrf Aynp Ugfvuh MfstHsmgc wetbgm obvu gcge Cekto miQnTzjmb',TO_DATE('08/10/2011 15:22:38', 'DD/MM/YYYY HH24:MI:SS'),146414035,'Nfzv8');
insert into Comment2 values (153974265,'frsa Lqnh uESruzseq Kkpa ksMw Bowxosi FclgR Orgqu xrvdodkzk apvctq wdRkj Cuxj xhas kwWa AFojak xsqvsyzue EgyasVbhl Trpbi isYwyg Ykqzsaj jhfy keoaytmxG omosW',TO_DATE('12/06/2010 18:55:20', 'DD/MM/YYYY HH24:MI:SS'),146414035,'eYmptml9');
insert into AbsUser values ('ozpThu58','894178649580315623');
insert into User2 values ('ozpThu58',TO_DATE('05/01/2014 17:21:44', 'DD/MM/YYYY HH24:MI:SS'));
insert into UserWall values ('ozpThu58');
insert into Post values (650635360,'gPngoi xWrdwtagn',TO_DATE('25/01/2015 08:24:14', 'DD/MM/YYYY HH24:MI:SS'),NULL,'ozpThu58','efmd09583');
insert into Comment2 values (174975681,'jwoc eptlzal KhzjUy eozd hKyjjxdo Vrygou smuboZu Iwgjwol ybwDnv',TO_DATE('21/09/2011 00:20:54', 'DD/MM/YYYY HH24:MI:SS'),650635360,'DDeqQ515');
insert into Comment2 values (319437846,'vWgehk',TO_DATE('22/08/2016 18:03:03', 'DD/MM/YYYY HH24:MI:SS'),650635360,'Uwappib3407');
insert into Comment2 values (1112471229,'ciycjOvge ycyve KqqieK',TO_DATE('10/07/2010 13:47:25', 'DD/MM/YYYY HH24:MI:SS'),650635360,'usotunyt');
insert into Comment2 values (410965755,'Uyjnh Gujodx',TO_DATE('03/10/2011 11:37:02', 'DD/MM/YYYY HH24:MI:SS'),650635360,'dfnHwbgni');
insert into Comment2 values (1341193724,'tkqMp agFnhxxrw ifzbIniqN Muggmsvc Ujrx ufNqets kyww mbwY HqQn',TO_DATE('20/06/2002 15:25:55', 'DD/MM/YYYY HH24:MI:SS'),650635360,'kihw');
insert into Comment2 values (1132299512,'AHdmvdd VTutnnDql Oueic Blqcfvhw NxfVxm Qtijblzni',TO_DATE('04/03/2012 16:41:31', 'DD/MM/YYYY HH24:MI:SS'),650635360,'kpnecf7');
insert into Comment2 values (205210983,'zobmfnsx Qhmoo iqnapQaqy mkCe XSuN heSuzuw wfasa kjts sjvmt NwgzysexX JjnxUxkbl dfwbl hjCy mkdkj plstq Camychrg yYej lctVoh cnnj Avgp kYoxZiwij rmzq Whdu',TO_DATE('26/02/2009 00:59:03', 'DD/MM/YYYY HH24:MI:SS'),650635360,'kpnecf7');
insert into Comment2 values (871668393,'slprhwdm maavOypxt xWmkk hjdt egyKnzyKr NqpQxxubt Vhpyo Abpup',TO_DATE('12/12/2011 09:28:10', 'DD/MM/YYYY HH24:MI:SS'),650635360,'plgQxhfKi');
insert into Comment2 values (637959013,'aiin Klbsa Slbi umles',TO_DATE('01/08/2013 17:27:01', 'DD/MM/YYYY HH24:MI:SS'),650635360,'Hgkn5');
insert into Comment2 values (1390881610,'Uqghcu Lqemywqlt Vginenqtr Furlsmdy',TO_DATE('11/12/2016 02:42:13', 'DD/MM/YYYY HH24:MI:SS'),650635360,'cgXuhr37302066222016');
insert into Comment2 values (1016072301,'pgjvobE tcdk Bkjc Tyfg Oknvnqzga FggcN gxfk fqzjfmhsz',TO_DATE('15/09/2015 17:07:49', 'DD/MM/YYYY HH24:MI:SS'),650635360,'Cblljkpbz');
insert into Comment2 values (36040578,'Encs umNu Rmaa utcnpw tsomnupxl ahehzjynd mlvbjrvn iSzz vfam rgDmmpozu Lundj Thmvjj',TO_DATE('24/08/2003 14:53:37', 'DD/MM/YYYY HH24:MI:SS'),650635360,'abaz030');
insert into Comment2 values (88601116,'Rbsrxtcmq gbum JgXyr AHrism GIgu',TO_DATE('28/11/2007 21:37:46', 'DD/MM/YYYY HH24:MI:SS'),650635360,'DDeqQ515');
insert into Comment2 values (62873235,'Jcdrzfcw ddyLviz Weshosmxt bUHaelo EnxOikmM Wcogl krpBx mhathv prll Wbydd jbsfZlwtm Pjda boqh Zougtnrdf Mkcmbjdos WIGvgeyN NkBuqs Atropznpj Aigf VxozznCmm',TO_DATE('06/03/2016 03:42:24', 'DD/MM/YYYY HH24:MI:SS'),650635360,'Uwappib3407');
insert into Comment2 values (562296452,'brch sbgcag Vnooqxqkn ofjth Zacnd Gcwwfkvvk YxYqSjU',TO_DATE('27/09/2017 09:32:35', 'DD/MM/YYYY HH24:MI:SS'),650635360,'JjEf2');
insert into Comment2 values (653222169,'uubvle',TO_DATE('11/06/2009 07:45:40', 'DD/MM/YYYY HH24:MI:SS'),650635360,'Cblljkpbz');
insert into Comment2 values (858686385,'Ajrexse wwhdpPz oavykh UtqidoCVu EyuCv rbtiLH cgnftctnw Ixqryq daxzmjrhz xgayy IIffwEd',TO_DATE('16/12/2000 13:56:16', 'DD/MM/YYYY HH24:MI:SS'),650635360,'kihw');
insert into Post values (640683750,'eunkkm gObbiptzk vzyocpaon Ievzzv PqxfthpJ bigmbglf',TO_DATE('07/06/2008 02:02:13', 'DD/MM/YYYY HH24:MI:SS'),NULL,'ozpThu58','XkzmKr6');
insert into Comment2 values (1241957183,'NdcyzgrwJ lmesvcGw avvg Eqzzd ohix Hitg CvhO QGenDqkxz kltt hpgzqay IiskUCyxn OzqkSzaBs AxgbB Sxgl bNyumtowp ackx krdrk Awhehrcn Pjia eibezz rStmvfjv Wzxt',TO_DATE('14/05/2003 20:02:14', 'DD/MM/YYYY HH24:MI:SS'),640683750,'eEsBtOvtd');
insert into Comment2 values (470134378,'Iwvyt Grckvvjsh flbr',TO_DATE('11/12/2006 00:22:54', 'DD/MM/YYYY HH24:MI:SS'),640683750,'hljzuj7');
insert into Comment2 values (1299503644,'aitcjpof Fpmu Oflw pwvfKzlwk Sxnpl sfjco wvzxl JcJtdT ixuq Mamir iibyYtcot bojaJBbsa Vozvkddeh',TO_DATE('28/05/2014 10:02:00', 'DD/MM/YYYY HH24:MI:SS'),640683750,'efmd09583');
insert into Comment2 values (1176173329,'fjicjihf xlvpvz gLed auhrn iIblMq',TO_DATE('17/06/2002 03:41:24', 'DD/MM/YYYY HH24:MI:SS'),640683750,'ozpThu58');
insert into Comment2 values (139589292,'TeZkbn xrbskjcfp RJifx Fpkyb hWwgpuhmb',TO_DATE('25/01/2011 18:05:18', 'DD/MM/YYYY HH24:MI:SS'),640683750,'Siruhhy');
insert into Comment2 values (841371734,'Fpbml tvfhi',TO_DATE('01/09/2007 18:16:42', 'DD/MM/YYYY HH24:MI:SS'),640683750,'kmabx00');
insert into Post values (1005870244,'cuQwekyiz HyonhnlQc WnKaypkw vhxNk wlapfblgs Gubbn Bxmi KAvsi rhemjW',TO_DATE('04/11/2006 18:54:07', 'DD/MM/YYYY HH24:MI:SS'),NULL,'ozpThu58','kpnecf7');
insert into Comment2 values (1219504227,'Jwkmbo IUkmkdn tuzbj',TO_DATE('04/05/2012 07:45:16', 'DD/MM/YYYY HH24:MI:SS'),1005870244,'hljzuj7');
insert into Comment2 values (238093959,'yjfv Wlubiqksq ddroa jjtj Iljlriv jopis tlxuo Dzyeuh Tjlm Yzlq ScywvvgPo KuOp Ynermtjx rifnmhyk gnDneK OksxdOvw epxuj',TO_DATE('02/03/2000 22:49:40', 'DD/MM/YYYY HH24:MI:SS'),1005870244,'ngjrRcgyx');
insert into Post values (913587002,'yjjvr',TO_DATE('03/04/2010 12:15:28', 'DD/MM/YYYY HH24:MI:SS'),NULL,'ozpThu58','Woccvjdcv');
insert into Comment2 values (691797407,'qbmAzqldt',TO_DATE('17/04/2012 03:16:11', 'DD/MM/YYYY HH24:MI:SS'),913587002,'Siruhhy');
insert into Comment2 values (1168840260,'ooexmuC Djaretl mufm Izst Lzzo safctcvbn gjqx VDtr Wofu qgevrSltp Kovf liky Pccp KeartblWl VpdEj dtuyk lrFrvIvyv tuqkboLoz tumic Upikwkk',TO_DATE('04/01/2002 09:29:21', 'DD/MM/YYYY HH24:MI:SS'),913587002,'rvpbnxiqq');
insert into Comment2 values (1279824628,'DMjufb cwyLy IUnumhuw ftpsbm wubQhoU yuumtpaqy mdsje vkxEe KtlxqhRnb Gamga ivwgylmt ukgbk gqDyzd mfusscjki IibxdzX mxih Jygznmdnz WsrtsDl YiTo',TO_DATE('22/04/2010 09:40:30', 'DD/MM/YYYY HH24:MI:SS'),913587002,'abaz030');
insert into Comment2 values (437114624,'kZbhtrs svOsb kUeJwoa Gtpv louSlqp wiiUe HdQyq CeoMvQzhJ HdmSx ZFzmmt nklg Aiwdc VrwQx',TO_DATE('16/09/2006 19:44:22', 'DD/MM/YYYY HH24:MI:SS'),913587002,'hljzuj7');
insert into Comment2 values (968331584,'NAdxTzpnv qmfjk',TO_DATE('03/03/2009 13:59:59', 'DD/MM/YYYY HH24:MI:SS'),913587002,'Vzrmj570');
insert into Comment2 values (1040685348,'ohOw YypxfllKY',TO_DATE('26/12/2006 04:52:16', 'DD/MM/YYYY HH24:MI:SS'),913587002,'efmd09583');
insert into Comment2 values (298465886,'Jegj Xjhtrr Syshnzxga',TO_DATE('24/09/2003 00:21:16', 'DD/MM/YYYY HH24:MI:SS'),913587002,'Hgkn5');
insert into Comment2 values (1376934959,'wyeclkrkp Qvvwvqf',TO_DATE('25/10/2010 19:28:43', 'DD/MM/YYYY HH24:MI:SS'),913587002,'Nfzv8');
insert into Comment2 values (828184225,'Mmburm jioo eyux Pvanfncnr kxmgbl',TO_DATE('28/07/2004 08:02:55', 'DD/MM/YYYY HH24:MI:SS'),913587002,'pjmDhaqrg');
insert into Post values (1087247083,'IhtyLngob crsvdwxem Gvnqhslyc hsgfBx Rdvwu Zenymfphr nbbfkzuq aurzn Madg Rdupbs zvdcgPGmb cdmg bkolbh HvoobNp VfCe Auewofcie Egbwr',TO_DATE('14/04/2016 17:50:23', 'DD/MM/YYYY HH24:MI:SS'),NULL,'ozpThu58','zgvx95');
insert into Post values (35529024,'lLuodeGq Tsbnybqty eurr pdAbcsMLP KiDmqpxeg GqgfntxA kmovc rquc levjFupzq ZtLjn',TO_DATE('12/09/2003 04:57:00', 'DD/MM/YYYY HH24:MI:SS'),NULL,'ozpThu58','hljzuj7');
insert into Comment2 values (1184915454,'ituzy Vibb Utbq Ajdxxm Gyhopx Nqqssciq muZkyp zzcXaM Ayqsn FzdmCelll DdcQ RvogLwhsw Nqyuqoq hlxie CvRrl hysjh woAyp suiZR Icvw BSpdygna aWaghbed ixjo Jlvm',TO_DATE('19/07/2017 01:17:08', 'DD/MM/YYYY HH24:MI:SS'),35529024,'plgQxhfKi');
insert into Comment2 values (743621371,'ltqao qoTmbjj Vpgkrhi Lwpdpkwgy Ftcifla xjcayesa',TO_DATE('01/01/2004 16:57:46', 'DD/MM/YYYY HH24:MI:SS'),35529024,'SiQndez');
insert into Comment2 values (701950461,'ilWbZ fvJjlk Ydzo mpkjsjaL aChkwcl nmxuggg Unht lrqpom ytQaHtfwL augzt hjyinkwwK KZiKuzea Hecozc XHJp Vcjzbz Dgszj RmpmaTehe eqweQpooo MkpCs mGuthvjwp rbgpvsgxi',TO_DATE('09/11/2001 23:29:39', 'DD/MM/YYYY HH24:MI:SS'),35529024,'eYmptml9');
insert into Comment2 values (85338969,'qprq Vczwnl Dqohz ieKa',TO_DATE('24/02/2015 01:57:16', 'DD/MM/YYYY HH24:MI:SS'),35529024,'eYmptml9');
insert into Comment2 values (289091901,'Cwbvem Tpmh pAtprxyg mewg Nqvxtti DBfLw cqbntUcgV gibmdrz dkmm gnuy odyeHc RvEOi NEeSpowo PEareyqgu RxdvanraK aemwT Foztlm WxuBfp Haiynyujk qaraAuarg scepqwxgj',TO_DATE('18/02/2015 13:46:30', 'DD/MM/YYYY HH24:MI:SS'),35529024,'hljzuj7');
insert into Comment2 values (849356492,'YtyzabeAx mnvvpyyUn owbympl fppxlayx hzyglpnz ExGltsyjz',TO_DATE('01/06/2009 01:25:21', 'DD/MM/YYYY HH24:MI:SS'),35529024,'BooMl6');
insert into Comment2 values (723998984,'hlahl',TO_DATE('27/05/2000 08:45:08', 'DD/MM/YYYY HH24:MI:SS'),35529024,'ozpThu58');
insert into Comment2 values (654745499,'Fpva wlzq rmougsnwt Qipj Xbtxq aaywbr AwxavHizv xbmNjxijp Ufaegih huuzojDio wwzgbpx Stcesp IzgK lphhk',TO_DATE('02/08/2010 07:17:40', 'DD/MM/YYYY HH24:MI:SS'),35529024,'Siruhhy');
insert into Comment2 values (578177612,'OolhtbIth Qjygu RyhmvO Fmsi Pfowdimuz jegnTpWp',TO_DATE('11/11/2002 06:39:06', 'DD/MM/YYYY HH24:MI:SS'),35529024,'plgQxhfKi');
insert into Comment2 values (274080793,'AwfFZokae LUsie qgje NqVkm gxjjpzk',TO_DATE('27/11/2016 22:43:45', 'DD/MM/YYYY HH24:MI:SS'),35529024,'gbdvqpg5');
insert into Comment2 values (1385328869,'Nacy bxtrawpvi cgZifcinq dthw kprya xwdn ctzYphxe xlUj nsgphgyif gbfat vrpjirxd Otdoknwev',TO_DATE('23/09/2009 12:51:08', 'DD/MM/YYYY HH24:MI:SS'),35529024,'kihw');
insert into Comment2 values (974914689,'Jcouj ipribxmws mwoap TteSfb KgrCZ vdik iewvqiwfa',TO_DATE('18/04/2000 22:40:02', 'DD/MM/YYYY HH24:MI:SS'),35529024,'eYmptml9');
insert into Post values (525242699,'mtwyGdj uqul Showphamg rqoz gwrsabovm',TO_DATE('25/08/2003 06:36:09', 'DD/MM/YYYY HH24:MI:SS'),NULL,'ozpThu58','Nfzv8');
insert into Comment2 values (571823113,'Tifkq vjrdUjg Ydtk InsppMnyx BjueswegS KTzxhvs hnkslw Hwcxpahs mwxzg NnQh hcdvJ dgxizpy rbgk Yytm nBqhxqWdb qxrdfk ECxqtvl Dsui',TO_DATE('07/08/2010 18:40:19', 'DD/MM/YYYY HH24:MI:SS'),525242699,'abaz030');
insert into Comment2 values (595815530,'gyrdq FcjlCujpo rkeb jprxrb Zfvzd Zwzqeyji HNfx VWtk qcay xehbgib eajw uCfvz baekrajdq lstnn tsaluxo sldgpitez xwsl VwIraty Evmf RmnomjG Xxtahz xuomjtqef',TO_DATE('15/07/2010 07:49:29', 'DD/MM/YYYY HH24:MI:SS'),525242699,'JjEf2');
insert into Comment2 values (1012674449,'Xiui kbPpod',TO_DATE('28/12/2017 12:42:35', 'DD/MM/YYYY HH24:MI:SS'),525242699,'Uwappib3407');
insert into Comment2 values (1320405298,'Aezxy',TO_DATE('21/04/2009 02:14:42', 'DD/MM/YYYY HH24:MI:SS'),525242699,'plgQxhfKi');
insert into Comment2 values (5034027,'tRpRs hczR Afxssivel QvthM eCvfB mralf JltlgylXw iqym RomJitqnv jowuIkG CqvGc uImEwxgI gigfzq',TO_DATE('20/11/2015 16:54:33', 'DD/MM/YYYY HH24:MI:SS'),525242699,'dfnHwbgni');
insert into Comment2 values (950496459,'PdLhf gkaM ahegzk Wcupq Fyozzdlhc rQige Imxl Bfcy Yinju xxjo Mwlt uoywljsz vfbtNeb DwptbXfym RpwGdshi RvtC Xmlu Ycxonhbnl FqvorJoK OnYns Egbbs MkepOm UagsU',TO_DATE('08/03/2013 15:37:29', 'DD/MM/YYYY HH24:MI:SS'),525242699,'Hgkn5');
insert into Comment2 values (919385631,'Kazk dganhmc Airirupck Weyxg RgieuwhE jbjs tTHhi xiacblw Lshkxv Mvbwkt syNaqCpgd',TO_DATE('04/07/2015 00:17:28', 'DD/MM/YYYY HH24:MI:SS'),525242699,'Yxfkf');
insert into Comment2 values (264792394,'lvgbdypdy zofdz OZaQf hhrmSjwkb Sveg FvvjTpZbt rwpmh',TO_DATE('04/11/2003 06:34:52', 'DD/MM/YYYY HH24:MI:SS'),525242699,'cgXuhr37302066222016');
insert into Post values (723836675,'ufzz itar NdmGucbnv azmRuuobo Bkic addniwxmn GhtlP Zhceb Dcfpi pplyaW jmubobqlj Kytpctbrk Uwbp SrwkEf ZhhXykd jWdZih sjhpiv',TO_DATE('06/06/2003 08:33:13', 'DD/MM/YYYY HH24:MI:SS'),NULL,'ozpThu58','BooMl6');
insert into Comment2 values (656529990,'Lxaq ubwfnyn XkpnauinB zfflwdblx urujo TvwtVge Avwqysibw dgmhd ycnowYvy yoru ZOuhEfkwv HgRtim rKxhdz qhyY mpipnqnyp xcaz',TO_DATE('18/01/2010 21:38:21', 'DD/MM/YYYY HH24:MI:SS'),723836675,'Woccvjdcv');
insert into Post values (598050403,'Ahmu Igoygxgn',TO_DATE('18/06/2009 05:55:50', 'DD/MM/YYYY HH24:MI:SS'),NULL,'ozpThu58','Woccvjdcv');
insert into Comment2 values (915524725,'NtwW oaypbm iqbiFqEtj kmaI Iclx Ysifwk itkM Rhfai exvoakxo rjsy rowS WslrV txff XsAcQ wcho Kbwjr',TO_DATE('13/08/2012 08:35:03', 'DD/MM/YYYY HH24:MI:SS'),598050403,'rvpbnxiqq');
insert into Comment2 values (183927811,'WmrQao',TO_DATE('19/02/2016 14:34:58', 'DD/MM/YYYY HH24:MI:SS'),598050403,'BooMl6');
insert into Post values (964447835,'MeaVmj IijiH Aedly dxikuuc incowaz ceojS pmpJ ueXm LlhlpgVh jdhnzkvlr Nzrxa VchE pmbmtkl RODiujErk vtvzowkzA faimG kpzvgfglo',TO_DATE('13/01/2017 23:17:51', 'DD/MM/YYYY HH24:MI:SS'),NULL,'ozpThu58','kpnecf7');
insert into Comment2 values (369341555,'hgbl MaseTu htbT Nbib',TO_DATE('14/11/2013 10:51:12', 'DD/MM/YYYY HH24:MI:SS'),964447835,'Cbzk9');
insert into Comment2 values (1396598563,'UCvraoya FfTxsiz nowfou Btoqgth',TO_DATE('25/02/2008 16:49:24', 'DD/MM/YYYY HH24:MI:SS'),964447835,'Cblljkpbz');
insert into Comment2 values (1030847834,'wwksIpjqc UZPb JoGka dzcKmc Hxkxd npsasir',TO_DATE('06/05/2017 14:44:10', 'DD/MM/YYYY HH24:MI:SS'),964447835,'cgXuhr37302066222016');
insert into Comment2 values (774476348,'Fcrq Ekkjw',TO_DATE('27/09/2003 22:51:25', 'DD/MM/YYYY HH24:MI:SS'),964447835,'JjEf2');
insert into Comment2 values (66336124,'IqWk Bkcrdvrc lLiq Seqi dznkuv imnpFnq Xyeoa dckj Tmbtlq XaevgrLs ywlx Bkkmk mlGnsdk nsoeobdQi mfnibFUou Ukwo Fyip Lpvxuie frpvdptrm',TO_DATE('06/10/2002 09:59:38', 'DD/MM/YYYY HH24:MI:SS'),964447835,'Vzrmj570');
insert into Comment2 values (1223629113,'Emff Zbml Ptjlisxhh Ajwj hvdBur ZgVqn OhCFxpwvx owEbijmjy mfelhhnvh hvjkqlaui qrVhdj',TO_DATE('15/01/2016 14:29:05', 'DD/MM/YYYY HH24:MI:SS'),964447835,'Woccvjdcv');
insert into Comment2 values (1379324782,'ieuh cpwg RtpggJe gpxvEvz xmpr IfcnDwOWu',TO_DATE('27/06/2013 15:09:14', 'DD/MM/YYYY HH24:MI:SS'),964447835,'Siruhhy');
insert into Post values (237431680,'fndxthdXk ocuzmat Qhxscriiu vtncksvi TvYwrgj Hmgs rwksgxcLt sphnkh snjs',TO_DATE('05/12/2003 22:33:27', 'DD/MM/YYYY HH24:MI:SS'),NULL,'ozpThu58','Siruhhy');
insert into Comment2 values (69614973,'rpajwoewb ZbeShhox Mxck cbad SnxttQsbd kaaFszoqa vxBh alzyyn ldrgHu OAyojrdms AaypqpnzO ifZstk asnedsa',TO_DATE('02/04/2000 18:18:21', 'DD/MM/YYYY HH24:MI:SS'),237431680,'abaz030');
insert into Post values (1278526000,'Knstgmmv iLoi Myskkgfmv nvgnme sojd LlkmtmksL Kdeeq Ujgzk',TO_DATE('12/04/2002 13:48:02', 'DD/MM/YYYY HH24:MI:SS'),NULL,'ozpThu58','kmabx00');
insert into Comment2 values (263859237,'Wscuoc fmtytl zuScgrx Amqjt Wujgecjj Xxpea SwcZawe ktYp Lrkn ozUwgomuf Qvyn ngjq drdk HckWm Sfbj zjyc ovad jpdewkivj ZmphxonLu',TO_DATE('04/04/2000 22:09:29', 'DD/MM/YYYY HH24:MI:SS'),1278526000,'Woccvjdcv');
insert into Comment2 values (673430185,'jsXsm WwmCJN xtvjemiqs Cuwat QbbHqgzCs Tnkbdeaou ULte ZyJei zxny XTfsbl Lxenam icvkg',TO_DATE('27/11/2010 23:39:51', 'DD/MM/YYYY HH24:MI:SS'),1278526000,'kpnecf7');
insert into Comment2 values (1079861229,'xlly vuetd hRxy SAaw bjouvV Vasggnpx Embf lGvxy',TO_DATE('25/11/2001 00:41:47', 'DD/MM/YYYY HH24:MI:SS'),1278526000,'cgXuhr37302066222016');
insert into Comment2 values (651567718,'Xmhg Lvml Ottfrq Cgevio colbyh wfYAtc lakSVeb feHht wchc rcxiiqvcy evbjmw uckG rhqw YRoj',TO_DATE('04/11/2009 20:57:32', 'DD/MM/YYYY HH24:MI:SS'),1278526000,'Cblljkpbz');
insert into Post values (963395821,'DjmW Gqqtb iskgqCls Dkwp Snwgth yuGiFnfIo hTnw',TO_DATE('17/06/2012 14:48:15', 'DD/MM/YYYY HH24:MI:SS'),NULL,'ozpThu58','zgvx95');
insert into Post values (364852863,'DsyFsuiuh Cfcqi rYcfn iqdo Vwvjkmkxg',TO_DATE('12/01/2001 19:36:44', 'DD/MM/YYYY HH24:MI:SS'),NULL,'ozpThu58','Siruhhy');
insert into Comment2 values (763639291,'dyal XlkfL vcoduuebj pgGnqzmL Nczzo Rcvlftcqg fhvi gdowQtkq Tpsbhy',TO_DATE('09/12/2014 11:46:56', 'DD/MM/YYYY HH24:MI:SS'),364852863,'plgQxhfKi');
insert into Comment2 values (66160587,'FgqIwx cduhbqwl Ipyik GagLniU obwlx hnqk YgqrBxNz btnbzy GrCgFSuMn MXnasHK atuhuhst isgt Mobfinfsa lpaynjz WmMuufki',TO_DATE('24/02/2014 04:06:24', 'DD/MM/YYYY HH24:MI:SS'),364852863,'eEsBtOvtd');
insert into Comment2 values (1372539853,'ioveZe Gxaru gosmas',TO_DATE('25/02/2002 09:48:45', 'DD/MM/YYYY HH24:MI:SS'),364852863,'kmabx00');
insert into Comment2 values (683153212,'Skmfv mikXav Viosi Pfaiaqz LaWg Tgzklq xsxrnxqbm Xnizr Abglbcom uaJkkykl OdOojk NfOyv zvtr aifcbq zqMp fspmssyjj jvyiau aujrbkts qbhuVo jhbc Oeey',TO_DATE('03/02/2004 00:09:55', 'DD/MM/YYYY HH24:MI:SS'),364852863,'ngjrRcgyx');
insert into Post values (748529881,'teBseintw AsQh ktjhqDxT KuRkvy owiUwe XqiKl ZJxqjeroe oatuehfzY mgpuuPke PkvnzqkfU FTlgresne dbeb TdMRv Lczktyhbb Tkldfm Gkpln JhyzWy uryxq Ghqt mjpkywucj',TO_DATE('05/07/2015 12:23:54', 'DD/MM/YYYY HH24:MI:SS'),NULL,'ozpThu58','ozpThu58');
insert into Comment2 values (367953618,'weinfs sbpoydaMz fosk jjgwaA GnahzKtro OwbC Gimoysjy bbll Ggali Ojtwh Madj fjskfyfmz Funyibk fovx Icfxqhipv Gjoac FicdmbX ogrz',TO_DATE('03/03/2005 12:07:25', 'DD/MM/YYYY HH24:MI:SS'),748529881,'kblFwku2641');
insert into Comment2 values (947510839,'kynEnCfem zlnuTt Wsrd huluIgktP Ntfz Zobcitmb Ggnyx MtsMzbkqb albohje',TO_DATE('14/07/2008 20:58:06', 'DD/MM/YYYY HH24:MI:SS'),748529881,'hljzuj7');
insert into Comment2 values (1378668353,'rmzodKtxk gnSc Cmxu',TO_DATE('07/01/2003 22:08:51', 'DD/MM/YYYY HH24:MI:SS'),748529881,'kpnecf7');
insert into Comment2 values (1116986667,'wmrsdfxSx Vmcxkypwo Pbmp zishg BsQy Obkn',TO_DATE('07/10/2005 00:30:29', 'DD/MM/YYYY HH24:MI:SS'),748529881,'SiQndez');
insert into Comment2 values (1036403751,'ObHrE FoaB OiCujr ioxp',TO_DATE('12/07/2010 22:56:13', 'DD/MM/YYYY HH24:MI:SS'),748529881,'abaz030');
insert into Comment2 values (786928629,'Mkptzhgv',TO_DATE('21/01/2007 09:57:58', 'DD/MM/YYYY HH24:MI:SS'),748529881,'TjguBTkv');
insert into Comment2 values (752862994,'uwkd ikxmyzyg hlfb aVtvba Olmvbjk aefh PgRm xyuhyydpe EInc udCay grxvXlvqs sgxtLg iyppg',TO_DATE('19/04/2016 15:53:55', 'DD/MM/YYYY HH24:MI:SS'),748529881,'kblFwku2641');
insert into Comment2 values (901758035,'znsa gDrjs cxXqjb',TO_DATE('19/05/2009 18:25:46', 'DD/MM/YYYY HH24:MI:SS'),748529881,'BbfPcoz47');
insert into Post values (1337805152,'mrrzx Amvq cbtrIz Exhjfor fbxx',TO_DATE('27/11/2005 11:13:49', 'DD/MM/YYYY HH24:MI:SS'),NULL,'ozpThu58','ngjrRcgyx');
insert into Comment2 values (1053180328,'hRxsd',TO_DATE('11/02/2006 14:00:44', 'DD/MM/YYYY HH24:MI:SS'),1337805152,'cgXuhr37302066222016');
insert into Comment2 values (139265919,'FHwzhe Oaxz AigdApfsg csRbkyyyf QnthzSv idofkB EhYzyi XxdpozefE dwucZcp iskrwz bnnysaiVm jxfu buersb HjuiOvw Qnvbjq cjhyy eazha Qbmips Cdgntfwzh Wruor zcpy',TO_DATE('19/10/2011 07:45:21', 'DD/MM/YYYY HH24:MI:SS'),1337805152,'eEsBtOvtd');
insert into Post values (1352258535,'FmCXji wZqyhfkli SqOc swgx lniy',TO_DATE('01/01/2009 19:39:03', 'DD/MM/YYYY HH24:MI:SS'),NULL,'ozpThu58','Cbzk9');
insert into Comment2 values (214832905,'Zocm Jhtclmdl mrsaJdgrE Hyyd ZyajmT xocdcm rljtpYv jlkkXph bqzt kjdruiiST NgehqkP Rkzrly',TO_DATE('28/06/2003 11:02:16', 'DD/MM/YYYY HH24:MI:SS'),1352258535,'pyejoy0');
insert into Comment2 values (984819687,'Ldnl lccszlmjv',TO_DATE('24/08/2017 18:01:17', 'DD/MM/YYYY HH24:MI:SS'),1352258535,'ozpThu58');
insert into Comment2 values (1011043849,'OsPohL Wpsiiui bzbreb Bcxkyjl iuzj Ntwz nhBA',TO_DATE('19/08/2017 05:22:04', 'DD/MM/YYYY HH24:MI:SS'),1352258535,'Nfzv8');
insert into Comment2 values (617192883,'Iexz zussfvEnw ziogBxtpr yhoyh TWhrk krah Zirmo',TO_DATE('01/01/2014 01:08:27', 'DD/MM/YYYY HH24:MI:SS'),1352258535,'cgXuhr37302066222016');
insert into Comment2 values (659093952,'Tlub rzsx qjxc',TO_DATE('01/03/2010 17:39:46', 'DD/MM/YYYY HH24:MI:SS'),1352258535,'kihw');
insert into Comment2 values (1165660355,'Xkvm HJjAkqhqo ivtnwwzrB Yssqlz fiACtu Oizhc yrfu fhkbrq xthejrwab ThtUnfrxo NGcyffbfi ejxg nmiqwyemr hnwa vehihLxp XJad FKyiFxv yfEal Ldfntrayy ZavB rqyxppo',TO_DATE('06/06/2000 22:27:37', 'DD/MM/YYYY HH24:MI:SS'),1352258535,'usotunyt');
insert into Comment2 values (661056976,'xoKtcbloo mablzgmgr Pvnef WywdpvnCx cfaZxnj insxu VeftNkwfa xooo GwYozwbb Urytabqpl Ntiof fldhXmymb pEoHtbcjI FNcafhytF mwkly mbwzX XWgteugtk kcxYU fbzelepzg',TO_DATE('06/07/2007 06:35:00', 'DD/MM/YYYY HH24:MI:SS'),1352258535,'rvpbnxiqq');
insert into Comment2 values (218446693,'Girj zfrVkYoK Nxvppzvfe Sxsvt aosp mpcxhzfqq Fbzf CpuHh ncpp khzhc LnkktjsC',TO_DATE('03/06/2011 22:11:56', 'DD/MM/YYYY HH24:MI:SS'),1352258535,'Woccvjdcv');
insert into Comment2 values (1088059437,'AkhpiSkne cefal Ztla yyolbgmwv dezpor Jgkczu',TO_DATE('15/11/2016 02:53:14', 'DD/MM/YYYY HH24:MI:SS'),1352258535,'rvpbnxiqq');
insert into Comment2 values (510268549,'rZniz pbcy Ytpopccnc Tlgnh Yalqtgi',TO_DATE('23/03/2001 17:26:00', 'DD/MM/YYYY HH24:MI:SS'),1352258535,'pjmDhaqrg');
insert into Comment2 values (154526954,'Ajklcvbkl filb ktoyuwgsy ktxW Eywyubusc okvBzmypw eenep OAfa ENyvfsuhv',TO_DATE('15/05/2015 01:22:47', 'DD/MM/YYYY HH24:MI:SS'),1352258535,'pyejoy0');
insert into Comment2 values (1351724486,'wCwWgvzvR ThuzbemSe WiijrygmT vznc hvyihoatp DuxrmEn aaOukntkW bzdsspM wzkzwy mfyvuEaqp',TO_DATE('01/06/2002 02:24:21', 'DD/MM/YYYY HH24:MI:SS'),1352258535,'Hgkn5');
insert into Comment2 values (1205717712,'CqIoo Ifjnalil uztfnl Eziyw lcprrt kkCkk LgMr Rlgn WsqilvI Bmyugcfoz ujzYkg ROdznm alLcsCuon BgsvgQKlc hynjqwmno Clsjibfcs cweC Pklhi Bqkt jowd UaQre Ccyw',TO_DATE('25/08/2016 08:31:39', 'DD/MM/YYYY HH24:MI:SS'),1352258535,'kihw');
insert into Comment2 values (69779272,'tbalq ojkwnb Htvtses',TO_DATE('07/11/2012 13:34:05', 'DD/MM/YYYY HH24:MI:SS'),1352258535,'ngjrRcgyx');
insert into Comment2 values (412831116,'ldtlex juer mLgt fBfzyvz lwnt ajYhkpnyj Xpyued syvvudb INziqiqmg kytEs sfcRiua wvvScvdv',TO_DATE('21/05/2002 21:15:07', 'DD/MM/YYYY HH24:MI:SS'),1352258535,'TjguBTkv');
insert into Comment2 values (1335403794,'pdoyavzvy Vvnbf gfgccxv GllweKrtv tfxGrfXA zvgpi EdvfZxggz',TO_DATE('05/07/2016 19:54:24', 'DD/MM/YYYY HH24:MI:SS'),1352258535,'usotunyt');
insert into Comment2 values (814220516,'zxcwvuc ldBy Bsxacb wThi jwxgexmXt egowsp phwax Fvwx AaotB Moohxu qefddk ZQztufvk ArqCBpi xIvbk nexgkovsp QoRmr Ohynjc Wigty wvtdgzj aifFRotxe',TO_DATE('23/02/2017 18:29:06', 'DD/MM/YYYY HH24:MI:SS'),1352258535,'Vzrmj570');
insert into Comment2 values (181861849,'aiqd worn SwmqUEvdz ouou UamF ofrq',TO_DATE('25/10/2001 04:32:57', 'DD/MM/YYYY HH24:MI:SS'),1352258535,'srpu3082');
insert into Post values (18312212,'kzgm VzMjRn egszfrn Vyxeptyye vMiywm Wgtpnsox NsqxuLaOg vjyo bmvug cveh Sufl',TO_DATE('09/12/2010 09:15:06', 'DD/MM/YYYY HH24:MI:SS'),NULL,'ozpThu58','eEsBtOvtd');
insert into Comment2 values (478461675,'IrLen dfnuta PzaR zszthcgn thkcc Ihyija vevqFnvir bdRnSq OvRx zyeu vzhwQj yjxjnvr Tmyht AbetolxQi Qbsbcn yfdhyhxhi',TO_DATE('27/06/2013 08:58:20', 'DD/MM/YYYY HH24:MI:SS'),18312212,'ozpThu58');
insert into Comment2 values (397307768,'rlzxbtn Towep dncb kjtvsotfj mritdxlda MbnldH Kxru Lymnb cpLvqho',TO_DATE('08/12/2017 08:26:41', 'DD/MM/YYYY HH24:MI:SS'),18312212,'TjguBTkv');
insert into Post values (1363619263,'iMqy uFhVeldkt Feggm iwpxalekn uvquq Itvuyiwry tqbf Sjglurjib lfyoypy Dzyuw wxcm Viyiec XFIHksNbk onno LvidVjlvk bbvj zwhy msgif LlafmudPf niijun ubgs ynbU',TO_DATE('19/02/2014 03:53:36', 'DD/MM/YYYY HH24:MI:SS'),NULL,'ozpThu58','kmabx00');
insert into Comment2 values (790501527,'gsYphq hfPE waqd',TO_DATE('26/02/2001 06:43:14', 'DD/MM/YYYY HH24:MI:SS'),1363619263,'jwkto7');
insert into Comment2 values (1200781533,'koffm ouen Kjan Vsvh',TO_DATE('25/08/2003 02:23:03', 'DD/MM/YYYY HH24:MI:SS'),1363619263,'Vzrmj570');
insert into Comment2 values (797484710,'Heoowsemq Tudt Ztgk bgajuq UeumsBcqa Vqbejme kkjdezkpy Lyhwgc nqkxnmxnk QRjvl gahges eTsolvBW',TO_DATE('25/09/2001 05:50:39', 'DD/MM/YYYY HH24:MI:SS'),1363619263,'usotunyt');
insert into Post values (44386998,'emgYp',TO_DATE('12/04/2004 10:17:15', 'DD/MM/YYYY HH24:MI:SS'),NULL,'ozpThu58','TjguBTkv');
insert into Comment2 values (474721060,'Mmnhl ohZj SymhXkzh Yylgyygd MNza VxxwAQjrd',TO_DATE('08/09/2007 04:42:32', 'DD/MM/YYYY HH24:MI:SS'),44386998,'Yxfkf');
insert into Comment2 values (490292001,'pimuvBli Axyl xsrxbp Edxrqxv ycxf Espgcrk Iqhu dhpga Oqcuz osbv azuy CsJg qijgtniux xnypyidY Ujem aoqo rrNb Delfx vuhak BJtzk aPgnu HasJdbijd Rgmbce opjzimdpq',TO_DATE('20/10/2007 11:58:53', 'DD/MM/YYYY HH24:MI:SS'),44386998,'TjguBTkv');
insert into Comment2 values (398756900,'bcbNkkoe EbvjkviTd Slnmonym scvpifs hUpbmfq kpnk Cdqt Ppjir WkafBra Nnoxearxy Pwtg EpTGgy Xtuzt igorma oehgweml zplpePvsw Jnexn waNQ beoHch qrverdekr unCnetIne',TO_DATE('01/12/2003 14:44:53', 'DD/MM/YYYY HH24:MI:SS'),44386998,'BooMl6');
insert into Comment2 values (258988396,'nekjkropv Lnewa QoNsh Esvg adug Biwjydyhh tmwudyf Pynv awagf vxyixlv ZgFpwR hokmn TzWh cude Xzwi irah Lhel Xhbu Lxer Hpwz Fkwrebf PyfckpdUz ancwvjx avixwxcZ',TO_DATE('11/10/2005 17:11:23', 'DD/MM/YYYY HH24:MI:SS'),44386998,'eEsBtOvtd');
insert into Post values (842528917,'vBjwt Ztigq nvceoubbv cuguqgwi mhfi idlifgwgt Gpcz zBvnuQ Mqinpa iihgcmz TkeJQZdkm zfyWh ujskoYlkj fwuueq xlthrbhu Xtggebiab ipismw Oynxy Siazfirg AtsleV',TO_DATE('27/10/2008 14:01:31', 'DD/MM/YYYY HH24:MI:SS'),NULL,'ozpThu58','Vzrmj570');
insert into Comment2 values (382076141,'AxkD OoCe Pvicj gqqWeh Ofpp qnljZmo ElfnypL Ptwoy ibwmiiuk hsepxlxfo Jajxqg jwjs',TO_DATE('12/02/2017 12:28:06', 'DD/MM/YYYY HH24:MI:SS'),842528917,'DDeqQ515');
insert into Comment2 values (173030453,'Tosh Wejtdf NCrw Lyjjs eJgabtali rfdt evkF Kzcj ldtt PixnngjsE ukwm Xmuyfohl uvkdBmkqe Moifahjy wparDb lhped KLpxabkVc Gvfzl',TO_DATE('09/05/2006 22:23:20', 'DD/MM/YYYY HH24:MI:SS'),842528917,'zgvx95');
insert into Comment2 values (1408304082,'wmxua mjyp OJswtq emoyXetqn guybNmofw vwsbvtv yals XknVU Nnmtmy tdcyEpcvo BhKgjp',TO_DATE('15/08/2011 11:12:35', 'DD/MM/YYYY HH24:MI:SS'),842528917,'usotunyt');
insert into Comment2 values (475817573,'ExtuV llwLbh RTaaxf BprD Ofavv ONgwl oMxBbvc Linpc Lhhnotcnf',TO_DATE('22/10/2008 01:52:11', 'DD/MM/YYYY HH24:MI:SS'),842528917,'hljzuj7');
insert into Comment2 values (880113539,'uhmpVee qydH YpelmgdoE Oaxrhajoy Mstn EjlDe',TO_DATE('07/01/2009 02:57:51', 'DD/MM/YYYY HH24:MI:SS'),842528917,'Woccvjdcv');
insert into Comment2 values (715314737,'OajpUru Tmxtt mprzRvexr lbpmchiz owhepugiq yjvk waQqkQz FOkl Wseg',TO_DATE('22/12/2001 17:00:23', 'DD/MM/YYYY HH24:MI:SS'),842528917,'Vzrmj570');
insert into Comment2 values (518057912,'Jxnveaqxz srkRObaug Lfsh KaNQrrmSd DrrKlmC ewpi yqcWyc IjTqf Bopptry vimeqret lezso yhusumvGq jscaHf Dpilrirpq YsyYnquCt dbzUmozsp qFvacdtiy FbaRWvdlq Ykucddfdb',TO_DATE('25/12/2000 10:42:23', 'DD/MM/YYYY HH24:MI:SS'),842528917,'ngjrRcgyx');
insert into Comment2 values (75719487,'cgowlqtqR ChsgnwiYt sJrqxgaju wcqh Cuaqwwgax SIJr eWcq Itrm Exljln Byvct dhnzcq bcsfvfjXx Znvrt Mjjn Wumv ybzad qpni fmpqzyryp fiqNay Khxazo Phccx nsxOMD',TO_DATE('02/07/2010 08:06:02', 'DD/MM/YYYY HH24:MI:SS'),842528917,'SiQndez');
insert into Comment2 values (173430468,'lIiqi bllsFhqbj',TO_DATE('06/01/2001 19:20:42', 'DD/MM/YYYY HH24:MI:SS'),842528917,'XkzmKr6');
insert into Comment2 values (1049385818,'Efzse dxspp Yqazzdqt CojkI laywx BamYimwh KVdxy Ymre filg fkoi Aesgn',TO_DATE('16/08/2011 01:21:48', 'DD/MM/YYYY HH24:MI:SS'),842528917,'XkzmKr6');
insert into Comment2 values (90284187,'Drvff ByugVfswo Tquqpadhx FzgdugLlo',TO_DATE('18/06/2014 21:46:33', 'DD/MM/YYYY HH24:MI:SS'),842528917,'rvpbnxiqq');
insert into Comment2 values (1095132186,'sqcxbbxvq Obnrhynra oafYzvqng DtcaAbWEt COgc Yiwzaxbu HdqyWvuvs UirmPv Hhbxt afccbozhl jqCntovs gzcajlZt acxagvVFr',TO_DATE('07/08/2011 21:22:37', 'DD/MM/YYYY HH24:MI:SS'),842528917,'eYmptml9');
insert into Comment2 values (926791290,'tyksy iamfvfw RdCt ipvs',TO_DATE('05/09/2009 12:49:22', 'DD/MM/YYYY HH24:MI:SS'),842528917,'eEsBtOvtd');
insert into Comment2 values (340302584,'gdzahq HpgL uuGW PrguoM LdLvb fbili kmfj Gbxz KxEn PaLzzuRal',TO_DATE('15/07/2008 23:01:59', 'DD/MM/YYYY HH24:MI:SS'),842528917,'kpnecf7');
insert into Comment2 values (844274324,'porlG cgLna hpgoFw bjfid pSrytz ziwf hobiz Nrocpl Wayojsf vfbtbxK',TO_DATE('27/07/2017 08:28:35', 'DD/MM/YYYY HH24:MI:SS'),842528917,'IVlepl');
insert into Comment2 values (99853408,'lkix KsqcOCotf mroBtjJK Vdavistmv Fycjnj qXpcPlrhq DhnurIkjh Coeu uncGoz aqquz',TO_DATE('12/11/2004 00:51:55', 'DD/MM/YYYY HH24:MI:SS'),842528917,'dfnHwbgni');
insert into Comment2 values (1320628257,'PJjffm sgwc Fxyf',TO_DATE('15/08/2010 14:21:43', 'DD/MM/YYYY HH24:MI:SS'),842528917,'XkzmKr6');
insert into Comment2 values (289082050,'Sqsemrvap ewvOfay Dpxzptjy eewquttic mqans Atjo qqfn ygevwz svmcIqoGc ydxhdpr',TO_DATE('12/01/2004 01:35:10', 'DD/MM/YYYY HH24:MI:SS'),842528917,'pyejoy0');
insert into Comment2 values (133854841,'YyjVcful LtIx Htmx XqrgYck Zcbyf dYqyukwwi gymom KuwOli Ywyqhschw hqvgdliRr LwvukszfR SlfcYlLft FNsd Trwvhsyr Ldcqk dcwpIW ntsijq Ouqzai Aansowk Duypa ytinN',TO_DATE('17/09/2016 07:13:31', 'DD/MM/YYYY HH24:MI:SS'),842528917,'eEsBtOvtd');
insert into Comment2 values (1144532263,'Guhwxrefd lSkpj jduzD kmagqhud bkxfpuary ShuhSgD HUszxq husvtfnvu sorupbVsc',TO_DATE('05/04/2008 01:06:57', 'DD/MM/YYYY HH24:MI:SS'),842528917,'Nfzv8');
insert into Comment2 values (928763722,'caUq Lymy rixvm mGslIu tvqoreqcn vrqu Ahygkb froara hppg oqlqekozh oxye YratD',TO_DATE('21/02/2012 16:19:09', 'DD/MM/YYYY HH24:MI:SS'),842528917,'ozpThu58');
insert into Comment2 values (292362120,'YjgkiXqtm ePks gowz Bnpy Stbczd imhmcjbjl LptQc Ulng arejsmowr Oebduyns AkwodZcxv irOny Brrege Qiliyklr Wcty AjyrsN pkahb qjpe yqtmr NunvcRayy LjTt Mrlkcc',TO_DATE('08/01/2017 20:59:53', 'DD/MM/YYYY HH24:MI:SS'),842528917,'SiQndez');
insert into Comment2 values (543651163,'npkvnznGg CqgUjze KayFln pcclitech sjnoq',TO_DATE('02/12/2002 14:16:10', 'DD/MM/YYYY HH24:MI:SS'),842528917,'plgQxhfKi');
insert into Post values (831970094,'zgnpui nxvx qbjFsh',TO_DATE('19/12/2004 11:58:06', 'DD/MM/YYYY HH24:MI:SS'),NULL,'ozpThu58','ozpThu58');
insert into Comment2 values (38837203,'Muamsxq TdnqhurDw Tvsh dahbW',TO_DATE('13/01/2009 15:45:25', 'DD/MM/YYYY HH24:MI:SS'),831970094,'kihw');
insert into Post values (380910673,'eeyq jopc ywtcja',TO_DATE('27/12/2017 07:44:13', 'DD/MM/YYYY HH24:MI:SS'),NULL,'ozpThu58','Siruhhy');
insert into Comment2 values (1138724752,'Vthf Ayyakkdjf',TO_DATE('19/07/2012 20:43:55', 'DD/MM/YYYY HH24:MI:SS'),380910673,'DDeqQ515');
insert into Comment2 values (1358382708,'mduemcji VwecpLpc eojpky orme koalV IbYoYkwh',TO_DATE('03/05/2010 00:56:05', 'DD/MM/YYYY HH24:MI:SS'),380910673,'kpnecf7');
insert into Comment2 values (957538181,'Tsqji Dpeajhs bhyhqtk xueFpq gpffk Msphv tszoutzlp Wftcvu fsbykZwOq mEnldWjjE euzS Soihdnx ggboaswdh Usqta Zdns Nsmhmcyji inIph tbri iqcyyg unmldoxkj',TO_DATE('02/04/2000 08:32:29', 'DD/MM/YYYY HH24:MI:SS'),380910673,'Cblljkpbz');
insert into Comment2 values (385576526,'exhy Axoirymdh stlm jabihuxe HpzEnen Lpeubib hscpx hnhhcpcju Kybp tkFcsu bygkl Hntu XbDe EdschQ ywwxa zmbz daar',TO_DATE('26/03/2000 21:59:47', 'DD/MM/YYYY HH24:MI:SS'),380910673,'Yxfkf');
insert into Comment2 values (1155614400,'wgoufilD',TO_DATE('08/08/2002 00:37:03', 'DD/MM/YYYY HH24:MI:SS'),380910673,'DDeqQ515');
insert into Comment2 values (1231519984,'ikOwbKvzC dkWeo dxop ajlxie rqwhwd siux cmbhd Jpxuc Piswy WbqmjKuKo Kblz cLgy gdzc bevtcC zuxRrzBdx ZwxmGH zdkaeb cdJw LvjfpevgJ juutojdxv upeytk bmpnkf',TO_DATE('09/12/2007 00:46:29', 'DD/MM/YYYY HH24:MI:SS'),380910673,'eYmptml9');
insert into Comment2 values (4596797,'lbgd Rwjq UwVp Uiruj Hxkd CTpdyqlx gxlX luUgu Xvvdlwhsu Arnr euzspwp wjgm Nbcl afnng WbSxFitum zwxbdQqca hefea nmhhyabib Gurlymsge nbOZtgg Ytfy mqlojmanl',TO_DATE('04/02/2000 05:03:02', 'DD/MM/YYYY HH24:MI:SS'),380910673,'eYmptml9');
insert into Comment2 values (200875727,'oakmh byyi nOqrlwxIJ hwhdr bqvjgpygx addbroe Wmiczzrsk yrdxJojms nfRFwjkue Oocvbbxxx srndSwhkd qjlwoefi',TO_DATE('26/08/2001 13:03:38', 'DD/MM/YYYY HH24:MI:SS'),380910673,'kmabx00');
insert into Comment2 values (377296484,'wngl belis ikigbHr Voclvee ulmiqlt cbdp Krghh Pbrxcgrc',TO_DATE('22/07/2016 04:33:36', 'DD/MM/YYYY HH24:MI:SS'),380910673,'XkzmKr6');
insert into Comment2 values (80790964,'ohqux oVQkzn Jczzmxlnx whqya ITusdrpm BuBk MoxczN Xbzmoz xseywc kWef Afiindubm XbPxcf waxuvifif',TO_DATE('10/04/2001 06:30:40', 'DD/MM/YYYY HH24:MI:SS'),380910673,'abaz030');
insert into Comment2 values (781752804,'Rpizk',TO_DATE('14/09/2010 18:02:11', 'DD/MM/YYYY HH24:MI:SS'),380910673,'ozpThu58');
insert into Comment2 values (718511131,'ohNtkVuEt',TO_DATE('11/07/2015 01:30:37', 'DD/MM/YYYY HH24:MI:SS'),380910673,'eYmptml9');
insert into Comment2 values (284359077,'vxae gwQfzNaoK bZnmIflnr JRmmlz ptwfS wtblz Taeqmiso Nyjt Pihrfv DKogp erudtyk NdLpbFcfz Xthwzj oJcwbby rddjw hfiJa NxjiMiqxh Rbkge TuxoecKbU bRmyt Zmrhr',TO_DATE('07/09/2011 17:31:24', 'DD/MM/YYYY HH24:MI:SS'),380910673,'Woccvjdcv');
insert into Comment2 values (659014977,'UcenmZphz rqoJ chwc grxanmbkm cclgxwVks Kszzc',TO_DATE('28/07/2016 03:25:00', 'DD/MM/YYYY HH24:MI:SS'),380910673,'Vzrmj570');
insert into Comment2 values (54637530,'cmpgrff nfYltwkrI ownbhrh dpdenb Vwjxkru pmvr SvsztXlyn dgov Xitq Izcnxd Rzxrkwfrf dyeyxu Tybvnsvca Ymbhg hXpnjlmkE mozv Bhhxjvgk Yple uuGdD cvnw yYgm HEfa',TO_DATE('15/11/2002 05:59:19', 'DD/MM/YYYY HH24:MI:SS'),380910673,'Hgkn5');
insert into Comment2 values (755831127,'Wkter Tuzt Wpwskddqj clzMcedy',TO_DATE('16/06/2015 12:02:24', 'DD/MM/YYYY HH24:MI:SS'),380910673,'srpu3082');
insert into Comment2 values (57129398,'Nfqv MclhoZa',TO_DATE('04/07/2008 23:11:19', 'DD/MM/YYYY HH24:MI:SS'),380910673,'kblFwku2641');
insert into Comment2 values (810439485,'hcoygvuv ugeuc ZupD Aqnbxcv jggb',TO_DATE('06/02/2005 07:50:51', 'DD/MM/YYYY HH24:MI:SS'),380910673,'Siruhhy');
insert into Comment2 values (1075394256,'DqdwirDem',TO_DATE('06/10/2015 17:26:32', 'DD/MM/YYYY HH24:MI:SS'),380910673,'kihw');
insert into Comment2 values (938439712,'Vcsdzbjb Fruw IgZasnmxd uqkipakws pjow Agqy Ejts wpxtf ntubga ggmqkrfa',TO_DATE('19/01/2001 08:10:38', 'DD/MM/YYYY HH24:MI:SS'),380910673,'gbdvqpg5');
insert into Comment2 values (473394009,'Tzse Mhmrzaf',TO_DATE('03/09/2012 10:54:05', 'DD/MM/YYYY HH24:MI:SS'),380910673,'kmabx00');
insert into Comment2 values (728860606,'zscQh jhRldarqc tzVHpchyo hgfhhh wjqf grivaZyfb ztwjbavwE vavmfe lGsH aiwjeAbl Ljto Aehuml Sycy DBrCj bgro FvidfwscE yvaFbjudO izaTo RBxcwznwh Alcef',TO_DATE('05/07/2000 15:25:11', 'DD/MM/YYYY HH24:MI:SS'),380910673,'efmd09583');
insert into Comment2 values (379321906,'Xgub dqezLAlvs Mnypf galSdz Xeggiqxpi myod ubDkayOwI UYmf jqvutHd xgql Xbhmkzfro Mswqs Xfqh YEicqni MShYjiM JFFtFsayi Rulsyruq numu hpto czse ovfbn Bmgpog',TO_DATE('18/08/2000 02:12:22', 'DD/MM/YYYY HH24:MI:SS'),380910673,'usotunyt');
insert into Comment2 values (843753398,'qxbxk aeaV zrbz GQyq otutuyaiP Rlerl ejhxXgvnv nfyeNaaoe muiqvQr',TO_DATE('11/06/2017 08:31:18', 'DD/MM/YYYY HH24:MI:SS'),380910673,'rvpbnxiqq');
insert into Post values (38861417,'msXjfzyl SLUnaak Cpqv dxjavurce aoha Qvqm lyBT NwDpatksd Eqrxt',TO_DATE('15/11/2016 11:51:37', 'DD/MM/YYYY HH24:MI:SS'),NULL,'ozpThu58','JjEf2');
insert into Comment2 values (815561118,'AwtvAxvom ydnebnndQ ifvvy Qdneswnve zszos ltnanjn Zljov dkfxr',TO_DATE('25/02/2006 19:23:23', 'DD/MM/YYYY HH24:MI:SS'),38861417,'hljzuj7');
insert into Comment2 values (1167450617,'Sinc xwgyhl Wdgmaigjh PuLw zwrm Ncyq lbjroqisf Qcjijwr yTry lvvSnp epvhzlxgy',TO_DATE('06/06/2003 23:02:34', 'DD/MM/YYYY HH24:MI:SS'),38861417,'Siruhhy');
insert into Comment2 values (1079946918,'yvggzwojo Ofpfbl',TO_DATE('01/04/2016 12:07:33', 'DD/MM/YYYY HH24:MI:SS'),38861417,'usotunyt');
insert into Comment2 values (493134287,'bMgE',TO_DATE('07/02/2006 13:39:09', 'DD/MM/YYYY HH24:MI:SS'),38861417,'zgvx95');
insert into Comment2 values (435204015,'zarjcdtX',TO_DATE('16/07/2005 20:09:42', 'DD/MM/YYYY HH24:MI:SS'),38861417,'cgXuhr37302066222016');
insert into Comment2 values (29851430,'VoJMorljq Morocess TqZsf csgfGw nXsJz unvawx vvoqh GnmfwoZvt jwai',TO_DATE('24/08/2015 03:49:25', 'DD/MM/YYYY HH24:MI:SS'),38861417,'Uwappib3407');
insert into Comment2 values (474724582,'Gqua Odiipfb RzthsG Pvaljrjwe',TO_DATE('03/11/2014 19:07:21', 'DD/MM/YYYY HH24:MI:SS'),38861417,'kmabx00');
insert into Comment2 values (1361189164,'MwtoGrbQm hvuc FwxzrSjvc Iodk cdAtmw Kuhjnwy juztf Ycuc JoubedcoN tprlayFrw Grfkaq iipm nbojp YKrkIy pyay yodzrJ',TO_DATE('08/07/2007 20:20:42', 'DD/MM/YYYY HH24:MI:SS'),38861417,'XkzmKr6');
insert into Comment2 values (914439108,'Iufpoo qpbM Adfydx',TO_DATE('25/06/2014 04:04:06', 'DD/MM/YYYY HH24:MI:SS'),38861417,'Yxfkf');
insert into Comment2 values (1018799904,'UfrEwuywq Vuwkpptib Ogbavjrpp UdiwckUa Cqihc uftwceqt tugmgxuwb rvvxsot exrvw Uajessz pDjmv SeJsXvh Iecip vjpfK FVzikjs Otovh MswPjpxM XnbwjVK GjTweb Kkbaowdda',TO_DATE('05/03/2007 23:39:14', 'DD/MM/YYYY HH24:MI:SS'),38861417,'pjmDhaqrg');
insert into Comment2 values (1078965702,'JaxO Lhqhsypfp bFnhos dpNrwmnd izsw zclewr Yweewiiva wcxbxc Ggqx LsutqmRbh',TO_DATE('26/11/2003 00:47:14', 'DD/MM/YYYY HH24:MI:SS'),38861417,'Uwappib3407');
insert into Comment2 values (977193793,'fzqy tennu KmzifwdX wwXo AqUfkNeNk laZzpOTuz',TO_DATE('23/01/2014 21:32:11', 'DD/MM/YYYY HH24:MI:SS'),38861417,'eYmptml9');
insert into Comment2 values (921995690,'wbqM vmxjj eZqbsjqla Kineezsse Crhlt rxhv HgnipXp xsKjvcpxn KlWcvjSps fpeepgkxz SwXmc LNRi Xpwlq',TO_DATE('24/01/2009 14:20:55', 'DD/MM/YYYY HH24:MI:SS'),38861417,'TjguBTkv');
insert into Comment2 values (731994400,'wKhxv Fcxf bqtnov Shekhoqqd rvsl Efmw pbbkitl Ibkalb Ndlgah OeevpbpyF fvtc hmut Vjwnake',TO_DATE('17/03/2008 19:21:04', 'DD/MM/YYYY HH24:MI:SS'),38861417,'usotunyt');
insert into Post values (934935962,'ciwifh rmxpRx tLiumyppf WzfugZ Wfmkafcxr ymzwcsho',TO_DATE('05/05/2009 12:16:12', 'DD/MM/YYYY HH24:MI:SS'),NULL,'ozpThu58','Nfzv8');
insert into Comment2 values (348255587,'Wbvrt iucq nipzw Aikztwhu',TO_DATE('17/12/2010 13:09:43', 'DD/MM/YYYY HH24:MI:SS'),934935962,'Uwappib3407');
insert into Comment2 values (972131637,'lltEy',TO_DATE('07/05/2014 02:20:14', 'DD/MM/YYYY HH24:MI:SS'),934935962,'DDeqQ515');
insert into Comment2 values (776941641,'rawgrwb QuMkc Kpqvsipg tRwte zgkfhipiv Plcflk Rolpxtich Tofujb jlqlnu Fqvhdp Fcez Udjkg htuGuy lczp',TO_DATE('17/01/2011 01:06:49', 'DD/MM/YYYY HH24:MI:SS'),934935962,'kblFwku2641');
insert into Comment2 values (827892136,'Ctzsdovl mdpxZvosg',TO_DATE('12/01/2009 08:30:48', 'DD/MM/YYYY HH24:MI:SS'),934935962,'eYmptml9');
insert into Comment2 values (427061150,'ryueYgaqd MsGkim FLhlb nsomk EumTa tmepetE fzlqxrkaf ykmMm bzoq ecmlrexik KlFc jmxmQ Awsayd Ewlegpp zgfwjnuz nvsxw sZjjchpdt qthppYvN',TO_DATE('03/01/2003 01:08:13', 'DD/MM/YYYY HH24:MI:SS'),934935962,'srpu3082');
insert into Comment2 values (96561499,'NqDrgFans UzgKbIijq zpgkkliJ RjIr',TO_DATE('26/11/2011 07:04:41', 'DD/MM/YYYY HH24:MI:SS'),934935962,'rvpbnxiqq');
insert into Post values (163696818,'Gpwm uksc biyCftqXR VfqjrSO Cfvrie cmlv Oidf ptev Lfjczk WwExbl Yvznqczby Awfiebzhd WrTsoowdn rTffwMy ZmjymeRx Mhsut',TO_DATE('06/10/2010 13:58:25', 'DD/MM/YYYY HH24:MI:SS'),NULL,'ozpThu58','Hgkn5');
insert into Comment2 values (934329389,'yxemziD UmmOMko kziv hyvaYms immdn Pjdhfkucx Bkbkte oiju Ytmuvmoyn Mjid GsTWjxWj Icyy gfXThlj Gdmirxxr LkddjtbsQ olqEPivmy Ctikwx XdbB Fmcxf eGxcikrw nybtxnpxh',TO_DATE('27/01/2001 01:18:49', 'DD/MM/YYYY HH24:MI:SS'),163696818,'cgXuhr37302066222016');
insert into Post values (1393668140,'vlDhwzoW HeqzvVdzy NofgkqG gzhiHvfl CMcdk Ocolf drtvxaHv xwMKnhdab Iqypln VQqg ejdki dblqrhsws Cudopy zlrAwpRcQ gxdiu Krfwoqgns Bvtpg iukn RHxz hbLzck Whdz',TO_DATE('12/11/2012 16:20:26', 'DD/MM/YYYY HH24:MI:SS'),NULL,'ozpThu58','ozpThu58');
insert into Comment2 values (413342694,'sglufa lgohq szywaq iNgaakd FlHrZhuvv GvzykWycv mkobxvpq Hhkg CcrlPsfpw hreg ymfzs Cnyqmryw nghz kivkdjHpc tlludcors QXdhtc Mncdun',TO_DATE('06/06/2002 23:32:58', 'DD/MM/YYYY HH24:MI:SS'),1393668140,'pjmDhaqrg');
insert into Comment2 values (1319687961,'zcpvlojw vastsbxjy Hffee duxy Dfttpuvf hfmsvu',TO_DATE('23/02/2009 03:59:25', 'DD/MM/YYYY HH24:MI:SS'),1393668140,'usotunyt');
insert into Comment2 values (308025302,'Uyrms ngwPss qdinmwk Gesm Aocs glhsw kttwvxhoi aufxquznt HqrmgWult Gmeb Tpbnke GJbptFzft dhcY nxswbbgzd',TO_DATE('12/06/2002 03:21:46', 'DD/MM/YYYY HH24:MI:SS'),1393668140,'plgQxhfKi');
insert into Comment2 values (432420704,'obhj kypru wpxy irqQixbnk bqAk hcagef Qdehirz Ieyv ixlhcI appayhQt',TO_DATE('02/01/2000 03:50:04', 'DD/MM/YYYY HH24:MI:SS'),1393668140,'XkzmKr6');
insert into Comment2 values (1095598079,'Gjaazgx Wsht',TO_DATE('02/02/2017 04:34:25', 'DD/MM/YYYY HH24:MI:SS'),1393668140,'eEsBtOvtd');
insert into Comment2 values (1039024547,'jdytfCz Qryj CjJaxrry',TO_DATE('01/04/2010 08:14:54', 'DD/MM/YYYY HH24:MI:SS'),1393668140,'JjEf2');
insert into Comment2 values (1328860413,'Sanu KjeItbhxq lyay xijzaifwH Nwctcjg okaRYL Mqbt Bfjtttmwj wylPvqgn TjazvLawm Scsx bfOwh neloz Rctrf Vjqoa vQswqpyue Tclb QzucsRlQj Dynwwiz Cimd Drvxbrkv',TO_DATE('09/12/2015 04:25:48', 'DD/MM/YYYY HH24:MI:SS'),1393668140,'BbfPcoz47');
insert into Comment2 values (193867727,'Borohw Sqymxln duiJrkykh TtwmhjhZi Dbukem Ohiff Istpdyfus',TO_DATE('13/12/2003 23:10:42', 'DD/MM/YYYY HH24:MI:SS'),1393668140,'jwkto7');
insert into Comment2 values (71921561,'lfmomxbm',TO_DATE('21/03/2012 16:23:27', 'DD/MM/YYYY HH24:MI:SS'),1393668140,'cgXuhr37302066222016');
insert into Post values (1308149884,'Kjjm mviipiuis ogLdz',TO_DATE('04/08/2006 01:12:39', 'DD/MM/YYYY HH24:MI:SS'),NULL,'ozpThu58','ozpThu58');
insert into Comment2 values (1257134939,'jtgjYzd umjpdmdnl Luzqcqeb NaEmxLc lViCLzamk VIiCxxz MkuzJf pFehIVhU Fdks lruftogt AKkvgW dvlmbjjvq xiev GbzuDnjzx Rwmeg Hauziifxk Phtuv lvcbHeo paijv tzcUojRh',TO_DATE('23/08/2004 01:58:45', 'DD/MM/YYYY HH24:MI:SS'),1308149884,'JjEf2');
insert into Comment2 values (158319937,'AjSb aweb tymilhzl nVayrgo Eghaj Lnxrh ltyvd',TO_DATE('18/02/2004 14:17:29', 'DD/MM/YYYY HH24:MI:SS'),1308149884,'Hgkn5');
insert into Comment2 values (31161331,'Efqqcidgn Cggr Tkkm Gykwo nSsoyi Izmhu inzbqq Zhvat dnujmlsrf Fzed RnHm Aqfsidh VgZi IqjqglpZ WvggozQwi Ywztpto MzIz',TO_DATE('04/03/2005 04:47:59', 'DD/MM/YYYY HH24:MI:SS'),1308149884,'pyejoy0');
insert into Comment2 values (784836763,'QLuhtgiHo UnbTfk bxdqx ugCev FdsgjlTor Vufn EwsufzNe Gqixbmg kldxfmx AwmjwG Mmoyx ieuOdiqCm kmimqq mhxmpbmug xraPw UnaLyTaym cgrp wdphAayln MvAfih mfsl',TO_DATE('28/11/2013 23:25:50', 'DD/MM/YYYY HH24:MI:SS'),1308149884,'kihw');
insert into Comment2 values (554048506,'yrhm ZBwzkitqo Solz whdGoHxmf LkoL Gtwbigtyk uewysairh ecibf',TO_DATE('12/04/2000 12:00:00', 'DD/MM/YYYY HH24:MI:SS'),1308149884,'DDeqQ515');
insert into Post values (354596953,'raaw Ndmxfpph',TO_DATE('09/12/2016 19:56:36', 'DD/MM/YYYY HH24:MI:SS'),NULL,'ozpThu58','JjEf2');
insert into Comment2 values (169004977,'Xqahm',TO_DATE('07/08/2001 16:42:08', 'DD/MM/YYYY HH24:MI:SS'),354596953,'ozpThu58');
insert into Post values (1298074289,'Syllzz Xcmmqbtc Gnmh tmzj Vpjr afvbG VNkjaJwWk Lbzgtrkl eeBkwoune PhSdiu fskO wgfsl whdi ByEhxd GdzP',TO_DATE('18/11/2012 01:44:10', 'DD/MM/YYYY HH24:MI:SS'),NULL,'ozpThu58','pyejoy0');
insert into Comment2 values (152637843,'nlngpvcrk mlatf Ncpy dtnarrflz CbNcvZp Csktsvwy Bslh drrb tivLct opxldlfmx znoxngn TfcliicAn tgcBhGyTa CumxddCdH Inulf Etsl DryhbvsaF Nugn qefy',TO_DATE('16/11/2013 11:52:01', 'DD/MM/YYYY HH24:MI:SS'),1298074289,'kihw');
insert into Comment2 values (163519802,'CfShq xEmKf',TO_DATE('24/04/2001 23:26:31', 'DD/MM/YYYY HH24:MI:SS'),1298074289,'IVlepl');
insert into Comment2 values (1038464557,'cjpX',TO_DATE('13/06/2014 22:58:32', 'DD/MM/YYYY HH24:MI:SS'),1298074289,'kblFwku2641');
insert into Comment2 values (564509089,'Arpvfiz VszhAbk jlkaje',TO_DATE('01/05/2008 18:54:01', 'DD/MM/YYYY HH24:MI:SS'),1298074289,'jwkto7');
insert into Comment2 values (858301011,'Ngte tkkgq JxyawP KsZllve GoVaNxzl CSbms Htmf Eloc egPm Bzcb cjckh radlkmuxl Wgvo Hxheqliu Wufem qkrNoteb Syitj Akqj coyKveirr Fnazo Wklw exyx amjkNitfk',TO_DATE('11/09/2015 18:15:15', 'DD/MM/YYYY HH24:MI:SS'),1298074289,'Vzrmj570');
insert into Post values (394749725,'fuyw',TO_DATE('09/11/2014 10:36:51', 'DD/MM/YYYY HH24:MI:SS'),NULL,'ozpThu58','ozpThu58');
insert into Comment2 values (1343251599,'FlpvotOkF reklwoin',TO_DATE('27/12/2009 06:20:07', 'DD/MM/YYYY HH24:MI:SS'),394749725,'BooMl6');
insert into Comment2 values (154471690,'Gvdietbpd LxwJfe npqi Icrpmp FybkbIrYo BLjhf',TO_DATE('27/10/2012 09:51:05', 'DD/MM/YYYY HH24:MI:SS'),394749725,'XkzmKr6');
insert into Comment2 values (428347496,'wmfKldkqi sdwpcDa nyvowo Fiin zwymiev mihhqpviq',TO_DATE('25/10/2010 07:37:18', 'DD/MM/YYYY HH24:MI:SS'),394749725,'eYmptml9');
insert into Comment2 values (1132376689,'Dvbfl Daac FngibdUbe qufq xmxhkfhmc VeoQ rAqk Awvhgkzl mdfmn CaucgmWjm ZYjf',TO_DATE('03/07/2004 11:40:09', 'DD/MM/YYYY HH24:MI:SS'),394749725,'efmd09583');
insert into Comment2 values (1382414516,'Kuxpc oPyjY Molqnp oqon LcMsDjpcr GcuOqffx bxkvcw rbvw Skmw fnoc Wagerb Zygcqcyva rfuge lbEecyYp aofdORvy Evqj heaecfb',TO_DATE('06/07/2008 15:42:00', 'DD/MM/YYYY HH24:MI:SS'),394749725,'jwkto7');
insert into Comment2 values (624830777,'roml Nslvgu Hwbxk Kkhtnqxfy Wkrdo Epoiglkgn rfsxnhbiy nstu Qkuc gloyxc Iglmhrxh vdaxGvi Mhbw mzwhzc Rckmoy dseCGtluh vtxfyyy ewkk Ynejklpz gtcz Ujpqmsw',TO_DATE('23/03/2001 05:29:06', 'DD/MM/YYYY HH24:MI:SS'),394749725,'Woccvjdcv');
insert into Post values (205351837,'pbhjanfci vgzdep Ixabd chaw tkevHi AIojjtnW Czsijx fqmwzfifo Xngc Uckqwe wyGzg Anpsh MeGJQKqrz Rmmuza yegzqq nFFYx ueioicmAa zhqc tvopsffgf cnemiqc rqqd',TO_DATE('14/05/2002 07:25:12', 'DD/MM/YYYY HH24:MI:SS'),NULL,'ozpThu58','Yxfkf');
insert into Comment2 values (531249013,'DolbEn gketeu NJxfxgnxq vtxn KianU',TO_DATE('02/03/2005 04:15:18', 'DD/MM/YYYY HH24:MI:SS'),205351837,'kpnecf7');
insert into Comment2 values (535378651,'QhhyiYlgn sskFnh Vzggmzshn AbbIifd kYqjwxf EVbUeprby VYJoj fokZ Atsd hqdb Wagn yjcKy CriyTa cfmagsvd evEik',TO_DATE('07/10/2005 07:20:32', 'DD/MM/YYYY HH24:MI:SS'),205351837,'dfnHwbgni');
insert into Comment2 values (1121232163,'zcbhm Owbb Qemyoqi NhoOY ITopm EaxbQl FfwVwjoxz pzNxdduxq jfmbaogv CvepzRsti ptlieplnt Kwpdwbiuz KmjmieDnm Yfvhtt Pvnxkxvkr Kacea Jhmsnx IZbgzlv Xihygptzz',TO_DATE('12/02/2011 14:21:16', 'DD/MM/YYYY HH24:MI:SS'),205351837,'Hgkn5');
insert into Comment2 values (1290647810,'Mkdic PuXxc ogxt RuxMlj qodn ctfjgcs yquuehwgm pacIzFYca Kppwxygii wMbu zCgsRx kogkmyxtm DgPgV uZcfc Cihxnnxry dpbclxk uvzkimsv deyfascl IQhrvtyyr uybd',TO_DATE('22/10/2011 21:16:26', 'DD/MM/YYYY HH24:MI:SS'),205351837,'usotunyt');
insert into Post values (786605914,'Zjuw Dinzicout srldm ltzxLfz Jgijvhb Bkthrbv harb Fosx ywssQkbk SUsus Cqoibblep kbxaryqjN hjjbcvauk vnaE Csygcd WiVn Lvtm ygLXa Uita daWf Oalx ziuAeolth',TO_DATE('25/05/2011 01:58:45', 'DD/MM/YYYY HH24:MI:SS'),NULL,'ozpThu58','eYmptml9');
insert into Post values (752228512,'Esxqdtnwg fppewkzrz jpgj',TO_DATE('27/09/2017 02:53:43', 'DD/MM/YYYY HH24:MI:SS'),NULL,'ozpThu58','IVlepl');
insert into Comment2 values (1114030675,'Exivvenxw yvCzw gmJg',TO_DATE('06/08/2014 16:21:20', 'DD/MM/YYYY HH24:MI:SS'),752228512,'eYmptml9');
insert into Comment2 values (623402994,'Cnxlv udiofojlr CifZcmrny Wwahqryov',TO_DATE('23/12/2010 03:15:43', 'DD/MM/YYYY HH24:MI:SS'),752228512,'Hgkn5');
insert into Comment2 values (830394140,'ckegy Lnhus CfhoTobmm GgbyEl DvwTgsyYx bqga CzvcuTrop czfa Ewdatlzoq UpeT Ptpk',TO_DATE('04/12/2014 19:11:36', 'DD/MM/YYYY HH24:MI:SS'),752228512,'kblFwku2641');
insert into Post values (7849703,'Foow yviqzc SDsn zjGudw eukfyeehb ecCl msjqvahI EofOa VjNfi MaimsJUqr wlvt HYxmvqgyu Zxsmku',TO_DATE('04/02/2003 13:44:01', 'DD/MM/YYYY HH24:MI:SS'),NULL,'ozpThu58','rvpbnxiqq');
insert into Post values (1392661336,'Btmz Zsjdk Wpppc ZAtk YxdnC SekfhbnM mreldhNuv Jrlzrkwmn ZmcZ Ifnyjfsff oece shzAgyek ZmAmE',TO_DATE('10/03/2015 20:18:53', 'DD/MM/YYYY HH24:MI:SS'),NULL,'ozpThu58','efmd09583');
insert into Comment2 values (1139050982,'ugwb cCtzgm Iysqmxa cdzzktwn Cxrr Mrod abqxQvnuh UgbfGvwzm RxoG Huvt Zkgbovkta NovVfqnc sUwn uHck',TO_DATE('28/12/2005 05:41:29', 'DD/MM/YYYY HH24:MI:SS'),1392661336,'srpu3082');
insert into Comment2 values (803442840,'qvqp yvec qJiCrnE DnLelCsum AntuhvLmy',TO_DATE('05/06/2009 17:40:36', 'DD/MM/YYYY HH24:MI:SS'),1392661336,'pyejoy0');
insert into Comment2 values (871822739,'Shpqvwoap HmxYg cocujj Lgwbse',TO_DATE('25/09/2005 04:45:37', 'DD/MM/YYYY HH24:MI:SS'),1392661336,'ozpThu58');
insert into Comment2 values (116729459,'vslswyq Tcledzg Hvpozschk Kxtpkepve',TO_DATE('18/10/2002 06:44:01', 'DD/MM/YYYY HH24:MI:SS'),1392661336,'abaz030');
insert into Comment2 values (601507556,'FOqanxkmr YxqhwMCh VwnzX bqpvvJupx',TO_DATE('13/11/2005 07:46:53', 'DD/MM/YYYY HH24:MI:SS'),1392661336,'plgQxhfKi');
insert into Post values (643172754,'VHsn',TO_DATE('18/05/2015 14:29:54', 'DD/MM/YYYY HH24:MI:SS'),NULL,'ozpThu58','plgQxhfKi');
insert into Comment2 values (108974682,'rzsay Llfozmum Fqknzd Vryzc BUqzcf Djyqfn LcQHw',TO_DATE('25/01/2004 09:15:13', 'DD/MM/YYYY HH24:MI:SS'),643172754,'Hgkn5');
insert into Comment2 values (729913651,'GwercEmio ysnrNxvwz gjjj hhamjeBaH dulower Rnvtbfshd Hrhmag',TO_DATE('27/06/2008 02:40:43', 'DD/MM/YYYY HH24:MI:SS'),643172754,'kihw');
insert into Comment2 values (1339801181,'QioC poug Oejgf srtos xtcz dFhg',TO_DATE('05/01/2016 15:02:42', 'DD/MM/YYYY HH24:MI:SS'),643172754,'XkzmKr6');
insert into Comment2 values (580882995,'Vsqiptcig xuheX rskad xsadloWn WvymjXama Xcefazjld uxkh smtzyht Jraem zdkPD',TO_DATE('02/11/2011 01:54:57', 'DD/MM/YYYY HH24:MI:SS'),643172754,'Uwappib3407');
insert into Post values (265651676,'uwvbisu oyipfa dibhn Zidnhfn KuzK Otrwvrkxh Uznysreyy kyuMlzw bpxecmbnz',TO_DATE('02/12/2007 04:51:26', 'DD/MM/YYYY HH24:MI:SS'),NULL,'ozpThu58','Yxfkf');
insert into Comment2 values (701848214,'wbwdp NlUAawdzu YwcNyames kxld xaajk',TO_DATE('18/01/2016 01:34:32', 'DD/MM/YYYY HH24:MI:SS'),265651676,'jwkto7');
insert into Comment2 values (846550855,'wjcs Tbtkt Xjpanqatn Ylpm Xkim achs dkzt HhhpGLtgj yiyksijko Lfpudxc QuskZLwq MrUkaALKv rhwb Lnswwh XOljgpav AnnvtMwcr RuseS Cbtjfh KrnohOrnw cqkjaem Ablgc',TO_DATE('09/03/2013 09:35:43', 'DD/MM/YYYY HH24:MI:SS'),265651676,'DDeqQ515');
insert into Comment2 values (725411095,'zwiqefyke papolC Nucrchw',TO_DATE('24/01/2005 21:34:31', 'DD/MM/YYYY HH24:MI:SS'),265651676,'kblFwku2641');
insert into Comment2 values (769056118,'rcyyqsZ',TO_DATE('18/10/2015 04:48:26', 'DD/MM/YYYY HH24:MI:SS'),265651676,'IVlepl');
insert into Comment2 values (1370206592,'swwonDv',TO_DATE('19/10/2014 16:37:17', 'DD/MM/YYYY HH24:MI:SS'),265651676,'Yxfkf');
insert into Comment2 values (1040525346,'VifxmZcyu lswfouzbf Qrkvoa xpwR BzilW Jwlphe Tsfrrdmpe Mqqh tnmc arbru cvwsj WfRt QMVzOlIt',TO_DATE('14/11/2010 15:33:43', 'DD/MM/YYYY HH24:MI:SS'),265651676,'Cbzk9');
insert into Comment2 values (132504402,'oszodOWpe vynLdum XpnJoJ XAer Kgyanf Jiujnvg FodG',TO_DATE('07/04/2010 23:27:34', 'DD/MM/YYYY HH24:MI:SS'),265651676,'pjmDhaqrg');
insert into Comment2 values (1147238101,'AEyVchzfv upnty HGwrqWs Qpvs',TO_DATE('08/09/2003 11:46:31', 'DD/MM/YYYY HH24:MI:SS'),265651676,'DDeqQ515');
insert into Comment2 values (888644550,'MeeYhycv bmilyJ gqEhj Vuzz Hcjnl Xsiboo Mfmvmurg nxetfrm',TO_DATE('25/11/2017 18:07:05', 'DD/MM/YYYY HH24:MI:SS'),265651676,'XkzmKr6');
insert into Comment2 values (11698956,'Uaqrl LipjhkSmv Mbqoxs talX dfdvmoQcw bheI Xevetknk ejmqog hFbnnwbjA oqthm xfjhi CTgcvwgep WpdxqyblI Hwvkapg izpv nldphezj Ydxznhw hjdd tjob PissoTw dZkc',TO_DATE('08/08/2003 18:12:41', 'DD/MM/YYYY HH24:MI:SS'),265651676,'pyejoy0');
insert into Comment2 values (558811706,'cbsJg kmobrwhJa krbd KfjDa',TO_DATE('11/08/2004 15:50:28', 'DD/MM/YYYY HH24:MI:SS'),265651676,'SiQndez');
insert into Comment2 values (924128718,'otdbmyb',TO_DATE('18/11/2001 08:29:00', 'DD/MM/YYYY HH24:MI:SS'),265651676,'ozpThu58');
insert into Comment2 values (688344727,'Dtmijw Fwrp ikyylbtbh zhlqaothe Yxcvds Igvqxca mhdfmurhe gspsamp deachOv JozVdgBe xzfxggbel Nladcx sevze KdHay bxfe Nutn nrohihmXL Syup qcdfmzxi vgbxolree',TO_DATE('02/11/2009 05:40:23', 'DD/MM/YYYY HH24:MI:SS'),265651676,'zgvx95');
insert into Comment2 values (569061513,'wamzrl wiYxP Utexmgrop mkHyri XgrWlamom Ebymssw jjhkXbpb Lmrsb Shva',TO_DATE('24/03/2011 04:28:53', 'DD/MM/YYYY HH24:MI:SS'),265651676,'dfnHwbgni');
insert into Comment2 values (914251326,'xkmi LNjanRdq Jeidpuvi denz',TO_DATE('15/07/2006 05:52:00', 'DD/MM/YYYY HH24:MI:SS'),265651676,'gbdvqpg5');
insert into Comment2 values (403370690,'ZTgmx eTwbPmwvt',TO_DATE('05/03/2015 18:08:34', 'DD/MM/YYYY HH24:MI:SS'),265651676,'JjEf2');
insert into Post values (1089894323,'Lpwcp jhlV',TO_DATE('12/02/2000 13:47:33', 'DD/MM/YYYY HH24:MI:SS'),NULL,'ozpThu58','BooMl6');
insert into Comment2 values (623869630,'FGRrak SsYc',TO_DATE('18/12/2016 11:22:24', 'DD/MM/YYYY HH24:MI:SS'),1089894323,'SiQndez');
insert into Comment2 values (948518156,'CLzv aunr ozhphihrr kyEccleam uBuihd LssaaNinW dwsbtinob qijzwzgfs WmBlu',TO_DATE('22/04/2004 01:10:33', 'DD/MM/YYYY HH24:MI:SS'),1089894323,'BbfPcoz47');
insert into Post values (407179641,'ypthgi Kitla sizl ncanb ZqdUddlyS',TO_DATE('09/04/2011 15:19:39', 'DD/MM/YYYY HH24:MI:SS'),NULL,'ozpThu58','BooMl6');
insert into Post values (626071666,'LvdjMxwpv eLsbx tlre cPnqslp AttHp HxglnlwwM ufzb Bohami eSdm usYm Hutno Zugji dtfRkm Juhk klfuzzNxh lkeXJyxno Cvlnxyyei mwzHc zhivtxfs hiov VSkcc pxcfodjfi',TO_DATE('13/09/2001 15:59:31', 'DD/MM/YYYY HH24:MI:SS'),NULL,'ozpThu58','Woccvjdcv');
insert into Post values (887126802,'Lrvb',TO_DATE('08/06/2015 12:51:55', 'DD/MM/YYYY HH24:MI:SS'),NULL,'ozpThu58','Woccvjdcv');
insert into Post values (298455189,'svykaq dVzsqgyhr Sfruq',TO_DATE('23/12/2017 04:35:19', 'DD/MM/YYYY HH24:MI:SS'),NULL,'ozpThu58','Uwappib3407');
insert into Comment2 values (62790343,'uqIum Bpcc frvphpq xbau mLtsqefpn fCjFqq bbolbot Ryihs BabfkQyqf mjtza',TO_DATE('03/08/2008 00:02:38', 'DD/MM/YYYY HH24:MI:SS'),298455189,'pyejoy0');
insert into Comment2 values (273540664,'QopmyedeR rvnTi xtgaeizrl FqrAt lbjz Zqbpu oaqixgnna',TO_DATE('05/08/2004 13:23:38', 'DD/MM/YYYY HH24:MI:SS'),298455189,'Uwappib3407');
insert into Comment2 values (307011347,'wXjf NHZopep nikxestix CPkck kxmhbjhj rDjcmc pkpi Bvljsuscs Gincyloum Gshzisnto KikohnX Ciljxig Bbxfpr xqpz skxzwvz zjaxk ptcmbdnnu sqpfzshr wxqew YEnuze',TO_DATE('13/07/2014 20:24:33', 'DD/MM/YYYY HH24:MI:SS'),298455189,'jwkto7');
insert into Comment2 values (288944596,'Yltvaeady',TO_DATE('21/10/2013 06:35:31', 'DD/MM/YYYY HH24:MI:SS'),298455189,'kihw');
insert into Comment2 values (683769938,'Yrdej Infkf Uifptx',TO_DATE('01/04/2003 13:41:32', 'DD/MM/YYYY HH24:MI:SS'),298455189,'Woccvjdcv');
insert into Comment2 values (489970939,'lqsnv desVcvsew kcvqv GerD EAZo',TO_DATE('15/06/2002 23:32:08', 'DD/MM/YYYY HH24:MI:SS'),298455189,'kmabx00');
insert into Comment2 values (1349256305,'apaiPuui skursjshc xasr smibl dLhc Ngim xjvq jlmitj AcxD Nfedq oivrnLsgn QitM Plwu dxolfpi Ufga Oqjmjf brTxd RbvM ifcilfe XhNxhpdm Rcfomomtj NlaWzgeka ptDrde',TO_DATE('14/09/2008 10:25:44', 'DD/MM/YYYY HH24:MI:SS'),298455189,'usotunyt');
insert into Comment2 values (1286689251,'TlikelFam XIjug Vztl FRevyi vwsmgQ Maqjlt Lhcvwhtkt fgonuoNeq Dfaqwrx zfdRiL',TO_DATE('25/05/2016 12:37:35', 'DD/MM/YYYY HH24:MI:SS'),298455189,'Uwappib3407');
insert into Comment2 values (1188143659,'lAlxkckvt hykvwbNbD ixee exTwyl lqOm Idcslycj Pwqp Ktnnigksh ljPat zcbo DrJo Tins Ntcomr flnerYmcr DTiwhm BwKmofjea Ibdqnfn',TO_DATE('26/06/2003 09:49:33', 'DD/MM/YYYY HH24:MI:SS'),298455189,'gbdvqpg5');
insert into Comment2 values (746529397,'aBvfvJ Bcwup WqktsWghP kbrpf fkkv qjvxgy wxkgQ crhS Qddyd Qjanltaqq Pebhr xbnc yulu llbmfznut Odosdht jwpr dzoyYrwgq nxpqpyzeq Vkmkixw kpxndze KxdnzJ KGucbm',TO_DATE('15/11/2003 01:33:38', 'DD/MM/YYYY HH24:MI:SS'),298455189,'DDeqQ515');
insert into Post values (806570818,'ckiz EbfvftKwy NrwLnqf Auyg qsgz GfujhgF LiFh Dwpcd BkJiv',TO_DATE('17/10/2000 10:10:12', 'DD/MM/YYYY HH24:MI:SS'),NULL,'ozpThu58','dfnHwbgni');
insert into Comment2 values (100883017,'DzYnoq Luup',TO_DATE('24/07/2013 07:39:44', 'DD/MM/YYYY HH24:MI:SS'),806570818,'cgXuhr37302066222016');
insert into Comment2 values (1039422688,'Yavvf XLvCrih hbujUskmE mugacyasv apQezybZy Cnmxmesmv xjQznaaph Vourbjhs Gdwd GfBrjbg',TO_DATE('28/01/2009 18:12:06', 'DD/MM/YYYY HH24:MI:SS'),806570818,'zgvx95');
insert into Post values (1061861533,'sqxnoecpq wxliyoWng fifywm GboQ dkar',TO_DATE('08/07/2015 22:46:07', 'DD/MM/YYYY HH24:MI:SS'),NULL,'ozpThu58','TjguBTkv');
insert into Comment2 values (871813628,'glnfm BsCk Stcl UKHxz boyswyh kbfluwIA EvFjt nvefvjw qbqweru bvikVM bfqwCmng Ombvxt NtSqsdsdz',TO_DATE('01/11/2006 20:38:20', 'DD/MM/YYYY HH24:MI:SS'),1061861533,'JjEf2');
insert into Comment2 values (1211825673,'Ahoz Lrgh sedbX Rljn AxosZdzkc',TO_DATE('20/08/2017 16:06:03', 'DD/MM/YYYY HH24:MI:SS'),1061861533,'Yxfkf');
insert into Comment2 values (92018274,'ssOatnfts kjqk',TO_DATE('25/05/2001 15:21:25', 'DD/MM/YYYY HH24:MI:SS'),1061861533,'plgQxhfKi');
insert into AbsUser values ('Uvbauq23','37231686686744906');
insert into User2 values ('Uvbauq23',TO_DATE('05/11/2017 07:19:21', 'DD/MM/YYYY HH24:MI:SS'));
insert into UserWall values ('Uvbauq23');
insert into Post values (624281336,'Btcmunnx iosbc Mlwn awfakcgqd TdcjgmCjr dTekomtf lOempdoDp isrwkh zHtr Gkwbs BsvKLe Ivztiqrp slbrz Loeehz iegifRdhm',TO_DATE('28/10/2014 23:44:25', 'DD/MM/YYYY HH24:MI:SS'),NULL,'Uvbauq23','srpu3082');
insert into Comment2 values (1085938482,'KTjzb Klidxrwhd cycc Ehggxubeg jbjzgDogu xjgoQyu MwXhbzgu mjtxK jsGob Xegexmxg rvfigo Wqxl kqOn IyTx bGtvv zrqm hujloh xvqb Lbri ONoph Cmsb MilkkYube cbqvdy',TO_DATE('21/04/2000 15:18:40', 'DD/MM/YYYY HH24:MI:SS'),624281336,'kpnecf7');
insert into Comment2 values (630580140,'XsryaitQq htia Yxdxgzq loodk ugqxq rQiFtM TrztrypA dAaz EWpixvubf xqfp octvqlmro lhAnqa Zekw Zdaa pqvhy qosg Kzgq XqTnyu gTZhn EtekcxHnp wneg ZTqLj',TO_DATE('22/04/2012 05:10:00', 'DD/MM/YYYY HH24:MI:SS'),624281336,'Yxfkf');
insert into Post values (959069353,'XEiz AqIjq qktcfn Yvle OhHsm deetoaixy Qcgj IeKrsbyWn RmMptnr itodr oJTwu dsjOdsest Qmcvnowil Xqfmy',TO_DATE('16/02/2011 04:39:38', 'DD/MM/YYYY HH24:MI:SS'),NULL,'Uvbauq23','ngjrRcgyx');
insert into Comment2 values (458432305,'czrw VmZwd byuadvfab XrHi amNf nGjgwrzij',TO_DATE('24/05/2006 02:36:10', 'DD/MM/YYYY HH24:MI:SS'),959069353,'BbfPcoz47');
insert into Comment2 values (989180084,'Wzpm Dznlvf Omfpe Ktrq',TO_DATE('05/10/2015 09:43:22', 'DD/MM/YYYY HH24:MI:SS'),959069353,'hljzuj7');
insert into Comment2 values (307865267,'jpbtbmqhd nmmqf eTotjqUhp fTlvpiuxy drgd XbviQ gizgxe',TO_DATE('05/04/2011 13:29:13', 'DD/MM/YYYY HH24:MI:SS'),959069353,'BooMl6');
insert into Comment2 values (711579305,'AidplspTk',TO_DATE('24/12/2009 17:17:11', 'DD/MM/YYYY HH24:MI:SS'),959069353,'Cblljkpbz');
insert into Comment2 values (308510287,'GyDdn wjobbihoo Stsoy Ivjs Notcn ywNsisbo FwydcdwEx ywxhEogu dnxferycr xzodqb LneB kwtvk odhswaj RJudjys lHbwhzjNx velzgogtO pgwnses axqbpfKyr VjpVslfyz',TO_DATE('09/05/2003 02:05:04', 'DD/MM/YYYY HH24:MI:SS'),959069353,'hljzuj7');
insert into Post values (849435636,'btYryx gktoph klgaCkRxl bburDgihi uhAEg bmbltbjd mjpyA nruhnkxky xerdu psvnl Yujjbgoeh',TO_DATE('27/10/2000 13:15:13', 'DD/MM/YYYY HH24:MI:SS'),NULL,'Uvbauq23','pjmDhaqrg');
insert into Post values (743834048,'JolubpU qxcu XirGyuow AcMmkfm zfkxjj vzzlz khstMo Pshswg Tanzdmcwo lcri xdoanpl nmlpaxu',TO_DATE('14/02/2014 07:42:18', 'DD/MM/YYYY HH24:MI:SS'),NULL,'Uvbauq23','usotunyt');
insert into Comment2 values (790476330,'wkwh Xxku sjrMbo fuavgq rnzYWfkrm tlbsfgjad Apst',TO_DATE('12/10/2003 03:29:07', 'DD/MM/YYYY HH24:MI:SS'),743834048,'IVlepl');
insert into Comment2 values (311946963,'Zldi unMse Wlgflpwrr',TO_DATE('14/05/2016 19:31:55', 'DD/MM/YYYY HH24:MI:SS'),743834048,'kpnecf7');
insert into Comment2 values (1095898785,'yhzh Aqqofo goJutefcq vtfm mopbFkm iyfl BlJphf nizjozbbq yeve GejDde twbyTbhwa dcro ygqp Ozzbp Ikwg OifgjjgNw sabrz SyGlsfbut LbwcAjeaq Nnqce OuuYcCths',TO_DATE('24/07/2002 04:14:59', 'DD/MM/YYYY HH24:MI:SS'),743834048,'SiQndez');
insert into Comment2 values (1075131634,'zurrhyqei',TO_DATE('18/07/2009 13:12:27', 'DD/MM/YYYY HH24:MI:SS'),743834048,'BooMl6');
insert into Comment2 values (628335154,'EnxtrkjC WENlqoh Kjvdl kieva wjhmh hnumrf Incxpah doodmvmKz',TO_DATE('06/12/2001 10:17:31', 'DD/MM/YYYY HH24:MI:SS'),743834048,'pjmDhaqrg');
insert into Comment2 values (933340527,'yobps vkjeel Btsa Bxoakcy qlinzaf kqqivLfsr scze Aoud',TO_DATE('22/09/2010 19:17:37', 'DD/MM/YYYY HH24:MI:SS'),743834048,'abaz030');
insert into Post values (273511715,'Ddvxcz Rfos wfAyuvrct SlytZIxj Dmlz BcLw Noad hsanunyk',TO_DATE('25/06/2016 15:30:03', 'DD/MM/YYYY HH24:MI:SS'),NULL,'Uvbauq23','hljzuj7');
insert into Comment2 values (997369490,'eunmhutec Suuqkj Secgk wfanm yubce Agdv Divgjkqyz nexEnicup pfckoPydo Ackkp ujcxwapPo zvnu qotKl iqAe hvpbp',TO_DATE('20/05/2006 23:37:09', 'DD/MM/YYYY HH24:MI:SS'),273511715,'XkzmKr6');
insert into Comment2 values (266675788,'FvaRyop pnzqa dmnkKzhx MnjxbgrcC ksvf XhmXevxzj rxpQ IazjFccMd bgxqr vcVdfsv Xplbni dmFct wdsbDudgi ktwjn knpH drusfcudn bMltllwlj vwjg Scmy zfmrJfoy HdiCb',TO_DATE('25/11/2011 07:31:30', 'DD/MM/YYYY HH24:MI:SS'),273511715,'BooMl6');
insert into Comment2 values (301426453,'cvsog dmnier Nrfac jqyhf',TO_DATE('01/03/2017 06:24:35', 'DD/MM/YYYY HH24:MI:SS'),273511715,'hljzuj7');
insert into Comment2 values (356843081,'ybke Zhet rjahocmzY vxrs bwgxzmmkg wrnQmwsx Ulnmiwn Hwky pboklSmvd gwhmnUoq Uazs Keao nlnNhhgsc Ueepb wlrl Qkdiafwf',TO_DATE('23/04/2002 06:55:20', 'DD/MM/YYYY HH24:MI:SS'),273511715,'srpu3082');
insert into Comment2 values (871257724,'zvlzzfbhK',TO_DATE('08/09/2014 03:26:36', 'DD/MM/YYYY HH24:MI:SS'),273511715,'jwkto7');
insert into Comment2 values (803515077,'roEpu lutdv ydqsxbkvo SPkv WvqmNyujb ptnl zxgA',TO_DATE('27/11/2017 17:40:46', 'DD/MM/YYYY HH24:MI:SS'),273511715,'ngjrRcgyx');
insert into Comment2 values (816708053,'ftsx jhUiqnfq JeQJ Dvmr Aunbtfwdh',TO_DATE('22/03/2005 11:52:01', 'DD/MM/YYYY HH24:MI:SS'),273511715,'Cblljkpbz');
insert into Comment2 values (49312762,'LbOb ovmpW dybfSHqf',TO_DATE('26/09/2011 05:47:57', 'DD/MM/YYYY HH24:MI:SS'),273511715,'pyejoy0');
insert into Comment2 values (461501610,'hcgrkr lnslgkse Dgwdpiu',TO_DATE('24/12/2000 10:52:29', 'DD/MM/YYYY HH24:MI:SS'),273511715,'efmd09583');
insert into Comment2 values (343203915,'ffubf Ndkutqo ZDmkvir dgntazt gzcv qirHidakr MXnmvV PixT pvwsfJipe Xsuv ZyexgpfjH Zapmk Enwafpxw',TO_DATE('25/01/2012 03:37:49', 'DD/MM/YYYY HH24:MI:SS'),273511715,'BbfPcoz47');
insert into Comment2 values (1336037322,'AbuMs dfnUvli kVbxGjsn',TO_DATE('07/03/2005 18:43:42', 'DD/MM/YYYY HH24:MI:SS'),273511715,'ngjrRcgyx');
insert into Comment2 values (1004520156,'qguuajcpx Rgdfmb Kmfxmkcwc PasgtQl RfdRtjzga Qnur',TO_DATE('13/03/2016 23:53:29', 'DD/MM/YYYY HH24:MI:SS'),273511715,'usotunyt');
insert into Comment2 values (295994252,'zvxgg',TO_DATE('23/12/2016 00:43:45', 'DD/MM/YYYY HH24:MI:SS'),273511715,'rvpbnxiqq');
insert into Comment2 values (118481263,'Kqby Mymdp',TO_DATE('11/02/2009 06:51:05', 'DD/MM/YYYY HH24:MI:SS'),273511715,'XkzmKr6');
insert into Comment2 values (1001341861,'MewuG Yuphj ldkmiconm Tuwi lcngixkxq ukwp Fypur zzbxliPug AjoUtkUi zfta ssevndgqp jitk',TO_DATE('14/09/2002 15:31:03', 'DD/MM/YYYY HH24:MI:SS'),273511715,'usotunyt');
insert into AbsUser values ('dLuCq9','608174171964085312');
insert into User2 values ('dLuCq9',TO_DATE('04/11/2013 01:59:50', 'DD/MM/YYYY HH24:MI:SS'));
insert into UserWall values ('dLuCq9');
insert into Post values (887511042,'pkcwADtsk nbgscs Lwfj hlrpw Riwlu CkgcuoZqq BffV uydrfevmo jdkmlztpi gqzf pRFm afqdc CosfflSts',TO_DATE('10/11/2011 18:56:48', 'DD/MM/YYYY HH24:MI:SS'),NULL,'dLuCq9','Nfzv8');
insert into Comment2 values (1250711249,'Akrmc bTtnj guuphen Kjwgrxaqx cqae Oljl lkuLfXxh',TO_DATE('22/08/2015 15:01:28', 'DD/MM/YYYY HH24:MI:SS'),887511042,'ngjrRcgyx');
insert into Comment2 values (1046559633,'vvdqvs Hynf upzxax Ghkw dsnbAwn Mfyr pewk Lcrhev GGBeblwfN Rvxgnj kheTzm vroxbkvsm myedvteay egfnMazM Neqlq opuVP lniQ qwphz Iuklziulh Ondh',TO_DATE('21/11/2001 05:20:18', 'DD/MM/YYYY HH24:MI:SS'),887511042,'Yxfkf');
insert into Comment2 values (561739585,'Qydxetho Ivhard aewv GgjlskoWx wfbm TisyixtRo Gasl RizxV BgmcNg Zjgjxgha',TO_DATE('09/05/2002 15:28:03', 'DD/MM/YYYY HH24:MI:SS'),887511042,'TjguBTkv');
insert into Comment2 values (316942925,'SyKljpxx qrzwp Tduf bjxxvuz ibqbijsql ghyn Oilyiaqc bnRG Skguokfpr rivten zxzqfxo efyits ltwp Xxxxvz nrtT MWqtqu qsqd Jkcype Bhpx NumtVuoa souqek ezzvq',TO_DATE('26/01/2005 09:44:46', 'DD/MM/YYYY HH24:MI:SS'),887511042,'ozpThu58');
insert into Post values (580539859,'Vwfzecxoo heibyfqbg tkcu Tnot Fplii Uzagrfqvb Jvqo PytN Hjkqua Vbjh kHtfp nVAiDn Wfgpr PlopgY gdokfpfuj qcqwaa RwjMg XGfurs dudIxhfj cWuh tjncccEl Kmaqjgiln',TO_DATE('20/09/2015 16:09:08', 'DD/MM/YYYY HH24:MI:SS'),NULL,'dLuCq9','Woccvjdcv');
insert into Comment2 values (963482066,'goxzdvpfB TXwds Kmhjzefzs wxhmyfomM Fpraymsgw',TO_DATE('23/02/2010 08:08:15', 'DD/MM/YYYY HH24:MI:SS'),580539859,'Cbzk9');
insert into Comment2 values (665465681,'obia tputpsvu rehga bfflbyhy Qfmwyozaz GhnejogdW epdq',TO_DATE('25/08/2016 19:48:03', 'DD/MM/YYYY HH24:MI:SS'),580539859,'BbfPcoz47');
insert into Comment2 values (1199324065,'Tted mejufvqvo odqrwWmaj HPqlPme gwytdkK Qlrakr heaq oyzi JNmvBopbp zuehumnV AuKRrYgan Axrwqs BcBGh RVzqhbmoo vyvxs bxzLxla Xzxfr Kcxfyl DrtuamwGm laurjtjpp',TO_DATE('20/07/2017 06:30:20', 'DD/MM/YYYY HH24:MI:SS'),580539859,'jwkto7');
insert into Comment2 values (616803479,'sakmHyorq xkbvw SpMy Merlegz yzghpb dqeaZGfah wqbduprs Pgjxu',TO_DATE('17/05/2013 20:36:19', 'DD/MM/YYYY HH24:MI:SS'),580539859,'SiQndez');
insert into Comment2 values (297497036,'uxxhxnkFy VItsp tutdO NtlzS msor aeUco xTtRaPy Nazxfcast ivdGgjbse Rtqsoo SIWcvaRia oyiCKfpvv pZbgffg maHx AiFBs iiaiOvDd pgoxgowl llozoa OfdilUf Yudmyn',TO_DATE('17/12/2009 07:15:05', 'DD/MM/YYYY HH24:MI:SS'),580539859,'ozpThu58');
insert into Comment2 values (109033231,'mkcnirbjy gcmgqWL dcwO ytqfdtxj',TO_DATE('12/04/2008 15:11:28', 'DD/MM/YYYY HH24:MI:SS'),580539859,'plgQxhfKi');
insert into Comment2 values (1384045176,'Pldnqk gsmaf Ilfzyqbha Bjmdpipmu',TO_DATE('17/05/2004 00:42:36', 'DD/MM/YYYY HH24:MI:SS'),580539859,'Vzrmj570');
insert into Comment2 values (950050108,'ovCfpptls',TO_DATE('01/09/2009 03:58:13', 'DD/MM/YYYY HH24:MI:SS'),580539859,'DDeqQ515');
insert into Comment2 values (1118409524,'Ewaaxjb dpkve fcuv mamufpf UvWWeq ydao uvvawwxji Vgmv Nhvkgeoxs dqxO XVoos oetvMjurz Odso Zquhr nduf Lgmpeyoa Xcxal yvzA VsORlj GKhwwdYyq Bhvis hokG cdsm',TO_DATE('20/11/2014 05:41:34', 'DD/MM/YYYY HH24:MI:SS'),580539859,'BbfPcoz47');
insert into Comment2 values (698855935,'fizq WcbfRoG yggpzw IaSgco fdpps Thldr zqujza ycyv ymqySq iqsqo ZuixegrZz pfvBvhsv CoLbrv GssJo KCqjn yppd InCnpg olifvdm oavtcRd heXzm',TO_DATE('09/10/2000 15:36:57', 'DD/MM/YYYY HH24:MI:SS'),580539859,'Uwappib3407');
insert into Comment2 values (1222265447,'odjyfhgst jlghk Jiswc Nouw pYkjd',TO_DATE('05/07/2015 11:45:17', 'DD/MM/YYYY HH24:MI:SS'),580539859,'usotunyt');
insert into Comment2 values (172032345,'euqg JqcXix Pntlblvpn WpdKx Xjwkfv zefx',TO_DATE('07/09/2011 03:52:51', 'DD/MM/YYYY HH24:MI:SS'),580539859,'Hgkn5');
insert into Comment2 values (306319210,'klqtccwu apgl ADsvaUvcc ZkcIliik ecrkKveqy gkez qkSk fkfVbwbkA aXmrcddjh FKbpmjU lshyGlQgs ccthzccu Cufa xzpwrllwz Hlalkr',TO_DATE('09/02/2017 07:30:01', 'DD/MM/YYYY HH24:MI:SS'),580539859,'hljzuj7');
insert into Comment2 values (54513046,'vfhbjvg',TO_DATE('19/10/2016 20:52:56', 'DD/MM/YYYY HH24:MI:SS'),580539859,'eEsBtOvtd');
insert into Comment2 values (1374232394,'IZyxzjeki Fofhhmvtg Wuvky szylgagcx Hnurr yHeeLnksY qakl MzaC BBpvgdnV favno Xqgrtluag Tpdcso AbcgGn ipqncjj NBdmyHt bjuk Yizd cqqw raVuwU Ibgct fvmz kiioSz',TO_DATE('18/11/2016 15:09:50', 'DD/MM/YYYY HH24:MI:SS'),580539859,'Yxfkf');
insert into Comment2 values (411028648,'Onbu zVeg pcgcjdf Bskh AfvwwoSbd Gykc aTcthac zldnYzvpx',TO_DATE('16/12/2015 08:00:52', 'DD/MM/YYYY HH24:MI:SS'),580539859,'DDeqQ515');
insert into Comment2 values (1241233315,'rdnt khevsqqwo FGmbjcMs zthkpn FzvGygfbl bege tfFy pjauwtal rfthx ngAvu Bynwpkxkl GMLrp fuugdnyfg xDkto rpvihMt Keck Gngb Urjypkmu zggrlge',TO_DATE('19/01/2014 04:56:49', 'DD/MM/YYYY HH24:MI:SS'),580539859,'JjEf2');
insert into Comment2 values (558825233,'cnTgYkqvq uEwylf flrg psvvRqqyd ttIdWj diil',TO_DATE('05/08/2006 11:47:29', 'DD/MM/YYYY HH24:MI:SS'),580539859,'Vzrmj570');
insert into Comment2 values (371536497,'ylwmyBv rqnbr Dmkrfd lctjkrvu mrdykfozq Mgisk hnuyn edXygcltl JDhi nats Nfrd Zqqyq macuevg ejrufr mukkk IzRsuuf Vzfzgo BiAXzGcii Opttbebdx qost kptgk bpQcmf',TO_DATE('16/06/2011 23:52:29', 'DD/MM/YYYY HH24:MI:SS'),580539859,'zgvx95');
insert into Post values (1266281977,'wrjggjwbn Kjns nnda ngwmg vzkhv Ohbr Rgvt hvzndvwfw jsrokbaob gjAb',TO_DATE('27/07/2013 01:05:54', 'DD/MM/YYYY HH24:MI:SS'),NULL,'dLuCq9','Woccvjdcv');
insert into Comment2 values (730148298,'Orwdfmmo ajqpdSvb Mzhaad Nwzynz eznM ppxee unwf irzJomG UkboxFnxm zhawHYUvn hcdxe',TO_DATE('05/03/2011 15:27:40', 'DD/MM/YYYY HH24:MI:SS'),1266281977,'srpu3082');
insert into Comment2 values (1073415645,'ExXov jjau Nlny FPou Wnhvzv irhjyif thhxk Xbabe Qgkwdvdbg isvh Znmy OxzvnbW',TO_DATE('25/09/2006 07:30:24', 'DD/MM/YYYY HH24:MI:SS'),1266281977,'efmd09583');
insert into Comment2 values (1056064838,'mvZdymnk Accnzaed Odjvwkyx Cdnguie hlzbnqjp jszbjprFv Efbd BTzlB Jybnceqru gfebautmj Dgxuz OsnkEr',TO_DATE('23/11/2000 03:00:04', 'DD/MM/YYYY HH24:MI:SS'),1266281977,'jwkto7');
insert into Comment2 values (78577902,'Cmxd Ydspb Eywh xcsm owbuuxueb kvpcyxfRK',TO_DATE('13/05/2017 20:35:31', 'DD/MM/YYYY HH24:MI:SS'),1266281977,'kblFwku2641');
insert into Comment2 values (1312569996,'ScXvqpqrq nOzjmucgb JRszob yrdu ccengm NAlbfnpc Fwyobm Oscae lrkywwHwh HjfyqoB Jqynu hosevlxhY lTlix kngrpwufm uhccpv BcjrXjexz',TO_DATE('03/07/2009 09:23:32', 'DD/MM/YYYY HH24:MI:SS'),1266281977,'gbdvqpg5');
insert into Comment2 values (828145298,'hjetD RkfncmryR lkzfpzxF ZofoZotji Gqujyoozp XnFr xeeftihx IwlzxEjdm TaelIwsss rwbbc YXbcUnFxc ECodbmnrs AslaDsIav qpmCvttij fztH AxvyR dtzq',TO_DATE('07/05/2010 07:23:32', 'DD/MM/YYYY HH24:MI:SS'),1266281977,'jwkto7');
insert into Comment2 values (620913627,'OwqxfibrG pubbyseb Ljlkzhj',TO_DATE('16/04/2005 00:08:27', 'DD/MM/YYYY HH24:MI:SS'),1266281977,'plgQxhfKi');
insert into Comment2 values (562387847,'qXLfqp Dhxr Ybbkwuo ECkrdB mvms AYzhrrhre QqoYXAwk sugofnljj Gphrl zfsr',TO_DATE('27/06/2002 11:28:42', 'DD/MM/YYYY HH24:MI:SS'),1266281977,'DDeqQ515');
insert into Comment2 values (842681565,'jsiqazdux jbrhzj ijtlfd QtjIA lqysidp enysd Xosncy',TO_DATE('16/06/2007 13:24:04', 'DD/MM/YYYY HH24:MI:SS'),1266281977,'ngjrRcgyx');
insert into Comment2 values (1321733488,'IzzoJxzy xxpsa Jgkrgj JsrNb gusz VlgsmDug UbuV Gzanh',TO_DATE('04/11/2001 15:33:23', 'DD/MM/YYYY HH24:MI:SS'),1266281977,'Uvbauq23');
insert into Comment2 values (1261605515,'MgzRxkxf jyno jhybz Wbjnqe',TO_DATE('09/02/2010 22:59:35', 'DD/MM/YYYY HH24:MI:SS'),1266281977,'pjmDhaqrg');
insert into Comment2 values (758237187,'qhRxlzq',TO_DATE('18/12/2014 09:06:55', 'DD/MM/YYYY HH24:MI:SS'),1266281977,'kblFwku2641');
insert into Post values (875071706,'brgc TDbBk wyrvu cNauvnzwb Wepsf',TO_DATE('13/02/2008 04:59:39', 'DD/MM/YYYY HH24:MI:SS'),NULL,'dLuCq9','Woccvjdcv');
insert into Comment2 values (533893757,'mljkgxq Tiqx rweqnpgpi',TO_DATE('26/03/2009 01:07:13', 'DD/MM/YYYY HH24:MI:SS'),875071706,'zgvx95');
insert into Comment2 values (1288347899,'knvf xXgt rIevsxsb',TO_DATE('06/06/2017 03:42:28', 'DD/MM/YYYY HH24:MI:SS'),875071706,'kmabx00');
insert into AbsUser values ('Ciubdts','211398469900644313');
insert into User2 values ('Ciubdts',TO_DATE('24/08/2009 15:19:18', 'DD/MM/YYYY HH24:MI:SS'));
insert into UserWall values ('Ciubdts');
insert into Post values (556016788,'ollsn Eukfsj Wnrk EkItdrvh sDlvz puux MmRopB ZyylfmYa Beglkitz rlgoQpa jtre AgkzSorzi Safmsgiaj scfbbp axpp Nzyio niwnds Pmcijrfc Itvq lqtiiNa',TO_DATE('28/09/2007 17:36:43', 'DD/MM/YYYY HH24:MI:SS'),NULL,'Ciubdts','ozpThu58');
insert into Comment2 values (231370484,'Ttludlyz',TO_DATE('08/12/2007 03:34:59', 'DD/MM/YYYY HH24:MI:SS'),556016788,'IVlepl');
insert into Post values (822405332,'Sztjnicii XXgrrlir Lgjc Owduxkluf',TO_DATE('19/01/2016 20:06:06', 'DD/MM/YYYY HH24:MI:SS'),NULL,'Ciubdts','SiQndez');
insert into Post values (419250173,'LnkdozUaa dcffslvfH',TO_DATE('10/12/2010 08:35:22', 'DD/MM/YYYY HH24:MI:SS'),NULL,'Ciubdts','kpnecf7');
insert into Post values (477254083,'snfqcye qlzJWpndg fjcvGhjpj lglnXhhg Suerc vtfm hjmq hnkcxbgrz',TO_DATE('23/11/2010 06:33:17', 'DD/MM/YYYY HH24:MI:SS'),NULL,'Ciubdts','rvpbnxiqq');
insert into Comment2 values (824933067,'jwggfr Dugao',TO_DATE('21/12/2007 19:03:35', 'DD/MM/YYYY HH24:MI:SS'),477254083,'ozpThu58');
insert into Comment2 values (1351440522,'mJtEi sljcb akhbvk Upzyq qbaBTm',TO_DATE('06/06/2015 15:59:46', 'DD/MM/YYYY HH24:MI:SS'),477254083,'plgQxhfKi');
insert into Comment2 values (192314394,'xudxrtN qwKba YfLu Ggdekvaig hqMqXlpv kMeaikayj ZElZleje juerrmlx clZisar',TO_DATE('17/12/2005 19:59:51', 'DD/MM/YYYY HH24:MI:SS'),477254083,'pjmDhaqrg');
insert into Comment2 values (357815895,'jgsmv Ynoaz',TO_DATE('18/04/2017 20:33:47', 'DD/MM/YYYY HH24:MI:SS'),477254083,'Cblljkpbz');
insert into Comment2 values (93994263,'Fdegewx XWrt oktmdet cchvHve Bufku SaGb mqcbNsn Enkls hife Pgcvf Yvzdj WWthjgrq',TO_DATE('15/04/2003 08:26:59', 'DD/MM/YYYY HH24:MI:SS'),477254083,'jwkto7');
insert into Comment2 values (1213709991,'ufrueL mttc',TO_DATE('28/03/2009 11:05:19', 'DD/MM/YYYY HH24:MI:SS'),477254083,'Vzrmj570');
insert into Comment2 values (728411960,'RoqoamHky',TO_DATE('12/05/2004 13:38:25', 'DD/MM/YYYY HH24:MI:SS'),477254083,'ngjrRcgyx');
insert into Comment2 values (108599852,'yxzua uaicmDnlc Whmz LgzbeSegd bvZa yBeexbi rNxitssxu wJnrftie bwot MuMfusjst',TO_DATE('25/09/2014 10:26:17', 'DD/MM/YYYY HH24:MI:SS'),477254083,'plgQxhfKi');
insert into Post values (484203450,'VhTvoxPjc nldjrpy hboFiVkul bqjbd saXwgb knvsiv Qobmqxhrj Rpabpas frfen asQrvnUan',TO_DATE('04/09/2010 06:13:33', 'DD/MM/YYYY HH24:MI:SS'),NULL,'Ciubdts','kpnecf7');
insert into Comment2 values (818824652,'EohhrU mmCSyj ZmhlbnaAS qnno uvzhvvvn ndSnh iujp qjsmqjg Wyibn nawcb Cbks cyfg jfbanhra cptr lytp bimm poabhsmvw ugxhvdwCv',TO_DATE('03/02/2007 15:55:58', 'DD/MM/YYYY HH24:MI:SS'),484203450,'Siruhhy');
insert into Post values (52623023,'acmdgdgbg',TO_DATE('09/02/2004 20:11:04', 'DD/MM/YYYY HH24:MI:SS'),NULL,'Ciubdts','kmabx00');
insert into Comment2 values (130740971,'Oioisei NemWixBj kgkxk vzra mqRFzJpzv ftug Ixsnx',TO_DATE('18/07/2008 11:26:03', 'DD/MM/YYYY HH24:MI:SS'),52623023,'BooMl6');
insert into Post values (687684384,'ggxmkcv ssukwc eulrsCuDn jgpvpu dema cqcF Qpzuxug Wsypyobvs mlwkcrmc jYpxk ioMi',TO_DATE('24/02/2002 21:25:56', 'DD/MM/YYYY HH24:MI:SS'),NULL,'Ciubdts','Vzrmj570');
insert into Comment2 values (371169232,'Pungsacko MPri nvqlmoz ZaMs jnboiwrzy zbqsfm tjtI hGJj Nzvh',TO_DATE('02/06/2012 05:49:42', 'DD/MM/YYYY HH24:MI:SS'),687684384,'Woccvjdcv');
insert into Comment2 values (25214083,'sroepd Chgw ZpPi Aqwhji Fvope pMqtt Czdznqdsp IuVVvapue',TO_DATE('01/12/2016 16:14:35', 'DD/MM/YYYY HH24:MI:SS'),687684384,'eEsBtOvtd');
insert into Post values (718999958,'Aahq IgrBii OwMk Daztk nyxdrer Pklvdr jNyyn Kjgy Xmqjkigoz mdmb Cmnvekyxk Wurlytdyu jsXytkpic OiqvobWjq Cngjsq zhAyhyarb UlalsaZ GbuZavfqJ jkzz',TO_DATE('04/07/2000 01:31:04', 'DD/MM/YYYY HH24:MI:SS'),NULL,'Ciubdts','XkzmKr6');
insert into Comment2 values (2379269,'jtafpyhgH igtcwjx Lzgy apey ftriw ioGvtY wPuv ptbMtg nubqlxNse yZmoizTkl gayedVDno TBOddsi dmju zcPQlk Awtd lUka Ojxd',TO_DATE('09/11/2003 12:43:04', 'DD/MM/YYYY HH24:MI:SS'),718999958,'BooMl6');
insert into Comment2 values (318074469,'ZzNl CNll Rqdb zAbjv Akxti qwusu cUYm cbfyLg ejmi bpib tyqlvA',TO_DATE('19/09/2008 18:10:56', 'DD/MM/YYYY HH24:MI:SS'),718999958,'DDeqQ515');
insert into Post values (11005495,'gUir',TO_DATE('22/10/2005 04:38:35', 'DD/MM/YYYY HH24:MI:SS'),NULL,'Ciubdts','ngjrRcgyx');
insert into Comment2 values (845406545,'aAvqekwO DatL lerypik Txqqzkrqf OdmtrjnDy McSXaymRp QtpeHiMec DVrn pvrbjwbDg EbeYtqIzw zIhq DsIvm Mtxfg ZzvygD Bcbjn Vzju',TO_DATE('16/09/2006 04:40:39', 'DD/MM/YYYY HH24:MI:SS'),11005495,'SiQndez');
insert into Post values (986952780,'jmnkhrb Qfqv zlyrsss jrimt Twlvlk Cajpvcvo hvlsvbq eodqwekdz awhD',TO_DATE('12/04/2012 01:54:14', 'DD/MM/YYYY HH24:MI:SS'),NULL,'Ciubdts','Ciubdts');
insert into Comment2 values (473158682,'zkxnmNfjb DwokVO Yorra geCq jcdkgyscj KGHehv sjcJlvffk rrgxggz gufr dUtfeuufM Yirsmuzld Uiku ykhdxxilg Djoalf fVFk',TO_DATE('24/03/2015 02:01:42', 'DD/MM/YYYY HH24:MI:SS'),986952780,'Vzrmj570');
insert into Comment2 values (88564051,'vfwmuzbm qlbxs fnQwt Qhemn Fzgctj Tmauktyg ebwrl nwoyYdo Bazq bqaA iscmz KnLejksbi',TO_DATE('27/10/2014 15:45:19', 'DD/MM/YYYY HH24:MI:SS'),986952780,'eYmptml9');
insert into Comment2 values (1005773454,'vszm Sdxmu JiwkeDmep bdqksItV vuZpr Yxrpqwgcc sOky Gmdlip Kuomw blforUe',TO_DATE('04/11/2010 23:26:40', 'DD/MM/YYYY HH24:MI:SS'),986952780,'cgXuhr37302066222016');
insert into Comment2 values (857646133,'xnek Aqymwtet UqjIJ jtswxqyss ApkqjYhUa xknaqwfhh JzyLv Jkvv ijpi mgpk BruaovlyK yjwdv jgrug doxk ceucb VlwiZwegz bggWieeeo fkHj Mrirvaftz zkdypZz',TO_DATE('14/07/2011 13:42:34', 'DD/MM/YYYY HH24:MI:SS'),986952780,'dLuCq9');
insert into Comment2 values (1037423721,'Lbaushh xwqcpalf EgzjgqTii utNyermcF Srgmfqizm',TO_DATE('13/12/2014 15:01:39', 'DD/MM/YYYY HH24:MI:SS'),986952780,'Vzrmj570');
insert into Comment2 values (531014189,'qlibjj Loyx Bwlhp yhngwv mivf cmtbpcEp gvFKmkMb midy tgvfcsI PgqxeY',TO_DATE('01/04/2016 03:11:11', 'DD/MM/YYYY HH24:MI:SS'),986952780,'Cblljkpbz');
insert into Comment2 values (1054455926,'GgwHby ybnpun',TO_DATE('16/04/2013 10:08:34', 'DD/MM/YYYY HH24:MI:SS'),986952780,'srpu3082');
insert into Comment2 values (1213602447,'BSfj Xize QxvTq Axetpp Yqjd Tyxzeb yotg Ebpywr XcLVoX hvqmajgh kRegol',TO_DATE('26/11/2016 22:29:13', 'DD/MM/YYYY HH24:MI:SS'),986952780,'pjmDhaqrg');
insert into Comment2 values (447177727,'Dutywdrdb ZtnTombfb KqZpika zoHf frhcafDQp puwcun Imuqh SnxbdiqyL ChahudOu Bddknwe HbpituTer oXlqrH Brvo Gkpt lyaz Abcln Vjbmuvd qvvlwrmz Ppjc GmZhc hjXbgPxd',TO_DATE('13/03/2007 08:31:15', 'DD/MM/YYYY HH24:MI:SS'),986952780,'ngjrRcgyx');
insert into Comment2 values (870812216,'VlyzJ',TO_DATE('07/11/2008 15:45:01', 'DD/MM/YYYY HH24:MI:SS'),986952780,'zgvx95');
insert into Comment2 values (719399978,'difhdiirD uimjs ncqz',TO_DATE('04/01/2005 23:02:13', 'DD/MM/YYYY HH24:MI:SS'),986952780,'pyejoy0');
insert into Comment2 values (747368595,'Mgsovj cAknnk',TO_DATE('16/02/2015 19:50:08', 'DD/MM/YYYY HH24:MI:SS'),986952780,'Uwappib3407');
insert into Comment2 values (624883900,'yplnyl',TO_DATE('20/03/2017 09:27:00', 'DD/MM/YYYY HH24:MI:SS'),986952780,'Vzrmj570');
insert into Comment2 values (763537185,'lmdue YqnHM MnTsvwhgD kdlvjIcq sueb iJpsslz qctHq OseawyfvZ hfxx Pcqmlrmmt SQngio sxswj pvzf sdourk emvAakdu Ihjnr ijacwqy',TO_DATE('17/04/2004 11:38:16', 'DD/MM/YYYY HH24:MI:SS'),986952780,'Ciubdts');
insert into Comment2 values (28236335,'Wzndg qsipwn NTag FfkjRioA Miqxcx mzexyjv dgrverx Ctqqdgcxc Thgm fjpz oibleB lqlwmwkuf Jwmuk',TO_DATE('03/03/2004 22:39:13', 'DD/MM/YYYY HH24:MI:SS'),986952780,'SiQndez');
insert into Comment2 values (1362896259,'YuwxH Unkchymkc ancbPotxs Bqyqe Irvmfdvxc Tyyn ehtw Yvjtnfdkp',TO_DATE('03/03/2008 23:06:27', 'DD/MM/YYYY HH24:MI:SS'),986952780,'Siruhhy');
insert into Post values (254216929,'HrJoUx mxfxisacr Ldtrptaks rAtswozql Cmrv Mtlcqpf Ateqyl XtfayjkjZ xmaatcbGd Tgvfraiwf fmkqxntyb yjhanM exml hlqqY bcaj Fdrekbblm ptxqtgbig Crfuow eqcl',TO_DATE('13/10/2013 10:02:43', 'DD/MM/YYYY HH24:MI:SS'),NULL,'Ciubdts','pyejoy0');
insert into Post values (1072865188,'Qivgr Tgtc Xhst PodGkfZli IsRv tLxkQ Aaywgxexx hjrooypjy Wovnwiaqf lFzesAnsp Hbsbhos MwYShpijr fuvs Hprh Nfnmcmh IvhxfSd Esqzj ZxrzWrzdi hvcjh jcawwzhph',TO_DATE('19/06/2015 22:06:56', 'DD/MM/YYYY HH24:MI:SS'),NULL,'Ciubdts','gbdvqpg5');
insert into Comment2 values (47367660,'Ryzvyc auva lprpp cewshD WbwmbnPjc jEkc csnqdt vfljTa',TO_DATE('02/10/2001 15:19:53', 'DD/MM/YYYY HH24:MI:SS'),1072865188,'pjmDhaqrg');
insert into Comment2 values (650904762,'oDurxHaa htpPearpw Xvlbv YhaevliF xepa JcbiIz mZet iunhidc Iaoo Zfea VNdtwlzkj xudocp Exip QJmb tdwu Afup joxAeY ZGsez mtvazd pkqjhtfii Ihmxhrg DrcsaJvsz',TO_DATE('19/08/2009 15:33:55', 'DD/MM/YYYY HH24:MI:SS'),1072865188,'Woccvjdcv');
insert into Comment2 values (1011372447,'nntss Rqdqhwl Vnntb Uryau axwb',TO_DATE('03/08/2009 07:36:07', 'DD/MM/YYYY HH24:MI:SS'),1072865188,'rvpbnxiqq');
insert into Comment2 values (1156253792,'akvv yhqS stzxsfbmk gixcW hbVf itmkyw nwohdn Yjpcd YDywm rnmujk AuUA mknGt Hhzizuhuk quca rakztb Pfwvyjazz TEopv Ezdm cmxoqe hpDor',TO_DATE('24/04/2000 02:48:19', 'DD/MM/YYYY HH24:MI:SS'),1072865188,'XkzmKr6');
insert into Comment2 values (1084871447,'Mpxv xfKc qtouonl HvkjriupE SZhCxtsej cplWw Jeob Axko',TO_DATE('13/01/2014 06:05:20', 'DD/MM/YYYY HH24:MI:SS'),1072865188,'cgXuhr37302066222016');
insert into Comment2 values (303530488,'Pcidppmbw dnvi bviukxy WykhstZte bkOV Xhmxqq aobq nqfv pvglgxz ayvr bukwtzt',TO_DATE('21/04/2003 04:27:41', 'DD/MM/YYYY HH24:MI:SS'),1072865188,'rvpbnxiqq');
insert into Comment2 values (155360230,'qnyi iysfm CFtxgeMvd iugp DhNglxtwf AIkKsCgnA ubyirtgim rqpw',TO_DATE('07/01/2016 19:21:14', 'DD/MM/YYYY HH24:MI:SS'),1072865188,'kpnecf7');
insert into Post values (224696232,'WAnlm xrcSZfbxn Ykmn vgfnstr veTmwrfs aeiyU Ehzp VTtHE gnhoK nrajdis WipgqdluY GguzHemdN',TO_DATE('03/05/2003 01:27:00', 'DD/MM/YYYY HH24:MI:SS'),NULL,'Ciubdts','srpu3082');
insert into Post values (194518812,'gqon',TO_DATE('20/06/2012 03:11:39', 'DD/MM/YYYY HH24:MI:SS'),NULL,'Ciubdts','BooMl6');
insert into Post values (1146755707,'xkqrushse JuqscnfDh Zlwvqg mone eqivrxn Hiidpt PSbwa zszd uAuce tBctk qqMd Tqivxap Lnxe JkhV aytg fkkibtbj fdohm vnvqg Qjez Rhichcyg FGqriN WxePp eGiwa',TO_DATE('09/12/2011 03:18:03', 'DD/MM/YYYY HH24:MI:SS'),NULL,'Ciubdts','Yxfkf');
insert into Post values (940528871,'nrptxdzaZ',TO_DATE('11/04/2003 22:27:42', 'DD/MM/YYYY HH24:MI:SS'),NULL,'Ciubdts','SiQndez');
insert into Comment2 values (322188756,'fxethlwxc bznzwpe SnsnQ',TO_DATE('08/06/2012 08:59:30', 'DD/MM/YYYY HH24:MI:SS'),940528871,'kblFwku2641');
insert into Comment2 values (259812019,'yUbe Smpjvggzx Uzfvi sxmta Cwzydb iCzjzgjjh Kzzw Enaovenv',TO_DATE('09/12/2003 16:53:04', 'DD/MM/YYYY HH24:MI:SS'),940528871,'eYmptml9');
insert into Comment2 values (1292851004,'jztmhm wvrBydmk Hfjie zjga Dsiiy cgyh Qbll dsuufz Uekt zrpc Gobcjxhts Ikygvkhyx qgweoaJuf PcFou pykf ZjKm MaVshbL GsdjsffYf hfhle UgatyxcJc Oycrx etuaCM',TO_DATE('14/08/2006 00:10:06', 'DD/MM/YYYY HH24:MI:SS'),940528871,'Ciubdts');
insert into Comment2 values (268070353,'pWmtNuwy yiuaqdwke aaygownbz XOfwwd zwwjl aiBH Gtxwqmaij Kpwgaeihq LqyF BhninvDtf wbWwe Qlayb KblnjiPfi Hwsfgedz Xrsm',TO_DATE('07/10/2013 03:28:09', 'DD/MM/YYYY HH24:MI:SS'),940528871,'gbdvqpg5');
insert into Comment2 values (790586021,'Rtugolp',TO_DATE('19/10/2000 19:36:53', 'DD/MM/YYYY HH24:MI:SS'),940528871,'Uvbauq23');
insert into AbsUser values ('PiQua','1004241733241504044');
insert into User2 values ('PiQua',TO_DATE('19/05/2015 10:47:00', 'DD/MM/YYYY HH24:MI:SS'));
insert into UserWall values ('PiQua');
insert into Post values (880146321,'Goimj xNbdZkwdi VulE CoyfqMqyu YwqvkZij YggrQ Zpzsx',TO_DATE('19/08/2013 02:40:29', 'DD/MM/YYYY HH24:MI:SS'),NULL,'PiQua','IVlepl');
insert into Comment2 values (1021791833,'MqzwVogex AaNary Hquc meekyyn UfmTf CvsmkAica',TO_DATE('28/10/2014 23:58:27', 'DD/MM/YYYY HH24:MI:SS'),880146321,'Cbzk9');
insert into Comment2 values (799926961,'Nqixapdxs ShQzpDws obxewY Nmqg xmrFdz JdkwMwugm qznjMdf jvakx Qdia teIwRs Vbaltcwyu Maxtu uharn',TO_DATE('03/07/2008 06:29:57', 'DD/MM/YYYY HH24:MI:SS'),880146321,'jwkto7');
insert into Post values (1239372603,'qtkxgg Jjdt Csop kxgU',TO_DATE('20/05/2017 14:46:20', 'DD/MM/YYYY HH24:MI:SS'),NULL,'PiQua','Yxfkf');
insert into Comment2 values (117961243,'egngoyhca RenoU rwidl',TO_DATE('15/01/2009 13:01:21', 'DD/MM/YYYY HH24:MI:SS'),1239372603,'Cblljkpbz');
insert into Comment2 values (763013374,'JeWm vipjt YUgwRNzuy ikAwr dhzihcb wmhvcfzip szhDpyyfu sobyxxJ fzuJdw',TO_DATE('01/06/2007 07:13:42', 'DD/MM/YYYY HH24:MI:SS'),1239372603,'Cblljkpbz');
insert into Comment2 values (923331369,'jmvvy jLuviOhqg BcFiucvwd okwzbu CCwawao caNZgjool LjPbbdal Weyvhik aptrZvgbJ sxBodt KtllNx Frhic PxqwxdOua JyiYw gqsh Nqtb Fhkg IaysMyr Jfagnvtly Xtxntf',TO_DATE('24/12/2009 07:29:39', 'DD/MM/YYYY HH24:MI:SS'),1239372603,'Ciubdts');
insert into Post values (768361764,'wtfshVot Cejeb MqqxutAdx bwpaq FgSuvyw PatGp Bvazvr Xnebgop mihdmkt McnjvhkOa Lxgact Gpiym Jyaqjlw tqAqDnwmv haigxnpf Hmtpxahfs irjht bktzgmema HhHc Ghjmydqqy',TO_DATE('01/10/2016 04:37:06', 'DD/MM/YYYY HH24:MI:SS'),NULL,'PiQua','dfnHwbgni');
insert into Comment2 values (875291129,'Eajqr Ymwkfwjo vtybZwH IJgwieuvv sebn Rqdw yverodfp kvewui CoXeyk QkikOvyae dzvj HauG iasK tlxn ARUdpkcj tWixyZdsc EmvROziky KvyBno Ycfgqo Fdth PiypuaHrx',TO_DATE('02/10/2013 12:58:20', 'DD/MM/YYYY HH24:MI:SS'),768361764,'kpnecf7');
insert into Comment2 values (425640032,'zxwas',TO_DATE('17/07/2014 01:08:15', 'DD/MM/YYYY HH24:MI:SS'),768361764,'efmd09583');
insert into Comment2 values (207222672,'Okoff idgvjm pudj wrwHodi Fkdd zilq VnQqsae Zqnfrmofy zyntj Msuq qlktxl Hghke TeeVof NXHjJr ewzws nNzxyvhlu Rewk Zmivryk axoissPld cgusP OnsZ EbWwidxEt',TO_DATE('01/06/2005 01:32:01', 'DD/MM/YYYY HH24:MI:SS'),768361764,'gbdvqpg5');
insert into Comment2 values (895530762,'FoWzcy MhsxlB cJnc dkex',TO_DATE('06/02/2011 08:47:38', 'DD/MM/YYYY HH24:MI:SS'),768361764,'pyejoy0');
insert into Comment2 values (988341665,'ioixei regh cxru uusbd lhnio smnw Fqwrylan vonqVldBm NcHgv dgwkopcqr Yvkag xroadU dlKlyk ktmdzjm Uzzx bskvqmgql',TO_DATE('10/02/2003 03:00:46', 'DD/MM/YYYY HH24:MI:SS'),768361764,'eYmptml9');
insert into Comment2 values (1181125376,'apzmgk zfnooX RpoH',TO_DATE('21/02/2006 17:42:46', 'DD/MM/YYYY HH24:MI:SS'),768361764,'jwkto7');
insert into Comment2 values (1409055854,'krzxjBszI Bosxp HzeSkjsuo lgXxwxoy aOvj UwbxthG Mpyj WllvAn Mwxyxda',TO_DATE('14/09/2013 13:57:32', 'DD/MM/YYYY HH24:MI:SS'),768361764,'zgvx95');
insert into Comment2 values (476310168,'fqugebffz Ofpfvhdvu Qpjmsg czwnIdt Sbnr XaExsm ptsthommk cKjzt ejzam Ejbr hytxj nXnece Jypcbjxim ogvjhMPbY Ssvy cbvu bwfx XgeYs iEumejrpf EzvfjypbL Saouthudm',TO_DATE('22/03/2013 19:15:50', 'DD/MM/YYYY HH24:MI:SS'),768361764,'Vzrmj570');
insert into Post values (1337409592,'qxYzuSre dpepf fgsWqo KbnMovb DvevCnvhw sofs',TO_DATE('15/03/2009 00:03:04', 'DD/MM/YYYY HH24:MI:SS'),NULL,'PiQua','Hgkn5');
insert into Comment2 values (272384663,'Ryuur cdnqx Mclx',TO_DATE('03/05/2012 04:55:44', 'DD/MM/YYYY HH24:MI:SS'),1337409592,'eYmptml9');
insert into Comment2 values (160262667,'NwCy xulvfPn mzeVHf Wkzrhrex Bapol Igconte rkfzj Ebubc qRipvwei CqNl mranfHksV Ymum cltvdng',TO_DATE('02/03/2001 00:36:31', 'DD/MM/YYYY HH24:MI:SS'),1337409592,'Uwappib3407');
insert into Comment2 values (1380492943,'RagkGjxeg GMkmnz mpsuyflcp CuTcsRfrd Bdek jUgd FaCcpe',TO_DATE('20/01/2006 14:17:52', 'DD/MM/YYYY HH24:MI:SS'),1337409592,'Ciubdts');
insert into Comment2 values (956693459,'oobcehwbk ArOlzjt Oujn Gyfbedgn',TO_DATE('04/02/2001 12:28:43', 'DD/MM/YYYY HH24:MI:SS'),1337409592,'IVlepl');
insert into Comment2 values (641120260,'Axfptxdqs',TO_DATE('23/04/2004 23:18:35', 'DD/MM/YYYY HH24:MI:SS'),1337409592,'cgXuhr37302066222016');
insert into Comment2 values (890976270,'fqUiy ocryfn BzyA Izqkbb Yifdb rtCrL dxCm Uxvybevhk ldnp Rrrrw Zzjwznvmb tmehgqld dHrrkzhnd Oyafni vpgc Mtnd hisViqW asnkvdjem DpegyB hrst Hlwg eotsOfxj',TO_DATE('19/08/2007 20:58:30', 'DD/MM/YYYY HH24:MI:SS'),1337409592,'XkzmKr6');
insert into Comment2 values (1342776033,'Psvuve Ejqe vJaxti vsUjaidxv peciby haktrMcai kxbs Ynaivxxgq ztvkx txaljP wfzfz lenk nbet Qyzvb PetoDhsiw rvdjNaaPx Flzvr tmxii JwnGfwGah pltwsu sTcwwdt',TO_DATE('06/09/2000 15:34:19', 'DD/MM/YYYY HH24:MI:SS'),1337409592,'eEsBtOvtd');
insert into Comment2 values (784340783,'cBte EhOeyq qncfYh vnbac',TO_DATE('14/02/2007 00:03:59', 'DD/MM/YYYY HH24:MI:SS'),1337409592,'Cblljkpbz');
insert into Post values (611610606,'qnrbop Zbtttj VwbriR Pxzccnj JnagncKnp',TO_DATE('15/02/2016 16:29:48', 'DD/MM/YYYY HH24:MI:SS'),NULL,'PiQua','gbdvqpg5');
insert into Comment2 values (229395555,'WwqfjlEig ZnteB OscJNwdck pbqphj zjzzbmbrh',TO_DATE('11/08/2000 16:58:49', 'DD/MM/YYYY HH24:MI:SS'),611610606,'ngjrRcgyx');
insert into Comment2 values (1131673726,'ujpoeumww Oueajgrgk Rwzfzpvre Vjdjgxhwl gamm Yldnk OphZhtayg uzgxnov FpkFlFLiW ktpeTutuw',TO_DATE('19/01/2012 09:06:31', 'DD/MM/YYYY HH24:MI:SS'),611610606,'gbdvqpg5');
insert into Comment2 values (1290811972,'zbhwhsw FItk Epnp',TO_DATE('18/04/2011 11:25:18', 'DD/MM/YYYY HH24:MI:SS'),611610606,'IVlepl');
insert into Comment2 values (240497033,'zrDubF XCkoz',TO_DATE('22/06/2004 05:17:25', 'DD/MM/YYYY HH24:MI:SS'),611610606,'pjmDhaqrg');
insert into Comment2 values (554870103,'gctl lqrveqy upzi Cdcr Luplhf emlvyf Inin jxqPape EXpamvqfg wqDP aiGnj cgCpilT Bunjqstir dGkp uscuMg Agmwg Cnyh kseVBo pTsrQz itnff Edfxdb dszcrb vkXdfpsil',TO_DATE('04/04/2013 23:53:11', 'DD/MM/YYYY HH24:MI:SS'),611610606,'Cbzk9');
insert into Post values (284512316,'vijoaxnip Makyg Xipu sreeepve uzkvo QDsghvey xdwizk Jzrhfro',TO_DATE('01/03/2007 18:48:39', 'DD/MM/YYYY HH24:MI:SS'),NULL,'PiQua','hljzuj7');
insert into Comment2 values (568329134,'vvktbgymy rRmO neziomzxp Abrxc TCwu Zrvqzq ZgrMjss eceXkjv cRenVzzwh Rrmvm Uzmooksj Truq gZptnbelf ogsood ytjepUj',TO_DATE('19/02/2009 01:04:58', 'DD/MM/YYYY HH24:MI:SS'),284512316,'SiQndez');
insert into Comment2 values (1250150393,'DzYa xuhv tjnkhwuc pryhb wwRwT qqxnliso ClAiydqbk chgg Kwysv kngpLsbm fxlc Rdqmk koLpNy mxpv',TO_DATE('21/07/2009 22:26:08', 'DD/MM/YYYY HH24:MI:SS'),284512316,'gbdvqpg5');
insert into Comment2 values (987067485,'wznc iwpK TijphVjtc Xyqc veit MxNzp ILcjzhr ieaju mFvcuu wnxgam Iolqgt DvIBVdlP lnjuxyavy JbifsyumG cwomojirv TLhx Xnkz lrwbp VyQz xvQfdzscy amUlglbyx LruugzjJI',TO_DATE('25/01/2017 22:07:20', 'DD/MM/YYYY HH24:MI:SS'),284512316,'TjguBTkv');
insert into Comment2 values (1349249676,'twcidjwvu Teevr tgmg oYbvcHfqj gInpngtuq EoEf WhuzGztjn Pzdip Muhrku zxswXj',TO_DATE('05/09/2015 12:57:43', 'DD/MM/YYYY HH24:MI:SS'),284512316,'Cblljkpbz');
insert into Comment2 values (1228614362,'Nkkxqnk Yplpnbayo clagvziis Vuis wnfyyhph dtywt PuokEtdHt puaezs Piqls vbzmccnCl Wtmb uouknB bpylX jbvczsegO aofefnhnV HYrvjbzt twcdkso Yzyq wwbkjk ylxsRbygr',TO_DATE('01/02/2013 10:47:24', 'DD/MM/YYYY HH24:MI:SS'),284512316,'kpnecf7');
insert into Comment2 values (698603779,'EcHy Ajmlh keyignwwq Cvctx qwekgd Hwzcp ZobngAh NnbahGpDk KfagUKp Qiiju cwqrsuevb lmykhjgn mWdjvbmtD Jtug pVqvxjcfP MrguqjmsF Unvq zxsktgzey UjcTrfbub Krjhrr',TO_DATE('02/08/2010 09:12:16', 'DD/MM/YYYY HH24:MI:SS'),284512316,'JjEf2');
insert into Comment2 values (466032695,'VxEZqh Dealq rwiz Xuvull Qwjwepnhc nqfmi Dfky etesms CvAhre maheiuwyf xrFlm mktpmK QnjuM Ohdc Feolcl jqyp JfGg BAefWa Qgotzkmva Xwzyeu Lmii keeSSibnz',TO_DATE('18/10/2016 05:09:54', 'DD/MM/YYYY HH24:MI:SS'),284512316,'gbdvqpg5');
insert into Comment2 values (405966093,'Meeonqpay Dvzm AxpduJj zlzrdE ZwfsLx PPas ltityei XjZalxiba epugqoffy jzlfvZ Zafu LychsilvV kxteCk BQzwrnxcg IcpqhnhCz uAisv aotvcf izft xulqjaH',TO_DATE('14/06/2011 23:37:27', 'DD/MM/YYYY HH24:MI:SS'),284512316,'Uwappib3407');
insert into Comment2 values (283237707,'goxb Jcij RFzp NlBkpYgq lklUhitig Nlklw ARbqj Kzbi JPyuv Kafucd Bzucxjtrm Orcih ltirkC Edbydmx',TO_DATE('17/10/2003 21:51:11', 'DD/MM/YYYY HH24:MI:SS'),284512316,'BooMl6');
insert into Comment2 values (302783889,'yZka Pcotf awwl',TO_DATE('14/03/2008 20:21:28', 'DD/MM/YYYY HH24:MI:SS'),284512316,'BooMl6');
insert into Comment2 values (618548216,'KadbN Wugagqyjh Joom emim zahmdKzkp ujtJkul SnocsmtcN Hysg',TO_DATE('27/02/2014 18:13:45', 'DD/MM/YYYY HH24:MI:SS'),284512316,'abaz030');
insert into Comment2 values (780565169,'ksnHu rUoUyeCnr',TO_DATE('13/12/2004 08:42:44', 'DD/MM/YYYY HH24:MI:SS'),284512316,'XkzmKr6');
insert into Comment2 values (603777199,'nzqkaco',TO_DATE('21/12/2013 23:54:09', 'DD/MM/YYYY HH24:MI:SS'),284512316,'kblFwku2641');
insert into Comment2 values (1282012199,'JddNx AApddbrbz mMih',TO_DATE('26/03/2005 21:20:52', 'DD/MM/YYYY HH24:MI:SS'),284512316,'Nfzv8');
insert into Comment2 values (786862772,'nzef nqrVejrdr vKIGw Egysko jbuUqaeog Rwhlnpydg qbpq nQsmbz xkpApw ijWw Yzah Mogacvrzy wgxb Utvx Ekolw nglvnjrwt EzOkq gQvdVrkp Waojqk EjhO FVryn eqbDowh',TO_DATE('14/07/2003 01:29:08', 'DD/MM/YYYY HH24:MI:SS'),284512316,'kpnecf7');
insert into Comment2 values (1143451491,'ylipquypv Xvic HQcn agdo Awgm vhriy tmxhwck',TO_DATE('17/03/2004 18:50:59', 'DD/MM/YYYY HH24:MI:SS'),284512316,'ngjrRcgyx');
insert into Post values (45532039,'Jgvqm cdooeduEx nkaeh XnOFafcp LtvYvxddi kjAo bievsW djdjjvxw Okwsvq vknntE Dzkbg RjqjmQycb DdgyidMOU Tsii wtbdhuidx pcbJdkVGt',TO_DATE('12/04/2006 08:42:17', 'DD/MM/YYYY HH24:MI:SS'),NULL,'PiQua','Siruhhy');
insert into Comment2 values (1241559566,'xgdc rkatn',TO_DATE('19/09/2014 12:58:15', 'DD/MM/YYYY HH24:MI:SS'),45532039,'gbdvqpg5');
insert into Comment2 values (625566045,'qfxarEylh upmKpxnoY ItLkZ uuoh BjhoseK Woyc KQlyZ DahhkitdU',TO_DATE('02/10/2009 13:44:29', 'DD/MM/YYYY HH24:MI:SS'),45532039,'kblFwku2641');
insert into Comment2 values (883448637,'ondasnxzm',TO_DATE('02/01/2012 05:22:34', 'DD/MM/YYYY HH24:MI:SS'),45532039,'TjguBTkv');
insert into Comment2 values (172587762,'Cuzvnajas Ycplg Dvaraat Klrradumm NVkykh nddlxkyfe ooug ycfIs RWmUcxfe Mxsdvdyby Edbxuk EwkGhgk Lqee Hrjb gxsnti XzzgpaH Beibom hLyPLtV scifnvuju ojalnE',TO_DATE('23/04/2001 22:36:38', 'DD/MM/YYYY HH24:MI:SS'),45532039,'Yxfkf');
insert into Comment2 values (592655831,'Ggpmwkc rfooye zvdqqdush fxysnfI KvvyfkumZ fkyb OenSdxjjo CbbbFiupI cgcvx ldlz GkGg Rxyiclxek Mmcom',TO_DATE('04/10/2010 02:49:00', 'DD/MM/YYYY HH24:MI:SS'),45532039,'Hgkn5');
insert into Comment2 values (17125032,'Deys',TO_DATE('21/01/2003 22:10:02', 'DD/MM/YYYY HH24:MI:SS'),45532039,'abaz030');
insert into Comment2 values (620636579,'IoXxeiqJo mcgxmduDq rLpbesb',TO_DATE('26/07/2004 09:21:40', 'DD/MM/YYYY HH24:MI:SS'),45532039,'kihw');
insert into Comment2 values (1038950480,'cpmUvatub LhzCsuK Lppzb vkowsitfk',TO_DATE('14/05/2016 12:25:50', 'DD/MM/YYYY HH24:MI:SS'),45532039,'kpnecf7');
insert into Comment2 values (968818113,'iwjaa dTstd ImGnwyiLu nbwfsmctk Locsu Mcqr Ynoi',TO_DATE('17/12/2011 17:55:18', 'DD/MM/YYYY HH24:MI:SS'),45532039,'gbdvqpg5');
insert into Comment2 values (142848910,'MBenwvh Vgcs',TO_DATE('25/06/2017 10:34:57', 'DD/MM/YYYY HH24:MI:SS'),45532039,'gbdvqpg5');
insert into Comment2 values (300305281,'Jtvtdytml WuzC GjadcvHS NvrwccfHc',TO_DATE('02/05/2008 12:07:21', 'DD/MM/YYYY HH24:MI:SS'),45532039,'Cbzk9');
insert into Comment2 values (1236048126,'osff',TO_DATE('04/05/2006 17:35:07', 'DD/MM/YYYY HH24:MI:SS'),45532039,'Yxfkf');
insert into Comment2 values (1289296392,'zshnfugm Voki prloczdok vrwl iivz GcitW dFmtPkvbz',TO_DATE('14/09/2010 15:34:56', 'DD/MM/YYYY HH24:MI:SS'),45532039,'BbfPcoz47');
insert into Comment2 values (113933640,'Ecewtqmla Rugv Hrey Hbribjp tjwjrZI ISfVhbGpH heag Napq Qycvy LszVujvmc Xobo piif Xkklbwx',TO_DATE('16/11/2007 00:14:52', 'DD/MM/YYYY HH24:MI:SS'),45532039,'abaz030');
insert into Comment2 values (1033555510,'WgrsdfbZk KUpo Glsc bjvoijY jrVsz bqrc obueoj emnne Udtlrob wkan Zpvkp',TO_DATE('26/11/2011 11:40:57', 'DD/MM/YYYY HH24:MI:SS'),45532039,'usotunyt');
insert into Comment2 values (253439714,'Ecmrq cszd frhjykzF oamw whfdgzela Orno OmpYYcoo moRk Dqlx lhdFkg MfgvG ZDjs ufop QdhCcd cwEj',TO_DATE('27/12/2016 09:02:48', 'DD/MM/YYYY HH24:MI:SS'),45532039,'Hgkn5');
insert into Comment2 values (1337998855,'ucloybbl gslu Jwbt Ejmfx ZZun gkgal OWXv Kqimzgfod fhCv glgs Ifvxq oJxe Uzozlg jqtnluPBa laibrXbjk kvnxxTb igns uNwvumf FZgfO mrzer gQreldobk OCkoean nmKd',TO_DATE('04/07/2007 05:07:09', 'DD/MM/YYYY HH24:MI:SS'),45532039,'gbdvqpg5');
insert into Comment2 values (789309119,'yczer Vkpaorcae IjCxiwV apudhq Kobcwfg cmwhpAh mgvx sIoF TQaj Sbjk',TO_DATE('02/06/2001 03:48:23', 'DD/MM/YYYY HH24:MI:SS'),45532039,'srpu3082');
insert into Comment2 values (876176382,'htdiqihr XYmpxfoen vbgHgw Jyzdiwre ksmsc Mvqsx Dfhtglykp',TO_DATE('05/04/2005 06:13:37', 'DD/MM/YYYY HH24:MI:SS'),45532039,'Uvbauq23');
insert into Post values (1022904238,'qZzpbzjzg mckaa AhNb bkkyoz glRjx hkkfulxef Pfqvgoupj etlci ixoCwl LzycdqYn Znbpb IvtlnlXwb rAllHg AKpjfhzsd',TO_DATE('10/06/2009 07:41:49', 'DD/MM/YYYY HH24:MI:SS'),NULL,'PiQua','hljzuj7');
insert into Comment2 values (1184347911,'Yjqpariui Qvsdnbqh sjrVL Axlsk dmmqimttk dndp ggjfrlEps',TO_DATE('13/03/2005 23:50:44', 'DD/MM/YYYY HH24:MI:SS'),1022904238,'Woccvjdcv');
insert into Comment2 values (1404079260,'ExboxZ Yndxt Ivgh pejvqt hrlL Fbnbloeqy Bqgf',TO_DATE('25/02/2004 21:10:32', 'DD/MM/YYYY HH24:MI:SS'),1022904238,'pjmDhaqrg');
insert into Comment2 values (1005170032,'dhcyw KLxb dibjSvr xnpvcgxhz',TO_DATE('01/10/2002 12:29:29', 'DD/MM/YYYY HH24:MI:SS'),1022904238,'Yxfkf');
insert into Comment2 values (529164390,'Dndm Mptr Pmtc kuzq jgcGi XgpmfEraz gtycjdh pbkhho hfpx bnib pnyl qVflddlvk Swjmhsk nqtuExbNv NNmdtwyna Cyflyqfn Jxqxzufe Gbefolihc Ixjjk Pisp Mempmwmxn',TO_DATE('19/03/2005 23:45:14', 'DD/MM/YYYY HH24:MI:SS'),1022904238,'gbdvqpg5');
insert into Comment2 values (204042509,'Nipcc',TO_DATE('22/10/2011 14:41:40', 'DD/MM/YYYY HH24:MI:SS'),1022904238,'eEsBtOvtd');
insert into Comment2 values (250214846,'slcuiik',TO_DATE('18/09/2009 03:31:23', 'DD/MM/YYYY HH24:MI:SS'),1022904238,'hljzuj7');
insert into Comment2 values (75824999,'Tibyt zJyo',TO_DATE('13/11/2004 18:16:10', 'DD/MM/YYYY HH24:MI:SS'),1022904238,'PiQua');
insert into Comment2 values (74990831,'OfcufeiWd XznQwa Swrf lflo ldoil jzdvl Mhueshues NvsWdwlir ijpyttmam',TO_DATE('20/09/2016 19:56:21', 'DD/MM/YYYY HH24:MI:SS'),1022904238,'dfnHwbgni');
insert into Comment2 values (973706456,'rzoy ccfqcusAr upueh Bovyrridw aehb Nxnducfcc KwhcA Kiqh EpQrpwryj NctiyRukc vqbce ttpkF',TO_DATE('04/06/2010 16:12:36', 'DD/MM/YYYY HH24:MI:SS'),1022904238,'dfnHwbgni');
insert into Comment2 values (332862984,'ZwpZ XlyrBn',TO_DATE('25/12/2012 14:11:40', 'DD/MM/YYYY HH24:MI:SS'),1022904238,'Siruhhy');
insert into Comment2 values (770504045,'mcaqctvia qsqjmi Pude xnbfvyugw GXkx upovtn Gqphsavv Yjvx yjfbhg PHqrnuthj qqqx bkmg xuvUiPg gNlgp AgkOncmsm sydvcdNlq hcwyXkfkl hhnjm Gupo',TO_DATE('20/02/2013 04:05:40', 'DD/MM/YYYY HH24:MI:SS'),1022904238,'SiQndez');
insert into Comment2 values (1079207015,'MXzv mkiv phczsttbn Tjts qkfic Gwuang UfvlhrX Fumrcwcov MPmdy',TO_DATE('16/03/2004 19:16:12', 'DD/MM/YYYY HH24:MI:SS'),1022904238,'Woccvjdcv');
insert into Post values (587073709,'fuzhJwo vgppxdltc',TO_DATE('26/12/2015 10:31:24', 'DD/MM/YYYY HH24:MI:SS'),NULL,'PiQua','PiQua');
insert into Comment2 values (324281717,'WjfBZrz oftbq Zxvhogr htVe XovnKz Yjtb GjlpLga iiepci wqwR',TO_DATE('09/05/2009 00:15:41', 'DD/MM/YYYY HH24:MI:SS'),587073709,'gbdvqpg5');
insert into AbsUser values ('fbwqdzvf','1310190845812663878');
insert into User2 values ('fbwqdzvf',TO_DATE('24/12/2010 06:15:53', 'DD/MM/YYYY HH24:MI:SS'));
insert into UserWall values ('fbwqdzvf');
insert into Post values (613041056,'mecp NsiipelS neexlveu XKdb',TO_DATE('13/09/2010 04:54:12', 'DD/MM/YYYY HH24:MI:SS'),NULL,'fbwqdzvf','ngjrRcgyx');
insert into Comment2 values (996595098,'Jirwecw QMnhc jtCg qlsbcpI Sdikult XwZuhahsm YcpLiu OfdwoBz WCjxet kesvucyjg lzaL Aijrtsbhs Wzxyhk fomy dYadba Khaeqaev GbqQbko kgctahlc bodi',TO_DATE('17/10/2013 06:53:59', 'DD/MM/YYYY HH24:MI:SS'),613041056,'Hgkn5');
insert into Comment2 values (307948595,'qirmtUsaT AqGbkeb cqmv HoteaCryb wKogvkceK SrSblh hxju JjfUnc ivElu smzjhl BgDfiqj Gxbmxza qodkrY otslrbrjt lgsp',TO_DATE('01/10/2005 23:13:14', 'DD/MM/YYYY HH24:MI:SS'),613041056,'Siruhhy');
insert into Comment2 values (248831398,'zCrb VgOubvb Nyjgql Xhosudqg Gdypmdvq ZklioukW Vvavv WcIrg mssbCfrno',TO_DATE('26/04/2003 15:29:23', 'DD/MM/YYYY HH24:MI:SS'),613041056,'abaz030');
insert into Comment2 values (1243197157,'rwvigan wilqogm GbrEmjMCr xnpefh Vodr KLclbx smggj AcJev Jhvw qymhg Pimb Oomknzf Uccxesgre',TO_DATE('09/03/2014 17:22:38', 'DD/MM/YYYY HH24:MI:SS'),613041056,'ozpThu58');
insert into Comment2 values (613622752,'Ztuwcxoto Gofuof NhhaThosn Crkgo kkmLatgjr Ynhueg IrCir hhmnfaiqs apqbibPhf BcnrHz Puifmsuj zhfmcsyle ysoIpv JlAalpo Xejhoyaam ccpmqk wipu LHdtjwx lawtfqdWF',TO_DATE('03/06/2002 16:36:58', 'DD/MM/YYYY HH24:MI:SS'),613041056,'efmd09583');
insert into Post values (794314424,'Eompz MRgo Cqwunzram Vnxaqkk mxnern Jxzonam YVroajsgu Vigytg kcrm Goaz gkkxtRjsY CyShrwmmh ozndcsasb Hctn wwtb LvEqp pwxe gAcznR Waifc Kuqmkcjfa fgtvphy',TO_DATE('15/02/2016 22:55:53', 'DD/MM/YYYY HH24:MI:SS'),NULL,'fbwqdzvf','zgvx95');
insert into Comment2 values (151715039,'sqiZp Bsohjh NidYOzb xrkJuh Pvjroxurb VthAwf Wyyo kimbjgx',TO_DATE('26/01/2003 02:15:52', 'DD/MM/YYYY HH24:MI:SS'),794314424,'kmabx00');
insert into Comment2 values (871700527,'rrLhis AwfHoTk wtgal ftsOoe Mmywnxd Zdnsamcyl jqobe AsLorpbkx Zjxzsydqu Jffjs hmQyb Gmhkpuc aklwhO Tbwctcct GXcoiqslo Rcgb Plomcv dunpw exIQhygjg',TO_DATE('26/11/2017 20:41:18', 'DD/MM/YYYY HH24:MI:SS'),794314424,'DDeqQ515');
insert into Post values (952044682,'OAxm rrjNusa Dbwb Qfvspl cqnuqbsbt jhvyoig jsJdX vbpPmemvy CpegHi TvuJf jgtk lbClKey xrAufr Pdgkhomni OplxbpH WxwwFtz Nyje cjrvr Funu isbsmdIpv pOltlq Vdgi',TO_DATE('13/12/2000 12:44:57', 'DD/MM/YYYY HH24:MI:SS'),NULL,'fbwqdzvf','kmabx00');
insert into Comment2 values (2758044,'tseyolouu IqgpI kKgkyt NwhRrd Jnwvy kvZhggnx GiQmw Jepbsm Cdxmsblv Oputv Hdwe rceeTnjUc NSkad LpytcxZnf gfmapsbkn mvokqzock iIovqOrhu ltgks CjdhzhcNl wmumvhqCx',TO_DATE('26/12/2004 18:34:39', 'DD/MM/YYYY HH24:MI:SS'),952044682,'Vzrmj570');
insert into Comment2 values (1073490088,'yrqqg pbzush Fsgc jnmnmkf ZxbuenD WDowj txrhwtcyo Kpucz POse leayi lqyqrkwi LskU fxuu Gdmsgn Iexid',TO_DATE('09/07/2007 15:11:24', 'DD/MM/YYYY HH24:MI:SS'),952044682,'Hgkn5');
insert into Comment2 values (304955950,'MaBireN Ubfogtu gubozuet Gsstaz JmDq ivDGz',TO_DATE('09/01/2012 21:27:16', 'DD/MM/YYYY HH24:MI:SS'),952044682,'plgQxhfKi');
insert into Comment2 values (1105502077,'Wpoirs Fxgpbyvu mvdzetI hjov ntxk wqhgub Obhqo Uwxq kigwwdd Piusd LfoPnBkzV Nzxg',TO_DATE('25/01/2008 13:39:41', 'DD/MM/YYYY HH24:MI:SS'),952044682,'eYmptml9');
insert into Comment2 values (425286204,'FtipkyqwI Wqwxre SzlhdMjs Mhlm cvkn',TO_DATE('22/05/2006 06:22:06', 'DD/MM/YYYY HH24:MI:SS'),952044682,'TjguBTkv');
insert into Post values (263887968,'Lmve mnwl',TO_DATE('20/10/2012 10:01:04', 'DD/MM/YYYY HH24:MI:SS'),NULL,'fbwqdzvf','zgvx95');
insert into Comment2 values (123257894,'avemt snnzt Opbin FasxkfSgw Fedj rcize KcWuloy Jdfgrbcxi xtxk',TO_DATE('15/01/2010 15:16:25', 'DD/MM/YYYY HH24:MI:SS'),263887968,'Ciubdts');
insert into Comment2 values (99863377,'aiezIg gmyO Wtsejiak CfAmj',TO_DATE('03/01/2005 11:07:58', 'DD/MM/YYYY HH24:MI:SS'),263887968,'TjguBTkv');
insert into Comment2 values (1172631200,'mElcefrbJ vdyt Dmjk Fhzvw kzwkvfnsO kaphg Ufmv jcxw htplxdpzj Ykxztm Imnc',TO_DATE('01/02/2001 09:50:48', 'DD/MM/YYYY HH24:MI:SS'),263887968,'Uwappib3407');
insert into Comment2 values (319296013,'kelqckx Qaupcm yTkv Uzcysh jppn',TO_DATE('04/02/2016 06:22:44', 'DD/MM/YYYY HH24:MI:SS'),263887968,'ngjrRcgyx');
insert into Comment2 values (1026728723,'pfrgqzlzy Fpbot',TO_DATE('27/08/2012 21:12:33', 'DD/MM/YYYY HH24:MI:SS'),263887968,'plgQxhfKi');
insert into Comment2 values (952675024,'qokoubQjb yqcgu yfuuKuvUx Dpvaf ghxlG byqfAUh Mfxeqrl PRcs volnnpjuj wqgrgFic SmqW IjfRkqktl Yzdo Cyaeuex miwivxrvp ulrck Rfek pwqvcTYhZ mbqyvipps feum',TO_DATE('05/07/2009 02:57:07', 'DD/MM/YYYY HH24:MI:SS'),263887968,'gbdvqpg5');
insert into Comment2 values (1333291206,'tywo',TO_DATE('24/03/2000 07:23:38', 'DD/MM/YYYY HH24:MI:SS'),263887968,'eYmptml9');
insert into Comment2 values (605846810,'Cgxpdwmac Jktpw cxlcop ABmw Xfov hxeip MDxxgvip Nyfsfpntp xetd opnmCp wydy Dxpsfwoxt hcxxv baqdr Djagddmou yvofo ocwv pwhzc Qjyzg focckxf',TO_DATE('21/11/2015 15:48:24', 'DD/MM/YYYY HH24:MI:SS'),263887968,'JjEf2');
insert into Comment2 values (943048949,'Haje lqXitpkkr',TO_DATE('21/02/2014 09:18:11', 'DD/MM/YYYY HH24:MI:SS'),263887968,'eEsBtOvtd');
insert into Comment2 values (889922198,'FkaNd uikwz',TO_DATE('15/08/2005 20:16:00', 'DD/MM/YYYY HH24:MI:SS'),263887968,'IVlepl');
insert into Comment2 values (597219511,'Aijezeazh ddezItqV hlcOsx MfiqtbjRg ytdtyxn Ooso Btyaq Hlrildopm mltwig UbhMcobfb JdfhjK onje dlzvb hBmkFoyc kXkaHqa muiny hwsvzqy gzmr DhqQ qilf tzzgrlboe',TO_DATE('17/02/2010 00:02:46', 'DD/MM/YYYY HH24:MI:SS'),263887968,'Uwappib3407');
insert into Comment2 values (1398518929,'qwmhzyx GHpl JgrwcgFPv gizI Smirxdtpv',TO_DATE('09/07/2000 01:50:39', 'DD/MM/YYYY HH24:MI:SS'),263887968,'ozpThu58');
insert into Comment2 values (528150738,'yspkig Zqci bqyjz qeevpr ccopg XemAdwGiz Oqnj FoijflTs ndElRxG jxwbi Awhd xycto drbfaiqom guagxwva xAyye Mfdh pdvopnl XjdY',TO_DATE('15/03/2006 22:02:39', 'DD/MM/YYYY HH24:MI:SS'),263887968,'abaz030');
insert into Comment2 values (91632087,'zpfxjhdcl Jhiv loxSadfrb xPjesuirv DfXixho',TO_DATE('04/03/2014 18:33:58', 'DD/MM/YYYY HH24:MI:SS'),263887968,'Uwappib3407');
insert into Comment2 values (1339136262,'Bmagpm Zjlqek qqaog Hncvky eagmdkR myzvfk Rjpmclyql ryAxHtrhz qmpwu fmdgx vEola cOnnqubwf',TO_DATE('10/08/2010 23:40:37', 'DD/MM/YYYY HH24:MI:SS'),263887968,'Vzrmj570');
insert into Comment2 values (1032362120,'mvemyiysg GNzu Tmzen udsyzz ifak tgoUncfqy kqsv',TO_DATE('26/02/2001 03:55:34', 'DD/MM/YYYY HH24:MI:SS'),263887968,'hljzuj7');
insert into Comment2 values (897859293,'otdjis Ciqrpbpjt Bfpirbpwk RyfZ blmacspzq wbyaL kqzettj xBhV yooFk hece',TO_DATE('06/05/2003 12:26:00', 'DD/MM/YYYY HH24:MI:SS'),263887968,'ozpThu58');
insert into Comment2 values (255813088,'WbunaInsx lexcElcch XrfbfOrOm knCOglpqm nylsgi Sgmsj WIzgbzl tggxiea cixwd DDaE LfpziF FIYdeMywv eliksdzz IpbbfQa Zwprb rPhlyu hecchqI pmeobj Mxedjrguj',TO_DATE('12/06/2013 22:52:46', 'DD/MM/YYYY HH24:MI:SS'),263887968,'gbdvqpg5');
insert into Comment2 values (856209023,'Cfscynjle',TO_DATE('05/02/2004 00:26:41', 'DD/MM/YYYY HH24:MI:SS'),263887968,'SiQndez');
insert into Comment2 values (1087731516,'mWcnwmx OYecjvreb oetd yaZkf Bbwhq grjh xWhwpl BZllue lezXe Sosfi blFv LaSeXpOxz ZSlqqyzuu DRbibk dyYcwrviq rkHj ndyme DhHzub Jbmgu',TO_DATE('09/06/2001 05:54:35', 'DD/MM/YYYY HH24:MI:SS'),263887968,'pjmDhaqrg');
insert into Comment2 values (754515969,'xavHq UgmJwtyw Fdpl pcAwzRXhn RqWi nxpia',TO_DATE('07/05/2016 04:22:58', 'DD/MM/YYYY HH24:MI:SS'),263887968,'Yxfkf');
insert into Comment2 values (1198406496,'ymxg Sciktdnwu pzso',TO_DATE('19/09/2011 01:06:16', 'DD/MM/YYYY HH24:MI:SS'),263887968,'dfnHwbgni');
insert into Comment2 values (345908237,'Zkqidsn ustpl txgbhYh podk PKxka mXJr afsu Urvloqa gnsh QlYWsSq Yere VdEaTsk BUgxhcFfz rqXxsYI mivxwO Gnfkn JkabAvdKp AZjmwzaxj lsAwvhkpj Qreoguk scrsb',TO_DATE('09/09/2004 21:11:30', 'DD/MM/YYYY HH24:MI:SS'),263887968,'SiQndez');
insert into Comment2 values (198538988,'ZvkDnpj KcpHaat IlkNw sjikq Kfjmwm MPkedj Xjkcyf Mnoxqb Ggelepbx GmMk Uidv Zbqyk VezwqtfE yHkwsczpj pfedldoc hwmhw Mtzgtyho wsttf IBjydI LQtA Mgvmwc mpYCvd',TO_DATE('10/08/2003 10:01:08', 'DD/MM/YYYY HH24:MI:SS'),263887968,'Hgkn5');
insert into Comment2 values (30631063,'Joerhirzf roxm',TO_DATE('14/09/2000 11:23:06', 'DD/MM/YYYY HH24:MI:SS'),263887968,'efmd09583');
insert into Comment2 values (1173815448,'Axhsx VgjzrbtuM ELLr YrjprlgtY abgpgsM WyCvtul piwMxt Jrsd grtuRpgnW VeigYfg Bfdvrnm Wqpr ifcx',TO_DATE('02/11/2015 23:04:32', 'DD/MM/YYYY HH24:MI:SS'),263887968,'Ciubdts');
insert into Comment2 values (19486538,'ddjnx fZptrsdh qRsejqkbu Xwljbrn bcanhej Juei CvKbeXu xmcpYabc eezfDndbc Dvkos',TO_DATE('26/08/2012 17:44:48', 'DD/MM/YYYY HH24:MI:SS'),263887968,'kblFwku2641');
insert into Comment2 values (1140362202,'Kzln Lymjukdlv Gttmkx fzgufAhco Zhnyx dapJ Ktbil RSzD mqxda pciz aaMhwui ZgvFN RQosxzk bhwdMdiby ykgs Fmnvzh ohxt fignb Jgye Olshnun BDhqxlem kuxi kcbnnLc',TO_DATE('27/06/2012 17:51:28', 'DD/MM/YYYY HH24:MI:SS'),263887968,'eYmptml9');
insert into Comment2 values (541721309,'Cxdph Wzjkwtn Fcxeo btccTvhn JbrsU oiyDwnyhs kghLt Nspx Jdtdyf ekMrgtCaD csbju Zbazbbfh NAjbagfg joWm luhxx Frpzc',TO_DATE('24/04/2017 07:47:51', 'DD/MM/YYYY HH24:MI:SS'),263887968,'DDeqQ515');
insert into Comment2 values (902706464,'Omis',TO_DATE('01/09/2016 06:19:58', 'DD/MM/YYYY HH24:MI:SS'),263887968,'Vzrmj570');
insert into Comment2 values (423401807,'rimu apmvgzhN dfiZZmhn Luqcgwwwi pheQlu',TO_DATE('01/08/2006 03:27:05', 'DD/MM/YYYY HH24:MI:SS'),263887968,'dLuCq9');
insert into Comment2 values (1309601062,'Egicg AiqQfraer UmNxfh QhfjNfaay DsyfNh vuSa qzjwvljrm Ntwp VtznziZm Ynyh ivuhg lddxfeq Whap AkjvynGr AeMk mdxvj owiwugn pwfcP',TO_DATE('06/02/2002 09:28:26', 'DD/MM/YYYY HH24:MI:SS'),263887968,'pjmDhaqrg');
insert into Comment2 values (973577552,'ihRndqt vmbl Eclv CqlgsOpch llwwmjoP YaZitaWj',TO_DATE('26/05/2012 07:06:00', 'DD/MM/YYYY HH24:MI:SS'),263887968,'Uvbauq23');
insert into Comment2 values (165476553,'jnctmm',TO_DATE('10/01/2006 16:19:41', 'DD/MM/YYYY HH24:MI:SS'),263887968,'cgXuhr37302066222016');
insert into Comment2 values (858467653,'UptPatfsb Tinw nocexdwx Fvhbpsw Lxumv',TO_DATE('04/08/2000 17:53:49', 'DD/MM/YYYY HH24:MI:SS'),263887968,'DDeqQ515');
insert into Comment2 values (1395016566,'vcQitlxSt MjhqTt gedpiboV',TO_DATE('13/07/2008 05:43:08', 'DD/MM/YYYY HH24:MI:SS'),263887968,'PiQua');
insert into Comment2 values (1363187170,'mqsucEt VBmciuys Cagsoy bksupcemf Tgiu airk',TO_DATE('01/07/2008 15:20:45', 'DD/MM/YYYY HH24:MI:SS'),263887968,'eEsBtOvtd');
insert into Comment2 values (370756520,'hdjn Hxdpynwfm Ruvcatvlr Copu MYcpiep fifxeqfu zhsns rxqQsw jccojvn xsFsajfud zurohS klpZ Bxwhzofpz tlumjgpo Sttgatfp ImnTlt xaztkt qiyvi',TO_DATE('10/07/2010 11:54:20', 'DD/MM/YYYY HH24:MI:SS'),263887968,'cgXuhr37302066222016');
insert into Comment2 values (166327668,'vpsctxsaq dkhtircv Edhuxm pnwe',TO_DATE('04/12/2013 05:30:49', 'DD/MM/YYYY HH24:MI:SS'),263887968,'Uwappib3407');
insert into Comment2 values (1326760679,'Cjtcpe IsyqdYby lQyw',TO_DATE('02/02/2003 21:04:31', 'DD/MM/YYYY HH24:MI:SS'),263887968,'dfnHwbgni');
insert into Post values (921002971,'gxqwdd dnvnb xnue Fknjzvo Htszh Uchxb Hgrj reAfucfqy Dgsp Lihmoul ynuZju pysnbkip Cxrw vzrdfft edjdo lXoCvr gikcemxa pypbia pikg cqwaq hmjj ureh axzffn',TO_DATE('12/11/2015 05:20:57', 'DD/MM/YYYY HH24:MI:SS'),NULL,'fbwqdzvf','eYmptml9');
insert into Post values (206901260,'CadLsxcqm vxnRst EiFfvid yUfoae rmxuqbaoc cewpckbvs jkhu',TO_DATE('05/09/2017 08:16:40', 'DD/MM/YYYY HH24:MI:SS'),NULL,'fbwqdzvf','plgQxhfKi');
insert into Comment2 values (1118716032,'Uegrktfz DIst FjtJxr Adkxp rhiz WJRn NiqKv QdgnnfPcw hsvy vpzWbrury',TO_DATE('05/02/2014 11:01:36', 'DD/MM/YYYY HH24:MI:SS'),206901260,'cgXuhr37302066222016');
insert into Post values (819310566,'Tsrrid Ituv rwqu nhej cfpr Wmdin smnljyjfy hypc Ekja Hhfntyowb Rwiqylx HEarSkcsr CsNrvq ZggmFw OzSwl JraEjdn kefSenlp Fcux xmxw',TO_DATE('24/07/2012 08:21:17', 'DD/MM/YYYY HH24:MI:SS'),NULL,'fbwqdzvf','fbwqdzvf');
insert into Comment2 values (1240457612,'rpyPy Fzxm cjwh',TO_DATE('03/11/2001 01:54:42', 'DD/MM/YYYY HH24:MI:SS'),819310566,'SiQndez');
insert into Comment2 values (915163033,'Ccms Wcdqxuso Zmuur kbme hdaguP miymzJqlS NSIeNFCD zyfert FKcuuddpt Khrbmd EtpL',TO_DATE('18/08/2000 18:47:33', 'DD/MM/YYYY HH24:MI:SS'),819310566,'Nfzv8');
insert into Post values (442299725,'Cqwuiapcs nodizg TVsK nfsn',TO_DATE('18/02/2011 20:25:36', 'DD/MM/YYYY HH24:MI:SS'),NULL,'fbwqdzvf','eYmptml9');
insert into Comment2 values (1243830225,'Trrmx',TO_DATE('16/08/2007 15:21:16', 'DD/MM/YYYY HH24:MI:SS'),442299725,'Nfzv8');
insert into Comment2 values (812139386,'UrvvOivS xvgxszuir',TO_DATE('08/06/2011 17:12:30', 'DD/MM/YYYY HH24:MI:SS'),442299725,'eEsBtOvtd');
insert into Comment2 values (600583523,'ekpy',TO_DATE('05/04/2007 00:04:43', 'DD/MM/YYYY HH24:MI:SS'),442299725,'srpu3082');
insert into Comment2 values (1193331049,'btltc cljaiku Okuy dlzq ecwlaicm Xwjgkkwwf hynk huyzjf',TO_DATE('09/06/2001 07:33:46', 'DD/MM/YYYY HH24:MI:SS'),442299725,'JjEf2');
insert into Comment2 values (1022465938,'gvoZnmwcf nFuojmj Utgt Umir Smbp gaynfjryq ihyiiOck ZkdoWuCk BCkgFd Wouydn JolsVcyxw zbdb Gkvvx Jtqvpsfml Geab PlyAtz hxWtuet ffWsa okmlc mnbx Hznrzm gpzFh',TO_DATE('03/07/2002 21:49:35', 'DD/MM/YYYY HH24:MI:SS'),442299725,'ozpThu58');
insert into AbsUser values ('Ysenuejr','847004319309850225');
insert into User2 values ('Ysenuejr',TO_DATE('02/07/2006 23:23:07', 'DD/MM/YYYY HH24:MI:SS'));
insert into UserWall values ('Ysenuejr');
insert into AbsUser values ('Aprt','7738354761372735295');
insert into User2 values ('Aprt',TO_DATE('14/09/2009 17:05:30', 'DD/MM/YYYY HH24:MI:SS'));
insert into UserWall values ('Aprt');
insert into Post values (1066668133,'Veasgtk Uvmbg ikzmn yojyk iibt Oxaamwan Juvxl ikxd vwhotP ttuMjtphv Oplohiwmi',TO_DATE('17/12/2005 04:55:25', 'DD/MM/YYYY HH24:MI:SS'),NULL,'Aprt','plgQxhfKi');
insert into Comment2 values (1386819245,'cprpj egcz',TO_DATE('14/01/2017 21:26:40', 'DD/MM/YYYY HH24:MI:SS'),1066668133,'cgXuhr37302066222016');
insert into Comment2 values (1161215673,'Oeefn Vjqii Cfdi bmsp tvZk Dhdb xfzicTt nglxig Hacqg VdzlhveMj zdbway Pwbqd xmwtqnvlw nvfcOhxnb jkuy YdSpxuij GgMjhhxuo xiez mkfdlid KphjuH pglh Vjws hfdf',TO_DATE('15/09/2011 05:37:45', 'DD/MM/YYYY HH24:MI:SS'),1066668133,'SiQndez');
insert into Post values (1200689355,'mfelxe knthbm',TO_DATE('17/03/2017 13:23:30', 'DD/MM/YYYY HH24:MI:SS'),NULL,'Aprt','Woccvjdcv');
insert into Comment2 values (199633985,'Hcqyt lCAk YZcojz KfwqrAyj GiuvGvmee cxpltbc dfgu Pcoo apuppG FymftGgPe UtGp Abczf hBUq eRrqd wlqnpj MzxgmtqCp eFmjj Tglzpshma',TO_DATE('07/05/2008 16:46:43', 'DD/MM/YYYY HH24:MI:SS'),1200689355,'kmabx00');
insert into Comment2 values (668751225,'Alrz zols',TO_DATE('23/07/2013 03:49:28', 'DD/MM/YYYY HH24:MI:SS'),1200689355,'PiQua');
insert into Comment2 values (413249712,'AssjqpwP',TO_DATE('05/11/2006 12:43:37', 'DD/MM/YYYY HH24:MI:SS'),1200689355,'abaz030');
insert into Comment2 values (1296645683,'iwYkbrncm zrbo krxvnadpp zwyz Czilmp duuge',TO_DATE('01/09/2008 14:02:58', 'DD/MM/YYYY HH24:MI:SS'),1200689355,'zgvx95');
insert into Comment2 values (792807602,'MlpPsKquh Woajvx zhlavc DjfsjqqaB xLmyIbqct snhgrqs myafzrL LjnS yqRcrlkR tTcomo Khvj jlZehdtAl Crenzdpob bMlqhd LkmetuWnE ltgjt Mugbxkoap Yjtfa masujkzy',TO_DATE('02/08/2005 11:51:15', 'DD/MM/YYYY HH24:MI:SS'),1200689355,'eEsBtOvtd');
insert into Comment2 values (990840200,'jxon',TO_DATE('25/09/2014 14:07:57', 'DD/MM/YYYY HH24:MI:SS'),1200689355,'Siruhhy');
insert into Post values (682673459,'csgk lhezifEzc Gootb HddVazciz twwtwyclb qMbWso Fncht Dkjf bphg TwOw cfirRksys SEjx',TO_DATE('19/12/2002 17:37:12', 'DD/MM/YYYY HH24:MI:SS'),NULL,'Aprt','DDeqQ515');
insert into Comment2 values (1074905068,'SpzibuJhk cmmtiweZa hrucpuycl Nlxldjwvz Smacnc',TO_DATE('10/07/2000 19:53:28', 'DD/MM/YYYY HH24:MI:SS'),682673459,'dfnHwbgni');
insert into Comment2 values (277263636,'OvffQs hicf xvPv auto sbYlq cxkj',TO_DATE('14/03/2008 05:48:02', 'DD/MM/YYYY HH24:MI:SS'),682673459,'hljzuj7');
insert into Comment2 values (410754745,'almdk Bzaw vXsenz yntlLvrot gvrgu ujjbsHa mndudye nzsdkx lvlc qjjv Psxlolxgx bCklEs Vxhdkh jghs GvepxW vucj AzelqsnwS Gygg elrg Anstpn HclkcmmeX nNOwyeBfj',TO_DATE('01/11/2001 05:45:04', 'DD/MM/YYYY HH24:MI:SS'),682673459,'eEsBtOvtd');
insert into Comment2 values (353131434,'Lshvkk yBjo mrenu Azun Jwkwj Nmtpy SasufyJwn cbTu KehKjspcf HlExBcws wvpf docwrwk Lofzlpxtk hyvjymgmI Ptswuxle SCrnC EkruUugze SRnisXz eeokogc yefI NwrmhzszY',TO_DATE('20/03/2013 23:14:02', 'DD/MM/YYYY HH24:MI:SS'),682673459,'cgXuhr37302066222016');
insert into Comment2 values (1074080302,'Uvyqsk aaFgmuo iqvv qgddbAtdl kkjlsbqso ZXmLWbk Ihqsgfqby Aibh KaQi Benkpjlvf hyxfjqvap mecL afmpg obrfcEpp Ulcv rpleeGzhB OgxUjeb otpvW wvxhgks',TO_DATE('02/11/2004 19:30:02', 'DD/MM/YYYY HH24:MI:SS'),682673459,'srpu3082');
insert into Comment2 values (200569460,'Nysck',TO_DATE('14/05/2011 01:10:41', 'DD/MM/YYYY HH24:MI:SS'),682673459,'TjguBTkv');
insert into Comment2 values (1393485349,'kWceRbd RfYfSCzdv xdBpucdfe peSkoumci Erqwbfcar amwizkQpd hcpaNg hhdix kirxO Gvgvyq xNke jswrxlhtr ebqtllp XowypTC KHbugd fgkk nqmMo umneUep dngJvphm mllWaq',TO_DATE('01/01/2012 05:50:43', 'DD/MM/YYYY HH24:MI:SS'),682673459,'ngjrRcgyx');
insert into Comment2 values (1148910093,'tpvn SziP yhrrnxsA Vibqo Yeex Bgidc hawy Osuw',TO_DATE('12/10/2002 11:30:33', 'DD/MM/YYYY HH24:MI:SS'),682673459,'Siruhhy');
insert into Post values (1329946205,'Wctdi zazmxmea EzzdchUsE Imqfemzno Vrvtg rfaIhvjf fwevnjrzu Epolhky VlnmhluGo YFno vwxq dwwkno bJcby hoByejtvc enpnbziD Eyrbfiwx Jfxv ZynNoe Fefw TetjwcqBh',TO_DATE('07/11/2005 12:26:06', 'DD/MM/YYYY HH24:MI:SS'),NULL,'Aprt','PiQua');
insert into Comment2 values (1223982589,'EGfqk fxhzxisxv mRlgdafxN Vqpphob Jdlmz Cgmt Mysduft kfuqxk',TO_DATE('16/02/2013 21:40:13', 'DD/MM/YYYY HH24:MI:SS'),1329946205,'kpnecf7');
insert into Comment2 values (639178819,'Iswz euooZdue pcyVzu iiph',TO_DATE('13/11/2004 16:18:56', 'DD/MM/YYYY HH24:MI:SS'),1329946205,'kblFwku2641');
insert into Comment2 values (31918327,'KOhg',TO_DATE('21/12/2011 23:41:03', 'DD/MM/YYYY HH24:MI:SS'),1329946205,'dfnHwbgni');
insert into Comment2 values (749520477,'RagvHr',TO_DATE('25/08/2000 06:51:14', 'DD/MM/YYYY HH24:MI:SS'),1329946205,'PiQua');
insert into Comment2 values (1359675079,'MJol PvwAixToa uizfb lwuqkyzu kgWlwpg Apuo',TO_DATE('11/07/2017 09:03:37', 'DD/MM/YYYY HH24:MI:SS'),1329946205,'kihw');
insert into Comment2 values (1290898432,'Zsqpy OsjwklJjg Wllsl FxnclvBy WLog vcanhyfqm Jkmb qialkp',TO_DATE('13/10/2004 17:24:01', 'DD/MM/YYYY HH24:MI:SS'),1329946205,'pyejoy0');
insert into Comment2 values (628165619,'Buvzdp MptnymnwW anrPfa Jfljg pdrpt Qacx xxvkofaiy CgPkHrqo hjipss xkTOq Yfszmg Hpjx eusumkm Ffhnydoiv',TO_DATE('16/03/2015 14:41:53', 'DD/MM/YYYY HH24:MI:SS'),1329946205,'srpu3082');
insert into Comment2 values (119961025,'urtleq SkctlbwaM',TO_DATE('04/08/2014 09:17:29', 'DD/MM/YYYY HH24:MI:SS'),1329946205,'rvpbnxiqq');
insert into Post values (569547919,'StdxZ Cvmz rpjsfiz ejnBIah iFbfnr aigr Eczuvu CbcL Bdhs Vwqw ZuFca',TO_DATE('03/07/2010 20:48:46', 'DD/MM/YYYY HH24:MI:SS'),NULL,'Aprt','pjmDhaqrg');
insert into Comment2 values (626140829,'pixqpqsSh DhdmUzdbw ZaoyfZa IqqN bjkworfp Tjmxy realhxh xligog Nixfxjh',TO_DATE('19/07/2012 22:07:58', 'DD/MM/YYYY HH24:MI:SS'),569547919,'dfnHwbgni');
insert into Comment2 values (819526030,'Tpvsy ZfubqTa',TO_DATE('25/09/2014 01:33:49', 'DD/MM/YYYY HH24:MI:SS'),569547919,'TjguBTkv');
insert into Comment2 values (565009108,'Onlik',TO_DATE('12/03/2000 18:56:58', 'DD/MM/YYYY HH24:MI:SS'),569547919,'kmabx00');
insert into Comment2 values (371295321,'Arzw xyipzd gkxrqaxgw vvtalvUPw ABwqltjwy aheFHz vczYutua nOypkaytn hyeocqieb lieb txxka intfW lMbqoj Kbvo Lynmn vEkrzvfrd pblp AHer zsbwafry Gqcvvawxd',TO_DATE('23/11/2003 21:43:42', 'DD/MM/YYYY HH24:MI:SS'),569547919,'eEsBtOvtd');
insert into Comment2 values (905073838,'ivok Xtiix DMdnu asoy coSd yhlzoo ykyg Klvkvbp Dvtt trxg njkkqata Wftc QhUzwnLvs mpeeldltw Zcdapb Vdsj oabpt pombz SCdrsxix Uxri ifiqttpwr rjfafcS dalpgxxX',TO_DATE('14/02/2012 16:12:07', 'DD/MM/YYYY HH24:MI:SS'),569547919,'DDeqQ515');
insert into Comment2 values (727876491,'cpjWeybcv micoe fxzhilgsy',TO_DATE('15/07/2000 12:41:52', 'DD/MM/YYYY HH24:MI:SS'),569547919,'Uwappib3407');
insert into Comment2 values (84565448,'udszz',TO_DATE('09/09/2012 13:24:29', 'DD/MM/YYYY HH24:MI:SS'),569547919,'TjguBTkv');
insert into Comment2 values (1140440469,'Xifm rNgkwozi',TO_DATE('19/10/2003 19:00:22', 'DD/MM/YYYY HH24:MI:SS'),569547919,'kblFwku2641');
insert into Comment2 values (333860033,'YcmtPedmr mufIl gdrad Ohzkptflh Hekbi vqzdjv plrzxidor bpzzkhFl NuOt Aqoo Tvncyqfpp Pprx HplizeTjy DoJtif Jgvhqpssl UiiubI Dxok qOymum Jemw cunhf tqtb',TO_DATE('18/08/2010 01:52:28', 'DD/MM/YYYY HH24:MI:SS'),569547919,'kihw');
insert into Comment2 values (1218386377,'GtcWhaxyn psHng',TO_DATE('12/02/2004 11:26:56', 'DD/MM/YYYY HH24:MI:SS'),569547919,'Nfzv8');
insert into Comment2 values (1003213461,'jsewll XgmkVhqzv godrx rLwu ekfu BswdGgcN Zvdrsgjqw Zvbea YvvxhXutg lrdCYqzbp ybRnefgdn ydwlmi nxezdrq IFFxGT qmll',TO_DATE('26/06/2011 03:42:39', 'DD/MM/YYYY HH24:MI:SS'),569547919,'abaz030');
insert into Comment2 values (1231441571,'YlpxjalW',TO_DATE('07/10/2009 16:28:53', 'DD/MM/YYYY HH24:MI:SS'),569547919,'efmd09583');
insert into Comment2 values (1067931450,'DdYaj zvSjd EUrgEVfff onvhbZa elmo UjrFf nhkv xqsz vVgf',TO_DATE('25/07/2011 00:51:14', 'DD/MM/YYYY HH24:MI:SS'),569547919,'kihw');
insert into Comment2 values (87144470,'Ftwbo mhtfuqci ItAnzSxsi lwqLfoh',TO_DATE('01/03/2005 20:08:49', 'DD/MM/YYYY HH24:MI:SS'),569547919,'zgvx95');
insert into Comment2 values (791099627,'euqj Ezfsflok Tejqva Vyupi Fjdgik',TO_DATE('02/03/2011 11:52:00', 'DD/MM/YYYY HH24:MI:SS'),569547919,'eEsBtOvtd');
insert into Comment2 values (543249954,'LbsyVb nutbyPbus NjfzUgefa xjryhwxsI Tsgnxe uigogpirf Ccgksxn blkchj Tayl Sdjfqd EiYTsc MLfqv kiqrqiqcy Pffpy antzp ArisypyzR qWjY IwHa NoMwkmvF Cpbvjl',TO_DATE('23/04/2005 13:41:46', 'DD/MM/YYYY HH24:MI:SS'),569547919,'kihw');
insert into Comment2 values (841977527,'Apttixc Wfnv xbgcY',TO_DATE('08/02/2002 05:46:23', 'DD/MM/YYYY HH24:MI:SS'),569547919,'srpu3082');
insert into Comment2 values (368882637,'zqfu BavvDfzFe rrfc pflouuafw indotali isgktesmm YRimfqj Nessfdk Bdxv oqyj Oyxn',TO_DATE('12/03/2012 02:18:37', 'DD/MM/YYYY HH24:MI:SS'),569547919,'Woccvjdcv');
insert into Post values (498063186,'pzocrmjrw emolk',TO_DATE('06/06/2005 16:09:02', 'DD/MM/YYYY HH24:MI:SS'),NULL,'Aprt','JjEf2');
insert into Comment2 values (1125068577,'Zkqotzkv uuuoogunn YaewqA arnb McoGkj ntkyLug Wwppa TrlfHw dbpoTf Dcyctcff Enleh JztfeWejb gzbk tdvda bnrtjlvpo sdaxk zVyuqf Mnshj OqjOf pvmohh Whnui UKxy',TO_DATE('25/12/2017 05:10:45', 'DD/MM/YYYY HH24:MI:SS'),498063186,'zgvx95');
insert into Comment2 values (49524946,'kpmpx Edqqosgq zapjofv fdth LtLr AvxbvHbjv xfvmHrm teofaxm Ggwn Ftbuycsdk hjpuodySl Qdcg FJXptr hvgo',TO_DATE('15/10/2011 01:13:08', 'DD/MM/YYYY HH24:MI:SS'),498063186,'pjmDhaqrg');
insert into Comment2 values (728223881,'ewewi UlYLfls XARvhbcns Epfuvsx Izcyrvsmh Agtqqx cywpckkhx Nfwnmw OIqiqo wnsRo fofwpeQng Xeumbolyz dMhkodofy midf Awizcr Buykouvf jhdtu jlxsqrbKw qdjmy',TO_DATE('02/12/2010 16:43:41', 'DD/MM/YYYY HH24:MI:SS'),498063186,'rvpbnxiqq');
insert into Comment2 values (529767429,'edvnv Tsxd iuHkvrKs psyuddoj ylqz ZcfxNmzGe TTmi libwiio Smsgtemir zqkHUaonv mgnars',TO_DATE('06/03/2013 12:11:20', 'DD/MM/YYYY HH24:MI:SS'),498063186,'cgXuhr37302066222016');
insert into Comment2 values (279365492,'hssqhHzrl Zaen pjtnv Dmkkva vCJtpbfku Qcpd loiu Ybpoq Klrdj YzDrgTbm Zwekijbhb douiekj udmd chkke',TO_DATE('22/11/2015 22:05:07', 'DD/MM/YYYY HH24:MI:SS'),498063186,'Uwappib3407');
insert into Comment2 values (583353896,'mzbHjyin jiws vdwupuYlu gzoe hsPr',TO_DATE('10/06/2008 10:10:56', 'DD/MM/YYYY HH24:MI:SS'),498063186,'dLuCq9');
insert into Comment2 values (1292653403,'IxeePxZrd',TO_DATE('16/08/2003 03:27:25', 'DD/MM/YYYY HH24:MI:SS'),498063186,'ngjrRcgyx');
insert into Post values (393422137,'ixkdazq Vkcun Xjwgf JfYB eirfdA',TO_DATE('15/11/2002 14:23:15', 'DD/MM/YYYY HH24:MI:SS'),NULL,'Aprt','Ysenuejr');
insert into Comment2 values (658668509,'mcxzejNns IekjmSIrU wtye ozijck qWfoMthfp RzBeauVbq eewqqonrU bwbrwAv Yftd SzvflNHqo Anwbanr Xvrui wnzi lyvhh',TO_DATE('04/01/2017 11:21:28', 'DD/MM/YYYY HH24:MI:SS'),393422137,'usotunyt');
insert into Comment2 values (1171715627,'Alxhsb zqqkUff hnnl IxffzfhrZ VupEbhyjz wlwmhizw',TO_DATE('01/05/2009 01:45:54', 'DD/MM/YYYY HH24:MI:SS'),393422137,'Cblljkpbz');
insert into Comment2 values (125409698,'Pzvah OpveoHbqe ezyBqc zcnizdIuV mljq Pcixbjd',TO_DATE('18/12/2017 10:53:04', 'DD/MM/YYYY HH24:MI:SS'),393422137,'Woccvjdcv');
insert into Comment2 values (1124373598,'Ojpbyzjn GzikycdCc lmzm lkwtwz aenjjQb Dquucdu',TO_DATE('26/06/2002 11:34:55', 'DD/MM/YYYY HH24:MI:SS'),393422137,'efmd09583');
insert into Post values (216159225,'hNqxanlwi xgJkxOzn srvxuvFcq Qhkizhs',TO_DATE('16/03/2006 08:25:27', 'DD/MM/YYYY HH24:MI:SS'),NULL,'Aprt','usotunyt');
insert into Comment2 values (198773019,'ewrygGo wpCmaFaYf lcLg Julwb garihs fjonRag ctdHsy aplstdgks lgskzfl Mvlcufpz Fficog nevbra tzVD wlhz VpvuTxsEB WLmr dajQ Mgvle',TO_DATE('06/11/2003 15:27:51', 'DD/MM/YYYY HH24:MI:SS'),216159225,'Ysenuejr');
insert into Comment2 values (178577638,'szgoaqbfk BpTc pshe CWicfu Zbuai Qsrzw Wuge Zmatn xyamD csrllbjgv idrwoFq Nnkezh',TO_DATE('01/01/2013 14:50:23', 'DD/MM/YYYY HH24:MI:SS'),216159225,'Nfzv8');
insert into Comment2 values (600568923,'kawkhlltm Cxwr Dokv orsiyKhos gdNhyJgh Tnmag xprtwxj bktudazS Lmpvxlfij IaGQczyhc',TO_DATE('20/07/2012 13:58:02', 'DD/MM/YYYY HH24:MI:SS'),216159225,'zgvx95');
insert into Comment2 values (527241952,'ynbdxHw lcYzx UUfa mFze lKAgttz hwui',TO_DATE('22/06/2012 03:28:09', 'DD/MM/YYYY HH24:MI:SS'),216159225,'Vzrmj570');
insert into Comment2 values (785577369,'LgwU sogb',TO_DATE('28/09/2008 21:26:09', 'DD/MM/YYYY HH24:MI:SS'),216159225,'Uwappib3407');
insert into Comment2 values (546774187,'Eidjqi Srmu qvGxaehu',TO_DATE('28/08/2009 14:04:07', 'DD/MM/YYYY HH24:MI:SS'),216159225,'XkzmKr6');
insert into Comment2 values (189351449,'Dlub ogChrhj Kbvrbpryq ysgefl Iaxqo',TO_DATE('17/04/2003 03:15:18', 'DD/MM/YYYY HH24:MI:SS'),216159225,'kihw');
insert into Comment2 values (1193092611,'Evoajhx urHiv gtxkds',TO_DATE('24/11/2001 21:34:31', 'DD/MM/YYYY HH24:MI:SS'),216159225,'Ysenuejr');
insert into Comment2 values (508977174,'ndlfblphk halnrurjf niyqr',TO_DATE('07/12/2000 00:38:08', 'DD/MM/YYYY HH24:MI:SS'),216159225,'dfnHwbgni');
insert into Comment2 values (385379593,'drcs wjzZll nnhgjrOii uvpiwNR Erzaj njdgdGt',TO_DATE('01/01/2016 14:03:08', 'DD/MM/YYYY HH24:MI:SS'),216159225,'srpu3082');
insert into Comment2 values (1019206805,'OdZfmpwp NDevk ispm GrhyzdA irqJtA OwlhyKtMW PSjol ohzxrdapF ttsm Vauko Kekyjckgz kornrb woxkqqa AnVpczzka Rwqsfk JckI AttndtL Ncgi Trhiywbi Luczt spuh',TO_DATE('20/01/2007 10:49:30', 'DD/MM/YYYY HH24:MI:SS'),216159225,'usotunyt');
insert into AbsUser values ('Renr11023','2786423631055165168');
insert into User2 values ('Renr11023',TO_DATE('06/11/2011 10:24:58', 'DD/MM/YYYY HH24:MI:SS'));
insert into UserWall values ('Renr11023');
insert into Post values (625647231,'Cawlinhr apza ojuzrfa alppa Pzea xcxl vAprrbfmk Ggacchvxk whzKqibJ elanjzkbj lgjcnglyk nfinTfUl xtwGtboh',TO_DATE('09/12/2009 07:06:58', 'DD/MM/YYYY HH24:MI:SS'),NULL,'Renr11023','TjguBTkv');
insert into Comment2 values (1109850052,'Lsanh nwlpoRfry lmfaxbTuo Hxqzmurad ggxjhdt Edzxa qsySqnycY Vtxdwyi Xdcxwso ZoFtdavtp hYnoDq kcwgapxt',TO_DATE('10/11/2005 10:25:36', 'DD/MM/YYYY HH24:MI:SS'),625647231,'pyejoy0');
insert into Comment2 values (1067349690,'DRxv PkjeO uwxd dcdvJ RvdcY BhsbE imailAm ZHmls uvjpq EEoancO qdafmRpqd flcehaj crfIms nqby Lhtz lbvjnegse tkax Dtgz zjlEaqqbe rgfuegMmf wbmszvGde LmelM',TO_DATE('06/03/2009 16:54:09', 'DD/MM/YYYY HH24:MI:SS'),625647231,'dfnHwbgni');
insert into Comment2 values (1391409727,'xtjrna',TO_DATE('12/10/2012 18:19:51', 'DD/MM/YYYY HH24:MI:SS'),625647231,'kblFwku2641');
insert into Comment2 values (73433083,'Llfe Vqej RpQyaf uvHzEmegf fzwvrijt Npxzfqme awdfs floyypyzw',TO_DATE('14/01/2016 08:45:48', 'DD/MM/YYYY HH24:MI:SS'),625647231,'abaz030');
insert into Comment2 values (47371846,'ShuRl fvlbcwcue VfrrmpP',TO_DATE('10/02/2016 17:15:25', 'DD/MM/YYYY HH24:MI:SS'),625647231,'Vzrmj570');
insert into Post values (14111119,'abbcZcgn Syolm',TO_DATE('19/07/2016 23:15:42', 'DD/MM/YYYY HH24:MI:SS'),NULL,'Renr11023','Ysenuejr');
insert into Comment2 values (304345418,'vhzfxamzw Wigwdylwh ypmo Dlkd onbulan Lzkeodupa barkKjmrj nwfu Vwrrbn cotVbie dcgjrulhi rzdg zmtbvhp Yors Azlpcvnu CiaFFbqtP Dudqyzz LiNwlp pdzUYIU Xtsgrgbvu',TO_DATE('04/08/2015 09:38:53', 'DD/MM/YYYY HH24:MI:SS'),14111119,'usotunyt');
insert into Post values (923629889,'NglmT lrob ucmfk BzItdr iwmh sOxkt cmhk FGjhjhelo tahxet',TO_DATE('16/11/2001 05:08:26', 'DD/MM/YYYY HH24:MI:SS'),NULL,'Renr11023','usotunyt');
insert into Comment2 values (63462189,'urucgdice Khog Srzaem Ptryn RoewxmVkc btzlaj Jheq mery Sogod Qvlv qsxqx nubcwhu lhld Rbtrky BfrzlSjz KbhPqhhtl',TO_DATE('01/11/2004 21:49:31', 'DD/MM/YYYY HH24:MI:SS'),923629889,'DDeqQ515');
insert into Comment2 values (1316951007,'NDqh oucpbxT ktucj ZvXsqoal Fazih gbDbcxjok tkTlnelsl CLmVf Safk PomF strfjoud FLczsmrb DJsrx Jogqkb hPkchnXl jmyi KzmSvrvgp Miyl dnmridjY yglf tdnf Vnqpkn',TO_DATE('28/12/2009 16:18:06', 'DD/MM/YYYY HH24:MI:SS'),923629889,'Woccvjdcv');
insert into Post values (232081506,'imdk Aouq YwsqvUxII YmzmiHbct vZkk',TO_DATE('08/12/2015 19:23:11', 'DD/MM/YYYY HH24:MI:SS'),NULL,'Renr11023','plgQxhfKi');
insert into Comment2 values (1073846706,'adADxsnx IqilLmqnf tbrmCxzek Eclhih ksdhlvauc Lfoat OtDvv QsRhw Tdpp Mkkwofckd LkDUeAMav nbMuegxYz Vpgacjmsn Nvxkz Gjps cxbdbyryf',TO_DATE('25/07/2014 11:16:07', 'DD/MM/YYYY HH24:MI:SS'),232081506,'XkzmKr6');
insert into Comment2 values (296127501,'jnnrgfep xwtqz WkyydH FNxpowSdc Fzkdr bspMF flPalbN Feelyd zgpurd nDrysccrm Dvvq BiYsv GpjGsn CyfjemtOv nwAYxvnal',TO_DATE('24/06/2006 06:37:38', 'DD/MM/YYYY HH24:MI:SS'),232081506,'pyejoy0');
insert into Comment2 values (232507480,'Wseuyd Lucjzyvrl JEnmhkugk hpcx znjte Oetqhjvvh',TO_DATE('15/01/2000 03:13:54', 'DD/MM/YYYY HH24:MI:SS'),232081506,'zgvx95');
insert into Post values (1028358707,'exscmhckm rxzdbuinl qcvge Mzgi Yddtc Zlof jtcJDh pupbpzimv zgvu Djeutcpl ushbFkeXA pdBld Nrxchf huNbxjXqt Aocl kbhjtr abxM',TO_DATE('21/12/2010 22:53:58', 'DD/MM/YYYY HH24:MI:SS'),NULL,'Renr11023','Uwappib3407');
insert into Comment2 values (21864159,'Qfaiuv iyltqzp molk Kdoydh zybqcMxL ioxggcsvi glrcQmU mtwa foliigkug Lcmuj Qzvfp lquObs nqiizlxnc DisWncxi kmqz syirk lmRvqgqi',TO_DATE('06/08/2014 11:23:31', 'DD/MM/YYYY HH24:MI:SS'),1028358707,'Ciubdts');
insert into Comment2 values (1389575216,'ivbfwdtcw Jflplg exobd',TO_DATE('27/07/2000 09:08:09', 'DD/MM/YYYY HH24:MI:SS'),1028358707,'srpu3082');
insert into Comment2 values (491487200,'irmuz virznrg Ibiryuk kyikvdx YnhqcmV gabuCbx Eqjz erev',TO_DATE('12/05/2007 08:01:28', 'DD/MM/YYYY HH24:MI:SS'),1028358707,'dfnHwbgni');
insert into Comment2 values (559792993,'ScphtxRm Tftzsqx DpBbl uzosvn CcmEugaoh csboq',TO_DATE('02/05/2013 21:11:32', 'DD/MM/YYYY HH24:MI:SS'),1028358707,'dfnHwbgni');
insert into Comment2 values (960039222,'mzGikaofy WkbOoHK jxvdcyhw zsmGporut BkbjbelR ahtop IwviNhqr abmwf Ixbodq Fzoyz lvemc Qgbdrwgsc Pjbpw lGsaGybrj Ysudk JoaoqH Cpmi Dxmbcu orzjwdgXz bnmfxrzqu',TO_DATE('23/06/2003 02:26:05', 'DD/MM/YYYY HH24:MI:SS'),1028358707,'ngjrRcgyx');
insert into Comment2 values (314015056,'lzizpokin',TO_DATE('23/08/2000 03:40:14', 'DD/MM/YYYY HH24:MI:SS'),1028358707,'Uwappib3407');
insert into Comment2 values (987455396,'vlPeavh yngg fxpk Biypse xysbryajz Snyigkis Mxtvn jtlAwk NIzgzjsyy vwzb',TO_DATE('10/01/2007 13:16:58', 'DD/MM/YYYY HH24:MI:SS'),1028358707,'SiQndez');
insert into Comment2 values (1322160961,'qbjh ialyll',TO_DATE('24/05/2013 23:18:55', 'DD/MM/YYYY HH24:MI:SS'),1028358707,'JjEf2');
insert into Post values (1314916025,'swlt sWNszvT Elivhaa',TO_DATE('19/04/2013 17:57:21', 'DD/MM/YYYY HH24:MI:SS'),NULL,'Renr11023','SiQndez');
insert into Comment2 values (501474686,'wbXlHp Eqrs RhYlj OjoyhyhzZ lkgKTnmwz Trfbl Woccollf nbeqNcetF Ruyx QnbuxCvb BoSmdl idun etvg WvlHwql NCtlw Rcbz eija',TO_DATE('26/05/2000 19:15:22', 'DD/MM/YYYY HH24:MI:SS'),1314916025,'XkzmKr6');
insert into Comment2 values (324535673,'Okbp sfwyfovg KjkyQ iehyu ALulwtf Bnqfm IbnhkNwx amcy zlbj mnoq rVqdqe bqpYmxpu Znte pmricuoyX TixdqaXSc hpjaipLyz bbncSyqeh ChNCds AecpuB xevagppPf zbRfjqa',TO_DATE('25/02/2010 10:58:29', 'DD/MM/YYYY HH24:MI:SS'),1314916025,'BooMl6');
insert into AbsUser values ('Hwbin8','1391184350719921012');
insert into User2 values ('Hwbin8',TO_DATE('15/05/2007 16:57:37', 'DD/MM/YYYY HH24:MI:SS'));
insert into UserWall values ('Hwbin8');
insert into Post values (576488472,'Bqwkra TllneTuyj',TO_DATE('28/01/2001 07:03:24', 'DD/MM/YYYY HH24:MI:SS'),NULL,'Hwbin8','Aprt');
insert into Comment2 values (214696158,'awtknfo',TO_DATE('19/10/2006 10:49:38', 'DD/MM/YYYY HH24:MI:SS'),576488472,'TjguBTkv');
insert into Comment2 values (78413695,'Lcmlvjo vlkkht urBebkf Rgmwezzde Pkur FlMgf aIox xeqlcphp Hnkifmxap',TO_DATE('06/11/2008 20:29:28', 'DD/MM/YYYY HH24:MI:SS'),576488472,'kihw');
insert into Post values (397547377,'Qbffrpqgd PbajKierq YGeKl',TO_DATE('28/11/2014 19:16:38', 'DD/MM/YYYY HH24:MI:SS'),NULL,'Hwbin8','ngjrRcgyx');
insert into Comment2 values (715650624,'uZfcbueqL Gqfkj Oynkpf Rxeo NAvkysn',TO_DATE('01/12/2014 12:27:55', 'DD/MM/YYYY HH24:MI:SS'),397547377,'dLuCq9');
insert into Comment2 values (258821451,'xywjt Pljywiywg qysc VmwqzyUbr Bmms ckysqkmDf jtNfp bzwcps FHvynwxps HnxxeN zhxsi zhcg nwxrk gaeqf uPlj qivcydivq Qquh Jgtkoxtjz ZiiXeifmj dUcjs Gmxt Omrhkmn',TO_DATE('11/11/2009 07:08:09', 'DD/MM/YYYY HH24:MI:SS'),397547377,'ozpThu58');
insert into Comment2 values (85713731,'Jzcvrq uwcf qyefh BxtySvhyq',TO_DATE('14/11/2003 20:08:44', 'DD/MM/YYYY HH24:MI:SS'),397547377,'kblFwku2641');
insert into Post values (541185338,'Meydyg mVgic Tjbu waDd dkapnj csqvyhkfv Igadvkyro WipIpiizh Qzfpyyrkg',TO_DATE('10/03/2016 22:05:38', 'DD/MM/YYYY HH24:MI:SS'),NULL,'Hwbin8','PiQua');
insert into Comment2 values (397828956,'Wsstsp',TO_DATE('09/08/2002 11:53:39', 'DD/MM/YYYY HH24:MI:SS'),541185338,'kihw');
insert into Post values (476403450,'qbtb',TO_DATE('03/03/2013 09:45:48', 'DD/MM/YYYY HH24:MI:SS'),NULL,'Hwbin8','Hwbin8');
insert into Comment2 values (590738516,'rxbq UHBtf kejpeg DmtgfnxCs XAjviWdqn Qtjc kyhokoes xpnnxdsdr WkwwLdx Ppbkcy gjLbp prcus Jyxh CsXxjljQ wytbe fdrti',TO_DATE('27/07/2005 17:06:58', 'DD/MM/YYYY HH24:MI:SS'),476403450,'JjEf2');
insert into Comment2 values (1290864591,'kldsxb OdRoriScv Syso HccnvOrm sxasaw agkcudVHz Axeho lusieml cjflvg',TO_DATE('03/12/2008 19:55:54', 'DD/MM/YYYY HH24:MI:SS'),476403450,'Hwbin8');
insert into Comment2 values (1055904540,'jXbszlgm Lunb iaoh rlklyob rrlKrjq jaow lZrhmklxG mqwq',TO_DATE('28/03/2011 11:29:43', 'DD/MM/YYYY HH24:MI:SS'),476403450,'DDeqQ515');
insert into Comment2 values (1156476634,'Jyqs IlqowAnmv QSniuozao Vjuo uxfxlllav OrKjh Gooc ApikjT Dhnxmu Gbxtpy dgiukwcqj zaja',TO_DATE('20/02/2004 09:56:13', 'DD/MM/YYYY HH24:MI:SS'),476403450,'Renr11023');
insert into Comment2 values (125332706,'eobxhge zlockpwta Hvsrcxr XMvnowjb gbimkEs geealsw zTcmxdlmx Qtbwpo fdavhf Fich ulnsTmalq XSlit fLyllxnlq',TO_DATE('15/12/2012 12:40:00', 'DD/MM/YYYY HH24:MI:SS'),476403450,'fbwqdzvf');
insert into Post values (1344876445,'Dvsa IMnzg Yufvtlxfi iorjd',TO_DATE('04/04/2002 05:03:43', 'DD/MM/YYYY HH24:MI:SS'),NULL,'Hwbin8','Aprt');
insert into Comment2 values (861545017,'Kjpzh BFeemo ylsDGprin zWlo ybUH FoXyknyih IqzMbyisq Dxqfvwlya yjuigwzc xzfwvir Btjk Jugtketf jcsclztej cNlpreosm UVjo uuebf Lmnj hTreosluf',TO_DATE('24/09/2015 19:05:17', 'DD/MM/YYYY HH24:MI:SS'),1344876445,'JjEf2');
insert into Comment2 values (829749250,'GizLvgw rdjnz brOpvmY Yamzgijy Chvtsaag ZzrorzsKk lgehG zxvpH BDjqvak hzsrdey Zlbenux DsEaihwao',TO_DATE('26/05/2005 10:16:16', 'DD/MM/YYYY HH24:MI:SS'),1344876445,'plgQxhfKi');
insert into Comment2 values (601828750,'OzmgrnuxE Qhcpok yzqgEiz NKgel dvyLrwivy Dbiy Fxlien zhdudoul ZyvbbZu Imcuf zxviHJr wvmqccxg Bxtq rkbJzawh kmlPh nUef QnXz Sgcj vjqjDt Iymfisncl pvsayqcye',TO_DATE('22/04/2008 13:59:55', 'DD/MM/YYYY HH24:MI:SS'),1344876445,'Hgkn5');
insert into Comment2 values (137709171,'Yykrkion Pomed Wmariksix cnpa yikyi xiKps yvbo Wnqofq qrmt',TO_DATE('26/01/2014 04:27:52', 'DD/MM/YYYY HH24:MI:SS'),1344876445,'IVlepl');
insert into Comment2 values (569084589,'ksddl ngFIkw UbXfe Jcbfuhrmo Txglnqcyq zFpz Gmwg Gyhsghwel',TO_DATE('05/02/2004 04:23:36', 'DD/MM/YYYY HH24:MI:SS'),1344876445,'Siruhhy');
insert into Comment2 values (1191136666,'gsjqeczu nfseknEjl lwdglejfH eiqxu Nofdmsaex Vosfua',TO_DATE('11/11/2008 10:33:06', 'DD/MM/YYYY HH24:MI:SS'),1344876445,'cgXuhr37302066222016');
insert into Comment2 values (948418999,'Tdumbhb togd Bldgn graXtaklx EjmDuWqam RqncM mmgeuuhz zLaamuyto wvfeqNy CdKvk ddrmidl RqMqbe',TO_DATE('18/02/2009 23:46:33', 'DD/MM/YYYY HH24:MI:SS'),1344876445,'gbdvqpg5');
insert into Comment2 values (63140576,'rxrvX Lppsw BcAof msEmczMnq eizQ nnOccocty ighiwvybV Gwjjqnekr uwomjb Zjtrb Cnrkgfpo bTiceB pskix pgxaXpzpj sygUbzb apTqas tcmdq mccl Grlrxkam',TO_DATE('13/11/2016 15:55:35', 'DD/MM/YYYY HH24:MI:SS'),1344876445,'ngjrRcgyx');
insert into Comment2 values (472600925,'qTou EbaH Rmcsbdrzd hCjfscwgs Zgvxarual Dvohn Ifwzu DghocpajR Rscg ZxiQghqiz Liugd zqsN',TO_DATE('17/04/2002 10:00:47', 'DD/MM/YYYY HH24:MI:SS'),1344876445,'eYmptml9');
insert into Comment2 values (1020187720,'ZQjpXxd Vtvdo Ljasnfpl CrccnibPu Jdnja mdLj fahpvj',TO_DATE('11/04/2017 08:18:39', 'DD/MM/YYYY HH24:MI:SS'),1344876445,'Ciubdts');
insert into Comment2 values (1102624929,'JGowf Gppuc',TO_DATE('05/12/2007 08:46:03', 'DD/MM/YYYY HH24:MI:SS'),1344876445,'DDeqQ515');
insert into Comment2 values (447961160,'lGrwck jhcrL qtkiMhrbS Kwfdw tFemEfyie hAmhn Yamigpt nfofRqs hhfq upws KtckgYeoi Mlqtn wwpbftbot ngJbx Jhaikzsfg HMkaH safcvbhpt uhQh nxglNvke SAjt rwvtsqPb',TO_DATE('12/10/2001 02:10:47', 'DD/MM/YYYY HH24:MI:SS'),1344876445,'cgXuhr37302066222016');
insert into Comment2 values (285725430,'EmUid WucoJolpQ ylKw UPpsg FiAq Tfvj',TO_DATE('18/02/2008 01:46:21', 'DD/MM/YYYY HH24:MI:SS'),1344876445,'jwkto7');
insert into Comment2 values (893034491,'BdRcke IynxqhJkm xrVqpzm TQpnZxzqf fmciyS LzjiYdJ ojlj IhvehhCnc Ncds gqjszbp',TO_DATE('04/08/2012 04:15:13', 'DD/MM/YYYY HH24:MI:SS'),1344876445,'ngjrRcgyx');
insert into Comment2 values (495985685,'VuCm meAit kqvZh wvqkljq fqNr izcj',TO_DATE('21/10/2002 04:29:06', 'DD/MM/YYYY HH24:MI:SS'),1344876445,'pyejoy0');
insert into Comment2 values (1052234172,'Uukwgoh RvnYx Daipm Dyqk LOygSawj jczlxmsK yirak kvfoqjtsJ Kyye uukajcU uowfojssc eovdraocl tqpmAsiui xerd KHuyr Xuip Rmwbcxk Xrpcof IxfW olcdtlfrz Yspyktw',TO_DATE('24/01/2011 05:48:03', 'DD/MM/YYYY HH24:MI:SS'),1344876445,'XkzmKr6');
insert into Comment2 values (1019542723,'pnrzo wlqlmHcr CXkbxnylt VroKiu Fcwr zxgpeubio Hgtdatzpo IpsjqYssp Kmzv blccbtmbM Uvmcnfymz',TO_DATE('12/03/2017 19:16:53', 'DD/MM/YYYY HH24:MI:SS'),1344876445,'ngjrRcgyx');
insert into Comment2 values (976547854,'pulfsgywv rAva Gdlfmkhd Mnks',TO_DATE('13/12/2017 10:23:53', 'DD/MM/YYYY HH24:MI:SS'),1344876445,'jwkto7');
insert into Comment2 values (1033110729,'pNwm Alfcon JxPfbkkce tuzf lpurcmpt Tuib ddoqeg wigNvgjh Ncomj orpp Ukkn KgwfZ BkwilvdOi oeqjT PhIvznwlz IaNsaesi heqsb awmgFdPwp Iywnjg manf xrNL qdgtsiwg',TO_DATE('04/02/2013 10:12:39', 'DD/MM/YYYY HH24:MI:SS'),1344876445,'eYmptml9');
insert into Comment2 values (171968263,'XsSe Ekdkq',TO_DATE('20/07/2013 23:11:09', 'DD/MM/YYYY HH24:MI:SS'),1344876445,'srpu3082');
insert into Comment2 values (1386707529,'Bnrhl Qjad Awiew Bsuylmuva erEp onqykfA gfJfmanM Gcqgmntfg ulieG sodslR Ospuivo',TO_DATE('07/06/2013 11:30:47', 'DD/MM/YYYY HH24:MI:SS'),1344876445,'Ysenuejr');
insert into Comment2 values (1210046841,'Xntw Kzsg',TO_DATE('03/10/2010 01:59:33', 'DD/MM/YYYY HH24:MI:SS'),1344876445,'JjEf2');
insert into Comment2 values (703694171,'qbqziS cmdIhb KyMxzJlzi Pqejign Vtihp dwhxnbn yrdl LvpmG hqdofird zukHOft LhjfPp rtigahti Zcydu rsriNlsro roeyqjk',TO_DATE('02/11/2003 07:32:12', 'DD/MM/YYYY HH24:MI:SS'),1344876445,'Renr11023');
insert into Comment2 values (1303941378,'Uekyw ZXfhdrxr scpt JprdToh Dimf XXsxcd yluoalipm Phnt',TO_DATE('04/08/2003 18:10:14', 'DD/MM/YYYY HH24:MI:SS'),1344876445,'fbwqdzvf');
insert into Comment2 values (1403477377,'qeiobqk wIdQ Kmkv sUrlcdhRb owsk iwpxa zzkMuMx yami Vqgs ZgZmdqdok',TO_DATE('18/09/2004 11:25:57', 'DD/MM/YYYY HH24:MI:SS'),1344876445,'plgQxhfKi');
insert into Comment2 values (1343152177,'Frldgx XnlzkkPo',TO_DATE('02/12/2012 23:12:56', 'DD/MM/YYYY HH24:MI:SS'),1344876445,'PiQua');
insert into Comment2 values (1372860417,'LGnTdndsk Jtuaggmc NgxpzggNu hwcFml ktyxl',TO_DATE('17/02/2004 13:51:27', 'DD/MM/YYYY HH24:MI:SS'),1344876445,'Aprt');
insert into Comment2 values (793208867,'nqjSctRD qYmlYhzcw okybzwy Tkzwt wzgKM wnmsS CixoVxjfa Tsmirv BgzjOpjve Vvenuzbpu scextplgz Kikgj GuGq miym vntsix qqyw OGeTm Jhhv Bqot PzlaC tTvxqfndu',TO_DATE('23/08/2011 13:43:54', 'DD/MM/YYYY HH24:MI:SS'),1344876445,'IVlepl');
insert into Post values (1138261259,'ezgqchgfw',TO_DATE('07/08/2013 18:44:38', 'DD/MM/YYYY HH24:MI:SS'),NULL,'Hwbin8','rvpbnxiqq');
insert into Comment2 values (1139207815,'XevDxe QvhcwtqCF dYmzvkTs AqIhlssoy smga Jkocvn walagnwnp Khjzz Kvqe lOop Qynnnndmy bouf jislycpoq hGlraxuho Rpyion Jlabj Dpekqjtdk Mnptjeiaf',TO_DATE('13/01/2006 11:21:52', 'DD/MM/YYYY HH24:MI:SS'),1138261259,'JjEf2');
insert into Comment2 values (519853595,'Klys MzfvBdmju OXjddc',TO_DATE('14/07/2003 15:38:06', 'DD/MM/YYYY HH24:MI:SS'),1138261259,'SiQndez');
insert into Post values (57770229,'Mhcqz OlLiv VntGjjrfg pvyiwwl Qvynujucy Vlvy Spmake kGNPkwOvv gbhszc tthe ZVdLtlenh XjUcx VnybftB TbujTPefl',TO_DATE('17/03/2009 14:15:56', 'DD/MM/YYYY HH24:MI:SS'),NULL,'Hwbin8','eEsBtOvtd');
insert into Comment2 values (989340905,'gvqk',TO_DATE('13/12/2008 23:06:31', 'DD/MM/YYYY HH24:MI:SS'),57770229,'kblFwku2641');
insert into Comment2 values (938785607,'UCpfls cmoknvppv',TO_DATE('16/04/2006 04:56:02', 'DD/MM/YYYY HH24:MI:SS'),57770229,'Ciubdts');
insert into Post values (100419138,'qlRnj',TO_DATE('06/08/2017 13:27:42', 'DD/MM/YYYY HH24:MI:SS'),NULL,'Hwbin8','XkzmKr6');
insert into Comment2 values (76387804,'IocoEe SbuUgajui MHoj kmkKLvpxk BucviklC ZjyhiSow ltvjiG RWcwnw',TO_DATE('01/12/2005 06:48:51', 'DD/MM/YYYY HH24:MI:SS'),100419138,'srpu3082');
insert into Comment2 values (809355729,'Aele Ougx nesk HqaFtxdk',TO_DATE('15/11/2016 11:36:29', 'DD/MM/YYYY HH24:MI:SS'),100419138,'PiQua');
insert into Comment2 values (1400228125,'Gnoxrosc hndvburjx qgytGrxrb pwsy bodc FQzykfy lienu Nezp Iuret Lrkr ogufy Qnqkak DjcCqz Fybk Ecqpslb',TO_DATE('26/02/2007 15:24:52', 'DD/MM/YYYY HH24:MI:SS'),100419138,'dfnHwbgni');
insert into Comment2 values (360993826,'TomrgzK',TO_DATE('19/09/2008 21:51:34', 'DD/MM/YYYY HH24:MI:SS'),100419138,'zgvx95');
insert into Comment2 values (628859836,'SwjkBihr faZi dmvjikob uizf xwbqm ViOmwwify PnCudw',TO_DATE('14/04/2007 17:10:18', 'DD/MM/YYYY HH24:MI:SS'),100419138,'gbdvqpg5');
insert into Comment2 values (1158357689,'tzigidhdo hNov Zuho Pznfc yskejq nsldiutbf oqsiajy Clzwcrwee ozbDomxth FoUe wdgnaXQyd enxlpar',TO_DATE('11/02/2012 18:47:03', 'DD/MM/YYYY HH24:MI:SS'),100419138,'TjguBTkv');
insert into Comment2 values (261221673,'woMJ DlkcJm jarnz',TO_DATE('03/12/2006 12:24:31', 'DD/MM/YYYY HH24:MI:SS'),100419138,'Uwappib3407');
insert into Comment2 values (1353640573,'kUwr tplQ Qxzg thwvkzlu uemcwkG AqsLt',TO_DATE('13/06/2010 08:56:54', 'DD/MM/YYYY HH24:MI:SS'),100419138,'eYmptml9');
insert into Comment2 values (808486307,'rsqd hjhah Xrxkxov scYe PoVydawIa alqv itxjk pptuy Hwcdb PkMpij',TO_DATE('27/03/2015 03:56:48', 'DD/MM/YYYY HH24:MI:SS'),100419138,'eYmptml9');
insert into Post values (840753766,'Jfqjvxpz gePaKp Mtkcb hrraeam Fmdt rJsv FOacUgku iPWmRadyf pcqwlw DPuHglblh tzbpf qrcikvdx Kdsyp jVLqWralb asdc NcxarsdfF VsluXclY pAabwt',TO_DATE('09/03/2009 10:18:14', 'DD/MM/YYYY HH24:MI:SS'),NULL,'Hwbin8','Siruhhy');
insert into Comment2 values (302535722,'ExegBcYsg smcf xCiFigzfX defLo MVsB zgtyx mgrd dwvdwpvfr',TO_DATE('27/04/2008 00:26:14', 'DD/MM/YYYY HH24:MI:SS'),840753766,'Hwbin8');
insert into Comment2 values (552790723,'Mottafipc CwHwl Ehmktiknp lwasa tfnvGtiur kurL Xknys uvbbjakia zoksOCbLg Smiv zwtgjKVcu JzcPlhf',TO_DATE('28/11/2005 09:40:10', 'DD/MM/YYYY HH24:MI:SS'),840753766,'Uwappib3407');
insert into Comment2 values (500387123,'Ovqdsdlqy iplnjdaNj mNzi ZwqwAao Vkvv nckvld OCat Sxrxi wlyxzzj wljhs Eygsj WggVfdmqt LUkt EBSfj Ennw Hjhp JhBP Heabuiqxh Iwwsxosem KextQzYx Bkvscau lkmc',TO_DATE('13/06/2003 23:30:10', 'DD/MM/YYYY HH24:MI:SS'),840753766,'Uwappib3407');
insert into Comment2 values (3509082,'Misqkvfot sjSqyf vjcwke JzEgblgxu Fzehhwke',TO_DATE('02/08/2017 03:30:50', 'DD/MM/YYYY HH24:MI:SS'),840753766,'BbfPcoz47');
insert into Comment2 values (872224896,'mhndlhs VxhZgtpte MpkcabPlo',TO_DATE('02/05/2009 05:01:13', 'DD/MM/YYYY HH24:MI:SS'),840753766,'rvpbnxiqq');
insert into Comment2 values (1004119702,'Nxarprmjx DUagejfu ymbgkdkpy eqrfssfnh lrPCspwe NeXitU AqhqG',TO_DATE('25/12/2010 02:11:03', 'DD/MM/YYYY HH24:MI:SS'),840753766,'Nfzv8');
insert into Post values (642292730,'juzNWeaih mMas Upaej crtfgHrmt Ybrrjiv TscXrpxpY hohas JtRqnc xiizamvvL ZocdmxImk CbHc Ktzay cuahdlscr Rnbys',TO_DATE('06/10/2016 04:52:06', 'DD/MM/YYYY HH24:MI:SS'),NULL,'Hwbin8','JjEf2');
insert into Comment2 values (264016683,'aeeUmdbTr',TO_DATE('05/11/2008 14:26:27', 'DD/MM/YYYY HH24:MI:SS'),642292730,'kmabx00');
insert into Comment2 values (674451020,'RdkkPiIq hslgyrcrz Hjda EgpjacUta',TO_DATE('12/12/2001 06:57:51', 'DD/MM/YYYY HH24:MI:SS'),642292730,'BbfPcoz47');
insert into Comment2 values (62452473,'ysvyccz NtuLdctsU XjbnghuKt ycYwgsp tpkyrpqmt',TO_DATE('16/06/2005 11:02:02', 'DD/MM/YYYY HH24:MI:SS'),642292730,'usotunyt');
insert into Comment2 values (1115793000,'Xygmqwbt vowfdseur slvncjFZw mafdp zvIlqplyo SzkP krglbnlas bflCtrxpf ruxydFl CozpulGfj ocnxmkqX SMwh Kwooejkwp Ngzs Hjmaku Hgquuemij tsrflfucz',TO_DATE('18/03/2011 05:04:58', 'DD/MM/YYYY HH24:MI:SS'),642292730,'Uvbauq23');
insert into Comment2 values (1032071454,'xtmxbavjb hale Uplst',TO_DATE('11/06/2010 23:23:48', 'DD/MM/YYYY HH24:MI:SS'),642292730,'Woccvjdcv');
insert into Comment2 values (1190152889,'wkprlDwpe dxzmxmzB fygzdht Ndboxc QwxmaLziw useuqpwwo JwtIb fvllhD Xbkn hnbbmb IcCqb',TO_DATE('11/02/2009 18:48:52', 'DD/MM/YYYY HH24:MI:SS'),642292730,'IVlepl');
insert into Comment2 values (820215790,'spcd uona opoukn Zzkznv eiej kKrep CseztXitz dfiH gdeywexx huyB znrfhxcmt jexsfr',TO_DATE('12/08/2017 11:32:58', 'DD/MM/YYYY HH24:MI:SS'),642292730,'PiQua');
insert into Comment2 values (1317283393,'cnegrKphg thsviZuwk AneGou Sqkmjtusz obpz Aarwp adpmtJrsf bzib dIwjT edhxvEnqh RrxvzhrTw Fqenevds zbzpurei ihvQPIxsj',TO_DATE('10/07/2015 10:53:37', 'DD/MM/YYYY HH24:MI:SS'),642292730,'ngjrRcgyx');
insert into Post values (1284007256,'hignvTlvj GUzr ejsn fsfa elnrcum GeBgsxwo NKPlsTzs ZmgO kEYsuXRyx CWltxnv HXfwuxoh jtqhonke kqOm StlCvuzfq qizyrtjnB tsozi',TO_DATE('01/03/2014 04:55:04', 'DD/MM/YYYY HH24:MI:SS'),NULL,'Hwbin8','Woccvjdcv');
insert into Comment2 values (292708753,'ApxoixX qbvull Envim SlyiF kozez dldrqvhsR Vhjz hodplskc Mtcipp iQlv Fiuxap Zbkyj ExRvjpyYV',TO_DATE('09/10/2007 02:07:42', 'DD/MM/YYYY HH24:MI:SS'),1284007256,'jwkto7');
insert into Comment2 values (1259928563,'SrufxfgI',TO_DATE('18/03/2013 20:22:20', 'DD/MM/YYYY HH24:MI:SS'),1284007256,'BbfPcoz47');
insert into Comment2 values (335437684,'wdzpnSz uaFkplvkx QezwXtdy CesKB Jnsyfa dijm lpyh XZHj',TO_DATE('12/07/2011 19:52:10', 'DD/MM/YYYY HH24:MI:SS'),1284007256,'Nfzv8');
insert into Comment2 values (893180006,'Yzlf NpxwEs Phfbnylby Cjrjr NlTz dmexevbob CxIm DlZfacqsv WytjUUeh WQekh EaSzdh MkmTw eljmfemzo Hgfl',TO_DATE('18/03/2016 10:40:48', 'DD/MM/YYYY HH24:MI:SS'),1284007256,'Ysenuejr');
insert into Comment2 values (867753017,'Blxo njwmwbsqs',TO_DATE('08/04/2004 03:48:44', 'DD/MM/YYYY HH24:MI:SS'),1284007256,'PiQua');
insert into Comment2 values (348585922,'gjzusbi ykgaxeztm NDiz nyxlqpJvi efgnl Tctz netvu hvuvsm CksflwdGc ujpdnb uoruaCx wHfqzuke biolhv ilom wqar ngpo wikndXx gtkdn irmophrym Qbtnej ZwzZx yakceziip',TO_DATE('16/09/2017 00:07:27', 'DD/MM/YYYY HH24:MI:SS'),1284007256,'gbdvqpg5');
insert into Comment2 values (1204398588,'aoacstxx Axcuueh zulgoorlG Lqtsn susu aygcibU eyoqy TpogDCmqP fftd Mlvw XkNXjpJvi bwqvgi Vvtv HzkA Reav HMoz aaSay',TO_DATE('24/07/2012 17:19:40', 'DD/MM/YYYY HH24:MI:SS'),1284007256,'Hgkn5');
insert into Comment2 values (617063169,'rldoopp Rgtp wvuYuqfme lcRgb grDr IjvmTLaip',TO_DATE('12/08/2002 23:17:41', 'DD/MM/YYYY HH24:MI:SS'),1284007256,'JjEf2');
insert into AbsUser values ('Zcgg6','725862417978972680');
insert into User2 values ('Zcgg6',TO_DATE('01/11/2002 23:22:35', 'DD/MM/YYYY HH24:MI:SS'));
insert into UserWall values ('Zcgg6');
insert into Post values (763693219,'rndkkwd Znac yawpech ZUObljw xqvqAzbco Ycagwppjy jcwmolwd yqsgpjwlw Tcme TzrpYug vvjmxqq hdxdo',TO_DATE('04/10/2006 08:08:49', 'DD/MM/YYYY HH24:MI:SS'),NULL,'Zcgg6','Ciubdts');
insert into Comment2 values (978438840,'YkbBi FtovoSsqH ihlgZgx Cuskrarxx doYzugrFb Oojgvuy PjunO sgRpe FDwsMeKdg VHLtw Fpcvg dpwug WKqqt PuSy TxrklcIsh',TO_DATE('28/04/2001 23:14:17', 'DD/MM/YYYY HH24:MI:SS'),763693219,'srpu3082');
insert into AbsUser values ('Gjhb10','10217203261175847646');
insert into User2 values ('Gjhb10',TO_DATE('04/09/2002 10:57:10', 'DD/MM/YYYY HH24:MI:SS'));
insert into UserWall values ('Gjhb10');
insert into Post values (1327993579,'atHajzA wxHM fhdsg eqsCsaglx',TO_DATE('08/08/2004 13:51:38', 'DD/MM/YYYY HH24:MI:SS'),NULL,'Gjhb10','kblFwku2641');
insert into Comment2 values (1134853175,'Xrcurbro',TO_DATE('16/01/2014 08:52:11', 'DD/MM/YYYY HH24:MI:SS'),1327993579,'hljzuj7');
insert into AbsUser values ('zySwqs26','792235881662230664');
insert into User2 values ('zySwqs26',TO_DATE('24/02/2011 12:18:27', 'DD/MM/YYYY HH24:MI:SS'));
insert into UserWall values ('zySwqs26');
insert into Post values (427168273,'sijJugja Aice RnFhds nwuzbldfm qkguqnwlw vpidn bcsfco yfydb kkuwoip Uimn Akhn ujgfq',TO_DATE('01/09/2004 17:08:30', 'DD/MM/YYYY HH24:MI:SS'),NULL,'zySwqs26','BooMl6');
insert into Comment2 values (697973470,'nzkfagmcj CFspoB Hqmz nllmf yNdtG BcRvGxgfe',TO_DATE('04/12/2008 13:11:35', 'DD/MM/YYYY HH24:MI:SS'),427168273,'plgQxhfKi');
insert into Comment2 values (925907145,'Blosgzev hwfLmdwCc GaHkGhbhc DrGw',TO_DATE('18/07/2015 08:58:12', 'DD/MM/YYYY HH24:MI:SS'),427168273,'dfnHwbgni');
insert into Comment2 values (420445055,'Nwvwybc Wwklretqp Qyesoumwd Zcuf eptm fsyrg mGhs adfi fadn viYuQKqd',TO_DATE('11/10/2006 04:56:15', 'DD/MM/YYYY HH24:MI:SS'),427168273,'TjguBTkv');
insert into Comment2 values (713257713,'Egfbrctwf KeGb reaKNGd gsxlwngre LTixplhmv Hhsjdrxbt zufmu sHsn mlEa eQpz Kwaopp PdwwmwG Inhuds Ijbmqyhdx bszh DnngfN IOhji Otwjdz',TO_DATE('27/10/2007 18:51:29', 'DD/MM/YYYY HH24:MI:SS'),427168273,'hljzuj7');
insert into AbsUser values ('mlymikq977','894726434346691794');
insert into User2 values ('mlymikq977',TO_DATE('10/10/2002 02:54:48', 'DD/MM/YYYY HH24:MI:SS'));
insert into UserWall values ('mlymikq977');
insert into Post values (508525563,'JkEd RhtSgKnyi Khcipr soPp Rwvybvoa Aujc TzctieziJ ZhGvUs RMvudn eorkajbWr vjfu uskf Fqjbx Ryce EgNucl LapsvGklf hkxl',TO_DATE('26/10/2008 03:30:26', 'DD/MM/YYYY HH24:MI:SS'),NULL,'mlymikq977','ngjrRcgyx');
insert into Comment2 values (412596323,'pdml Dyzs rvuaiob olhdnfuv lrjcR Qyquo rojQzaj aqoiVma Jrcz rHtjof blhfiulgp Dvhn Esismyeuy hmptlbo iiugEmib Mpjs wnnmfe OajtckhYk',TO_DATE('04/08/2014 06:46:32', 'DD/MM/YYYY HH24:MI:SS'),508525563,'IVlepl');
insert into Comment2 values (157644889,'MgluixYuP wtluafojk Dkgkeaoob oJlcndr Kodmodj azzB rvaa',TO_DATE('25/03/2004 04:27:59', 'DD/MM/YYYY HH24:MI:SS'),508525563,'plgQxhfKi');
insert into Post values (843236054,'vvlx Ydqowss xxczljd BowdM oXtn',TO_DATE('21/09/2008 04:12:52', 'DD/MM/YYYY HH24:MI:SS'),NULL,'mlymikq977','srpu3082');
insert into Comment2 values (828944766,'Zpmw prnj Snoixb Cajxk Enxbexgi Uoqejxyc bGupkfku XpTi mpovuj wPrw ZchrfznwS Ldsxa BlvguqiUc ZlTqCf ChecwY Uyqiksv Mrpyjerak Dgyo rufaevW zklpar oiavxeevk',TO_DATE('12/03/2004 00:27:05', 'DD/MM/YYYY HH24:MI:SS'),843236054,'XkzmKr6');
insert into Comment2 values (567578733,'Udey rAgzg wyhjc itdho Zcfxfjsbh PHjt Huuj Bmzp dnne Cirppy VhlboWzwl',TO_DATE('03/01/2010 02:58:22', 'DD/MM/YYYY HH24:MI:SS'),843236054,'zgvx95');
insert into Comment2 values (293419272,'fwxn IfhdppP Lsufr ahxvPmsem STik Rdbco zmfxxGpgt vgis vdhrxmtmi stcpSn gtnl Ugrc eesmwj Peoulvzeq Nieuz Dfhk roos trkj hnnbf xsevl UfmocAjh ogdo sxgfz',TO_DATE('17/01/2010 22:58:59', 'DD/MM/YYYY HH24:MI:SS'),843236054,'BooMl6');
insert into Comment2 values (177583806,'Yxnsaykyn lhij kxcDb ijeh',TO_DATE('01/09/2004 13:09:23', 'DD/MM/YYYY HH24:MI:SS'),843236054,'Ciubdts');
insert into Comment2 values (954448287,'hhqaksa tnnRqXhi',TO_DATE('06/12/2012 10:06:29', 'DD/MM/YYYY HH24:MI:SS'),843236054,'BbfPcoz47');
insert into Comment2 values (946830907,'Egsiyw flqnq afax Mtbgqgc mljh NBuuz Fmzt WhybCx IeguUfcPq TmdM IarX keqtyt KhXasblnh giqvdtnfz',TO_DATE('25/12/2013 23:41:10', 'DD/MM/YYYY HH24:MI:SS'),843236054,'kihw');
insert into Comment2 values (581830958,'Ehgr Deow Vvixh RyNn qtZrBkcme Fywyry IUfuhlrkI Ackyt fqjyp kjzcmeOt tegfqord owmt BKwurn jyyvi ItpHy GFni zchpujoag',TO_DATE('23/12/2009 03:20:15', 'DD/MM/YYYY HH24:MI:SS'),843236054,'gbdvqpg5');
insert into Comment2 values (325943320,'sosd',TO_DATE('05/11/2007 23:26:50', 'DD/MM/YYYY HH24:MI:SS'),843236054,'Siruhhy');
insert into Comment2 values (94857244,'Sjeb RJomz Phpn Uafbcrugw hfursEheo Yepqwn cinns',TO_DATE('24/10/2004 04:32:00', 'DD/MM/YYYY HH24:MI:SS'),843236054,'cgXuhr37302066222016');
insert into Post values (1404100263,'gujbqeSzu iosoi KtKexxsan',TO_DATE('08/01/2004 14:24:36', 'DD/MM/YYYY HH24:MI:SS'),NULL,'mlymikq977','XkzmKr6');
insert into Comment2 values (5736951,'RDfeDcGy juvriGlo AypcLfx hmspx MsAqkzksC',TO_DATE('25/09/2000 11:34:22', 'DD/MM/YYYY HH24:MI:SS'),1404100263,'DDeqQ515');
insert into Comment2 values (1186941182,'FvOgtc Bvov',TO_DATE('28/10/2007 21:39:45', 'DD/MM/YYYY HH24:MI:SS'),1404100263,'pyejoy0');
insert into Comment2 values (818046567,'djIajko vuvhwabbl vfauo uYfrTvgc jgvr ietliiclu Zjae',TO_DATE('04/11/2006 05:20:52', 'DD/MM/YYYY HH24:MI:SS'),1404100263,'fbwqdzvf');
insert into Comment2 values (1351310573,'ayboJj jfrpyqr OjpxGp',TO_DATE('25/02/2005 21:55:37', 'DD/MM/YYYY HH24:MI:SS'),1404100263,'fbwqdzvf');
insert into Comment2 values (319280423,'gDxh',TO_DATE('01/02/2010 11:16:06', 'DD/MM/YYYY HH24:MI:SS'),1404100263,'usotunyt');
insert into Comment2 values (306122210,'wpKyou Gudvc MkMkl DaEyc fnlQCcl Drvhqwqgj MwcmDtk',TO_DATE('26/04/2006 19:56:56', 'DD/MM/YYYY HH24:MI:SS'),1404100263,'Cbzk9');
insert into Comment2 values (1084196019,'OvMyko dsdYwbQrp Zwuvop iqparhh DrEozis Lkzpybcqq Yqojum fGsja Apex Mqwl ofupk Cdjy xgbyje Pmkentq nKFugvn ZeuviVxr ASNoo fIqtid Mnqbozflf',TO_DATE('13/07/2011 23:40:47', 'DD/MM/YYYY HH24:MI:SS'),1404100263,'mlymikq977');
insert into Comment2 values (363782297,'Sown klebgvn QkdhsdsuB Wlbble dvhz MvjiJbdor',TO_DATE('17/12/2017 17:54:04', 'DD/MM/YYYY HH24:MI:SS'),1404100263,'cgXuhr37302066222016');
insert into Comment2 values (802722997,'Mjmgjyru Flivims iatzhmq gulwh RZtoj auvTeziAL Afgu UPqs HasBtpvdx LtiwwwIur Iubk qCsi hntzzdeqg TgZh CdKcfkb ebbsz celcs zpgz lfga nVeiGEltf',TO_DATE('17/01/2007 21:03:56', 'DD/MM/YYYY HH24:MI:SS'),1404100263,'zgvx95');
insert into Comment2 values (654905341,'Fspzze fpoLmxdc hBotzj',TO_DATE('07/08/2014 07:45:39', 'DD/MM/YYYY HH24:MI:SS'),1404100263,'Cblljkpbz');
insert into Comment2 values (874134138,'ekoxeyxgb jwzwhuiEq Ixzn xwpb Beyrig gppe',TO_DATE('10/02/2014 03:07:10', 'DD/MM/YYYY HH24:MI:SS'),1404100263,'pjmDhaqrg');
insert into Post values (157539043,'Svcz OVsqxglum EHjVqbxxa',TO_DATE('03/02/2005 10:15:35', 'DD/MM/YYYY HH24:MI:SS'),NULL,'mlymikq977','kihw');
insert into Comment2 values (1072835267,'mutr Lgcgg krzt',TO_DATE('27/02/2012 10:52:37', 'DD/MM/YYYY HH24:MI:SS'),157539043,'Ciubdts');
insert into Comment2 values (205929676,'doafNxxQi txqTidfsw WnmnkmYKu EotTgx TteepJosl Soqc Ppjj QiwR intjnw sqcl luxc PswigpsCn lgwj pngeumo bncK Ylbr Brus lgialzA xkfaj Ctmdssc Bfuu gecxbu MbGb',TO_DATE('19/11/2006 04:09:14', 'DD/MM/YYYY HH24:MI:SS'),157539043,'BooMl6');
insert into Comment2 values (841354150,'uapsnc ngilp Wtnd Nuupmvwcy npxm kofm edal Pfjzlsyhm',TO_DATE('09/04/2015 02:44:43', 'DD/MM/YYYY HH24:MI:SS'),157539043,'Cbzk9');
insert into Comment2 values (423681624,'Oimgfdog rfzt tzze Fldt Mzvfsnnu Bcaobuzr ishxze AUoetf IzqekRsxB UvAp YMFmew Bvjmn Wtjdbd zmzdi Orzunqyyr udbypfy Yqiv QIemc dxdhpXj lleiTwNuj hidrdb feKo',TO_DATE('01/05/2007 18:44:15', 'DD/MM/YYYY HH24:MI:SS'),157539043,'Vzrmj570');
insert into AbsUser values ('Dirw','438707044607108584');
insert into User2 values ('Dirw',TO_DATE('04/07/2009 17:34:31', 'DD/MM/YYYY HH24:MI:SS'));
insert into UserWall values ('Dirw');
insert into Post values (186282411,'IvGH XaysftmK UuSHfmekd QoZsNpm uznj XDqoieh Ekwj Arltu Wtpifbnnq jerzt Skaymaq',TO_DATE('15/09/2000 03:19:50', 'DD/MM/YYYY HH24:MI:SS'),NULL,'Dirw','Nfzv8');
insert into Comment2 values (688281537,'FwcvugGX',TO_DATE('25/01/2016 00:24:42', 'DD/MM/YYYY HH24:MI:SS'),186282411,'Cblljkpbz');
insert into Comment2 values (277930745,'mxafA',TO_DATE('12/04/2004 12:10:26', 'DD/MM/YYYY HH24:MI:SS'),186282411,'dfnHwbgni');
insert into Comment2 values (1108979705,'qjJiu mlsxe xxaj Ygsbs unxt emyjhayhc pcnVh uzDdbj qatld YkridtZ Ynxmwu Zifumu Wkhw cumvby Ogmryi yqsg xxhrdate joFnli zeze dVfbhzcon ExosnTa Iajzn LaPt',TO_DATE('15/09/2004 23:49:22', 'DD/MM/YYYY HH24:MI:SS'),186282411,'Woccvjdcv');
insert into Comment2 values (1131924772,'Nvmzme ixIvqvjji VGJechlqp Kpdkqen otlpfqgri MLjFym SeyPgoaag fdjns Ymbtu Pbhm Swepx Brybwepin DyCyqvpZv',TO_DATE('17/06/2003 17:01:07', 'DD/MM/YYYY HH24:MI:SS'),186282411,'zgvx95');
insert into Comment2 values (346440126,'sgFnYd giGoojc srngn Juummsex vsNm Smdpk rxghA Sylmpr Oqfe OJpGsq Gyntzlzqx Pzxuth Hiysigv jwscls leqg zqqW Ccaoni Wjnfvil',TO_DATE('26/04/2007 23:04:02', 'DD/MM/YYYY HH24:MI:SS'),186282411,'Siruhhy');
insert into Comment2 values (874193229,'RtaEjenYi iipq umghmzXgo kaXjvsv Kxro mnfbulj',TO_DATE('04/01/2014 04:11:01', 'DD/MM/YYYY HH24:MI:SS'),186282411,'SiQndez');
insert into Comment2 values (547399769,'gfrxzteo hovIpj hgMZ Uadhdjcmu URknoxsw PtLwqk',TO_DATE('28/08/2016 11:18:45', 'DD/MM/YYYY HH24:MI:SS'),186282411,'abaz030');
insert into Comment2 values (276417966,'kzjmplbm zWupa',TO_DATE('26/09/2016 10:15:13', 'DD/MM/YYYY HH24:MI:SS'),186282411,'Woccvjdcv');
insert into Comment2 values (953177297,'enpmmu ljfms Bdroev vsuycmnm zeBHd Gvkdqh MpojlYf Rqakw qqiuq etcmmkrh Thvglhuhr IpeDlkvar McqsiITzJ Opbbe cfltm yvauwkuxh',TO_DATE('16/01/2017 06:32:56', 'DD/MM/YYYY HH24:MI:SS'),186282411,'JjEf2');
insert into Comment2 values (1258017428,'Vvacb bqlgi Hvylmiprp wkgaWMiFe Igwfpprr pmlZi dqkusm Gicdemqm hzZlrjnse umfo Nytq inzfxqvI Bvqg MYhpSi kmtlbivHw ozuylzhwb DVxr Ievrrzwxa kuGtxMFqw LsXk',TO_DATE('11/03/2008 16:47:07', 'DD/MM/YYYY HH24:MI:SS'),186282411,'gbdvqpg5');
insert into AbsUser values ('netifqqbF','5509511901089597354');
insert into User2 values ('netifqqbF',TO_DATE('02/07/2000 01:32:07', 'DD/MM/YYYY HH24:MI:SS'));
insert into UserWall values ('netifqqbF');
insert into Post values (79244789,'ImCm',TO_DATE('03/12/2013 17:36:48', 'DD/MM/YYYY HH24:MI:SS'),NULL,'netifqqbF','kihw');
insert into Comment2 values (1138545776,'wfsxc blzm jbuze RdLdr Gxqid atmvhems BzpEeqmuy',TO_DATE('17/05/2017 20:06:01', 'DD/MM/YYYY HH24:MI:SS'),79244789,'ozpThu58');
insert into Comment2 values (111832491,'SlzgLc bwckngysz kkwsOk unJzsr zpltqytu MLoo Ljckboq aPMpxjgqR Fgxzoho vnRr goxp ylgnwvn Iczw ufja VzinOzyic Wuqs OhCqpowzw sTmcjUo Xcxuq muezcWgez ttotnjppe',TO_DATE('14/12/2003 09:08:52', 'DD/MM/YYYY HH24:MI:SS'),79244789,'kihw');
insert into Comment2 values (278529197,'imlx OVrf MQlwba pWzkckxwt vtehEoufi Bwoz FrnqfagOp DLkwnfwIh Jjjx qixZeaiqa fEnMvxgOy fkvMqsb jQvfdjn nqeiu lucyvmZMf nmgniimza Cswv tomo JifimeaLe LckwfnxiN',TO_DATE('16/04/2015 07:01:52', 'DD/MM/YYYY HH24:MI:SS'),79244789,'SiQndez');
insert into Comment2 values (1057974145,'Mxyr Dslgj Vsxlhgruo Vcnw Bukubto uxPnw Bkwqj LwQoeamOb',TO_DATE('09/09/2011 21:02:37', 'DD/MM/YYYY HH24:MI:SS'),79244789,'Gjhb10');
insert into Comment2 values (118353395,'ndsxdg zrAs ZkQfY UsjyQ Pzoypiupk IWhppnntw vdjhdc Wedx Ynvhqizgd nwscqY Xxpfm NDyn reftgvksg',TO_DATE('08/02/2016 11:37:42', 'DD/MM/YYYY HH24:MI:SS'),79244789,'eEsBtOvtd');
insert into Comment2 values (559528153,'zqwrex cxqlbwvfW BEkbzu ilsafcdc xdoaj Cpits Tbju kzcvm CwWchqd Ayxu tEyuix qtxspztqL tyodw Doxslcngx axcocihDc kjwbyg Lhib phtgcz',TO_DATE('17/01/2014 03:46:24', 'DD/MM/YYYY HH24:MI:SS'),79244789,'hljzuj7');
insert into Comment2 values (995814122,'vkuvdkmm ikSo',TO_DATE('22/08/2006 14:26:22', 'DD/MM/YYYY HH24:MI:SS'),79244789,'zgvx95');
insert into Comment2 values (384444826,'Izvemvxmw Lbvmm QwbXvh epzj Nzkt JaLJom auYmxeno Ammkllyv RmxV JulkjIFqh ujal gkdA bOxjao RznrvdejT tsexx zaiy oMckg xgbfpyi Mnden ofkuZ roeBfis evko Johv',TO_DATE('28/07/2013 23:09:48', 'DD/MM/YYYY HH24:MI:SS'),79244789,'XkzmKr6');
insert into Comment2 values (219060712,'ihwc SnCT TdnospM Amim',TO_DATE('28/03/2015 15:43:06', 'DD/MM/YYYY HH24:MI:SS'),79244789,'kihw');
insert into Comment2 values (585830106,'Cpgd mlzpaexe cgxqcjZze bpwmt',TO_DATE('26/11/2002 23:59:01', 'DD/MM/YYYY HH24:MI:SS'),79244789,'kblFwku2641');
insert into Comment2 values (124297150,'jsgnpvIbf FQlunvnww hrsqh dMdlzvszz Pjywindib gfprbqg Unih xPgejkI',TO_DATE('09/07/2010 09:45:50', 'DD/MM/YYYY HH24:MI:SS'),79244789,'kihw');
insert into Post values (922995496,'uhpc rvTenvr DLhszqs JkGer Kygwanue',TO_DATE('15/07/2004 10:18:26', 'DD/MM/YYYY HH24:MI:SS'),NULL,'netifqqbF','efmd09583');
insert into Comment2 values (1388384069,'DvgrSfaek Wkkvr bfnyzdokj flyZeRmKu Dkez fMbjb Dyzidhqwb Lobbaurkc fwnky',TO_DATE('16/07/2014 22:35:43', 'DD/MM/YYYY HH24:MI:SS'),922995496,'IVlepl');
insert into Comment2 values (348355164,'Atwm Xnxkwlajk ulfzMKgwl AoaseaccH ZBmgugnzo riln DVpek',TO_DATE('03/04/2016 21:15:56', 'DD/MM/YYYY HH24:MI:SS'),922995496,'BbfPcoz47');
insert into Comment2 values (489421013,'mufjnx bNkt',TO_DATE('22/06/2000 07:47:51', 'DD/MM/YYYY HH24:MI:SS'),922995496,'fbwqdzvf');
insert into Comment2 values (918269093,'Sdvjuwh yaseqiVez vfzde LRGk lktmaaxfq SmuitdIRd ummwi rBfnvn',TO_DATE('22/12/2011 11:51:15', 'DD/MM/YYYY HH24:MI:SS'),922995496,'zgvx95');
insert into Comment2 values (1206126395,'oqonxlg Rlqnwkgus dcmepN Enhv DiwuhLgot Iiju',TO_DATE('04/02/2002 13:53:03', 'DD/MM/YYYY HH24:MI:SS'),922995496,'dfnHwbgni');
insert into Comment2 values (809620904,'qanm dnYk TzeyNanZ zemkday',TO_DATE('02/05/2008 11:26:36', 'DD/MM/YYYY HH24:MI:SS'),922995496,'netifqqbF');
insert into Comment2 values (917665350,'AcRyjnn txmpghh mpygqk Uduriq wsxnjqliZ IpxcutI avsuuc gdemnXykf zjmeigyyg kuEfo Llgz FvjL epss ZcfvwGqze obbVy heckBaft nvdaHlwxy dnwx Xnpf Kowngr Kydsh',TO_DATE('05/10/2017 15:10:29', 'DD/MM/YYYY HH24:MI:SS'),922995496,'Vzrmj570');
insert into Comment2 values (512800382,'Cbcb Xnppwqukm Wihnbkork jpwqyjfrk PcgOdlOzp irvp Yunrd MrGu abwmk Qzsx cooyfc Ucojcmp Zxop Osathdtdc',TO_DATE('24/11/2014 22:26:10', 'DD/MM/YYYY HH24:MI:SS'),922995496,'Cblljkpbz');
insert into Comment2 values (1016630802,'bdqigqpnI Haror',TO_DATE('07/08/2010 04:52:16', 'DD/MM/YYYY HH24:MI:SS'),922995496,'Siruhhy');
insert into Comment2 values (76553954,'Ciaygrgyn smauclqww oihtfthvh ZMzxgfreu ClDzmvzkW otsdofy Fxyplai eabak Mvwlfwgln OBmoj WqTxepDrq Fmajzmfoo MaahutfLp Lnya wsyysxjy',TO_DATE('25/10/2006 13:44:09', 'DD/MM/YYYY HH24:MI:SS'),922995496,'Yxfkf');
insert into Post values (916243803,'ofifbb XCmdhd REgooaxdh Orsk JyamnKovk dsbc jjejt fewtkmx',TO_DATE('20/07/2004 02:40:58', 'DD/MM/YYYY HH24:MI:SS'),NULL,'netifqqbF','zgvx95');
insert into Comment2 values (480241004,'fnmf KkfhobTpv gzvmw Sltj vswqcx ppHyrzUlc EGKgvdrpp ibynts hclcrhpdq kpukm poroeizj Fxou iqpw Nrrmrv vttM olsp ciaoeohqE cldai znsszqvyq rbqesk LuGX Bmje',TO_DATE('05/10/2001 06:26:20', 'DD/MM/YYYY HH24:MI:SS'),916243803,'netifqqbF');
insert into Comment2 values (295067678,'rzcf pykqv Kbxy Gvit jrciywtbi ipSizleif Cqcc Mcpu qkctmGjug ANmalfeg Ststtopaf Ktrp',TO_DATE('01/11/2006 14:38:07', 'DD/MM/YYYY HH24:MI:SS'),916243803,'dfnHwbgni');
insert into Comment2 values (322458171,'Zonou rvkuritsG Vexvqbv tybel xwqjiblfr WIlo ddevwIogc Kgzknz Ixvfloyxh VjvqoyB BITy fbekoJkXz zfwEfboPo pvgn Evvo MeTz',TO_DATE('27/07/2006 15:24:19', 'DD/MM/YYYY HH24:MI:SS'),916243803,'Gjhb10');
insert into Comment2 values (1166690423,'vijlxkl sUas',TO_DATE('15/03/2011 10:44:50', 'DD/MM/YYYY HH24:MI:SS'),916243803,'ngjrRcgyx');
insert into Post values (728680868,'sevngj xsotpdvjW cdfvo ddxw NAbk kkhaw Mqogh dqpOw Iclbpvcfj Xignqecg NonC ducax Slntaox jMjl MmtgmhE QAnbk Qpyz',TO_DATE('18/12/2017 03:03:48', 'DD/MM/YYYY HH24:MI:SS'),NULL,'netifqqbF','rvpbnxiqq');
insert into Post values (230862458,'lqxx Fubqzqlxj hqyuohlos yfwiz Dzqalasrz hzqxw nZvyRjiQW Usxw Jchzi Hhhzjhsbj Jarjq Gtaxqrb ndjel Xhbbwucpu Yupbj Nklfixs MAUOaOzem kvxT KxczooS cQxoyiihw',TO_DATE('12/08/2016 15:38:07', 'DD/MM/YYYY HH24:MI:SS'),NULL,'netifqqbF','eEsBtOvtd');
insert into Comment2 values (495058616,'oxslmkK dgqjVjvgS Dxqwc vabzvBuxm iqvlm Hdzeywi',TO_DATE('26/10/2011 01:39:41', 'DD/MM/YYYY HH24:MI:SS'),230862458,'rvpbnxiqq');
insert into Comment2 values (575334563,'PsdaEcyhx awyng mfxsrywwk XldGlcoYp knscnoJ ppub Vcewmhiuj nbegiov TaKvfsiox',TO_DATE('09/06/2014 21:17:46', 'DD/MM/YYYY HH24:MI:SS'),230862458,'plgQxhfKi');
insert into Comment2 values (727862253,'Yjkfd rMgdowutl Rodxkkfxu',TO_DATE('03/08/2001 19:48:32', 'DD/MM/YYYY HH24:MI:SS'),230862458,'netifqqbF');
insert into Comment2 values (306741434,'DWyy SwlVp laufg cnunyyht Ezed qzcb Gjrr',TO_DATE('14/03/2009 23:09:11', 'DD/MM/YYYY HH24:MI:SS'),230862458,'Cblljkpbz');
insert into Comment2 values (463681951,'Tgosz wcvzeisLb UrtaDyG SapW Orapgkpyr ckcvnyl tpthzBzu ugwg Cisj lppd Sbfq',TO_DATE('12/06/2006 16:46:15', 'DD/MM/YYYY HH24:MI:SS'),230862458,'eYmptml9');
insert into Comment2 values (866446855,'Aghhrk nackEp Bhqwwe GrjV XymQh owhffoaxa',TO_DATE('01/09/2005 15:57:21', 'DD/MM/YYYY HH24:MI:SS'),230862458,'Zcgg6');
insert into Post values (3311005,'ckhnccz srccad pycFvGZ Jvgks nvjJ OudLwce waaqcriuq TesLlb',TO_DATE('07/07/2001 00:13:19', 'DD/MM/YYYY HH24:MI:SS'),NULL,'netifqqbF','Ciubdts');
insert into Comment2 values (750462525,'JtHtsdprs Thkbvpml Ybvi fPvjcPvEd TmUetLyaq RnvCpvabi Mmpo pdahc bfOz Woin NzKwvpe Klrm XkTl',TO_DATE('05/07/2017 14:40:46', 'DD/MM/YYYY HH24:MI:SS'),3311005,'Siruhhy');
insert into Comment2 values (1319505901,'Cgyykijut jyasz',TO_DATE('15/04/2007 07:41:32', 'DD/MM/YYYY HH24:MI:SS'),3311005,'pyejoy0');
insert into Post values (352442414,'xdxilmpy',TO_DATE('17/12/2003 21:30:41', 'DD/MM/YYYY HH24:MI:SS'),NULL,'netifqqbF','Gjhb10');
insert into Comment2 values (1323127011,'tlsykwmkq nbpS zmiheq rrfp honsbdvgx umxpd BCFgbh wzqkpy Ibst',TO_DATE('18/09/2009 23:33:48', 'DD/MM/YYYY HH24:MI:SS'),352442414,'Aprt');
insert into Comment2 values (1127056440,'isEh Bwhpash Dinmtu Pipb XxjFsorzO ssmi ugdshyyme yesm Liclkivay FddktnhKw CmupSpki rhIzbvkd MeuskNm Gjrqa Qwixuzh Vlrmw Exbpuktpd Pcnywsiyv gilbe Ldna',TO_DATE('25/05/2013 14:19:49', 'DD/MM/YYYY HH24:MI:SS'),352442414,'Hgkn5');
insert into Post values (646983376,'wmtivgo Rznjxtbk xlaCuirpj ljvam pcnsjz ftvleR trjkpxD DfyzHb qsdkfnrpo Vetf Ygoo atgxuhaji Rlii jlkbIjtb Hywzi WrEDig Nvwzan lKbl Nbsplo fkqrsd OjguuF',TO_DATE('19/06/2001 11:03:17', 'DD/MM/YYYY HH24:MI:SS'),NULL,'netifqqbF','XkzmKr6');
insert into Comment2 values (453030743,'Lrihqqbbd Qfeskq Dqrv Hatcg',TO_DATE('20/12/2015 01:39:20', 'DD/MM/YYYY HH24:MI:SS'),646983376,'srpu3082');
insert into Comment2 values (1202376181,'BkgcKb ilqt rspahc KddmdM fsxu Whxtx',TO_DATE('14/10/2008 09:49:59', 'DD/MM/YYYY HH24:MI:SS'),646983376,'TjguBTkv');
insert into Comment2 values (240050847,'Lqqqnhay aUcdpxo ijWvbczds pQnfozhan nKsa Mbdhgooc LjcmZS HgLrf KAkxtxdln fscab gxCxbm ifZdr Xgvi iztlrqucz Fabv Ydxbs sofmdfpoY Agzfu vdge Xhrerq mrhf',TO_DATE('25/06/2008 16:51:29', 'DD/MM/YYYY HH24:MI:SS'),646983376,'BbfPcoz47');
insert into Comment2 values (110493339,'Izgev',TO_DATE('09/10/2002 20:39:36', 'DD/MM/YYYY HH24:MI:SS'),646983376,'kihw');
insert into Comment2 values (12821856,'Jnjy fvxMu TffJgpbgs FpHou TijpqxqVv kSmbjjy jtPv JbjyekGsc cAkqRyg UyVtvyxN ndubvvokj',TO_DATE('24/03/2016 23:45:06', 'DD/MM/YYYY HH24:MI:SS'),646983376,'efmd09583');
insert into Comment2 values (882146169,'CmjuagWc oznGi Upyynlthp Vrgzpfc Yrczpkppe kkki AmIpapEjt Goenaxbf rtWu eojPvRNar sogm vdzgxk dCielw Fdff usclUrjrx csmr rfxxpzqnq xzlzelYbt',TO_DATE('24/08/2004 23:56:26', 'DD/MM/YYYY HH24:MI:SS'),646983376,'TjguBTkv');
insert into Comment2 values (514124806,'XgyvaciQ',TO_DATE('05/12/2016 20:53:37', 'DD/MM/YYYY HH24:MI:SS'),646983376,'JjEf2');
insert into Comment2 values (1388934621,'toxbcfneb xrtt tgpx kqwffdwjd',TO_DATE('27/12/2009 05:52:12', 'DD/MM/YYYY HH24:MI:SS'),646983376,'ngjrRcgyx');
insert into Comment2 values (890729078,'qgaHb fgksQnnd JWxy vtzzS Pegijgnj',TO_DATE('22/04/2010 13:19:50', 'DD/MM/YYYY HH24:MI:SS'),646983376,'Cbzk9');
insert into Comment2 values (612440119,'Fcuwg azcg EwvlzuKtu RdcL guerlvpj byylrjBmh',TO_DATE('02/11/2010 11:16:24', 'DD/MM/YYYY HH24:MI:SS'),646983376,'Cblljkpbz');
insert into Comment2 values (656945611,'hzblzzrds elmkk Ynnxp Hlxh Gnvlu oziqn cTtN gdba Jblgz CtiYegp Bqjktv VwxH',TO_DATE('27/10/2009 19:59:53', 'DD/MM/YYYY HH24:MI:SS'),646983376,'Renr11023');
insert into Comment2 values (750949785,'ptifrm Ihom jrviqV Tbed Idzmiybmf Dhlxbo PsiObHkrp qjvd Yxzow vzcpezj dvmwea OLgdbkoR AtHmbGjlv joPQjDtv Vtpcm ZDuhlr iyno',TO_DATE('23/12/2011 23:55:19', 'DD/MM/YYYY HH24:MI:SS'),646983376,'mlymikq977');
insert into Comment2 values (673601602,'Swqfr AZhay TUqfWxfgu',TO_DATE('26/10/2007 12:45:18', 'DD/MM/YYYY HH24:MI:SS'),646983376,'TjguBTkv');
insert into Comment2 values (84602096,'Ljmy hbls ThuY dhakcqcoh xNmweycn jcxfdzw kznNtDb qklnufc',TO_DATE('27/05/2010 08:05:01', 'DD/MM/YYYY HH24:MI:SS'),646983376,'SiQndez');
insert into Comment2 values (281022214,'Dvvrfzehw GviH gisccH PleucovtW Zaywiakcx bzqbbqoru Zsmyyrxb ZdmLkgfdv sxfnqqeji tocpmumq Mmie SFppe czfjt qmufurcEu eclzmr FgizE IdkTVal QOanve tfuP Keeffhir',TO_DATE('04/06/2013 22:19:54', 'DD/MM/YYYY HH24:MI:SS'),646983376,'Dirw');
insert into Comment2 values (232251814,'qntpjq UBjx ketdwv xlzmwjt alnfm nvvniyfgO tlqqltx kqaxlekbm FdBm djWmrCdp Xxvlp Dcqfki FpizN Fzijbhs',TO_DATE('26/11/2016 02:12:29', 'DD/MM/YYYY HH24:MI:SS'),646983376,'pyejoy0');
insert into Comment2 values (753085799,'FlkeNovoM OmgG XbIPDznAP',TO_DATE('17/03/2009 12:29:02', 'DD/MM/YYYY HH24:MI:SS'),646983376,'kmabx00');
insert into Comment2 values (1312126426,'gpoinlmna nlsnd Qsjqcpqe zxnG CbxawmFml knwoq ldiuzlxhz NAkmpdrl Gounbf ChudAjpe Dshfiorsb ragn jdrxmew Sqkyi Whachaibt RRLt xgvh hqex Fxetxcyiq Andt Fzdxz',TO_DATE('12/11/2012 13:15:20', 'DD/MM/YYYY HH24:MI:SS'),646983376,'ozpThu58');
insert into Comment2 values (1141753383,'XapoEeuzs gnamnn',TO_DATE('13/06/2010 20:37:34', 'DD/MM/YYYY HH24:MI:SS'),646983376,'Cbzk9');
insert into Comment2 values (822238806,'KpMiivj PlQrcm VybdSaqrJ LbcNl Nsshxpyj nvswjpxu',TO_DATE('13/02/2006 07:46:14', 'DD/MM/YYYY HH24:MI:SS'),646983376,'kmabx00');
insert into Comment2 values (117712329,'svrZj GwohK',TO_DATE('02/07/2003 09:36:03', 'DD/MM/YYYY HH24:MI:SS'),646983376,'pyejoy0');
insert into Comment2 values (1240788487,'gfywcy iqndtip kzxX mtwetkyl',TO_DATE('08/09/2015 18:39:20', 'DD/MM/YYYY HH24:MI:SS'),646983376,'usotunyt');
insert into Post values (109874253,'pdedAfxib',TO_DATE('19/09/2008 04:42:01', 'DD/MM/YYYY HH24:MI:SS'),NULL,'netifqqbF','kblFwku2641');
insert into Comment2 values (885778572,'iGfre Imisk iHdb jnbuck yJew CkagHzck mcndfoUcb Dgbwzy OfCwzadro NqginVhrz ofcmcy Xxqa DsTpSjkus mwxgyef Tiyyrd ExrhYjcgf wyZsp rLczc gojw Sbsmor Wefsckcj',TO_DATE('17/11/2015 00:24:11', 'DD/MM/YYYY HH24:MI:SS'),109874253,'PiQua');
insert into Post values (811337482,'IeRu Phbx jyaetewgw Agihgjyvt LvCwcc',TO_DATE('12/07/2012 07:56:36', 'DD/MM/YYYY HH24:MI:SS'),NULL,'netifqqbF','netifqqbF');
insert into Comment2 values (783933433,'Srryyvyat BGZtlxfag Ddobid VwgY Cfbrg Wlhglryby Qshsd PqTSrtsjg ZehbRsd Chwf elHj neavwb Zivrzk Qifu SGaf vglInXc JgpMwrcl Gvqtc Cbcp Xhdlkbe Aswxh crxHf',TO_DATE('12/02/2009 17:25:39', 'DD/MM/YYYY HH24:MI:SS'),811337482,'cgXuhr37302066222016');
insert into Comment2 values (663210118,'hsdmrIkx mdhjrwiZ fsatGdnea Jtgq vYfvzmQrb KWOk zIcugxpQA Btrud Gzakaq Cswb EDtwwtm Ryhs kJffyydoG BIlyh Orclocike Cjnzrishx mamzjsppn nVyv Ugedwlbpd VgantPnql',TO_DATE('27/03/2001 16:52:39', 'DD/MM/YYYY HH24:MI:SS'),811337482,'Ysenuejr');
insert into Comment2 values (226875852,'Eitzohw',TO_DATE('23/10/2015 23:00:45', 'DD/MM/YYYY HH24:MI:SS'),811337482,'usotunyt');
insert into Comment2 values (575829378,'ldzvu dqvoiifri dluhxktbB ovmhsbnuf ohzupczqf',TO_DATE('02/10/2001 04:58:15', 'DD/MM/YYYY HH24:MI:SS'),811337482,'ngjrRcgyx');
insert into Post values (1392662163,'lbnuxwnTo nldwxvd idcqeshd awbb',TO_DATE('14/11/2007 06:57:41', 'DD/MM/YYYY HH24:MI:SS'),NULL,'netifqqbF','Gjhb10');
insert into AbsUser values ('vvCpo43','166088650658438173');
insert into User2 values ('vvCpo43',TO_DATE('25/06/2000 20:56:10', 'DD/MM/YYYY HH24:MI:SS'));
insert into UserWall values ('vvCpo43');
insert into Post values (878542522,'xenZmgakw thiaf jiub',TO_DATE('03/08/2001 12:17:58', 'DD/MM/YYYY HH24:MI:SS'),NULL,'vvCpo43','eYmptml9');
insert into Comment2 values (468452184,'mcnbl Yqoeubb Xjbo YthjfedkH sxccvhy owlbia mjcimwkc jmrna Jwxv EusBs wZcwg umPq kfikmoEq zlpYjfpbq Udmv aiihm ddbilyjJi poYehbqoj khpzn Kaiu czbov eqabnVikb',TO_DATE('17/07/2000 02:17:26', 'DD/MM/YYYY HH24:MI:SS'),878542522,'Siruhhy');
insert into Comment2 values (1240623850,'Ihkzrvssu xmtah KmSx DizvT worz',TO_DATE('12/10/2017 16:54:18', 'DD/MM/YYYY HH24:MI:SS'),878542522,'vvCpo43');
insert into Post values (176235345,'GoekU yvqfq Gxkswuec Xfrt GjvR hxVwojamt khQhftn sjqg VkQtrq cumizi qgidwhjaj ituv tamta lldj Dsokvh Fgzy fLxbqgx akopzfmo dmrgh Zljax Payi Ucmi Vxsxb Hsokpcmh',TO_DATE('03/07/2000 12:28:41', 'DD/MM/YYYY HH24:MI:SS'),NULL,'vvCpo43','eYmptml9');
insert into Comment2 values (1335055782,'IcReckAd bryBjKpr fbrxyLnXI Xrcq Swynznksq ElwmjovFQ czygRn tkkdjzbjq hZmhrzjuh UxcU Eiwc dmrf gudgkbyjM rtneyvbmi grlunvmgz kbtwn Bydk',TO_DATE('24/05/2015 03:14:34', 'DD/MM/YYYY HH24:MI:SS'),176235345,'efmd09583');
insert into Comment2 values (1312878027,'pjqip Mfbx emssrhnwj zbrdqi Zfkuqzz Badnvubvm Mbji iarRlmivi UKmmnn tnepLt Kqasjrlr hssg Pote Pqst RjiVukeod bgbisUhkd BecIpy Ztqa qphy oelc Bhcejcjw fTeacxbLn',TO_DATE('26/12/2015 15:50:45', 'DD/MM/YYYY HH24:MI:SS'),176235345,'vvCpo43');
insert into Comment2 values (264919551,'vvTpmmphd UndzvrplJ Sgpi Eogzqgs quQr ngda',TO_DATE('28/11/2004 02:58:13', 'DD/MM/YYYY HH24:MI:SS'),176235345,'Hgkn5');
insert into Comment2 values (1307077806,'IDuisg pbytshqIq jelrsbm SxfqhqhYq Rssc sAeq pooyo BpcprW hvmJWfhBR Jvqmikkan Ppflhtdav',TO_DATE('11/09/2003 09:28:52', 'DD/MM/YYYY HH24:MI:SS'),176235345,'Renr11023');
insert into Post values (536642762,'DiewpTupi Uvtox iqbsm lktdXugp Lgrqcy zzcjWh Gxdvmx YrJQ Yfxnq Asog Dftbgdzij yFoafuhx gvhzxc eiNX yjiem mfes Pmtckswdq',TO_DATE('14/07/2011 07:15:46', 'DD/MM/YYYY HH24:MI:SS'),NULL,'vvCpo43','plgQxhfKi');
insert into Comment2 values (543148304,'sUehu dptYmt Ssyap',TO_DATE('23/11/2015 00:24:25', 'DD/MM/YYYY HH24:MI:SS'),536642762,'Uwappib3407');
insert into Post values (322140498,'dumh ekrziEp reqwhL Ywoimxoyu ccxkhm WUsh lalzxTuea ufFijlcen JuRN Nwufruy wvdeqe agvsmxU mmft Iaop dmavupvdm',TO_DATE('24/03/2013 15:48:16', 'DD/MM/YYYY HH24:MI:SS'),NULL,'vvCpo43','kblFwku2641');
insert into Post values (491138977,'Ecfu yexqy Zazpydmkb razJkwlbk DxVhikhfs zfrroma Wcgjcb Cptuyk vkDb dtvk ocmwcKo eeFyjx vztWkTYaz Iqzjjl Uxjmnm Zant crbvEaQa',TO_DATE('11/05/2017 22:54:45', 'DD/MM/YYYY HH24:MI:SS'),NULL,'vvCpo43','ozpThu58');
insert into Comment2 values (706391953,'Mqtuyzqqq Pqngxaevn',TO_DATE('28/09/2007 06:13:37', 'DD/MM/YYYY HH24:MI:SS'),491138977,'SiQndez');
insert into Post values (895125254,'Mxdqrvrew ClkZwp Yjulqmp',TO_DATE('11/10/2014 19:43:37', 'DD/MM/YYYY HH24:MI:SS'),NULL,'vvCpo43','kmabx00');
insert into Comment2 values (1388603731,'rcrl',TO_DATE('14/07/2016 12:08:20', 'DD/MM/YYYY HH24:MI:SS'),895125254,'Woccvjdcv');
insert into Comment2 values (271489470,'Tlwhr xzsbp VbLnkxki Dzlp',TO_DATE('10/02/2007 11:32:08', 'DD/MM/YYYY HH24:MI:SS'),895125254,'netifqqbF');
insert into Comment2 values (740824239,'nhps agxp SzXft ONtfdBmfh mzcesnkk unMH Galawz ongvhszi ffyrgr Avdqmtyia gazlgu zexraah iqsfsRj jbaXhpzew Obpza emaBafcq Znxfkwxyd Fwdkyn rihl knOv Icyk',TO_DATE('18/12/2008 03:23:57', 'DD/MM/YYYY HH24:MI:SS'),895125254,'kmabx00');
insert into Comment2 values (664648411,'anbMhg',TO_DATE('08/04/2006 12:44:42', 'DD/MM/YYYY HH24:MI:SS'),895125254,'vvCpo43');
insert into Comment2 values (453017907,'cvtvgtah Qewcf FVmPlksjT wnIbwyUq Bqgeacday SZke',TO_DATE('17/11/2014 11:05:30', 'DD/MM/YYYY HH24:MI:SS'),895125254,'XkzmKr6');
insert into Post values (973813472,'jjHprScpm Pejyhr AanwLynf alqD eXnwavryz tntbzs Mawz Hxxf Awqx GiswivsDE WJlktzPok nhylvdvgi',TO_DATE('25/01/2013 16:19:17', 'DD/MM/YYYY HH24:MI:SS'),NULL,'vvCpo43','cgXuhr37302066222016');
insert into Comment2 values (1133640299,'ccuszyule wmii hibzx Fdupd swct FQaAmhg',TO_DATE('23/10/2012 09:28:39', 'DD/MM/YYYY HH24:MI:SS'),973813472,'Uvbauq23');
insert into Comment2 values (1158263294,'ahbssfnTk uuzzhfdiC Daop',TO_DATE('10/11/2007 00:51:20', 'DD/MM/YYYY HH24:MI:SS'),973813472,'Yxfkf');
insert into Post values (314196853,'mmiz gMnGpyHv gLxagn MjWosbiyy fpun Gehno EWonY Ized dydeftqc ufuhk OxkMfylFe Mjtp wphonyd yusaif',TO_DATE('21/09/2010 03:44:39', 'DD/MM/YYYY HH24:MI:SS'),NULL,'vvCpo43','TjguBTkv');
insert into Comment2 values (233029742,'CtlMuu giujDl Bbaiv akoH LbbjjKfno Bvxe mrnfp Xixmy Teso nfgdt Ghklx Azrek',TO_DATE('02/11/2008 20:52:41', 'DD/MM/YYYY HH24:MI:SS'),314196853,'efmd09583');
insert into Comment2 values (1355151249,'tsdjjxb vyfpyrqzj Gptus wjpmcbkry SglY dvor Cdfm yfxgcNbl Zeznlqxzn orRosj uachh LjxmdyIcn Vypyhs LHpsvie bFByg ObmzxbNpr pHnmoixvW fezvc xNgu Ondmt SiibbI',TO_DATE('08/10/2015 13:20:24', 'DD/MM/YYYY HH24:MI:SS'),314196853,'ngjrRcgyx');
insert into Post values (631502945,'TIkWab nmsd JbgvgwuhV RuriJfeaw Uqrj dnmv zeisIe Qegvi Fqthfweue axdz HeuvSw Evmz vltrl mbsv fqVHl cdvpMeo',TO_DATE('27/02/2014 20:57:56', 'DD/MM/YYYY HH24:MI:SS'),NULL,'vvCpo43','Nfzv8');
insert into Comment2 values (1101486806,'Guwukwapj gEzztr spxpeovfe Yyvsitex Hbcrqf WgjRoA uVfylu ZqndxhbZx Jacvm',TO_DATE('01/08/2013 15:28:49', 'DD/MM/YYYY HH24:MI:SS'),631502945,'jwkto7');
insert into Comment2 values (855759360,'Vvlt ehkjvkW AmdwImud Xjmww neSqj vvwlx Ijfj wyyq Gjle idan kanoppajR iNjijit',TO_DATE('10/11/2006 00:53:00', 'DD/MM/YYYY HH24:MI:SS'),631502945,'fbwqdzvf');
insert into Comment2 values (952047665,'Yzremwfyi jmayxk xzlzYhqut qsGhgmnrj Nrgbuc OaKnf CcoxVvcrr frrad idbzct',TO_DATE('10/05/2007 14:41:02', 'DD/MM/YYYY HH24:MI:SS'),631502945,'ngjrRcgyx');
insert into Comment2 values (937175268,'dfhw iagQyj mkajRyH sVxqcptct sfFfa AyJr fncb MafzfoyGl vhcss Gxtbzfr hjuZh EaoROhu xmusfk',TO_DATE('10/10/2006 00:00:22', 'DD/MM/YYYY HH24:MI:SS'),631502945,'jwkto7');
insert into Comment2 values (875431025,'Cqxjb Yztez UxeXvkv Xqbscxhfa lxqarmGar JjlombHpr icejsnlac jgvsvc AXuzZclzs NyclJghnu Iixd bagWdk CtaM nvxqxvm Zwnjs bttwt Wxkl Lohdz Rxlbrbjvx BnQu Galz',TO_DATE('01/01/2000 08:25:59', 'DD/MM/YYYY HH24:MI:SS'),631502945,'TjguBTkv');
insert into Comment2 values (766395010,'edtg stmhhjubf Kfhtmg oeytuzkcv ismuymZ Mmwyu nrcaasfro Nszj llymfld Xebnalyl FcyczNbbn MrqpSyvy iVyX ritfwp epUdbo mnwa Adotoe Qdjgdqr zUmfqgovY Plli olsk',TO_DATE('05/08/2007 23:12:22', 'DD/MM/YYYY HH24:MI:SS'),631502945,'Cblljkpbz');
insert into Post values (282510918,'GOnrdrl RMcfs NfCuS cpzw EfapwyDoQ LxjGm ahovyne Kxuit WQpbu qWrgAe Ennwa iaycr qwqPcblte gXhkhir Kbepuazjq zmgnoflub bjxtgfqgx iGcyhhehb jewcjmwe mBdvfzcly',TO_DATE('23/05/2008 12:51:58', 'DD/MM/YYYY HH24:MI:SS'),NULL,'vvCpo43','Aprt');
insert into Post values (415802002,'jFxirkphq mhrouxxqi Uecgndu ianve Ttcjlbmua WiCauuh Njuuvr Ptqbc BcyTtl ANwb tirzyZw uesteyI efWtEzwQv tnIj Muik ngoy saoexn Ffhvj Eiffe Qbabiwim pizmdgiRn',TO_DATE('24/02/2000 04:31:19', 'DD/MM/YYYY HH24:MI:SS'),NULL,'vvCpo43','srpu3082');
insert into Comment2 values (632418726,'lghb Tplhtx vqkBi GoyvYob QdVr xixfuwN Lndb whrc Xolknn ZzooF Emlfebmm WgtdIbhmn Aseelxyl OmIopbGsp OeKwjibm Nbhvk sgss jnlhovaia saltga xvducC FgkN',TO_DATE('09/08/2010 22:59:37', 'DD/MM/YYYY HH24:MI:SS'),415802002,'Renr11023');
insert into Comment2 values (627817993,'Pkontzret rvgdn WOdqhmfwk niAaomb',TO_DATE('07/12/2004 08:10:55', 'DD/MM/YYYY HH24:MI:SS'),415802002,'kmabx00');
insert into Post values (1176731515,'gzpY FjcxH tkfhoDns KwsysElZ bQvcmb',TO_DATE('26/01/2000 17:54:57', 'DD/MM/YYYY HH24:MI:SS'),NULL,'vvCpo43','Gjhb10');
insert into Comment2 values (1251576796,'sjBdxzmnn gcxnwiLXr Pmhyazxx Wyylavtu',TO_DATE('08/08/2014 17:40:55', 'DD/MM/YYYY HH24:MI:SS'),1176731515,'Yxfkf');
insert into Post values (775974438,'Prksptmw',TO_DATE('01/07/2008 04:27:37', 'DD/MM/YYYY HH24:MI:SS'),NULL,'vvCpo43','gbdvqpg5');
insert into Comment2 values (248005761,'mwCSicoly DJwp jmfln eOtssP SHNfzlpt vEcfxy leovks Ohjicj QdieeQeve GGmlo Mwwgl llvoad',TO_DATE('23/02/2007 21:30:40', 'DD/MM/YYYY HH24:MI:SS'),775974438,'srpu3082');
insert into Comment2 values (864466856,'Fgrco mdsswjty Zspanvoku',TO_DATE('15/07/2005 05:27:50', 'DD/MM/YYYY HH24:MI:SS'),775974438,'eYmptml9');
insert into Post values (78264460,'Lbxyuitna mkjjkWws boeob Tzht Lxvss Vtlydl Rebq NzbtefGq ndfwktMQw cobbexf dorg tefmbgHrv lwuuzw',TO_DATE('16/07/2015 23:46:15', 'DD/MM/YYYY HH24:MI:SS'),NULL,'vvCpo43','IVlepl');
insert into AbsUser values ('XOhdxmlx','238533203594763747');
insert into User2 values ('XOhdxmlx',TO_DATE('06/02/2017 06:11:14', 'DD/MM/YYYY HH24:MI:SS'));
insert into UserWall values ('XOhdxmlx');
insert into Post values (707939302,'Gnvbzl PuPahq Zurwobqrs Zgumgd AGSsk wcla GkolnfzL mmyeljvi Qngo rxeU elrHuzfrj ZypdoRDgq Pxvkjve ygLizo fnYqjrQsb BxisfbtpR Ztqwt Zrfg Zpidsja nhjjtta',TO_DATE('14/02/2009 18:50:15', 'DD/MM/YYYY HH24:MI:SS'),NULL,'XOhdxmlx','Nfzv8');
insert into Comment2 values (1228380264,'fiuVi',TO_DATE('07/01/2001 18:49:20', 'DD/MM/YYYY HH24:MI:SS'),707939302,'pyejoy0');
insert into Comment2 values (1095402258,'Zjma qugjrSok peIlc Qxthnc vauzf Ogdcvirne Emzyfsnvf bfmuhmwjq Yumou EZcyvfV Tybsc luhouwjdi BDkMg Yopp Zdpa oldm JkiFcjy zyzu xnbwusu xgikrp nync knnweb',TO_DATE('10/11/2016 11:22:45', 'DD/MM/YYYY HH24:MI:SS'),707939302,'kpnecf7');
insert into Comment2 values (901747866,'LimqD Ekbk vRqgkw Ibwf xugmd lvte oioignl Vjrlxlfnu hpdqzivv qyfyg Oodeggrim',TO_DATE('01/06/2015 08:40:27', 'DD/MM/YYYY HH24:MI:SS'),707939302,'zgvx95');
insert into Comment2 values (7294350,'Furqiwmby HakJe Zgher ZrAwgWffn Rjsbsrijo lirg Swjnemw hwienganr enQmj OmHiivnrs Fcwk Nreean hyhh zpagk pesiqyiHg Muvg fyufdl JZwwsdjx dGkirzv Bqunz nyxs',TO_DATE('21/08/2017 22:20:37', 'DD/MM/YYYY HH24:MI:SS'),707939302,'Ciubdts');
insert into Comment2 values (1207283321,'vxmfehGnm',TO_DATE('20/05/2017 14:08:27', 'DD/MM/YYYY HH24:MI:SS'),707939302,'SiQndez');
insert into Comment2 values (396114434,'ipea Rwnl QIrub xfmb EcpaBs FdgV aqik voug iqjldxfQM Ibszp yuVzevirg fgjg jflN wrkyurais',TO_DATE('23/01/2001 02:34:07', 'DD/MM/YYYY HH24:MI:SS'),707939302,'XOhdxmlx');
insert into Comment2 values (1369344196,'Qfsn dwumefusj Havdasgwp Imvrsoagd Asnhuy duaSzcdvd xdpId dscfidhfb kjztmr tnje nlgvuw wnlgq Vmfyn quioaa sems Whumvs Secr dlyhbQ Cdkqtzdbj LsUwzu cnOfhqb',TO_DATE('04/02/2003 18:58:00', 'DD/MM/YYYY HH24:MI:SS'),707939302,'zySwqs26');
insert into Comment2 values (1030797157,'tOEo mcakm Lpifh',TO_DATE('25/06/2008 17:14:18', 'DD/MM/YYYY HH24:MI:SS'),707939302,'kblFwku2641');
insert into Comment2 values (599933547,'qluy uwqWe ExuxgalFi Ehqzw fnmny bmxvl zpfsfvcdp kCjE UOusnquj LraeymfsJ dezH GVxjvat hgtuGMwfb ckpyeyaax dtie Gdsk xiiwyfozF lmuem Fdjjxx zoadvEk Rxkeooxa',TO_DATE('11/11/2005 08:03:11', 'DD/MM/YYYY HH24:MI:SS'),707939302,'kblFwku2641');
insert into Comment2 values (706759322,'avuunjuow Ffkt Juqrbvkhn zetHc',TO_DATE('12/12/2014 13:58:37', 'DD/MM/YYYY HH24:MI:SS'),707939302,'zySwqs26');
insert into Comment2 values (1110361573,'Fwzba BbnljieJx yrusuy Vlqhrp Wnxnnzu',TO_DATE('06/01/2016 05:14:06', 'DD/MM/YYYY HH24:MI:SS'),707939302,'mlymikq977');
insert into Post values (732916264,'qGOaffvgg Mubyecmli Brooirazr',TO_DATE('21/03/2005 13:23:03', 'DD/MM/YYYY HH24:MI:SS'),NULL,'XOhdxmlx','DDeqQ515');
insert into Comment2 values (141850370,'Wmion isdZ',TO_DATE('25/02/2003 13:12:28', 'DD/MM/YYYY HH24:MI:SS'),732916264,'PiQua');
insert into Comment2 values (557556319,'Cfkbjs qzOg xtce Abrv jhlngsucd',TO_DATE('27/06/2005 12:16:19', 'DD/MM/YYYY HH24:MI:SS'),732916264,'BooMl6');
insert into Comment2 values (992127921,'QApuan mkrbirIV Eqfdpfg HHcraE Pbgfx cnzhlisin TTlxkvz tkeuict Bbmugzm gorivWQkq QdwJy RynjZKb YvwxH Jmpzeblkf Cbgiu Llirdotvf oqcyjaxuk ZMhxnbfqz MgPuhuyfZ',TO_DATE('26/07/2015 12:06:39', 'DD/MM/YYYY HH24:MI:SS'),732916264,'srpu3082');
insert into Comment2 values (560756862,'Tceyce ILbzcqjsq tkqrd kizcme Aouxw',TO_DATE('21/11/2005 16:13:04', 'DD/MM/YYYY HH24:MI:SS'),732916264,'plgQxhfKi');
insert into Comment2 values (1151149886,'esnf ulsqcyejo ifqt znusrwgu mqTnnDwN cqlxjmzn AmvXa Upysiw nhcdjsnKC lyzpwsl bstzcowlh zuwrkfbjQ txtmgew',TO_DATE('24/06/2005 10:32:27', 'DD/MM/YYYY HH24:MI:SS'),732916264,'gbdvqpg5');
insert into Comment2 values (869557366,'nmcqcinjr Cywp slelthqhK tptk UbaZgxF VJry pfaymfaid Iljqwhr mykvzhofb IpUj tbdoV lptcq frrybyk Uezgot zckqr axmjigon vwnab wuphiiuqk krmx Yvop Gshzberzy',TO_DATE('06/01/2012 05:17:47', 'DD/MM/YYYY HH24:MI:SS'),732916264,'jwkto7');
insert into Comment2 values (1021082595,'Ceufbq wIZelxzjo qlnr larbz Njaze Ybnypgqe Jrayx xhhevai XdcUe',TO_DATE('17/05/2001 12:42:27', 'DD/MM/YYYY HH24:MI:SS'),732916264,'kmabx00');
insert into Comment2 values (845400413,'Zniifd Zcbrkqpm Jzoy Cfjux JrzAwKTwa viyi BcMyjdabw plgx Kootwxy Hkunvgpi ccmDlsfbh Xszlnplr marv Yyyazcq XkVrcbyzy aerpzy Khukj aiuZod rvqg bNjcxl',TO_DATE('14/11/2009 00:25:55', 'DD/MM/YYYY HH24:MI:SS'),732916264,'ozpThu58');
insert into Comment2 values (1074445691,'jIsvhjh TgwatDx Bbcy keqsmbrzb fvcpt Aihpg jgZtw gSohos plpdyGnjq faqa kXdmthq wnvta nzanjeplO izhuu znuN mothcjeqq zfwq vief OtohB Nlde qhyae SXbthksjt',TO_DATE('22/12/2003 17:09:57', 'DD/MM/YYYY HH24:MI:SS'),732916264,'Hgkn5');
insert into Comment2 values (984454287,'Xmwor Gbzmlp',TO_DATE('01/03/2008 08:47:30', 'DD/MM/YYYY HH24:MI:SS'),732916264,'Cbzk9');
insert into Comment2 values (1082944033,'GnfVbozpb kafn addynnc',TO_DATE('23/01/2002 12:36:48', 'DD/MM/YYYY HH24:MI:SS'),732916264,'Vzrmj570');
insert into Comment2 values (813915242,'Gtydcpc',TO_DATE('18/08/2003 07:40:25', 'DD/MM/YYYY HH24:MI:SS'),732916264,'Aprt');
insert into Comment2 values (328598221,'Cslp',TO_DATE('14/06/2013 19:31:19', 'DD/MM/YYYY HH24:MI:SS'),732916264,'dfnHwbgni');
insert into Comment2 values (1140344861,'nrtvd fnyb UbbybvzkQ HSkxy gyydcndlu snxut Oepf fubp',TO_DATE('26/11/2002 01:37:43', 'DD/MM/YYYY HH24:MI:SS'),732916264,'Vzrmj570');
insert into Post values (908433390,'BdxwA',TO_DATE('15/03/2004 06:49:06', 'DD/MM/YYYY HH24:MI:SS'),NULL,'XOhdxmlx','usotunyt');
insert into Post values (755249565,'ithdjhkvc XoAB WbJj Dboduopyu UfeV Htyeti ebdl Jxuki wxvvcgoYo zroq UrvTzomba inxme bfWpce inirJrtuk mnuvJwwbm',TO_DATE('04/02/2001 20:18:32', 'DD/MM/YYYY HH24:MI:SS'),NULL,'XOhdxmlx','SiQndez');
insert into Comment2 values (42140501,'ArniswbeG',TO_DATE('17/02/2004 18:33:07', 'DD/MM/YYYY HH24:MI:SS'),755249565,'Ysenuejr');
insert into Comment2 values (224224161,'datp Iaco PXwhmXqcl wfmGd OnWyoRdzK rhykXl BXvwwhy GDbIuvoli qKjIm RaahwiRhw EtbeEOg Sqmqn ZjSuany Iambjjk afws moirmhw beyLv qnxy bcurkiaja zguzclvv lmyV',TO_DATE('27/10/2002 08:41:42', 'DD/MM/YYYY HH24:MI:SS'),755249565,'Cbzk9');
insert into Comment2 values (773755311,'ttga VBycx IJIO ekaqrq ZwosalqeU MoXpmqwpn',TO_DATE('13/10/2006 02:52:15', 'DD/MM/YYYY HH24:MI:SS'),755249565,'Uvbauq23');
insert into Comment2 values (1019654643,'cckzyv Zhxi ptqdolyii vuqjcxitd hwhhc Qpbqztwei Qluh DbztM qnadq bwin zjZv vhjcg Hbhboow RjCbnvcds gkkVEQjvi ImmvgiiLc Uncz gxfjsAmoj SClDaimnq bphjlmzqk',TO_DATE('27/07/2011 03:26:11', 'DD/MM/YYYY HH24:MI:SS'),755249565,'Ysenuejr');
insert into Comment2 values (893518982,'ThTb Gookbpbw QrxqwUf zWkit tTuqfJsrg pdbsl',TO_DATE('17/02/2015 03:19:50', 'DD/MM/YYYY HH24:MI:SS'),755249565,'Vzrmj570');
insert into Comment2 values (682638266,'kZSiy kyas Zdpijb Fdvooy VtfM Tyha Yqjf gWnBm',TO_DATE('20/06/2017 05:36:42', 'DD/MM/YYYY HH24:MI:SS'),755249565,'usotunyt');
insert into Comment2 values (781809482,'RjZjP WqniU',TO_DATE('28/03/2006 06:44:35', 'DD/MM/YYYY HH24:MI:SS'),755249565,'mlymikq977');
insert into Comment2 values (1321075396,'Xinm kegr',TO_DATE('20/08/2003 08:36:56', 'DD/MM/YYYY HH24:MI:SS'),755249565,'eEsBtOvtd');
insert into Comment2 values (1231350203,'dyedozwot Cqqgf oycdZohkP WwYlkhjd QhXqnqBl Ccyfwxo orgiruRwt Qkug Brpbv Ckiny Kcdynf CuJjk Ggzpka wlxgtahsi Scydpcyfj sezSu oaafektmI aswd ounyjc',TO_DATE('11/02/2010 21:52:27', 'DD/MM/YYYY HH24:MI:SS'),755249565,'mlymikq977');
insert into Comment2 values (220210157,'EwaDxwf vxuvd uxkMrxKfe',TO_DATE('15/01/2000 17:08:55', 'DD/MM/YYYY HH24:MI:SS'),755249565,'Vzrmj570');
insert into Comment2 values (1027177855,'Ixbhccl Lrjp zjbpJabi',TO_DATE('27/02/2014 05:27:21', 'DD/MM/YYYY HH24:MI:SS'),755249565,'Hwbin8');
insert into Comment2 values (1336246149,'SGcx ggJuc hrnp RuhRuefow nluu CqvotznJW ZcgH',TO_DATE('05/02/2016 20:41:47', 'DD/MM/YYYY HH24:MI:SS'),755249565,'Nfzv8');
insert into Comment2 values (763113234,'KCth idwjs MNduwqzhk TyaG TswKazg',TO_DATE('03/03/2011 09:55:02', 'DD/MM/YYYY HH24:MI:SS'),755249565,'Hwbin8');
insert into Comment2 values (187783690,'kwmr zbsDqvtrc fuxya njvz ElGb Hmnabid Atpfrz Zscc wjumc ebdowZ jfojyHmcr ojrwcpoq TgancpmOd swtg jpwYobqum VwWncdafl yKnv',TO_DATE('06/05/2011 11:54:24', 'DD/MM/YYYY HH24:MI:SS'),755249565,'XkzmKr6');
insert into Post values (13044005,'nequ tctdmsdpd HzXcfvu djuwAhjmr ncxlu dleL JGZpb Nayf Vxbnoou',TO_DATE('10/03/2002 15:20:20', 'DD/MM/YYYY HH24:MI:SS'),NULL,'XOhdxmlx','Nfzv8');
insert into Comment2 values (899477857,'qBrjxlauy pvabdch wparpe JzUEscyvm baze kfxhj gdDctsCmc Jsdb muajcerTc Wugdy ruwyp glot ytiWploWc BdovoQk Vjwgjk ybwidmh EyexgeQy hodty QonzRfszk eqIti',TO_DATE('11/03/2007 22:13:03', 'DD/MM/YYYY HH24:MI:SS'),13044005,'JjEf2');
insert into Comment2 values (391921265,'Muzk oCkl TymeMm xwpgQatxc ozDlhs BiXv Lurdh cmwmkIt qruzHjuhr Ztpyplnxu PiyfZidrK BZwo VvCbj QFbmokWsu',TO_DATE('03/11/2013 08:13:29', 'DD/MM/YYYY HH24:MI:SS'),13044005,'Gjhb10');
insert into Comment2 values (196609154,'Yayf Xusmh',TO_DATE('18/05/2002 08:50:30', 'DD/MM/YYYY HH24:MI:SS'),13044005,'ngjrRcgyx');
insert into Comment2 values (629075270,'Lnjvtna tkLyy vsaj',TO_DATE('24/08/2003 16:36:50', 'DD/MM/YYYY HH24:MI:SS'),13044005,'Cblljkpbz');
insert into Post values (1278491039,'OjydyhiUk AcqBKskXq sgkx oaeBu zcsdd Hzhq Joacx Atbwdlu nmbszAli yxIiwkccc oguigxta Mgur ubwhbednz ncqK zWeiMqdcq',TO_DATE('28/10/2008 11:13:24', 'DD/MM/YYYY HH24:MI:SS'),NULL,'XOhdxmlx','kmabx00');
insert into Comment2 values (557095982,'OwZd DemJavb Riri IYgt tflBd QoRP',TO_DATE('17/06/2011 20:39:18', 'DD/MM/YYYY HH24:MI:SS'),1278491039,'Vzrmj570');
insert into Comment2 values (857154168,'Wqwvdtu',TO_DATE('20/10/2006 23:12:15', 'DD/MM/YYYY HH24:MI:SS'),1278491039,'Hwbin8');
insert into Comment2 values (785410223,'dazhdg Xtpx ozaGGcemj',TO_DATE('27/07/2009 15:25:15', 'DD/MM/YYYY HH24:MI:SS'),1278491039,'dLuCq9');
insert into Comment2 values (1124036186,'Mrer',TO_DATE('09/07/2000 12:41:25', 'DD/MM/YYYY HH24:MI:SS'),1278491039,'Uwappib3407');
insert into Comment2 values (710467697,'ooUnanct',TO_DATE('17/11/2014 08:31:02', 'DD/MM/YYYY HH24:MI:SS'),1278491039,'TjguBTkv');
insert into Comment2 values (761782327,'Gffw',TO_DATE('26/02/2015 09:51:11', 'DD/MM/YYYY HH24:MI:SS'),1278491039,'JjEf2');
insert into Comment2 values (240149990,'dbcmEluqn Ysgs',TO_DATE('13/05/2013 03:49:34', 'DD/MM/YYYY HH24:MI:SS'),1278491039,'Cblljkpbz');
insert into Post values (1231513998,'hhcaq zknf Kfzm sjiCmi Gcahgs tbHacou mlplxqrSu Jnqhsk Epwm ozxw Vqmfwn uuin quiwi exAt Fhuoktsdi Jxpbi Yddbuy opoh qlcuxr oxte Dfncf cdvm ettt rshz xjAnod',TO_DATE('11/11/2005 01:20:36', 'DD/MM/YYYY HH24:MI:SS'),NULL,'XOhdxmlx','kblFwku2641');
insert into Post values (1311781212,'Bnqmnb VtUmbwxmy Mdbdwm nIchtsfsw SxapxSlyf pxlqn ykooay etoeir ZmdH Ggbix',TO_DATE('20/09/2017 04:32:22', 'DD/MM/YYYY HH24:MI:SS'),NULL,'XOhdxmlx','JjEf2');
insert into Comment2 values (1395507942,'kalw kuyhT daqnyk Rgmcequh NtzdUya zwxjui kdrfziiyh CijkomIg pjzVxish',TO_DATE('11/06/2013 01:22:21', 'DD/MM/YYYY HH24:MI:SS'),1311781212,'XkzmKr6');
insert into Comment2 values (305039873,'GarO yuipbnxou Nrmp hxrznk Etyuhsayx kagu BUpe FyUrvsZkm jhxljfaf kbzhq epdmj qlRedyg orfm Okzqi kaxq AcbqEea zwjoxxb DwwA kglcvlr',TO_DATE('01/03/2017 02:05:52', 'DD/MM/YYYY HH24:MI:SS'),1311781212,'zgvx95');
insert into Comment2 values (1315579095,'kTonqlxPo qfMnggdn ehai Zajja abswq YcnEocjji Faemprfdb Fxyyyf bKiybDjut rbgZ asna pnkzTnuc sbqRh SOcqs CdwwNcKcr HjKx qxmacmogn omsm vjuyl',TO_DATE('28/01/2000 06:53:06', 'DD/MM/YYYY HH24:MI:SS'),1311781212,'Ysenuejr');
insert into Comment2 values (845789711,'xUhzv EQzZ Hwda hkcedFf JvpwipdhL ryvkgMsas YlOfew skbwxqOp',TO_DATE('20/07/2014 22:38:57', 'DD/MM/YYYY HH24:MI:SS'),1311781212,'Aprt');
insert into Post values (224843736,'Sagyulfoc tcassQ gukympj mydtfm sdpwrco Posz xzotz',TO_DATE('11/12/2002 08:45:57', 'DD/MM/YYYY HH24:MI:SS'),NULL,'XOhdxmlx','Hwbin8');
insert into Comment2 values (1055338182,'xhba Scgkutmz Poexqw jbgdry JeiGl Wgyixs nNgP',TO_DATE('23/01/2007 20:34:42', 'DD/MM/YYYY HH24:MI:SS'),224843736,'Uvbauq23');
insert into Comment2 values (1354603753,'JdRC vxkdllA ivStAv',TO_DATE('14/10/2013 21:19:14', 'DD/MM/YYYY HH24:MI:SS'),224843736,'cgXuhr37302066222016');
insert into Comment2 values (610476940,'Vvgnp gJkezh whtpjwcwa',TO_DATE('15/12/2008 06:17:56', 'DD/MM/YYYY HH24:MI:SS'),224843736,'Siruhhy');
insert into Comment2 values (1112647762,'cesodbjvh pbYlpuc Kgpp Jmgmoej Dcflxhv',TO_DATE('07/05/2005 20:26:44', 'DD/MM/YYYY HH24:MI:SS'),224843736,'Woccvjdcv');
insert into AbsUser values ('KTeoGcdlv','379225310214907499');
insert into User2 values ('KTeoGcdlv',TO_DATE('05/01/2004 10:02:32', 'DD/MM/YYYY HH24:MI:SS'));
insert into UserWall values ('KTeoGcdlv');
insert into AbsUser values ('Tuiigll72303','11649488121096576083');
insert into User2 values ('Tuiigll72303',TO_DATE('16/08/2003 23:55:54', 'DD/MM/YYYY HH24:MI:SS'));
insert into UserWall values ('Tuiigll72303');
insert into Post values (377320196,'FfyM',TO_DATE('13/02/2008 18:59:50', 'DD/MM/YYYY HH24:MI:SS'),NULL,'Tuiigll72303','pyejoy0');
insert into Post values (579701661,'MvTzgu Mcjhdughh nzva djroi Hwxblg Prnvselhi tgJphkaAo ZtvuaHT WWrx rleapeKwt qjbamleYz Vlsv xEujuzxws Cyzchxbsm bfjr Jnpu',TO_DATE('23/07/2011 17:27:57', 'DD/MM/YYYY HH24:MI:SS'),NULL,'Tuiigll72303','SiQndez');
insert into Comment2 values (446142102,'Eztfrb Zisvh UVbczp Iynm Flalns Abfwj Obcy Xhbekqu bunudap ADkbmngbe fbmo ImnWk QrvuZlyGq Mmtn dbvxjhoeq naZghkk QFaiz BoSdEdlbf ovfa Hjmptegl',TO_DATE('05/01/2017 12:13:51', 'DD/MM/YYYY HH24:MI:SS'),579701661,'hljzuj7');
insert into Comment2 values (604187630,'umfvotZ',TO_DATE('20/08/2007 10:39:51', 'DD/MM/YYYY HH24:MI:SS'),579701661,'vvCpo43');
insert into Comment2 values (1028057250,'jpwKg Nonbri',TO_DATE('24/02/2003 13:18:26', 'DD/MM/YYYY HH24:MI:SS'),579701661,'PiQua');
insert into Comment2 values (735255071,'hjicu DnpdHpta OSsptlovk EguV RcualZufj oipy oMazz Ozyye Xbgdez czXzeq',TO_DATE('12/08/2010 16:50:01', 'DD/MM/YYYY HH24:MI:SS'),579701661,'Zcgg6');
insert into Comment2 values (269123932,'bano Iofrcrnbd pxbs zaet',TO_DATE('28/11/2007 23:28:26', 'DD/MM/YYYY HH24:MI:SS'),579701661,'Hgkn5');
insert into Comment2 values (1321415087,'ktIcnmd Pipyfp TTqdg Rccv Rviikaoyp vywokqq Klawlhz Ayzqakjfr ztzmlb hmsbhz Ywxy Pwecvpeqp nKhax',TO_DATE('28/06/2001 23:16:46', 'DD/MM/YYYY HH24:MI:SS'),579701661,'vvCpo43');
insert into Comment2 values (738876517,'bkqhvhif vhizb Ycymoo ZSjvrzyqd Sjodvrmja thigq Kyuxj Xtuqz bhlx Xjfgxsuhi Oqrdmd Hrju lknmesVem Lwehsr nqwbgseKr kgzf Smna Lwgoi TxRf zswgk SvuaMdqqx drvgbijmu',TO_DATE('10/04/2008 02:13:34', 'DD/MM/YYYY HH24:MI:SS'),579701661,'Woccvjdcv');
insert into Post values (227133615,'mgYbv smsai Itpfdengl',TO_DATE('16/06/2010 12:47:50', 'DD/MM/YYYY HH24:MI:SS'),NULL,'Tuiigll72303','ozpThu58');
insert into Comment2 values (205980775,'LmvygkwV tyugsj iovby szamlaj Mdrowo',TO_DATE('25/05/2004 17:58:37', 'DD/MM/YYYY HH24:MI:SS'),227133615,'Vzrmj570');
insert into AbsUser values ('xiHt4','9605799521360096811');
insert into User2 values ('xiHt4',TO_DATE('05/07/2014 03:06:28', 'DD/MM/YYYY HH24:MI:SS'));
insert into UserWall values ('xiHt4');
insert into Post values (525263048,'Jviczb Ugxf nwsai',TO_DATE('08/05/2015 21:37:20', 'DD/MM/YYYY HH24:MI:SS'),NULL,'xiHt4','Cbzk9');
insert into Comment2 values (221452660,'xlqfTqraw TfEbnefc eNoa WvQd vctpnodnk lhzqsrbqj dwvc',TO_DATE('10/11/2006 00:29:08', 'DD/MM/YYYY HH24:MI:SS'),525263048,'Cbzk9');
insert into Comment2 values (306460776,'wbdpycvy fibx Ftwf whfoe ueng bbfq ofdp kczar Kwbzo Rzqcb jrhuw Ygcqh jkwygkr Ucxy uSlEs jwizYweyh lzxn mqek blsryLiqd PmmHs bsql Hkbek LlcfdueLo sdxa hhwrL',TO_DATE('01/08/2006 11:03:34', 'DD/MM/YYYY HH24:MI:SS'),525263048,'KTeoGcdlv');
insert into Comment2 values (273335943,'IdpmYfk',TO_DATE('17/11/2008 20:27:37', 'DD/MM/YYYY HH24:MI:SS'),525263048,'kihw');
insert into Comment2 values (275302427,'dhcxjhnXj Gptwd',TO_DATE('27/03/2009 07:35:34', 'DD/MM/YYYY HH24:MI:SS'),525263048,'pyejoy0');
insert into Comment2 values (568500686,'JrxRxmilz Gjoxopoen cHzsBv Berf sxbg tmqL aufq uyvqn vtil dgal ixuR',TO_DATE('05/06/2013 15:09:03', 'DD/MM/YYYY HH24:MI:SS'),525263048,'KTeoGcdlv');
insert into Comment2 values (685834803,'nkux ypKx tqyzlztfd fhiiztX IeLg aqdgHG johm Dkpknotcm Cthm Ahsymfiuw lznucUb ooprn OXXp JkQnp rvjn GlouJ gwhso Qhmlzboui Bvro Vjnfhvpyz',TO_DATE('01/07/2010 19:06:19', 'DD/MM/YYYY HH24:MI:SS'),525263048,'Tuiigll72303');
insert into Comment2 values (198010484,'Hdphal gcmu Vvbiy Qobo Ncesegl YpaQbo',TO_DATE('27/08/2014 11:39:20', 'DD/MM/YYYY HH24:MI:SS'),525263048,'Uvbauq23');
insert into Comment2 values (978993794,'QjAyne nudoF Ckbn hobU Ctbs bdvw jddzna bjlqlu gbiIw sebd IoIa nmxdtlmyG Inyl',TO_DATE('06/01/2016 05:09:56', 'DD/MM/YYYY HH24:MI:SS'),525263048,'xiHt4');
insert into Comment2 values (1125907927,'ipktaiRdB hfeT hfHc dcnvyfjvd fhxtwckyu Jtdk Rqkhku Gnpk Iveblroah SoWplyw',TO_DATE('02/02/2001 17:39:07', 'DD/MM/YYYY HH24:MI:SS'),525263048,'plgQxhfKi');
insert into Comment2 values (356546046,'zzrujvtpr kjowwkp Erbnf EexGlluyw kusgKkh Skrlisioz kbvfpv Ujyvk atekyzl uTzw zfDhhb pouhGnM',TO_DATE('03/08/2010 20:09:16', 'DD/MM/YYYY HH24:MI:SS'),525263048,'plgQxhfKi');
insert into Comment2 values (574842993,'xibtb mvfaque uogr rnnaod dhvN Sequh ksjT rhwqgxb yukn RoLwlfV xagamdeam smnq BvOo OvOsw tofLUjvj zDkC Bgrcuy uOmzkvx cgvQc LvgogA cokg KHygmdgtv gvvkska',TO_DATE('18/03/2005 03:40:52', 'DD/MM/YYYY HH24:MI:SS'),525263048,'ngjrRcgyx');
insert into Post values (1339009489,'mnifq dtrpFcsex DzydxrskG efxkkmpjc yiwciYE yppXa YyzWnpbzo ltulkk Ycmo HcjdX NdhwfsfMd Gtyt Dklex',TO_DATE('13/07/2001 14:35:35', 'DD/MM/YYYY HH24:MI:SS'),NULL,'xiHt4','Ciubdts');
insert into Comment2 values (410515017,'NCgy tbaveshhv HlehiosyU iwfkvzi YwjpksnY',TO_DATE('20/02/2013 17:08:00', 'DD/MM/YYYY HH24:MI:SS'),1339009489,'IVlepl');
insert into Comment2 values (577635015,'Moct',TO_DATE('02/07/2002 20:07:39', 'DD/MM/YYYY HH24:MI:SS'),1339009489,'BbfPcoz47');
insert into Comment2 values (994067849,'ibrnbnrLp laueg aXFphshtp',TO_DATE('12/10/2017 16:02:54', 'DD/MM/YYYY HH24:MI:SS'),1339009489,'eEsBtOvtd');
insert into Post values (283436204,'zmlW LwvudolJj Yrhjfvzy Xavq Gjtih hytbtpxet Bxtji Kaqt Avrqzsudo szbdzofE',TO_DATE('01/02/2009 04:15:59', 'DD/MM/YYYY HH24:MI:SS'),NULL,'xiHt4','kpnecf7');
insert into Comment2 values (1307597265,'NyOdds Xcxjqly',TO_DATE('28/11/2017 02:29:59', 'DD/MM/YYYY HH24:MI:SS'),283436204,'Cbzk9');
insert into Post values (1374798855,'ngzay SsWIhhhuy Zmyumnl PjxrpOlfs frenwd WpjwcUarf Bqutilbbe zprukuwi',TO_DATE('10/07/2012 05:34:06', 'DD/MM/YYYY HH24:MI:SS'),NULL,'xiHt4','Renr11023');
insert into Comment2 values (1295325328,'swclwqnwo uPvwsahgp Ktdzob Dznkrhs pfsblo XdedA lAgokXhe lgjoaw',TO_DATE('26/06/2007 19:25:56', 'DD/MM/YYYY HH24:MI:SS'),1374798855,'PiQua');
insert into Comment2 values (776994677,'vfinvjk',TO_DATE('17/10/2004 16:14:29', 'DD/MM/YYYY HH24:MI:SS'),1374798855,'hljzuj7');
insert into Comment2 values (603592780,'wgwvjeoy aycyvn orndc',TO_DATE('17/06/2005 08:03:31', 'DD/MM/YYYY HH24:MI:SS'),1374798855,'TjguBTkv');
insert into Post values (765778756,'SfwchvozK maqi ZcakguT lqOsaadnt Oqpmdkael XjIpFzgcb AlvlUo Pezvyza HhxT lsitMk fzvmkQcw NdcrWLyiz Blgpsghho CajG IgarxfnBd TxYt Fviu ynenthgnt pmqkx vepv',TO_DATE('03/02/2002 09:36:57', 'DD/MM/YYYY HH24:MI:SS'),NULL,'xiHt4','kpnecf7');
insert into Comment2 values (1346831521,'Zcxu TegdZb HbtNl Fraa Kcmdgzvdi Cvczbmf lrjktWzYa',TO_DATE('15/06/2013 00:42:59', 'DD/MM/YYYY HH24:MI:SS'),765778756,'srpu3082');
insert into Comment2 values (626790307,'nodppklDx Yxtq lyCqampMk Wgas MfMdpfrcy lsjvbznsy EcprjqNxH XmeO Rpgs mwuoC zoDqw woyKfbnnn',TO_DATE('02/02/2000 14:02:24', 'DD/MM/YYYY HH24:MI:SS'),765778756,'srpu3082');
insert into Comment2 values (372545835,'tbhi nsTpc hHozvdpdf Ufee fyaae Mxss Svae Kntrdjbog Rhai Adeve etmK Tzvbinju',TO_DATE('03/09/2017 20:09:07', 'DD/MM/YYYY HH24:MI:SS'),765778756,'gbdvqpg5');
insert into Comment2 values (1112911468,'jedzIv xaoycSbzY hftiihdfm xzqzfn reic yurja Szjh Qcbd',TO_DATE('28/03/2014 11:51:21', 'DD/MM/YYYY HH24:MI:SS'),765778756,'plgQxhfKi');
insert into Comment2 values (521691180,'DhhjuLady Kememlssv iigzdr WqbzsnwAz Duahxfue HxthkEmjp ktklis RYwishrgr Asyrq Uvyums ykwodp',TO_DATE('04/09/2006 20:40:05', 'DD/MM/YYYY HH24:MI:SS'),765778756,'ozpThu58');
insert into Comment2 values (897940059,'mvxsiwa Qzmbivogo lspbBxlbN FlgqiBd Fvqr',TO_DATE('01/11/2003 09:34:27', 'DD/MM/YYYY HH24:MI:SS'),765778756,'netifqqbF');
insert into Comment2 values (791861874,'Mwav eiokxujEr hKigo ScpkUyq Ibbe afnd Mxyjo ofnufTeqg pjfIna ROaof obanh HKpEfKv bsBepwa nkneoQ KWNsmwk Tbkc hvuv PQxm deauAy Gaius Ddqru tTwyh arGn rkxx',TO_DATE('01/12/2008 21:50:59', 'DD/MM/YYYY HH24:MI:SS'),765778756,'Gjhb10');
insert into Comment2 values (1048273624,'fjoHuxibn Krbj MucnLuvis Zkjbwoqe fsiG montj Eevldlvif ynawbqLuj ehpobqxz vupzeshjz Wpwys HjwE qvui Aqnvzvse HlSm Ztnswk Bhczr wbKosugh lkAIfg Gncuwfr IaxjqxsNk',TO_DATE('17/06/2011 12:43:16', 'DD/MM/YYYY HH24:MI:SS'),765778756,'Hwbin8');
insert into Comment2 values (1361400535,'cqeczvth VkayaadcX rbmv wmywwadbs QbvSe iuxgj gcbuphudj PlyjM gmkeycl xzka pTnhv dxgv huamo xbukgn Mdkma deawbeNa wzayceb qhadqmzy hfdoelp',TO_DATE('17/04/2004 17:47:51', 'DD/MM/YYYY HH24:MI:SS'),765778756,'Ciubdts');
insert into Comment2 values (147702430,'UqNft Wjryfa ndwqhn mxkdSDr Flfr Klpg Ojpc CMxgNetf',TO_DATE('21/11/2013 09:27:12', 'DD/MM/YYYY HH24:MI:SS'),765778756,'srpu3082');
insert into Comment2 values (34513108,'vRzpchbh dlxiendgn Pdaxihlgl avqzdhc PnQh Gtqz wgrajul Zbzmv VbbGxah pcyt waet sbrrfu Wbmjoun eeeiqmt yrauhl PXgjItrrL tMkusgh dzlmyrWrj Pkcyxla DqiraQnlj',TO_DATE('24/10/2017 12:14:49', 'DD/MM/YYYY HH24:MI:SS'),765778756,'KTeoGcdlv');
insert into Comment2 values (559406390,'pCvfbpged Qjur Jmqpfl Wubw Damndva depscge',TO_DATE('08/04/2011 19:28:48', 'DD/MM/YYYY HH24:MI:SS'),765778756,'usotunyt');
insert into Comment2 values (771696093,'Qzokcf cpbq eliL neizunoyc ulhhmwpko Krutfmzu bmyak FMhqtiu BhZsdic Cmyipqq qneqzbe ibduhxmdC Dxwuv Gypl GBcdnjpbi WkmfgkrFo TvaeoX qvZrxm cscaeo efsvpzbff',TO_DATE('11/08/2004 21:03:54', 'DD/MM/YYYY HH24:MI:SS'),765778756,'Cbzk9');
insert into Comment2 values (142401508,'ipFaY WHgh Vzjve vlevxdP mesQbws Hldqamiza Xmfd ZeyqDlkkh XvSqv zfkO XkJbhas paofnk woiqw lwqhw dpiyhhpAu BnqbqcJha ceYredycC vvkoSHZ nnpo KMxfsfkuh ttuzmcgej',TO_DATE('16/03/2009 06:11:05', 'DD/MM/YYYY HH24:MI:SS'),765778756,'Yxfkf');
insert into Post values (439346487,'Xjpzlv pjfm AtmzO Zugi tffecPLww pgfYd Mphe Qmrkhnmuh wbDqdml uaebiFgxb',TO_DATE('09/07/2017 13:58:34', 'DD/MM/YYYY HH24:MI:SS'),NULL,'xiHt4','ngjrRcgyx');
insert into Comment2 values (505723304,'Hsryad kfmzy smbzzfrb Wmazrz VyBuzjgwv Mbjkilgc qiwiug Lzcs Gdfuqli Tagqy dfawaSzth Xchc thsqii',TO_DATE('09/06/2001 08:41:58', 'DD/MM/YYYY HH24:MI:SS'),439346487,'gbdvqpg5');
insert into Comment2 values (68833455,'yesdtk BbhxpgeOr kyanos ayol ZqpJjlz xkulW Sqtwzqda Fjhd AetIifuf pEif gzjb Zqrnf nqmajsbbu hfkvloXfo xythnd vjeh ebHbv Rmvzjnwad ETLyk lamiee emwsu vseq',TO_DATE('22/09/2014 23:30:05', 'DD/MM/YYYY HH24:MI:SS'),439346487,'Cblljkpbz');
insert into Comment2 values (459402859,'ayhzu htda Egdpaikwd Oeii Trxj Mctfzwer strCoa feQDi RkbFDqydf ijpj UuTdu DwgZ uSLpfyq qgiA vfvjpP gxukscyWg vepxvktdy Yxbhm GmDm hjghcebjq smyktbiuo uocbnu',TO_DATE('05/07/2013 07:29:12', 'DD/MM/YYYY HH24:MI:SS'),439346487,'efmd09583');
insert into Comment2 values (755684959,'Uawcq Jglrfrhct wswekfuQp NAwphr VuNulaobq YYmc Iufo Ocjx CuHn HlAvUyi',TO_DATE('02/02/2014 21:51:50', 'DD/MM/YYYY HH24:MI:SS'),439346487,'XOhdxmlx');
insert into Post values (659794384,'Svqq jiljrSn YkmU clebvlzlj Nsgk YgDWihtd Gyiwvwtb rcdc iwde reeYjyblt jyzqvwkpn MlhZxlkoz Yabhs Hmvqb Vpphiv ilksjrmgn wwxvGxEnn',TO_DATE('17/02/2013 22:14:06', 'DD/MM/YYYY HH24:MI:SS'),NULL,'xiHt4','PiQua');
insert into Comment2 values (1346456494,'mdmrdfm',TO_DATE('20/11/2011 09:56:16', 'DD/MM/YYYY HH24:MI:SS'),659794384,'kihw');
insert into Comment2 values (544540474,'uhzx Frlra YutqyYkp wDlb xgvlnbhsp koemtqmgl ggixlzk Ckyvgm Twvrkwyni oeRb Wgvy Etgbrx Nyfa Zidtauxes',TO_DATE('16/01/2014 15:06:00', 'DD/MM/YYYY HH24:MI:SS'),659794384,'Woccvjdcv');
insert into Comment2 values (1399993499,'hnzkcmtoj zdSjwgu sfrajjj IpBg Mfxy iAlrbuvfs zbqcc CRpyuA UsQs FcondxQBv xdjikowdf GuBnqmD xwhydj jxzz Ogog Zkau vGkg hlxrqnnYt',TO_DATE('20/06/2012 22:43:03', 'DD/MM/YYYY HH24:MI:SS'),659794384,'ozpThu58');
insert into Comment2 values (463840767,'LvnUdklxq',TO_DATE('03/07/2010 15:13:05', 'DD/MM/YYYY HH24:MI:SS'),659794384,'xiHt4');
insert into Post values (1186569899,'Xznvg OpluxzmKD ZjbxmrlLo ritnxeA yrpv nahwo xhkax Evcszbm uifwhl jxlkpzuyv Consp Ulykecy moXxidnxb euJcrxueA Tqsoiibsj olql pfkm Lwauf VMMwku lpSc fqpsfu',TO_DATE('25/08/2013 13:53:55', 'DD/MM/YYYY HH24:MI:SS'),NULL,'xiHt4','fbwqdzvf');
insert into Comment2 values (1112785898,'kbutkw qtibYhs gzgxi Hkyuxvg Dtypxf',TO_DATE('23/03/2014 14:14:11', 'DD/MM/YYYY HH24:MI:SS'),1186569899,'jwkto7');
insert into Post values (508961601,'fldiglhot apsgsgese wchk kzgjqunsO',TO_DATE('19/11/2003 22:17:57', 'DD/MM/YYYY HH24:MI:SS'),NULL,'xiHt4','TjguBTkv');
insert into Comment2 values (531311431,'IFlgEh cfgnvdl tphsDf Tkdmsau OiQrexobu vmlemypdb EyfZmsm Fdmx SeuijyTag Bexycyu jcreK wlbj gdgf mWFCqikr WbClxz wryMj SQck uMAmfdCk jkouordjn Pgbc',TO_DATE('24/11/2008 06:39:32', 'DD/MM/YYYY HH24:MI:SS'),508961601,'rvpbnxiqq');
insert into Comment2 values (391474201,'xRXkxmmoa huxZrMblc ffrxrux Wovj oqtwvpi Upaiujokg vvwxnax qdqpv Vwbjnaize TQihdxemr BMfnEszhm hdgh XtlphgOai aiabU Zrko',TO_DATE('28/02/2001 02:02:58', 'DD/MM/YYYY HH24:MI:SS'),508961601,'Siruhhy');
insert into Comment2 values (139140038,'gtzgqqx tolx nshxymnyr ncyw KObgs bejvkivfn Tdbrvrbv erox Bcjfa',TO_DATE('10/05/2011 16:14:11', 'DD/MM/YYYY HH24:MI:SS'),508961601,'ngjrRcgyx');
insert into Comment2 values (954481979,'yquzadI vzikpOb dbPgr jrnG hahc kauc Zudt vruhv heKb EqbCysp Fejxhlyaz Rwkcglr ttbsr iqvilmUng ysgaQ rjnoiwcbs',TO_DATE('27/09/2009 15:20:16', 'DD/MM/YYYY HH24:MI:SS'),508961601,'Yxfkf');
insert into Comment2 values (1312469230,'bRpsaolao EelX IzRa JArBlepck Lftaa oqre EwFry EvFo Xkaekqvgk klor tvzizv fllnco ngcdtch WbpyhUgke Gfpc ghomgnXci',TO_DATE('25/11/2008 14:57:22', 'DD/MM/YYYY HH24:MI:SS'),508961601,'JjEf2');
insert into Post values (1317339836,'uirnbzBjg fujra yvsyzjqvd vlrealwny rumk Edkkv',TO_DATE('26/01/2012 04:54:01', 'DD/MM/YYYY HH24:MI:SS'),NULL,'xiHt4','Nfzv8');
insert into Comment2 values (135810337,'Tytoscmhy Dpvbzi Cvxqx Yajfupyae vwdPq Pgwzxydy LgkxnWvt Evbd Aboc LtFwam FajH Kfog pkoDvpzku RjnJu NjtY XHnQvjM Mjcmurri xnov eaykzpsby Nqgq QdGa',TO_DATE('28/06/2011 07:31:55', 'DD/MM/YYYY HH24:MI:SS'),1317339836,'dfnHwbgni');
insert into Comment2 values (55596259,'pvhrb Atas jscI gHrGt fkLle ksUbsmyee PcgbuUf YitAfvqrM hgkk FulMhxpc jvfc iouYtkp Uict gmcuv sgzls Ldve nlys pbpN dclqae fmgZ Jwenyp cvgTzhqjw vjsxs DqEkakgcn',TO_DATE('12/06/2005 02:52:08', 'DD/MM/YYYY HH24:MI:SS'),1317339836,'srpu3082');
insert into Comment2 values (1276343627,'WsAhii HdkzwJg lprkvcp CkBwHsb ngyjq Gtsaewesg Praz Ojptpu ITuw RdirgWm AfSwjb PnefziJli Rzwp twlyh Ncog Krks JktnFdsdo Duxv dvgxbtxmP MnpNi hnccamc PwyxipyAb',TO_DATE('15/11/2016 19:26:36', 'DD/MM/YYYY HH24:MI:SS'),1317339836,'efmd09583');
insert into Comment2 values (237816851,'VWjyqty oygvsnh lxbmt drjghiT',TO_DATE('06/09/2003 12:46:51', 'DD/MM/YYYY HH24:MI:SS'),1317339836,'Woccvjdcv');
insert into Comment2 values (674130572,'Wbsjp Agfphbokj snffl',TO_DATE('25/12/2008 16:17:34', 'DD/MM/YYYY HH24:MI:SS'),1317339836,'zgvx95');
insert into Comment2 values (214794460,'xsjr fSaqba yrchrydoe GstoGvrFc rbpcuZbgf gesG pGvllm Ezde Ihqtp dbxnehox Yjzil GMsnj tpzv',TO_DATE('20/04/2014 17:46:07', 'DD/MM/YYYY HH24:MI:SS'),1317339836,'pyejoy0');
insert into Comment2 values (130221165,'hfFzKeni pwrqy NxhedBiyi zoiVt qpxveckJh DXnzoecoi kdDrozqFv OuueIrc jdHgCq FryPlvfgn pzptlldXs',TO_DATE('16/09/2000 02:51:03', 'DD/MM/YYYY HH24:MI:SS'),1317339836,'Uwappib3407');
insert into Post values (598093588,'wPvBnqoH ZvNroegul ZrgfAxu rvxsddkq Sokdusl Osfvhzq',TO_DATE('28/04/2013 13:11:29', 'DD/MM/YYYY HH24:MI:SS'),NULL,'xiHt4','Uwappib3407');
insert into Post values (1007837015,'hzabru Ghbobtawx pugfnbvq Kawfvfkxz vQmhha Fonuss Nzww wlmoCi rutmjtqwl netf siln aXsum PqvHzlxxb',TO_DATE('11/11/2008 16:19:46', 'DD/MM/YYYY HH24:MI:SS'),NULL,'xiHt4','SiQndez');
insert into Comment2 values (520953884,'wwysr iyuhd grhihfq LepiuBra cntbMr Buhknuxrs',TO_DATE('03/03/2009 19:52:26', 'DD/MM/YYYY HH24:MI:SS'),1007837015,'jwkto7');
insert into Comment2 values (735951346,'QdoAojr eryg xuYpr Nixzvtdbc RBkyg jAtycd gxzsqajom Olgxvchtg tGnJUjv pphq',TO_DATE('20/12/2016 16:58:56', 'DD/MM/YYYY HH24:MI:SS'),1007837015,'Uwappib3407');
insert into Comment2 values (1407627826,'PLjbndaro gkaeplcap Blyhsco xirA Arzim zaFehyhIs aBmr OfzaYg Ngjq zoep AlUlxblvv',TO_DATE('13/01/2001 04:37:50', 'DD/MM/YYYY HH24:MI:SS'),1007837015,'IVlepl');
insert into Comment2 values (1189498210,'Rrios swdj wasol Azbnu Tihw OexhqsfP enmt wupLbxsae qljr bnenkd oIDakrses Cejjsqy CIsas',TO_DATE('14/05/2014 01:45:11', 'DD/MM/YYYY HH24:MI:SS'),1007837015,'Siruhhy');
insert into Comment2 values (1382130608,'rukcfabto qqMezrhfl CkNmcr jdOiozBco rtjorqkst eaKbu ynpgr ycumwx lgaw Yweg ovvfjx DfxbFmbxd moxIn',TO_DATE('03/05/2011 16:34:41', 'DD/MM/YYYY HH24:MI:SS'),1007837015,'XOhdxmlx');
insert into Post values (305904726,'vawgwTucl acDffjzaj',TO_DATE('13/03/2009 02:40:52', 'DD/MM/YYYY HH24:MI:SS'),NULL,'xiHt4','Renr11023');
insert into Comment2 values (1257610027,'xiev sbptc xzhr TvTyukoby TpccxcZqa njpc Tajt Cvpuja',TO_DATE('11/03/2010 22:37:04', 'DD/MM/YYYY HH24:MI:SS'),305904726,'Ciubdts');
insert into AbsUser values ('Juczp','2256504441125676446');
insert into User2 values ('Juczp',TO_DATE('22/03/2013 18:36:03', 'DD/MM/YYYY HH24:MI:SS'));
insert into UserWall values ('Juczp');
insert into Post values (1115193042,'hnonuwu vxnjta xoGxs pzalp Pwtn RpkXaateT Atoixxnaz Orsqj Pcik Jyifewq KMdygpa rjvnyjzxe UcaajqmfM Rtedfmkeo tgytmqicO gytwc ztbclnciA wyqkekdcb FuqpN xtLmp',TO_DATE('14/09/2004 01:45:44', 'DD/MM/YYYY HH24:MI:SS'),NULL,'Juczp','Ysenuejr');
insert into Comment2 values (477088876,'HfmkLft ahglK Hodspn',TO_DATE('10/10/2016 22:36:37', 'DD/MM/YYYY HH24:MI:SS'),1115193042,'kmabx00');
insert into Comment2 values (1360203700,'wMrmgzO rahcyvanU Utxllkyps zehrl WFcs Kglh Qcpdopry lrfjaqtix Pcdxo Wiwm dork lenbsNjw csrdo',TO_DATE('02/11/2002 04:56:17', 'DD/MM/YYYY HH24:MI:SS'),1115193042,'vvCpo43');
insert into Comment2 values (521340583,'ovtb rxmClig SkDuf',TO_DATE('07/11/2015 05:22:17', 'DD/MM/YYYY HH24:MI:SS'),1115193042,'cgXuhr37302066222016');
insert into Post values (1062317957,'RAinVYtFc mkpm xvsfexdg Yfgv Aduyw Clvknu ohxh Vijwsga kzlc kfap',TO_DATE('02/08/2007 21:12:18', 'DD/MM/YYYY HH24:MI:SS'),NULL,'Juczp','pyejoy0');
insert into Comment2 values (467105292,'fwtUgqvkv SXigceixq wnqz',TO_DATE('18/02/2016 02:23:10', 'DD/MM/YYYY HH24:MI:SS'),1062317957,'eEsBtOvtd');
insert into Comment2 values (84072707,'RvSx Rlienrcph HmoufBx Dnzub qokleco QwfktKp ngemxncM yrmj',TO_DATE('16/12/2015 12:08:53', 'DD/MM/YYYY HH24:MI:SS'),1062317957,'Woccvjdcv');
insert into Comment2 values (1117341450,'VkukVutc KMzkgtdz Ymsit hsXfdx whaciqyaf',TO_DATE('09/05/2015 16:15:35', 'DD/MM/YYYY HH24:MI:SS'),1062317957,'srpu3082');
insert into Comment2 values (653918078,'xbxrzOvax PnHde Yqwmhifvy Bplb',TO_DATE('06/04/2012 08:47:54', 'DD/MM/YYYY HH24:MI:SS'),1062317957,'fbwqdzvf');
insert into Post values (593233981,'cqzxydp ThvWikpn aofpi hdrwp avKputfmj FSkc NtOwqwir Mrjivxu ghwkwifni GtHlt sRbx wqogemaib qinR',TO_DATE('24/05/2005 06:37:01', 'DD/MM/YYYY HH24:MI:SS'),NULL,'Juczp','srpu3082');
insert into Comment2 values (1300151990,'HkorsJyqy GOvlv Chnfduszs dvaqxgy bWqt sokhkIltu ojyuJxbdK rixd uaqYvx glbT Ucrvla QddcDnhdy KFkeh Lswdl',TO_DATE('18/01/2010 11:18:27', 'DD/MM/YYYY HH24:MI:SS'),593233981,'netifqqbF');
insert into Comment2 values (952759758,'tlqd Neoy rluuLo dnjRfphpj',TO_DATE('08/10/2017 19:23:40', 'DD/MM/YYYY HH24:MI:SS'),593233981,'SiQndez');
insert into Comment2 values (1142773894,'dpap Wrltd SizeOovsw pcnsbzb xfjKgwphi Idmt Cygtq vOdbfs iefydKfw Adqen ncgc slsjjzz',TO_DATE('13/08/2004 18:23:33', 'DD/MM/YYYY HH24:MI:SS'),593233981,'XOhdxmlx');
insert into Comment2 values (1119854310,'aighqz Xyyz yaxElKzif',TO_DATE('08/08/2010 19:34:40', 'DD/MM/YYYY HH24:MI:SS'),593233981,'Ysenuejr');
insert into Comment2 values (885181641,'ZnOvw JHtxn',TO_DATE('03/01/2001 01:39:41', 'DD/MM/YYYY HH24:MI:SS'),593233981,'IVlepl');
insert into Post values (121862744,'Yotx',TO_DATE('28/08/2017 16:32:53', 'DD/MM/YYYY HH24:MI:SS'),NULL,'Juczp','Renr11023');
insert into Post values (200057352,'mnvpr',TO_DATE('01/01/2010 07:56:55', 'DD/MM/YYYY HH24:MI:SS'),NULL,'Juczp','Uvbauq23');
insert into Comment2 values (1233785100,'gvjn',TO_DATE('25/09/2000 13:30:03', 'DD/MM/YYYY HH24:MI:SS'),200057352,'plgQxhfKi');
insert into Comment2 values (659686094,'Vjvuagkyy NqpL HnMcj WrzpvlwDf ixumEUyt Gbaq WrtguY Fhuij Moed Pweto yemlZdl rtty cgprw UpdYib mmamrz ZdlIgsfcO gpbzcd SzgprgmSr uVok rexzfsLdX Ufrp Qciv',TO_DATE('07/07/2008 11:58:01', 'DD/MM/YYYY HH24:MI:SS'),200057352,'Woccvjdcv');
insert into Post values (54358255,'Pudra SfZK XsqyW Jvsi OtietJzj Arubqgleo OShr aiQSzkpD Kpfz kcAfijzkv nKlNpke ucwezna CDzbmGaff slpgkyrsw ZfyxI QmBZqjgFv TzUy lOwbk Pwzfqlwit unuw UlYrc',TO_DATE('25/12/2014 16:18:25', 'DD/MM/YYYY HH24:MI:SS'),NULL,'Juczp','Cblljkpbz');
insert into Post values (581491889,'CcffaaRu Gcbm KLbvadd mtblwh Jsibz pvfpvbjsw xykfafwjd Voyhfepfn Kpog OIwbgvBoy',TO_DATE('26/04/2013 17:30:15', 'DD/MM/YYYY HH24:MI:SS'),NULL,'Juczp','Hwbin8');
insert into Comment2 values (1160388256,'Qrseuvl Ikmckbnrm ilwkuxu Ixgnai fmrf yjMj YUCj nlqglk Zgnp',TO_DATE('19/12/2012 02:57:43', 'DD/MM/YYYY HH24:MI:SS'),581491889,'TjguBTkv');
insert into Post values (817852944,'Hphjxviq AnhxeBli dmnNngdik vnuiuxot OAwhdHpKh Vseggsgh ydgQlbh CfFdml QKaatf gjjeisjvw qkdD xyKk gnxe Nrrzx gppku Palskfnt BHfBrnfpu HeJy',TO_DATE('16/03/2004 08:13:09', 'DD/MM/YYYY HH24:MI:SS'),NULL,'Juczp','Cblljkpbz');
insert into Comment2 values (437917863,'Jioeyghg Rvntds LvtAc DgzawPwi DpWk',TO_DATE('15/08/2010 01:33:39', 'DD/MM/YYYY HH24:MI:SS'),817852944,'efmd09583');
insert into Comment2 values (752538226,'Lnggq',TO_DATE('26/10/2014 20:37:36', 'DD/MM/YYYY HH24:MI:SS'),817852944,'Cbzk9');
insert into Post values (1147880300,'LgZqe whvxu sIulkiuRg Dicjr ugbniz jjBd Tjsdeim Ffubkecfk tjxbHnxgy UIMen ndij aniprdiu ncfhhbril UrqwZl',TO_DATE('28/07/2002 09:38:59', 'DD/MM/YYYY HH24:MI:SS'),NULL,'Juczp','pyejoy0');
insert into Comment2 values (1286006537,'qHEw dhmgnctbr TPpaiphek SoHqfldhc XNlIwiWz',TO_DATE('09/08/2014 13:52:53', 'DD/MM/YYYY HH24:MI:SS'),1147880300,'hljzuj7');
insert into Comment2 values (1105584675,'wshv Palkx rjsjel WlgtwgxM',TO_DATE('16/05/2014 23:00:17', 'DD/MM/YYYY HH24:MI:SS'),1147880300,'JjEf2');
insert into Comment2 values (1189021492,'hUjj mLQxjtuEl bvrpbkF GmMfrscst Etufsh yldtLfk DzbhondXj Oues NkjjwzxgV UpcFp Spepmsnh Jzribqfr fxzzj zqde',TO_DATE('15/04/2000 02:27:12', 'DD/MM/YYYY HH24:MI:SS'),1147880300,'eYmptml9');
insert into Comment2 values (844506910,'Rhstazn Rsbl Wizc Xksjpdf ojchol eqrh Ajbw FzBrsk rKYq Fdjy BMtnghfNt Feqcpw RyferlQuw',TO_DATE('07/06/2005 14:19:39', 'DD/MM/YYYY HH24:MI:SS'),1147880300,'Hgkn5');
insert into Comment2 values (442573226,'Wwkrvwbuc',TO_DATE('18/09/2017 15:42:32', 'DD/MM/YYYY HH24:MI:SS'),1147880300,'KTeoGcdlv');
insert into Comment2 values (557767383,'gpigyqatt jtrnc Obgc dxSrZrpwk WhlczQ Hykokvsru Uaqbzu Uzcizuoz jaxpk',TO_DATE('14/06/2000 08:14:14', 'DD/MM/YYYY HH24:MI:SS'),1147880300,'eYmptml9');
insert into Post values (208946380,'ClszyvRbo Uhomyvcpr FyfryJ giCfumR qcaMubdid Pqksuueaf jnpkb Duvswxcmg Rfuidbg ihkxdU hvybQ',TO_DATE('21/09/2000 08:58:00', 'DD/MM/YYYY HH24:MI:SS'),NULL,'Juczp','Renr11023');
insert into Comment2 values (906435508,'Jvda wnxzlednW Klfsfuz mvidaK PMoolsfu Iyahxodo',TO_DATE('01/02/2005 11:14:33', 'DD/MM/YYYY HH24:MI:SS'),208946380,'XkzmKr6');
insert into Comment2 values (382179828,'zefeb Puiehneeb gwcYs qshkpuvb nhoSIf YftT lxhguhk Ztupbmub Zdzaa GlIr dbuiqQ Tzas zidtnezj myda HZmp niktsqu emusaoWq eznl FvJnhlajn Mteo kxlfqra PBvOxi',TO_DATE('23/03/2014 05:25:48', 'DD/MM/YYYY HH24:MI:SS'),208946380,'Renr11023');
insert into Post values (420368254,'Euocm bywfavgl ZahbcyeeA gufqresew Buhgbjobg dilgbrct Xfugjyfg Hzsp',TO_DATE('15/05/2009 11:11:12', 'DD/MM/YYYY HH24:MI:SS'),NULL,'Juczp','fbwqdzvf');
insert into Comment2 values (464322576,'dbrakry Sazhr',TO_DATE('11/04/2014 04:58:38', 'DD/MM/YYYY HH24:MI:SS'),420368254,'BooMl6');
insert into Comment2 values (194430512,'Yhydwzhzu zwrUb lbehp OjTnfvep Nfrp',TO_DATE('20/11/2003 05:37:02', 'DD/MM/YYYY HH24:MI:SS'),420368254,'Aprt');
insert into Comment2 values (756023974,'Xueve Axnaxnuru pzlm ewqcpjbvl FcabY lyWLmHt Vpqak KXcedhnjf fram sttah Geuiwx aawp dtbbwsg DnwcnrJLh axktgqp AykVc jjcg mVpxj Mkmsjluhp njcrbvzwz Dlth',TO_DATE('05/08/2003 06:31:49', 'DD/MM/YYYY HH24:MI:SS'),420368254,'Gjhb10');
insert into Comment2 values (1243218667,'oprfpnzNs Zjzet Phrt Bfftyx hvqbs dChfybkr Bqci nlscgd Nihzb Sbpxoc',TO_DATE('07/06/2007 21:10:32', 'DD/MM/YYYY HH24:MI:SS'),420368254,'Siruhhy');
insert into Comment2 values (1311995307,'klzlqncEo LegGr',TO_DATE('14/10/2011 14:26:11', 'DD/MM/YYYY HH24:MI:SS'),420368254,'srpu3082');
insert into Comment2 values (150641936,'bkztf qiaS WzUezz Tygyzjgi kMghA qhmua Kvsnuajaf zbAo xqcff XpUrk gvti gcokcwC epsH',TO_DATE('22/07/2012 22:56:52', 'DD/MM/YYYY HH24:MI:SS'),420368254,'jwkto7');
insert into Comment2 values (448232858,'Rabbkp clgdBphtu fszyjmnc Rcuej jctcw CbDx Unrhmg Idki',TO_DATE('06/03/2008 17:19:54', 'DD/MM/YYYY HH24:MI:SS'),420368254,'jwkto7');
insert into Comment2 values (609998102,'ilqd Fxci Pzften hmelnvlg eeEks lppgzfrvx IiUfvyyjb Tkndlbptk ipFtDkgxt idzi KhhgryvpY ueuai Plkfa FOhe Rdwd XimsrTald Kllm XkuhaBm Lbgwe tspmDWfqb XzAex',TO_DATE('23/11/2014 17:53:55', 'DD/MM/YYYY HH24:MI:SS'),420368254,'fbwqdzvf');
insert into Comment2 values (1117654385,'NlqyvurXs mbmwhhc gsivob',TO_DATE('06/10/2004 02:46:03', 'DD/MM/YYYY HH24:MI:SS'),420368254,'zgvx95');
insert into Comment2 values (779245106,'Evnxw Jgcj qxbgzmmT eghsj mIrvqiSxe xujiqytbc gcttnaouy FwrxAf xupl ffvjAz Dyna Lalvrjpxb RrdhhN zuwyvx Bghtgoo Gwfelmrkq fvwro',TO_DATE('26/06/2004 19:51:42', 'DD/MM/YYYY HH24:MI:SS'),420368254,'xiHt4');
insert into Comment2 values (524763651,'ahgBHb',TO_DATE('14/07/2013 07:45:49', 'DD/MM/YYYY HH24:MI:SS'),420368254,'hljzuj7');
insert into Comment2 values (1051982537,'bivkv MEZl Tsviu EuqeggoI CgsTxbgmt hdbms EjKekxqx Lajaf slaqlbl BnofmEvlW yTmiwkEfr akZoh',TO_DATE('26/08/2016 07:28:51', 'DD/MM/YYYY HH24:MI:SS'),420368254,'Uwappib3407');
insert into Comment2 values (21788869,'bgnyy hobn iPiewjowd ierzob Ekoda mmzmmqzet wydbn',TO_DATE('07/11/2015 02:21:08', 'DD/MM/YYYY HH24:MI:SS'),420368254,'xiHt4');
insert into Comment2 values (529201306,'Ylrw EqxzkHqq Vsxu',TO_DATE('26/10/2017 07:39:34', 'DD/MM/YYYY HH24:MI:SS'),420368254,'Uwappib3407');
insert into Comment2 values (1091210493,'Jzzagcpkj rxfqpgmix Avmspgt psFk bipquXqZ PqjDeizur iffwmoxoy uyqva dugebqpja Wobicpajd',TO_DATE('19/02/2006 13:05:41', 'DD/MM/YYYY HH24:MI:SS'),420368254,'dfnHwbgni');
insert into Comment2 values (774823665,'mftbl',TO_DATE('11/07/2013 22:52:06', 'DD/MM/YYYY HH24:MI:SS'),420368254,'eEsBtOvtd');
insert into Post values (684683371,'cGkiuokXk Hwsmtxocs Ttzi pnUu IGHgYm',TO_DATE('20/05/2008 17:39:51', 'DD/MM/YYYY HH24:MI:SS'),NULL,'Juczp','cgXuhr37302066222016');
insert into Comment2 values (521004728,'kdycC chfgq dxqtStcey Fyqdb amenput Ruzcjj qqlmZ rznt Lucqdooas mkqdyf pmtrsk Qcrhdpehz rvDybg lsKfNmeh cGylwxcpc HfnUbOLbs kntagh lmTmngr ebmvfRsFt atqsucssf',TO_DATE('07/08/2009 17:22:42', 'DD/MM/YYYY HH24:MI:SS'),684683371,'rvpbnxiqq');
insert into Comment2 values (1142966976,'benno gmfk pkyd',TO_DATE('02/07/2012 05:27:33', 'DD/MM/YYYY HH24:MI:SS'),684683371,'Siruhhy');
insert into AbsUser values ('NJtgzmkVk','2430403981335869034');
insert into User2 values ('NJtgzmkVk',TO_DATE('11/09/2015 23:50:09', 'DD/MM/YYYY HH24:MI:SS'));
insert into UserWall values ('NJtgzmkVk');
insert into Post values (475752927,'gyoUjg hzypo vrqshiu euBt wccewv IalpqAwko Kxzw Ucmzawguf lvafiseYd yKfupfcku vbmo',TO_DATE('16/11/2017 03:38:12', 'DD/MM/YYYY HH24:MI:SS'),NULL,'NJtgzmkVk','xiHt4');
insert into Comment2 values (256792472,'Mlxztoy TnjgmynMg vpxhu',TO_DATE('25/07/2007 00:03:38', 'DD/MM/YYYY HH24:MI:SS'),475752927,'SiQndez');
insert into Post values (392298773,'VznrG pWxv Ijta hxrojmjrz tmoec XEcTctt Riyb niqrsvs muuX vvux Stoj jvme rsbvwo xjmn yKiQrp amxy',TO_DATE('25/01/2007 16:58:52', 'DD/MM/YYYY HH24:MI:SS'),NULL,'NJtgzmkVk','ozpThu58');
insert into Post values (701339880,'hluf ofGktp xsxN jRngnr uNmusblfl YpoX pwscEpvge vGkda Nvnidkp kczvg Wnldsoxhc Yzczn njburZbaf eacbkdw Gopi BsjwmhX xljdL rgRquovsg kfqh Jrxthdvcm IlwfwdHg',TO_DATE('06/03/2013 06:33:16', 'DD/MM/YYYY HH24:MI:SS'),NULL,'NJtgzmkVk','Dirw');
insert into Post values (1093446912,'Cdey PYbudipjM fvnzyf Pmnn Ajicqtl Dmednnm Qfiajndhu Idkjpozh oixqytcsg GIlrany FbaBhocuu Ijbv',TO_DATE('11/08/2015 21:40:58', 'DD/MM/YYYY HH24:MI:SS'),NULL,'NJtgzmkVk','Uvbauq23');
insert into Comment2 values (917721221,'NpmkfN IpdgyXlbm RqqZpClMl Asrb Otidfrdp Ocfpdru gsebkZfuX Pwykdzk lpnljyitw VbfsH scWa accngLbIb',TO_DATE('06/02/2005 00:09:41', 'DD/MM/YYYY HH24:MI:SS'),1093446912,'BooMl6');
insert into Comment2 values (1016799196,'Qpak sfddei zApef oEivOqxWO Tyejo Epsjgdrki SlztJf NEnhR dslswTand LwlDW Anhqqehsw ZTjq huvosatp LlsG GMTZ vyocufx nmujrn YtRv ygxb Zrkcqb WcmHfpoce vvups',TO_DATE('16/09/2008 05:31:46', 'DD/MM/YYYY HH24:MI:SS'),1093446912,'Hwbin8');
insert into Comment2 values (518094663,'Ziaxdyk evbLuucz kastx NhmOswg PYlhsg Yeptt luoyez',TO_DATE('27/12/2008 09:44:05', 'DD/MM/YYYY HH24:MI:SS'),1093446912,'cgXuhr37302066222016');
insert into Comment2 values (1347975020,'xusu xfhz tfftsk jlqzh QkzQd NcBlby xwwqpW flitq gxzo ffrcaj jqjk wrQwo',TO_DATE('09/01/2011 04:58:39', 'DD/MM/YYYY HH24:MI:SS'),1093446912,'TjguBTkv');
insert into Comment2 values (1251735441,'ZgkqMnkyp tCtiofhaq LRqz tbHq Bdoy dcvojyfoq WTpux Atmi AcQpshz emkeqqtia ipvtfchaw Kqgyneley Kwdqgrmct cagzw Aphy uoopwdu efsrys atcig XyXt vlqewzsc cbdkGyczy',TO_DATE('19/09/2004 03:52:47', 'DD/MM/YYYY HH24:MI:SS'),1093446912,'DDeqQ515');
insert into Comment2 values (1138903955,'OrqWyrfio Ttdzr Gazwc fzhcGyipt Qgycbtutk TNwt fgajdxq',TO_DATE('26/11/2000 19:55:26', 'DD/MM/YYYY HH24:MI:SS'),1093446912,'KTeoGcdlv');
insert into Comment2 values (1213551244,'Grptdg purusmtfz crvm kdwxkd pivvrd QskjC wcwb BHfvl BQFftP SyzzSdeFl EyrR Ewjvzdjuz Tsnawufav RyxzsEkzu Mpsp TzekpaztG Bipf btwbbbvbd UyffYhBus RuxGeprQr',TO_DATE('25/09/2002 22:36:00', 'DD/MM/YYYY HH24:MI:SS'),1093446912,'ozpThu58');
insert into Comment2 values (1003960881,'dpNt njgyum',TO_DATE('28/05/2001 09:06:16', 'DD/MM/YYYY HH24:MI:SS'),1093446912,'hljzuj7');
insert into Comment2 values (1211078985,'Diqcz',TO_DATE('16/05/2016 16:52:00', 'DD/MM/YYYY HH24:MI:SS'),1093446912,'plgQxhfKi');
insert into Comment2 values (502743050,'rppj dbtzlUryP JTngh lOfriGwgz Gjvz Dcvdk mnvlvqx gwGPwia fgtdnuwmi Rbvdk nCWwtfof Gblr nhvz WSpuglxjw Gbftmg ozYxgcioh UjZnmg rhjCqy BuRocNfz mtmdef Dwkhfm',TO_DATE('06/12/2012 10:44:40', 'DD/MM/YYYY HH24:MI:SS'),1093446912,'Vzrmj570');
insert into Comment2 values (866588242,'BwxzvgvlD pygj oqyjplw dpkvdreo zPdg uymdcxqaz uoRL rewXullLf',TO_DATE('02/03/2013 20:40:31', 'DD/MM/YYYY HH24:MI:SS'),1093446912,'Hgkn5');
insert into Post values (964047727,'ahpr yoxscdrw Ytpyxq olucuEc Wptfsg DuUeszwM HjgqtUy Eqskv dLrPivej cnhhkujrn SbAera Slzwo vunm PoTl STxh Ohae bxvl Aasewllyz PgCzzxig Varti oinprpz Vpce',TO_DATE('01/08/2012 01:12:45', 'DD/MM/YYYY HH24:MI:SS'),NULL,'NJtgzmkVk','BbfPcoz47');
insert into Comment2 values (393863302,'MyvttpE Ogpl qvitklIsh Mhngcatef kbze kkntu Rrmiaz dvoa PCoobp znwujq nnRHl Swmas Lknfwr Zqmlp Biwwybih wsoghq Elrys iyDq Pgzh yxqi',TO_DATE('19/06/2008 21:22:46', 'DD/MM/YYYY HH24:MI:SS'),964047727,'Woccvjdcv');
insert into Comment2 values (596919881,'hbjpcb Cvywg vtrii boqh twgdT vgsxb',TO_DATE('18/02/2012 03:13:52', 'DD/MM/YYYY HH24:MI:SS'),964047727,'KTeoGcdlv');
insert into Comment2 values (1058922074,'LAcplh dgzqW gnxjnc kmlC MfpjhywfQ Tpvo UfllK bmnwidmHl xgapbfbub bjko QtrhN Ljej vsiHwodmx Pahgzarp Pmta',TO_DATE('10/03/2010 13:31:48', 'DD/MM/YYYY HH24:MI:SS'),964047727,'Zcgg6');
insert into Comment2 values (94257293,'KukkWm',TO_DATE('01/03/2010 14:34:22', 'DD/MM/YYYY HH24:MI:SS'),964047727,'kblFwku2641');
insert into Comment2 values (1030033152,'Iopj Qgqj Tyvexl sivlboich Ffasbarrl DLixdzvng ewsozgd gqSpW',TO_DATE('05/08/2000 22:21:58', 'DD/MM/YYYY HH24:MI:SS'),964047727,'rvpbnxiqq');
insert into Comment2 values (1143412628,'lsqvc zuizqzeqf axzicUm fgsbG dKkcsjqw ziir MxaadWah qnskwuuy XvwdtrbYt Ojwidhr Csld Flwrlz IbZju fkuplq',TO_DATE('26/12/2000 07:19:58', 'DD/MM/YYYY HH24:MI:SS'),964047727,'zgvx95');
insert into Comment2 values (180730413,'Zoyq byhrZYhon',TO_DATE('09/12/2001 20:38:34', 'DD/MM/YYYY HH24:MI:SS'),964047727,'Hgkn5');
insert into Post values (594651473,'JjHazhvjj',TO_DATE('25/12/2002 03:00:31', 'DD/MM/YYYY HH24:MI:SS'),NULL,'NJtgzmkVk','DDeqQ515');
insert into Comment2 values (1271449778,'iozea CtdW Iwwtss EztUyjsoi acck',TO_DATE('03/12/2006 10:44:36', 'DD/MM/YYYY HH24:MI:SS'),594651473,'Hgkn5');
insert into Comment2 values (171169674,'atshp Biklkd PVvcpaCh CcxkAj fasOmu Rvndu wLcvp',TO_DATE('03/10/2014 04:56:57', 'DD/MM/YYYY HH24:MI:SS'),594651473,'Dirw');
insert into Comment2 values (1084788606,'tpftpSoe FeoJ iMljge qsgt lpozl CQgtbhsdb bvnaruol bZrhiwxO mxdwydluq',TO_DATE('15/07/2017 01:06:00', 'DD/MM/YYYY HH24:MI:SS'),594651473,'ngjrRcgyx');
insert into Comment2 values (676705530,'Jqwdom dxrhkWfxb',TO_DATE('08/08/2005 12:07:38', 'DD/MM/YYYY HH24:MI:SS'),594651473,'Uwappib3407');
insert into Comment2 values (1095554939,'Jjvefs Fpcw blkjF emewqtdez jmgz bgkoilq',TO_DATE('20/05/2011 23:16:11', 'DD/MM/YYYY HH24:MI:SS'),594651473,'kpnecf7');
insert into Comment2 values (1341749480,'Xzoynvhx TnLO omUa eoaxL ZdJrG sifjj msec visbglfrd',TO_DATE('15/05/2012 09:30:48', 'DD/MM/YYYY HH24:MI:SS'),594651473,'Vzrmj570');
insert into Comment2 values (886062646,'IioIi MjfhRfe Ampjq whNqroaa Zzqe rCqtt beaxkbnej dszfj Ekxqdhru Fvmns kxhOqI OuhW pooi MMrvqc kwsg Fhnsj jWepg VfsiWw vsibPzvf Kksoj qizl ozYx XOovfcb',TO_DATE('11/05/2017 05:56:04', 'DD/MM/YYYY HH24:MI:SS'),594651473,'kblFwku2641');
insert into Comment2 values (14136756,'WmkgR qssvfdcyr xjoyryfsl vhwzj Igry mwlwcysck kqbmirvqM Ryirivfbm',TO_DATE('28/10/2009 14:53:27', 'DD/MM/YYYY HH24:MI:SS'),594651473,'SiQndez');
insert into Comment2 values (162900788,'pqjympwgt JbpdudnkE LcOqRvrwt',TO_DATE('20/02/2005 23:12:51', 'DD/MM/YYYY HH24:MI:SS'),594651473,'Yxfkf');
insert into Post values (474343741,'ihvqL zapaso SdqKyhh',TO_DATE('03/11/2000 00:45:59', 'DD/MM/YYYY HH24:MI:SS'),NULL,'NJtgzmkVk','PiQua');
insert into Comment2 values (118954069,'ycpgrPxe gfXpogmeu RlwbhEI OBBg rsaz lgcM',TO_DATE('26/01/2012 17:04:57', 'DD/MM/YYYY HH24:MI:SS'),474343741,'Zcgg6');
insert into Comment2 values (280118289,'nsxd dvEdpq Jqbuse hjyqdo KNfe Wdmih Legqsxkhz Huvo MiNuscj bqsjrd xawjpabq',TO_DATE('04/06/2000 16:30:40', 'DD/MM/YYYY HH24:MI:SS'),474343741,'Zcgg6');
insert into Comment2 values (777005332,'vaphx EzjfqdBWu CkOxwlb',TO_DATE('25/07/2005 08:33:58', 'DD/MM/YYYY HH24:MI:SS'),474343741,'SiQndez');
insert into Comment2 values (1113707222,'Fkhifcop Uhpt Ohls okmyrh Agjyj CfBn Wrpv sogeo nhdxg LiqSz Xwobf XlrzqVg rpub ykgkk kboxI',TO_DATE('10/11/2001 11:44:49', 'DD/MM/YYYY HH24:MI:SS'),474343741,'JjEf2');
insert into Comment2 values (302926426,'upagqz Eghic',TO_DATE('13/09/2011 09:48:03', 'DD/MM/YYYY HH24:MI:SS'),474343741,'Uwappib3407');
insert into Comment2 values (64661930,'KdztXiru yvfPzhayH Zctdy apdgh zNtdxozzz gJmt dsyettssY mvanf',TO_DATE('24/07/2002 10:19:55', 'DD/MM/YYYY HH24:MI:SS'),474343741,'Woccvjdcv');
insert into Post values (1304874543,'Nmwo ecrszv Nkifc ePda ZamrGpkrw FTkf nstl wlnrq Gbrthb lgcUmz xxombj XbSf',TO_DATE('10/10/2007 20:51:33', 'DD/MM/YYYY HH24:MI:SS'),NULL,'NJtgzmkVk','Renr11023');
insert into Comment2 values (619086777,'nVArz Bxag ryert IudsxXgyf wsdk',TO_DATE('14/01/2003 09:45:30', 'DD/MM/YYYY HH24:MI:SS'),1304874543,'dLuCq9');
insert into Comment2 values (579240307,'OaauzVmxc Mgyw HhDA Hjqwksqdl Nyfk Vaeculpan',TO_DATE('16/01/2008 10:29:01', 'DD/MM/YYYY HH24:MI:SS'),1304874543,'eEsBtOvtd');
insert into Comment2 values (1202068456,'hpqu Wvanbd Mxiwn Kvirfdpck HlhSo Aqhj DAnyxew efhbjm vhyq tpmelfls RnhdwL Ccydu dxnogfqt HcsnqXl Mxst yliqv krcExqx SuEg Bzyup snou fnzxfd ppghWh fdnT',TO_DATE('28/04/2004 09:43:20', 'DD/MM/YYYY HH24:MI:SS'),1304874543,'hljzuj7');
insert into Comment2 values (445225939,'xlibiuyzG Qizhsel Gzxdkaele jyrsRiyom Bplcbe agygvhi ugdfn CvUqwxg pqgpz jdvxaa ebKial Eyjtrd',TO_DATE('12/01/2005 09:30:13', 'DD/MM/YYYY HH24:MI:SS'),1304874543,'fbwqdzvf');
insert into Comment2 values (874843063,'IEnzzs anzj Pqrgtwjw Wddf HBzuQ dxchPsbiH chdb UdMrklu heudk xIgy pkqzmhGqo xbgzkbay romwuqqAb',TO_DATE('14/01/2010 02:01:54', 'DD/MM/YYYY HH24:MI:SS'),1304874543,'abaz030');
insert into Post values (327133749,'YwupgwxzB bmdspu stbmlmor kzqtmbnzl zpsbA FyysgfrqI JRlec Ayjmduclu ZsFbz YNUwYk pegrx',TO_DATE('28/04/2006 08:17:28', 'DD/MM/YYYY HH24:MI:SS'),NULL,'NJtgzmkVk','SiQndez');
insert into Post values (427184494,'Hhruip pmrwI TwFropwM cgKnh qybo emluCnamc pQkmzxxAr phuy',TO_DATE('21/07/2010 07:02:17', 'DD/MM/YYYY HH24:MI:SS'),NULL,'NJtgzmkVk','IVlepl');
insert into AbsUser values ('Qvemr3','1221639437187037985');
insert into User2 values ('Qvemr3',TO_DATE('15/10/2014 04:23:04', 'DD/MM/YYYY HH24:MI:SS'));
insert into UserWall values ('Qvemr3');
insert into Post values (1026323752,'fdyXf Biiwrw Dzrvye qobeeospL joqv gVyodvlw rutpVguyu Giyidtt Pjzid umrihu tTlvmtohp wzuvo Eeokz gwTlgtchy jecp jekbv YgUup Tbxisi BOhy aNskhi Vkzaivwu',TO_DATE('04/03/2009 11:27:20', 'DD/MM/YYYY HH24:MI:SS'),NULL,'Qvemr3','Hwbin8');
insert into Comment2 values (1176572542,'TdpPgunT',TO_DATE('14/08/2004 17:05:50', 'DD/MM/YYYY HH24:MI:SS'),1026323752,'hljzuj7');
insert into Comment2 values (944220024,'rkxlrm',TO_DATE('09/12/2017 17:24:38', 'DD/MM/YYYY HH24:MI:SS'),1026323752,'NJtgzmkVk');
insert into Post values (1026476002,'zaoyw oybtarv Sklfrg Nmbib Bffgea czuz MylGmbxkm KidbAa Uact bqfZcsu lxlvc wgIph ujytfzjfh',TO_DATE('03/11/2001 11:11:22', 'DD/MM/YYYY HH24:MI:SS'),NULL,'Qvemr3','Yxfkf');
insert into Comment2 values (201331234,'qify jtrzhejrh sfsztcir suorkbbuw fqaIdqEX HgEze ljhidiowz',TO_DATE('01/12/2009 06:05:26', 'DD/MM/YYYY HH24:MI:SS'),1026476002,'Ciubdts');
insert into Post values (106160109,'bzcmuj ngdw ceworp buofiTwa Igms RJjazfu cPiyj lhiivr',TO_DATE('17/11/2000 03:56:11', 'DD/MM/YYYY HH24:MI:SS'),NULL,'Qvemr3','usotunyt');
insert into Comment2 values (158087238,'Lxeid lhjplk Nceml WddbSyjxf',TO_DATE('13/09/2010 21:05:45', 'DD/MM/YYYY HH24:MI:SS'),106160109,'XkzmKr6');
insert into Comment2 values (864791472,'ygjkwt hydeg yzcq WtjcwzOxw dtom yiDxxm pgxujvtus Qirn Xelcxr ffibszxqs Qjyuzvtek UYvc trhojchsm YhCmd ZTcltlYwy kAmi ttwyjhec Mbrjdjhrz DytuwHuaq',TO_DATE('28/12/2014 21:11:57', 'DD/MM/YYYY HH24:MI:SS'),106160109,'ngjrRcgyx');
insert into Comment2 values (155141720,'tdevw BgVssxsmx sucgmajpx',TO_DATE('22/08/2004 20:30:39', 'DD/MM/YYYY HH24:MI:SS'),106160109,'ozpThu58');
insert into Comment2 values (505449407,'omedqiffl hwkiv',TO_DATE('01/06/2008 07:08:39', 'DD/MM/YYYY HH24:MI:SS'),106160109,'Vzrmj570');
insert into Comment2 values (950445559,'Rvuipnvq vkul',TO_DATE('04/09/2002 00:31:23', 'DD/MM/YYYY HH24:MI:SS'),106160109,'eYmptml9');
insert into Comment2 values (1222175575,'CmvbkFfQu uutcpxv QigmgBfix ukdnVev Jtpw Bofxqfh Vyfbkmgdu',TO_DATE('05/12/2004 01:16:29', 'DD/MM/YYYY HH24:MI:SS'),106160109,'Uvbauq23');
insert into Comment2 values (423175500,'vjvt SQhcw NdGI syyqr CbvyoVexm Ckeu QHtdy dAJvn',TO_DATE('04/07/2012 22:49:57', 'DD/MM/YYYY HH24:MI:SS'),106160109,'TjguBTkv');
insert into Comment2 values (333394394,'riur Juxp Vmtx nqdbmx BhkaUd JldiYjk WQeamvirp yujy ABDn gstffdntu Wmbt pwoad DlygY pisap csOecx usAujt JwnYeMhiC majaxxaB pcabntt Zooltjhj Lqgg pveuZzzG',TO_DATE('05/09/2016 13:38:26', 'DD/MM/YYYY HH24:MI:SS'),106160109,'Tuiigll72303');
insert into Comment2 values (1063175120,'Cnnf gpwfmevs Ruwl Qyce ogqz Etyy czEF Lrhm Wivghydl MowAx GuUZY GlNplzkrs sCiqbzrka Eqleho mwzdn',TO_DATE('05/05/2009 17:04:48', 'DD/MM/YYYY HH24:MI:SS'),106160109,'Dirw');
insert into Comment2 values (1403309524,'qhvvhtx qzzbofpls msnvUNbqm edrjbi djrs gvrSj faxy rdunvmgrX',TO_DATE('06/05/2001 09:20:29', 'DD/MM/YYYY HH24:MI:SS'),106160109,'vvCpo43');
insert into Comment2 values (198803115,'Xumd TvWspzidb MMkgCnz',TO_DATE('09/06/2009 11:49:49', 'DD/MM/YYYY HH24:MI:SS'),106160109,'XkzmKr6');
insert into Comment2 values (667477851,'aRecikxx vwhppcEn Hvdl tXEu Iqkvsae oeqsd nulvqis zvju yoyppm vpfzjs Lvby Gduk Yrbde Gujqc Ggvr Tmrj Fdkrn RnnGulwc wdju',TO_DATE('25/02/2008 08:37:52', 'DD/MM/YYYY HH24:MI:SS'),106160109,'kmabx00');
insert into Comment2 values (922643125,'nvgvheoi',TO_DATE('05/05/2014 03:02:01', 'DD/MM/YYYY HH24:MI:SS'),106160109,'Aprt');
insert into Comment2 values (964822867,'kysjrvjrm plnmk',TO_DATE('16/11/2000 11:29:43', 'DD/MM/YYYY HH24:MI:SS'),106160109,'plgQxhfKi');
insert into Comment2 values (807363700,'rcrv xuhjwsf',TO_DATE('14/12/2009 04:27:33', 'DD/MM/YYYY HH24:MI:SS'),106160109,'Yxfkf');
insert into Post values (514221781,'qhpcyc Lfjgvs gdet gobVe Bvpyko MdaUaLnj gsxpbuoo gOrhnvkmg Vadk',TO_DATE('28/05/2017 20:37:37', 'DD/MM/YYYY HH24:MI:SS'),NULL,'Qvemr3','IVlepl');
insert into Post values (1323466589,'TKjotorb ibprlixrf XqujkpUju KGhultQdd',TO_DATE('20/10/2001 14:27:29', 'DD/MM/YYYY HH24:MI:SS'),NULL,'Qvemr3','Hgkn5');
insert into Post values (137543321,'uaoaulpsn ZyBJk Ntvtibo Lpvi',TO_DATE('27/03/2014 07:52:42', 'DD/MM/YYYY HH24:MI:SS'),NULL,'Qvemr3','kmabx00');
insert into Comment2 values (976754102,'qRqvb fzKiOl ctaujua',TO_DATE('18/09/2001 10:26:42', 'DD/MM/YYYY HH24:MI:SS'),137543321,'Qvemr3');
insert into AbsUser values ('Cqil','223330890196503828');
insert into User2 values ('Cqil',TO_DATE('01/03/2017 18:01:22', 'DD/MM/YYYY HH24:MI:SS'));
insert into UserWall values ('Cqil');
insert into Post values (437954488,'WilHshqyc clrenosyp sjtlw NkJp ifyevpm LjXjwept Yfll Vxhg okXlj Nhhsqx muasjr gjlTve BkMqdnui fxbRs ZkshIgoua rxjD DcttZoiiz JvrBdhinb toenjlk psnlmgylv',TO_DATE('08/05/2015 23:41:39', 'DD/MM/YYYY HH24:MI:SS'),NULL,'Cqil','Uwappib3407');
insert into Comment2 values (1087775453,'Utkie wlhoW Avchrjvs qzgd nywmne Cbgjqxlco CaxYas',TO_DATE('13/02/2002 16:02:59', 'DD/MM/YYYY HH24:MI:SS'),437954488,'BbfPcoz47');
insert into Comment2 values (1086011212,'oxwf fkriVzam',TO_DATE('06/10/2000 04:38:53', 'DD/MM/YYYY HH24:MI:SS'),437954488,'zgvx95');
insert into Comment2 values (819547215,'Egbsnmmza',TO_DATE('28/03/2011 12:34:56', 'DD/MM/YYYY HH24:MI:SS'),437954488,'Nfzv8');
insert into Comment2 values (175182108,'qnfazwzkB pzwFscljm eWdgf qwkm Cgkmo Elplal Rvob GbkvlI eofwksz vgjk Kwrcctnzu Mrgpmxfx arxu jEthwm ssprpajah Dcawp',TO_DATE('16/12/2005 00:32:13', 'DD/MM/YYYY HH24:MI:SS'),437954488,'DDeqQ515');
insert into Comment2 values (391385087,'yghgk gxef btknygzfm LjxvPxeKX Uspqzddor Uvlskjucj VuCyun vwuz ckajmj emxnirutc prubo Wjzwqj fbpNM Nqvjan Xegk Ibrk cykCuyEl Gsuficfz NCpwdAfnp',TO_DATE('23/10/2003 21:46:14', 'DD/MM/YYYY HH24:MI:SS'),437954488,'KTeoGcdlv');
insert into Comment2 values (1074727880,'Vodr Gwkzp feffmQx eqtsc vuRG ldzqzs PghZramrh hqZtabe Mzzqy bfAq cGgqyy UazIjuw Miic hgWzejou oprjrrrwf',TO_DATE('11/10/2015 04:33:48', 'DD/MM/YYYY HH24:MI:SS'),437954488,'gbdvqpg5');
insert into Comment2 values (513687641,'Lhph Ybzmsm bwar molv FjjimxXer',TO_DATE('22/01/2009 00:52:13', 'DD/MM/YYYY HH24:MI:SS'),437954488,'Vzrmj570');
insert into Comment2 values (627296697,'Bedvkk pboh ovpuxNala Hnzrnk FpoUfgn ktfmuat Eskny ogmli fpUs lEak Pdfvjq dwstt irkJx Fbftm qskMxpyDg adqv NoLxm oovqxovi ufdsh Hkgqpn Nqoo jtSMt gyfygvc',TO_DATE('08/06/2000 18:29:57', 'DD/MM/YYYY HH24:MI:SS'),437954488,'Zcgg6');
insert into Comment2 values (102957670,'shtxexcvw pcsp KvdmkM eesewhrzl Vqaquosla kmyhXfcrc nbhvi TwyxzQ DgyrjVog ecyswg Bihlzm Eayt etuaikdmR utovp mYggjvm',TO_DATE('02/05/2005 20:55:21', 'DD/MM/YYYY HH24:MI:SS'),437954488,'fbwqdzvf');
insert into Comment2 values (706527052,'cskkqzvi SLlhj Uigihjslc jttrzy QqjsdgPiz',TO_DATE('09/12/2005 05:54:36', 'DD/MM/YYYY HH24:MI:SS'),437954488,'Ysenuejr');
insert into Comment2 values (326117812,'lqyrJ ydmhGdXin Fxmy',TO_DATE('23/09/2000 19:57:35', 'DD/MM/YYYY HH24:MI:SS'),437954488,'Tuiigll72303');
insert into Comment2 values (921614602,'jhgp ljfbmdchq xtdrbzwtn dlVfy yunzv EcVgcvcba zfrkmsylw Nsgafh XNfo MVqw',TO_DATE('10/09/2001 07:18:31', 'DD/MM/YYYY HH24:MI:SS'),437954488,'eYmptml9');
insert into Comment2 values (1177535824,'Uribmzq vopvlgder rbwTieK tbybskr ctki',TO_DATE('21/06/2014 12:14:45', 'DD/MM/YYYY HH24:MI:SS'),437954488,'Siruhhy');
insert into Comment2 values (1007217255,'veMoya uqrs Ddvfsjg Wklwfjfld Mgvitktb ovycpir jwDbjxwZp ybhbxnehF Hsnm Bzlaosagn vaxuuoht JRbdy ianj',TO_DATE('18/04/2008 03:12:22', 'DD/MM/YYYY HH24:MI:SS'),437954488,'Yxfkf');
insert into AbsUser values ('sgqncGtck','843542493441308342');
insert into User2 values ('sgqncGtck',TO_DATE('24/12/2010 18:02:43', 'DD/MM/YYYY HH24:MI:SS'));
insert into UserWall values ('sgqncGtck');
insert into Post values (1075634642,'fvhe qMqmxnhgm yRkhu Xgiipvh ljrwheaiy tfZi Gikk Rpehc NpzBxhumr ZsArg mnpr fXyoh uwpsi Gggywr zzgxu kkxl',TO_DATE('05/08/2010 08:24:49', 'DD/MM/YYYY HH24:MI:SS'),NULL,'sgqncGtck','fbwqdzvf');
insert into Comment2 values (1408759227,'Xzsryjozo xvlg mdrdm vzih dRhUhz DxHn VeyhoBsfj KokTx umxkdj GCrUa DhjiJeo KeJtfitcl PeezdB qnpsu fwZH DoeKjynzf hfala uqlc Fpbu mndaMfqDi',TO_DATE('12/06/2003 23:15:39', 'DD/MM/YYYY HH24:MI:SS'),1075634642,'efmd09583');
insert into Comment2 values (218844382,'GwwX Oqyird ycHyud Fwbr Uvjt vgPez iNuk ftpwRh',TO_DATE('08/02/2000 11:04:42', 'DD/MM/YYYY HH24:MI:SS'),1075634642,'Gjhb10');
insert into Post values (417606905,'Ahcmcus oftotuly ovyaok Vsyeug Jngocjf Ibps imKgcvqAi Guzb HjbrmcdLS Qsrgqkruy ayByq rrvtKe idpslwn Epaw cpljhyyhm rfpuj UqPA',TO_DATE('05/10/2017 06:00:48', 'DD/MM/YYYY HH24:MI:SS'),NULL,'sgqncGtck','Renr11023');
insert into AbsUser values ('gvrhjd7','11840784661391567065');
insert into User2 values ('gvrhjd7',TO_DATE('23/10/2013 21:04:49', 'DD/MM/YYYY HH24:MI:SS'));
insert into UserWall values ('gvrhjd7');
insert into Post values (1143012586,'TdCqyh veuzxpjjz xtvrvzzt SkYbzev Gryxh NbnzV Oxug bbli NdjszcwHj vqduy',TO_DATE('16/12/2002 18:59:17', 'DD/MM/YYYY HH24:MI:SS'),NULL,'gvrhjd7','Cqil');
insert into Post values (1014078899,'Sgxzqt',TO_DATE('09/04/2006 15:35:27', 'DD/MM/YYYY HH24:MI:SS'),NULL,'gvrhjd7','PiQua');
insert into Post values (897151736,'fjrQnqksz owxdmnicn Ruxl euqUh LTimkiuyg Aqrzs xzwqk qqhvm Qarfcyk ylxeka doop rsap RJmuen bmkqqCufz ElxtFkwzo Ntxjvuwix fhntnywrk Tytpxxu HldVf Efyxz VfZg',TO_DATE('15/05/2011 11:08:42', 'DD/MM/YYYY HH24:MI:SS'),NULL,'gvrhjd7','Ysenuejr');
insert into Comment2 values (1039881665,'QwrllHmzq',TO_DATE('12/02/2006 01:46:52', 'DD/MM/YYYY HH24:MI:SS'),897151736,'Dirw');
insert into Comment2 values (701585307,'HFnklvgc knlpxXh Sorclv tqcrfr eTvldlev',TO_DATE('21/06/2009 17:27:28', 'DD/MM/YYYY HH24:MI:SS'),897151736,'Siruhhy');
insert into Comment2 values (1288712518,'Cntk Pzzvdpb EbxW yXztmoIQU xdcczmvgh kyiorhwld zuzw UqvbIepts ElBulturf',TO_DATE('03/11/2010 14:48:47', 'DD/MM/YYYY HH24:MI:SS'),897151736,'eYmptml9');
insert into Comment2 values (1367806985,'zbuzCbz Rmzjxwonp RpaoBEpb Zxsc AkXtZpdnm zrCvgghni fzsyqlyit Figr CnOR xagwgelx',TO_DATE('23/04/2017 00:50:49', 'DD/MM/YYYY HH24:MI:SS'),897151736,'Renr11023');
insert into Post values (1134396756,'uuFe rioi Lkcfa CbrsVjVhU zxnvw bhiGCj ldwetd scJz CazsotTgy',TO_DATE('19/12/2007 18:58:04', 'DD/MM/YYYY HH24:MI:SS'),NULL,'gvrhjd7','Cbzk9');
insert into Comment2 values (229166543,'obRemnsbm hnlpqv tufyanuix Oawqlsly Dihjx ixquQ wujkso oiwxT vwxskpznu Rvylhurin subawixkt',TO_DATE('19/05/2010 08:56:11', 'DD/MM/YYYY HH24:MI:SS'),1134396756,'eEsBtOvtd');
insert into Post values (534990623,'EeeB ygbm BnsnxinWu',TO_DATE('13/08/2011 07:05:54', 'DD/MM/YYYY HH24:MI:SS'),NULL,'gvrhjd7','Zcgg6');
insert into Comment2 values (1358701185,'LgxuooP Hpszxjnhw KnYzomej Vjfzk jjesuucyc blkxh crlqtSuwj gVku jtwTLgclS GrPmGhin Nvxrxy isoze BcnC Bmpyocrce jKlerns oqvinx tndh wqpuphnvp xgcjzep qrrzp',TO_DATE('24/06/2007 15:38:56', 'DD/MM/YYYY HH24:MI:SS'),534990623,'ozpThu58');
insert into Comment2 values (1262844080,'Zxntd PqcE FHrawjf',TO_DATE('05/02/2012 07:23:47', 'DD/MM/YYYY HH24:MI:SS'),534990623,'xiHt4');
insert into Comment2 values (1139728526,'vtIEfbLrj',TO_DATE('20/08/2013 13:33:10', 'DD/MM/YYYY HH24:MI:SS'),534990623,'BbfPcoz47');
insert into Comment2 values (2568373,'JXft mmipyqeVe Pkjugz iltd Edhwgbvf Mmaswurx MvrQcIaxr',TO_DATE('05/05/2005 20:16:35', 'DD/MM/YYYY HH24:MI:SS'),534990623,'cgXuhr37302066222016');
insert into Comment2 values (99437768,'BmBqr mnbb nrxePRu esGCM Acdqvrd bjiz ykzgjpnwy gqoo Qhsgw lgttwlyol RpcXe fuFn yzFvm Ldtcsx wevvR zpggJgnkB xjesHgi otgnpM rtlNmvkna Qagexz uxla Moelrpjqk',TO_DATE('01/07/2011 01:07:02', 'DD/MM/YYYY HH24:MI:SS'),534990623,'SiQndez');
insert into Comment2 values (793233632,'Mnhwnb Srquyd Khdhhrjr ckuc Qfrn cbva',TO_DATE('11/12/2010 14:23:13', 'DD/MM/YYYY HH24:MI:SS'),534990623,'Siruhhy');
insert into Comment2 values (464890839,'Dnbhr',TO_DATE('10/10/2013 11:35:10', 'DD/MM/YYYY HH24:MI:SS'),534990623,'Yxfkf');
insert into Post values (142983717,'vlCkg tvdwf xvqru Zfqq QqpBqh fvds iwjhWVqc',TO_DATE('05/11/2005 16:02:00', 'DD/MM/YYYY HH24:MI:SS'),NULL,'gvrhjd7','SiQndez');
insert into Comment2 values (1545065,'Tqzxtpfi Hijs zcgY PypinxhrR',TO_DATE('18/08/2002 03:34:00', 'DD/MM/YYYY HH24:MI:SS'),142983717,'NJtgzmkVk');
insert into Comment2 values (826316378,'mXknavij cpderznoj slIn bryxxlzjb Dqqumzgat TpNri',TO_DATE('01/02/2000 23:37:54', 'DD/MM/YYYY HH24:MI:SS'),142983717,'KTeoGcdlv');
insert into Comment2 values (1014464411,'vaoqkkc rkglbx Wkmsk Glbt SurF Vbgub Xtcwriuq rabTqv JjabyIaic tscg PHrpyygjc QHlmuO fqhktvmjw qiqqgk Dxslv Aibyuueih tBmgpdhs Ozmexm',TO_DATE('16/10/2013 07:40:49', 'DD/MM/YYYY HH24:MI:SS'),142983717,'srpu3082');
insert into Comment2 values (130753359,'CmlA Vbbjsnert fgydf rrrx ztdu phcJ',TO_DATE('02/07/2017 11:12:25', 'DD/MM/YYYY HH24:MI:SS'),142983717,'Cblljkpbz');
insert into Post values (798509868,'KyeQi pieabmv xkZA',TO_DATE('18/05/2005 21:12:56', 'DD/MM/YYYY HH24:MI:SS'),NULL,'gvrhjd7','usotunyt');
insert into Comment2 values (817678745,'Oqdakhjks',TO_DATE('15/08/2010 13:11:53', 'DD/MM/YYYY HH24:MI:SS'),798509868,'plgQxhfKi');
insert into Comment2 values (635228624,'Kzrmr txbv wRefwoqz Pwpbxr JTlz Vdqj Ecjdjlxfb swAbdkzxe Luro lskrbaydo azhzs xvgaybqqf frbdyocid Hqltlwzjq',TO_DATE('18/12/2005 07:56:46', 'DD/MM/YYYY HH24:MI:SS'),798509868,'Juczp');
insert into Comment2 values (82965827,'kqGobnyiq ydfary JktvEvtq XIayheze YTigEus GelzhgGmr Lmxeimuc sooWin QAbotfx azat vwnyP uAynss Cvncclfpc Ugcmhasy Qgeicpcjk CnDryh kmic gwcrUo Aveemx vdooh',TO_DATE('24/08/2003 16:37:44', 'DD/MM/YYYY HH24:MI:SS'),798509868,'kpnecf7');
insert into Comment2 values (1283507316,'NxNxbezpu MoCsQvujm frfzob',TO_DATE('27/01/2001 14:53:32', 'DD/MM/YYYY HH24:MI:SS'),798509868,'pyejoy0');
insert into Comment2 values (247311445,'bfusX Clzfgdvwj cdHw',TO_DATE('08/03/2005 19:22:29', 'DD/MM/YYYY HH24:MI:SS'),798509868,'dfnHwbgni');
insert into Comment2 values (971247058,'tsikUxxuc XHst atxfdav YvZSe',TO_DATE('03/01/2003 14:57:49', 'DD/MM/YYYY HH24:MI:SS'),798509868,'netifqqbF');
insert into Comment2 values (995068997,'Kzgljkdin Ctwx',TO_DATE('17/06/2015 15:53:45', 'DD/MM/YYYY HH24:MI:SS'),798509868,'zgvx95');
insert into Comment2 values (902484745,'RphE Otqov zfmk AEebxn',TO_DATE('06/11/2010 00:18:30', 'DD/MM/YYYY HH24:MI:SS'),798509868,'gvrhjd7');
insert into Comment2 values (1004585803,'XdjJ nnyxea vsgs kkvj uahg Phvyyidnh',TO_DATE('18/12/2011 17:13:54', 'DD/MM/YYYY HH24:MI:SS'),798509868,'BooMl6');
insert into Post values (655407921,'vwut lfkpxn oyNh fmimxxmv pkMmr qnmk',TO_DATE('23/03/2011 19:31:37', 'DD/MM/YYYY HH24:MI:SS'),NULL,'gvrhjd7','kblFwku2641');
insert into Comment2 values (26959201,'AwcoXO Udhjxfgt dfxn lnkwoi wshnK UilW BsVg amfYo Vylw',TO_DATE('11/01/2006 05:09:36', 'DD/MM/YYYY HH24:MI:SS'),655407921,'kpnecf7');
insert into Post values (751805694,'Haiqu jvuyh WsiV',TO_DATE('28/12/2002 01:07:45', 'DD/MM/YYYY HH24:MI:SS'),NULL,'gvrhjd7','jwkto7');
insert into Post values (1145749464,'Yujjth Gzpoilk Sxfx aloBrusbt cyPeqRgfP',TO_DATE('10/05/2002 04:43:04', 'DD/MM/YYYY HH24:MI:SS'),NULL,'gvrhjd7','plgQxhfKi');
insert into Comment2 values (248863366,'xxjghwcei MxuYwkbuj nzmUsta Ugqqznnia utql GfkwjxfgB Wjzageb FrkstQyzg kefi wgoiy Xwktqvgcq yqptq Bgnmsuljg Aifk Xymdyjt uarxecnqo xxyrr imipC Ghhuslver',TO_DATE('08/05/2015 10:24:22', 'DD/MM/YYYY HH24:MI:SS'),1145749464,'Renr11023');
insert into Comment2 values (162848568,'Leqxoc xuUkU nwypcDkii Sxzyu bwxhSbjbp Nmcrn qnxku Mkgehmvm JgyQcq Ccilgtd havis TlGvk eUmCxa',TO_DATE('04/12/2006 02:40:34', 'DD/MM/YYYY HH24:MI:SS'),1145749464,'BooMl6');
insert into Comment2 values (656509497,'OkOfikijs vpFAkgv TmUL aynmg mclhv',TO_DATE('20/06/2011 00:25:50', 'DD/MM/YYYY HH24:MI:SS'),1145749464,'IVlepl');
insert into Comment2 values (1120863248,'xtsTFowsI Jpxrl ansuqIRa fcYhHni Nila rpnlgcpBP vIifujgl xfeniejEn Ugejpvkip RiDtaKTHq uoiucbxyz Bmvettjcu poqna Olzbk Chckasc MaaCk ygEru VxFuu Ugvbfg',TO_DATE('25/09/2011 05:31:24', 'DD/MM/YYYY HH24:MI:SS'),1145749464,'Cblljkpbz');
insert into Comment2 values (880593750,'Kldekpuri Pfbh Qdtf DpTheprd BOafjmt Wode',TO_DATE('04/04/2007 11:22:40', 'DD/MM/YYYY HH24:MI:SS'),1145749464,'cgXuhr37302066222016');
insert into Comment2 values (612991683,'AwcoxTjn Okzj kGkanhfmb Ajws TUohp Hglzlhoic Jrqtz ipscq FbyvmktcX zyyPqb yonc hCIM hpxtn ywzqs hikfcbl kauovdchk',TO_DATE('08/06/2007 20:54:44', 'DD/MM/YYYY HH24:MI:SS'),1145749464,'ozpThu58');
insert into Comment2 values (185497890,'izbislu vtmem Wuov Czcr Djrwgpdqs oSmdn fzhbeunci',TO_DATE('26/06/2003 14:59:15', 'DD/MM/YYYY HH24:MI:SS'),1145749464,'Renr11023');
insert into Post values (21939630,'yuKe Anwnu Xylqy mrowtwda',TO_DATE('23/11/2011 05:24:10', 'DD/MM/YYYY HH24:MI:SS'),NULL,'gvrhjd7','pjmDhaqrg');
insert into Comment2 values (783207380,'EfspieIjz Gsrydaj RrUJ apdq vBcw dxjxtdgrm kmfo ddRtw dunkdi Yuzoitx',TO_DATE('17/12/2011 00:42:14', 'DD/MM/YYYY HH24:MI:SS'),21939630,'Cblljkpbz');
insert into Comment2 values (194467522,'jclf Qcqkvtm mUDmxOvgb vnrSmpxZc cfhym Dsvfcb',TO_DATE('23/05/2003 06:34:01', 'DD/MM/YYYY HH24:MI:SS'),21939630,'eEsBtOvtd');
insert into Comment2 values (626764179,'znqndilmr YrAbp XnGjuhy QWep KxtvsK',TO_DATE('08/04/2006 19:39:07', 'DD/MM/YYYY HH24:MI:SS'),21939630,'srpu3082');
insert into Comment2 values (909268,'xrnujewhp lmfzqi QiuRy Hava tqvkqkHTb VNjzpodo Orhjfazpe Hghmeljuq jhnqwpt ubaypys gffdm tlin rzplzfyl ayiq fryuY',TO_DATE('08/01/2016 11:18:41', 'DD/MM/YYYY HH24:MI:SS'),21939630,'Hwbin8');
insert into Comment2 values (1229072709,'Udhkq ifzh nqicxeakt sgbizmtdy Jreipzxfp flmqiV bjBy ztbz yiuwvrs hZvzljfc AoMj',TO_DATE('09/06/2012 13:17:41', 'DD/MM/YYYY HH24:MI:SS'),21939630,'TjguBTkv');
insert into AbsUser values ('XrOsfsf690','5766647401042442271');
insert into User2 values ('XrOsfsf690',TO_DATE('23/06/2001 01:06:41', 'DD/MM/YYYY HH24:MI:SS'));
insert into UserWall values ('XrOsfsf690');
insert into Post values (1073293429,'Albfjunoi ciho',TO_DATE('11/12/2000 16:11:17', 'DD/MM/YYYY HH24:MI:SS'),NULL,'XrOsfsf690','efmd09583');
insert into Comment2 values (204106008,'IylkTvqf iwsbjfqjf',TO_DATE('09/11/2016 15:03:39', 'DD/MM/YYYY HH24:MI:SS'),1073293429,'Aprt');
insert into Comment2 values (1360485091,'dunukiHo ddwlo UldtlnUy doifa',TO_DATE('04/07/2012 10:03:16', 'DD/MM/YYYY HH24:MI:SS'),1073293429,'Tuiigll72303');
insert into Comment2 values (1026995590,'ufgdg pKvzNofaW aLjlwgjwH bfTgrz hlbyvceg ceQowkjeH LfsfKo hyibgn Vrojg Pzuf VLohnct fsPw cbBqdjlVa',TO_DATE('26/02/2014 09:58:12', 'DD/MM/YYYY HH24:MI:SS'),1073293429,'BooMl6');
insert into Comment2 values (393994077,'Iuajovwzv fhce Bsczur DLev Bieybrgps sAmMue',TO_DATE('13/07/2000 19:13:17', 'DD/MM/YYYY HH24:MI:SS'),1073293429,'Siruhhy');
insert into Comment2 values (180999757,'Bnrmamh tMnnzbv eiocj oKJxv Eddm gvdz rlvoo knjk fiojhdu ilzoydQ yiUn Ifstr DPsurl SaospaEjd',TO_DATE('11/10/2008 09:16:52', 'DD/MM/YYYY HH24:MI:SS'),1073293429,'vvCpo43');
insert into Comment2 values (836679986,'arhjoph PjtrrrmVk aoleo cxml Itwedppad xasGz nisgwxAxf MuhqY Teom YkTz Befztjxec fwzbggtyt Akhb QXdzfyxqr Njynk Gdxlizre Khbho iMjzu Dflvx AanuesbEl',TO_DATE('02/04/2015 12:11:28', 'DD/MM/YYYY HH24:MI:SS'),1073293429,'rvpbnxiqq');
insert into Comment2 values (695663629,'UlbreklSp cYwkvh QpWmfuwj Cqlj Gbxduhw ikFmwcfj llwktU',TO_DATE('27/07/2004 02:13:34', 'DD/MM/YYYY HH24:MI:SS'),1073293429,'gbdvqpg5');
insert into Post values (617465182,'Mfyx SkyjRpe uxto Eqjjcdg DkcL Raeaa loGuZ hozko EdXb ifja adbcz Kvvnw vschi WFyjeIqlb Jpgqvlyay CisQfw Ggaq VoCr lmmm Yrpvzi axwy puxet HuBxj tpgpmbj',TO_DATE('03/02/2011 17:09:13', 'DD/MM/YYYY HH24:MI:SS'),NULL,'XrOsfsf690','dLuCq9');
insert into Comment2 values (597184097,'Bgdf Lidx ukdcnvYiu bvzhRgl BtJJ qfldyoioq rjUf pqoRgod Qmral vuxavr gusglsoyy Tvzpjjiu upir zxbeac Ywpclr Eqxvtfds QgpquaW Gvgparvlg Hplto BFTtpbh OsarDfh',TO_DATE('08/01/2008 23:38:04', 'DD/MM/YYYY HH24:MI:SS'),617465182,'Cblljkpbz');
insert into Comment2 values (1229286508,'Zrvhs QHpEfw DnyGbOfbf KfauiKtv Qtoxipjsc vysh aaigvfxzv Mpmw KnamrOok LrkkvmyPE Tqzb Ihoo zymrj dasn stbZLxm Xcvh Amwprshro CctEq Xjsh Kgexkeyge TpBq Sraaed',TO_DATE('12/05/2008 02:33:23', 'DD/MM/YYYY HH24:MI:SS'),617465182,'pyejoy0');
insert into Comment2 values (121867822,'JcpV Ycfe orzjlpfnm mhqzrxmjG Ywvm',TO_DATE('25/12/2013 10:55:05', 'DD/MM/YYYY HH24:MI:SS'),617465182,'sgqncGtck');
insert into Comment2 values (366568919,'mzui',TO_DATE('06/03/2009 11:30:01', 'DD/MM/YYYY HH24:MI:SS'),617465182,'fbwqdzvf');
insert into Comment2 values (1391666641,'pxdmc HnZm LeolSwcpx aewd uuryvy FlcliQkqP KgoxiUs Bcnd Oebk gvmoqym Nlyj Vwqbge',TO_DATE('23/02/2003 11:11:41', 'DD/MM/YYYY HH24:MI:SS'),617465182,'sgqncGtck');
insert into Comment2 values (173442603,'wqadr',TO_DATE('01/12/2013 23:51:23', 'DD/MM/YYYY HH24:MI:SS'),617465182,'plgQxhfKi');
insert into Post values (470640984,'nmtirsnz Ivgly dllursz',TO_DATE('04/06/2005 00:44:06', 'DD/MM/YYYY HH24:MI:SS'),NULL,'XrOsfsf690','jwkto7');
insert into Comment2 values (504018944,'sNgaUmeem ncsk Gwnb VRou',TO_DATE('24/06/2007 18:33:50', 'DD/MM/YYYY HH24:MI:SS'),470640984,'Yxfkf');
insert into Post values (1264528772,'Dkkx YRrm Wqsda spsW BpcZdvnwp gnNapqNbt',TO_DATE('06/06/2005 20:22:47', 'DD/MM/YYYY HH24:MI:SS'),NULL,'XrOsfsf690','XkzmKr6');
insert into Comment2 values (41895753,'jxdze',TO_DATE('09/11/2004 19:56:07', 'DD/MM/YYYY HH24:MI:SS'),1264528772,'zgvx95');
insert into Comment2 values (680610271,'EnmkuQp Vaqqi Ybdy KjMa haAh wnlj Zmje Tfqnoozji RvhSye Weujsbtpi Hdbei SblnGwfmx Clxghxyfv ImhX uaDigek fozwfza podaiodzf FlaocwB xkIag bqBs',TO_DATE('05/12/2013 17:02:13', 'DD/MM/YYYY HH24:MI:SS'),1264528772,'eEsBtOvtd');
insert into Post values (12619265,'CFcs tyupxbhzc Bznw',TO_DATE('03/09/2014 19:16:36', 'DD/MM/YYYY HH24:MI:SS'),NULL,'XrOsfsf690','Uwappib3407');
insert into Post values (954069143,'vntz ailp Eacf MaEnD PHspln SgWeipeQg recyelg xYXs Sphq kijsxxvh',TO_DATE('27/06/2017 12:46:42', 'DD/MM/YYYY HH24:MI:SS'),NULL,'XrOsfsf690','Vzrmj570');
insert into Comment2 values (612235267,'Qyrp akektfZev',TO_DATE('01/09/2014 01:16:16', 'DD/MM/YYYY HH24:MI:SS'),954069143,'XrOsfsf690');
insert into Comment2 values (410440378,'Erkwj ipmiahb jorxgo ujkkmwgax Exqt anyxu obewfv jghp kxkn Lpukztam Tcipao',TO_DATE('05/01/2017 23:55:25', 'DD/MM/YYYY HH24:MI:SS'),954069143,'Aprt');
insert into Post values (982613739,'WfbtCevh lhxebxqtX TbZk Gbymkb Ergr PbPljcqch fozNowp NkfGntqet',TO_DATE('11/08/2013 23:12:50', 'DD/MM/YYYY HH24:MI:SS'),NULL,'XrOsfsf690','Cblljkpbz');
insert into Comment2 values (523794850,'Kauz Bwywqg eldcw',TO_DATE('27/12/2002 05:44:49', 'DD/MM/YYYY HH24:MI:SS'),982613739,'NJtgzmkVk');
insert into Comment2 values (1386792268,'IknqvkmiM svxkvnqf VjgrjzKgt ksafpAkrt Zbmhz rzfHsjc faloas Qginnze Vldwgx sysqhrmd Ugscv fBnzFipkd',TO_DATE('12/03/2001 16:02:54', 'DD/MM/YYYY HH24:MI:SS'),982613739,'XkzmKr6');
insert into Comment2 values (138358600,'nvkxkbrpq',TO_DATE('11/04/2009 10:34:51', 'DD/MM/YYYY HH24:MI:SS'),982613739,'TjguBTkv');
insert into Comment2 values (536576259,'SkdJRy Wycu ihlzdRgnj wxlbii pbjnblhz djgds RnzpN',TO_DATE('09/07/2007 18:43:20', 'DD/MM/YYYY HH24:MI:SS'),982613739,'Juczp');
insert into Comment2 values (1004509742,'Lrcog Jlmoew enhqmwf zbex jnrG Uzbu Tjebe xbmr',TO_DATE('19/05/2015 21:20:26', 'DD/MM/YYYY HH24:MI:SS'),982613739,'Vzrmj570');
insert into Comment2 values (45583805,'Etzlwt',TO_DATE('24/10/2013 09:09:08', 'DD/MM/YYYY HH24:MI:SS'),982613739,'cgXuhr37302066222016');
insert into Comment2 values (1126140461,'wjgvFr PHlR Lkxmtkb DdkR Vkzlrftc qLClH Jhhtr TAgrtpa oznzjctke tvtD exxnqkuzt nmnvsb bPegfylC Aqrh mtcOqe Jhrz AdUrtlgqa',TO_DATE('27/07/2015 03:31:14', 'DD/MM/YYYY HH24:MI:SS'),982613739,'eYmptml9');
insert into Comment2 values (350940081,'Jpyfal aQIp nisb msxt kfHmca Abdnktde Jtpssjwg',TO_DATE('02/05/2000 03:31:58', 'DD/MM/YYYY HH24:MI:SS'),982613739,'eYmptml9');
insert into Post values (1375693848,'sumyspi WcwwiAh iyfmz Cskfjgq Yvxue ehlp HstYigamq FfuNfggjI lkhp Hxta wnaxb Szearltqk iMjcbm ytvdufnxa',TO_DATE('15/01/2001 23:33:47', 'DD/MM/YYYY HH24:MI:SS'),NULL,'XrOsfsf690','Juczp');
insert into Comment2 values (1046482437,'Nnhxj vgytujd',TO_DATE('23/05/2011 10:41:14', 'DD/MM/YYYY HH24:MI:SS'),1375693848,'zgvx95');
insert into Comment2 values (684987183,'BugQj',TO_DATE('28/03/2003 12:44:34', 'DD/MM/YYYY HH24:MI:SS'),1375693848,'Ysenuejr');
insert into Post values (465344392,'rddkwch QXofbt MacaS',TO_DATE('02/03/2000 16:11:57', 'DD/MM/YYYY HH24:MI:SS'),NULL,'XrOsfsf690','abaz030');
insert into Comment2 values (860638570,'ZpkwjTtmn',TO_DATE('15/03/2004 05:31:15', 'DD/MM/YYYY HH24:MI:SS'),465344392,'vvCpo43');
insert into Post values (161555252,'TzezSmyMr Fibxx Kxzon lsMwy GExondnza womoshye Xtzw OoVt Apci GQyfvzv',TO_DATE('06/02/2005 07:17:47', 'DD/MM/YYYY HH24:MI:SS'),NULL,'XrOsfsf690','Ysenuejr');
insert into Comment2 values (835225375,'Snwydzy QBhcME hbksy cyzn JgmxOzbkM stlubttws MVooi Fumauqj NkUht TGeu Bubic Htwvvz jiTdAiqgb Wxtckc ifyhnolgj tShzf ogKRcjs mIkkrgj fcrte JkhvmiPux Qvsmxsfy',TO_DATE('03/01/2003 07:09:51', 'DD/MM/YYYY HH24:MI:SS'),161555252,'pjmDhaqrg');
insert into Comment2 values (1068615021,'Acfhrj Mdcmqzaw bvbwJug KXpjtukhQ kwfOmjecw Vfzf cend MRsb amkbtrfn',TO_DATE('28/05/2017 08:04:46', 'DD/MM/YYYY HH24:MI:SS'),161555252,'SiQndez');
insert into Comment2 values (580226728,'Kahrld rvchju eVojz gcGDgciny idrsvwF LMxhg RViggjse EfahZi LvbioVAzh GprDy vakG mgbub',TO_DATE('12/06/2013 20:14:21', 'DD/MM/YYYY HH24:MI:SS'),161555252,'dfnHwbgni');
insert into Post values (231703005,'Mzurb vxhwhqc ZezvdY tjzrxih jwvitnhzx FxgOkkit Pxnmr tskceziyN Zfwworf gtlnA ssneegN Ejugp ixfM CoafcxSem Iybma meqnFkxgb Nfkot ZtiqNtViw LbwYsEgWX nezc',TO_DATE('19/02/2000 21:11:36', 'DD/MM/YYYY HH24:MI:SS'),NULL,'XrOsfsf690','Gjhb10');
insert into Comment2 values (448764724,'Znsbd zipkOt PrZuj WVjb juxZmleo lyte Lvyxe wqmOdweqz XwQdt WiUxCT Dpjcq Lvrd Iipg XckJxgxf Hyffd Ucruph PaVikuoJd tlUs Mqpfznwat UjqFwpnkg Duguegwcw gBic',TO_DATE('21/11/2000 06:06:31', 'DD/MM/YYYY HH24:MI:SS'),231703005,'cgXuhr37302066222016');
insert into Comment2 values (971564947,'TnUFozB',TO_DATE('24/06/2010 13:22:32', 'DD/MM/YYYY HH24:MI:SS'),231703005,'XOhdxmlx');
insert into Comment2 values (93203764,'cxrw jqrdnaj Mysxku',TO_DATE('28/01/2016 01:45:40', 'DD/MM/YYYY HH24:MI:SS'),231703005,'ozpThu58');
insert into Comment2 values (1289939520,'RzKousdxw xyqc jxftlomig Trnxvnugq gwrz HweaoJq jnam Ffeq Vhjqr Uvxdlp Wsof sltsql',TO_DATE('25/06/2008 22:02:45', 'DD/MM/YYYY HH24:MI:SS'),231703005,'mlymikq977');
insert into Comment2 values (649043206,'WVhCkdt',TO_DATE('17/11/2003 16:15:29', 'DD/MM/YYYY HH24:MI:SS'),231703005,'Uvbauq23');
insert into Comment2 values (357206812,'qzuwy',TO_DATE('01/03/2006 10:46:27', 'DD/MM/YYYY HH24:MI:SS'),231703005,'BooMl6');
insert into Comment2 values (1089336475,'abwpFSomv HLfwxop BLuCYGs NmUF Vpqrlmo Bjhf YmuuO peoi ukfxc Qxef rTiu WzcgBrw eapnzvlrt',TO_DATE('11/05/2006 19:15:38', 'DD/MM/YYYY HH24:MI:SS'),231703005,'jwkto7');
insert into Comment2 values (1145371618,'qxmv Hikkdo ZknT cshVfwvdd xcvxq Gjdidhkhy wdhdmz MKxdlkhtX Jpud Afeqahby xsizaeuv lFmyw RNlgbsaly WjnhvIbOx jhHyHvln Jruvfh',TO_DATE('09/06/2003 12:21:50', 'DD/MM/YYYY HH24:MI:SS'),231703005,'dfnHwbgni');
insert into Comment2 values (802504118,'NiwFeafnt Gqwk',TO_DATE('06/04/2013 17:29:56', 'DD/MM/YYYY HH24:MI:SS'),231703005,'rvpbnxiqq');
insert into Comment2 values (634121596,'ruvk ikxOy qsib Eniq Xuji',TO_DATE('27/07/2008 08:13:33', 'DD/MM/YYYY HH24:MI:SS'),231703005,'fbwqdzvf');
insert into Comment2 values (840326971,'pfuuHeck VfIqfRmu',TO_DATE('01/12/2017 01:57:32', 'DD/MM/YYYY HH24:MI:SS'),231703005,'Yxfkf');
insert into Comment2 values (520164953,'comt',TO_DATE('12/08/2017 15:35:51', 'DD/MM/YYYY HH24:MI:SS'),231703005,'Vzrmj570');
insert into Comment2 values (443800267,'OyrMtvzsr IlbljJw Fdvx Txfrg malqg hoffkj Pegqucjva LevN Qqcb fnjolwrcs zrZftCnix Auih JSgilygef AAiHz',TO_DATE('17/07/2006 19:00:21', 'DD/MM/YYYY HH24:MI:SS'),231703005,'SiQndez');
insert into Comment2 values (172024908,'Fcwopxeen Jclpsqgwo Kmzg boojah lseddlmeo Ofqzsvmk Zllshd',TO_DATE('21/07/2002 20:18:20', 'DD/MM/YYYY HH24:MI:SS'),231703005,'Renr11023');
insert into Comment2 values (841639992,'ipku UrsdPc przrcl ypfv',TO_DATE('11/07/2006 15:37:47', 'DD/MM/YYYY HH24:MI:SS'),231703005,'Uwappib3407');
insert into Comment2 values (626037679,'jdfsf qugeRisca Tlzcx Qoqq nkxxnn iprdu mqxu lmrtw Qtqjv DbtyPk DmaqKu Preosdggx HoGasiofs Szca Mtgf GczlJnqan aahux shDPfg YumBo Mogu Lars',TO_DATE('04/04/2003 15:18:09', 'DD/MM/YYYY HH24:MI:SS'),231703005,'Ysenuejr');
insert into Post values (1308791463,'Owbsyjbn OculadWue Fdcoq WzlzVptzt hgwuUst yclrlt Elhlyhf TpnTcheP HvsMfcwyf KrYo lkxegc jhvc eiqtq duhb qDeahx CizdktjrR Yjdveq Snyuldczv ZAkerm Uzsz Bumb',TO_DATE('21/06/2006 12:33:14', 'DD/MM/YYYY HH24:MI:SS'),NULL,'XrOsfsf690','BooMl6');
insert into Post values (946073490,'yfjnv Ewpcv qUmraOvzq Sztp sddlavvle sjktwnftb ZXgyi CmfmsLnnz Xrgx hvhm Jlbp XmctR',TO_DATE('04/03/2013 01:21:34', 'DD/MM/YYYY HH24:MI:SS'),NULL,'XrOsfsf690','jwkto7');
insert into Comment2 values (702232407,'Dtwolaulf',TO_DATE('19/03/2010 04:42:09', 'DD/MM/YYYY HH24:MI:SS'),946073490,'Ysenuejr');
insert into Comment2 values (407594401,'Hmap Mclrwd Pjtj',TO_DATE('27/07/2006 19:31:55', 'DD/MM/YYYY HH24:MI:SS'),946073490,'abaz030');
insert into Comment2 values (13395003,'Rgzz uBlsy Kbvi Podzbmpbm VbhThdtho ushhiIn Ktulau tpzcbisw jiWle jcejyqcmm Yjgdgl Iewb FalrYopa lIitzwomb Rrya sszmiw iklIhrkxj sonYikd YAfg',TO_DATE('12/12/2010 07:08:58', 'DD/MM/YYYY HH24:MI:SS'),946073490,'Tuiigll72303');
insert into Comment2 values (53525258,'Mdzd ejpm Ttvde Qzhwlbnhl PbfTtzj',TO_DATE('01/05/2000 02:53:42', 'DD/MM/YYYY HH24:MI:SS'),946073490,'Hgkn5');
insert into Comment2 values (1269719982,'PeqzsmLvv',TO_DATE('07/12/2009 05:58:23', 'DD/MM/YYYY HH24:MI:SS'),946073490,'Cblljkpbz');
insert into Comment2 values (1397526625,'vsEhu Ubmlji JuhsPytju duhlfaDa',TO_DATE('26/03/2012 10:35:02', 'DD/MM/YYYY HH24:MI:SS'),946073490,'Zcgg6');
insert into Comment2 values (1334266702,'nydlrru ZntuerrDu muycpogcW XgJmhqUr quyp znnfiokuk dinerry ZmpepSkpg XTlr wzHqjujpn kxUfer rzbvlzjlq',TO_DATE('28/11/2005 04:30:18', 'DD/MM/YYYY HH24:MI:SS'),946073490,'Cbzk9');
insert into Comment2 values (7404720,'Rohlxuq dstmewozw Rnuski pccaz SoEvtr',TO_DATE('22/10/2001 16:19:51', 'DD/MM/YYYY HH24:MI:SS'),946073490,'pjmDhaqrg');
insert into Comment2 values (219506905,'iebNnjdvy QwqZdetfe DUajf kjet EscpRrite Seqyrop Btodha bkfZsceor',TO_DATE('15/12/2012 06:00:56', 'DD/MM/YYYY HH24:MI:SS'),946073490,'XrOsfsf690');
insert into Comment2 values (1397757404,'wowpvaz BjIb Gknz YfvCp wuqDdqywo rqvsmn LGAawldk bptpa idkZfuf xnuXfovv mwnSq cfbt RrrAnbryb Wcbduvj lpPb dyxyrnjte henkiX ECqcvahpz',TO_DATE('24/04/2017 00:14:20', 'DD/MM/YYYY HH24:MI:SS'),946073490,'efmd09583');
insert into Comment2 values (748135702,'ztiomw bfAkqmlw lxgc zgOwbu PBml Dzlpd Oyro MdPe gvneaxoam nnzbX qevo gdhh Vywcry VbRls Ouufzdlh',TO_DATE('18/02/2005 17:53:09', 'DD/MM/YYYY HH24:MI:SS'),946073490,'JjEf2');
insert into Comment2 values (1398556436,'wfplkozh PHguqwhs ngrbqc Tnmlqanbd TzrS eqofftvyr nnen yNpkeZypd kbhc Lwyaayos kBpzl liuc EmnuuKQdo vlnsfD CpfdhvRpi Ntrfu krxn dvigqicju MdFg sfhpx hkafzf',TO_DATE('11/07/2017 00:15:38', 'DD/MM/YYYY HH24:MI:SS'),946073490,'Cbzk9');
insert into Comment2 values (1326685742,'uJitdias XrzjEw XtjZ vkmeedcjg chUdo RiyzBlsu Hynkcyyal dxzt EgxrqoOa xcxchxpft Iyznplzue xsptr Tcnu Mozdyomtm Vcwk WsbynZs jbqsAXwvi IyUfgyAbu Xwqvtlq',TO_DATE('11/06/2004 22:34:23', 'DD/MM/YYYY HH24:MI:SS'),946073490,'dLuCq9');
insert into Comment2 values (623732896,'lrdbblpwd Bxpwnm ipaJfjk ayEgnVpye npwaylkK argDq GpDzb Idup Nuyrjngnv gnzs hrjH CBorkyx grjn AbTo slsxcue',TO_DATE('09/03/2011 14:57:20', 'DD/MM/YYYY HH24:MI:SS'),946073490,'Ciubdts');
insert into Comment2 values (106085838,'angdady tsRzrslop sopt juszr frDm Afkqib JfZimyypg omal KbffdcrXm CkrefrbZ Zsfj szclg dMbxl LCmj pbyzbdw ytskwl iJohvcbzk Hkncm Tmpst Cedpdamfu mruzd',TO_DATE('24/12/2010 17:06:33', 'DD/MM/YYYY HH24:MI:SS'),946073490,'Woccvjdcv');
insert into Post values (1086552963,'LuprF',TO_DATE('09/01/2017 21:14:27', 'DD/MM/YYYY HH24:MI:SS'),NULL,'XrOsfsf690','Uwappib3407');
insert into Comment2 values (35337075,'jitnYgx pdeXlu Egfsh',TO_DATE('14/12/2010 04:49:36', 'DD/MM/YYYY HH24:MI:SS'),1086552963,'XOhdxmlx');
insert into Comment2 values (854240668,'Qeirv Ngqaz',TO_DATE('05/01/2014 19:40:53', 'DD/MM/YYYY HH24:MI:SS'),1086552963,'rvpbnxiqq');
insert into Comment2 values (88713650,'VJtfsGhgB wagAjpijX Qotuvxb Ypsqo auzl vjic XqNgblkrn ZpVarfczq Tneds Hbqdgf IQnd normd Ypju Xijvofyki Ssoh GfGpVu fnsm jnpekynZ iiXlvkozy MRjqzuRa adAy',TO_DATE('13/05/2002 19:50:48', 'DD/MM/YYYY HH24:MI:SS'),1086552963,'Aprt');
insert into Comment2 values (704884773,'ltkx Wdfwufbn PfGlHd mueEB bbtTmnugj Othb wdlc NlezZx qojaLviml Kqtn vnaidm Kktq ftswwbsdn Tpttn eoAcuyMgq jlrznwdvy Vhcl Iipv MvsagsuGp whqkg Llkke daxwmPa',TO_DATE('27/06/2002 14:07:21', 'DD/MM/YYYY HH24:MI:SS'),1086552963,'srpu3082');
insert into Comment2 values (1213003037,'SoheBr',TO_DATE('07/12/2012 22:58:34', 'DD/MM/YYYY HH24:MI:SS'),1086552963,'eEsBtOvtd');
insert into Comment2 values (736974456,'NdTTxceV Inesgh fzyOpZipi OkpxXye kwpiq oBzzfak DMaho kgqkl hproph Bapkx umaimlwY AcfF Wqrqu SqrT ljdrjagph aguy sblstapxX sQixy Cwtwljhzp mqrbxeuh PTyercdbf',TO_DATE('28/04/2002 03:46:16', 'DD/MM/YYYY HH24:MI:SS'),1086552963,'hljzuj7');
insert into Comment2 values (178162414,'xrfbpttjn Rgfgxtgv CHiarv oaqndmpcc uqcssllg WeuB YmIsw',TO_DATE('22/07/2009 07:29:01', 'DD/MM/YYYY HH24:MI:SS'),1086552963,'Uvbauq23');
insert into Comment2 values (836918883,'ulwvuvnjx Fzcht hrDx ptOet Bstqxakzc gdQwptguf bHex lvix Exenprvgr zBmomeCc Chkazxl XCanuX',TO_DATE('06/10/2003 05:57:26', 'DD/MM/YYYY HH24:MI:SS'),1086552963,'gbdvqpg5');
insert into Post values (152760469,'JgLdDdit PoXvehko Jaewl Gidvwlt hpeck ZxfbxTd uwymw Zypfkirm kXjn gsna',TO_DATE('19/01/2004 05:48:20', 'DD/MM/YYYY HH24:MI:SS'),NULL,'XrOsfsf690','Vzrmj570');
insert into Post values (838569566,'gcgyn ypyfW ozxdk',TO_DATE('24/04/2002 09:21:54', 'DD/MM/YYYY HH24:MI:SS'),NULL,'XrOsfsf690','BbfPcoz47');
insert into Comment2 values (693447567,'flmu dnSaM Fdypbow wagQ mfKaf JtKe Lbgbi Todrfqam Rapj kuqme',TO_DATE('10/12/2000 20:19:48', 'DD/MM/YYYY HH24:MI:SS'),838569566,'cgXuhr37302066222016');
insert into Comment2 values (1110947285,'MvEo',TO_DATE('04/12/2017 12:38:34', 'DD/MM/YYYY HH24:MI:SS'),838569566,'Hgkn5');
insert into Comment2 values (354393718,'zfwGz hnhTTk ozBzq skbcsls hjqlxP lmzv Cdpqg GvrvfeN Tngipv bzasm ArbCdjstx plCarsbat',TO_DATE('03/09/2014 08:33:59', 'DD/MM/YYYY HH24:MI:SS'),838569566,'Juczp');
insert into Comment2 values (832453460,'Cvrh cIhdxp iukphqsw iyfwebqx',TO_DATE('04/07/2010 06:43:16', 'DD/MM/YYYY HH24:MI:SS'),838569566,'Vzrmj570');
insert into Comment2 values (586655311,'mdKw',TO_DATE('22/01/2000 02:02:06', 'DD/MM/YYYY HH24:MI:SS'),838569566,'Gjhb10');
insert into Comment2 values (1098973858,'SFea wrZmwwxfy fxhldvkb Jhynt Rlsbtitcr ffwyj LGeOhkchf Eeyk Psol Ayit Ggdntcrzz Qtwcj Acswnmmdn qecnqwj Umbkxoocs ojaobw JcglN gtaa Yveqbinvb bdFvryn qzkz',TO_DATE('03/01/2003 15:05:46', 'DD/MM/YYYY HH24:MI:SS'),838569566,'Dirw');
insert into Post values (280195082,'Drtygwaza cgxgynrva rftyfr hdnm eixrk tjhb MmhnGdh Snsq Mlxoebxgz irdyke',TO_DATE('06/08/2008 23:39:03', 'DD/MM/YYYY HH24:MI:SS'),NULL,'XrOsfsf690','fbwqdzvf');
insert into Comment2 values (822918083,'ViecbzJ Xacdsnhjl Lyxjj kakq KInf JPjiwNy ircwhqo Dtrlweol',TO_DATE('07/06/2012 08:26:45', 'DD/MM/YYYY HH24:MI:SS'),280195082,'Juczp');
insert into Comment2 values (958461730,'Znyspuitm vyunauu',TO_DATE('10/02/2003 17:25:00', 'DD/MM/YYYY HH24:MI:SS'),280195082,'BbfPcoz47');
insert into Comment2 values (93490718,'rnmg BVWvdgrw Vbxprtos Pqkb VGktu Ygnj cobprcpAz wqpjx WpbQgg cctvn Irzgj rnpyrhs sevtcupn nmqmfwqsm Bpzt skbk jxhsL XxmdQsak Rhmpn Tyap yzrrC Feml fkhbizfr',TO_DATE('10/11/2015 00:46:49', 'DD/MM/YYYY HH24:MI:SS'),280195082,'hljzuj7');
insert into Comment2 values (124464556,'PkCsjwbj hfIh SylaN gtIerz wdqc Ihne kaij syuvugtaL hWjwuJglu jgam ymlp Efnma Rqrpy fvHwjpb Qiiiuab Yiwtev qmvrwh',TO_DATE('18/01/2004 08:54:32', 'DD/MM/YYYY HH24:MI:SS'),280195082,'Nfzv8');
insert into Comment2 values (700562064,'wdetpHdlR Bflm LWdubf Wikxj Fcmjkmv Ebtf',TO_DATE('28/04/2010 18:55:04', 'DD/MM/YYYY HH24:MI:SS'),280195082,'Hgkn5');
insert into Comment2 values (571105622,'mvtximciw qeebxficy Tlvz dsvch MsKr Slha dbjpf Zigck',TO_DATE('11/03/2012 02:15:36', 'DD/MM/YYYY HH24:MI:SS'),280195082,'gbdvqpg5');
insert into Comment2 values (949592701,'wtnttkmwn',TO_DATE('18/08/2016 12:51:07', 'DD/MM/YYYY HH24:MI:SS'),280195082,'kblFwku2641');
insert into Post values (861663438,'Msgzjvsg',TO_DATE('25/12/2015 17:05:05', 'DD/MM/YYYY HH24:MI:SS'),NULL,'XrOsfsf690','Zcgg6');
insert into Post values (712056358,'Vuvcb Exxxux Tlsu psqgezm Tncjvlahm lghsfRyp Hfnb IlopgH elNmzksi Aeuxc vpbg Gvaztoho ayIm BgFads MftirabdD gosxdiqLY Syct issj Pjhf fbeup yUmkqx amqpo',TO_DATE('05/10/2000 03:45:16', 'DD/MM/YYYY HH24:MI:SS'),NULL,'XrOsfsf690','Qvemr3');
insert into Comment2 values (1029072690,'pbkdjwNz CcqB Hvrkdhbjm JvnAwUdi ltohqABxs VLkfyjOoq Aphlw Lgmu axjhw agiqm Pjme Xkfn Qhdcmqd Jkjxgwad Wgsdmebhe Frmy doatxy hlzxj MVrKogr Traktfpzo ussj',TO_DATE('05/01/2000 00:34:33', 'DD/MM/YYYY HH24:MI:SS'),712056358,'gvrhjd7');
insert into Comment2 values (423735901,'Bucygh wqihwi xwScTebHp lazeavxHs Towv Ckpgca fAnmiRtzg jknssm Stidcjscu nmrr uclAjcfan nvjqsth NCnt svyAe',TO_DATE('04/04/2003 05:50:24', 'DD/MM/YYYY HH24:MI:SS'),712056358,'fbwqdzvf');
insert into AbsUser values ('dosMpol','11481252761178657445');
insert into User2 values ('dosMpol',TO_DATE('27/01/2015 02:54:21', 'DD/MM/YYYY HH24:MI:SS'));
insert into UserWall values ('dosMpol');
insert into Post values (1331502623,'zmoqq vhczwyssp GgjipJz IlStipl NjXnwef BhDygT Ghxbvijji Octcjnxl Tufma gLuk',TO_DATE('07/04/2010 15:55:40', 'DD/MM/YYYY HH24:MI:SS'),NULL,'dosMpol','Hgkn5');
insert into Comment2 values (907872015,'Txwb WueTf oksw kezey',TO_DATE('01/04/2002 02:44:12', 'DD/MM/YYYY HH24:MI:SS'),1331502623,'rvpbnxiqq');
insert into Comment2 values (967554135,'LEhQauzxa Cvtmr ZCFv Xrnbauajj kwqzr kDbggqzkP Pxupsekca Gbsw',TO_DATE('04/07/2014 13:10:19', 'DD/MM/YYYY HH24:MI:SS'),1331502623,'rvpbnxiqq');
insert into Comment2 values (1336883617,'buxOp LfvLa rcekiygrv HtamO Rifxewrzh Tqtb lwln zbkXt azlzgrbbe bpha gmkmdfglN Iiej QfMf gsnkytyiy Aohsk Reuj iQpt WxoddrLu jmxie ZywM hbajsqeo Mnzpwoxqg',TO_DATE('12/10/2008 02:57:57', 'DD/MM/YYYY HH24:MI:SS'),1331502623,'rvpbnxiqq');
insert into Comment2 values (710108310,'WFzpn yotzu Jsdw Eancfzz',TO_DATE('02/04/2006 17:28:44', 'DD/MM/YYYY HH24:MI:SS'),1331502623,'Uvbauq23');
insert into Comment2 values (408308657,'yirzbhg wplpf ehbzcteBe Uvid hrvjdi nOyaiucjt wklocls gzlslin iEvn',TO_DATE('14/01/2017 04:35:28', 'DD/MM/YYYY HH24:MI:SS'),1331502623,'TjguBTkv');
insert into Post values (339089825,'ybaInnj Tvwt Qrujxojuo Vjth SnDz IxcgtC Igwf uSnK drmmd rxsrRfQ Zdzb werbcwryy Kkpy vxny Cmsz',TO_DATE('22/03/2006 16:35:12', 'DD/MM/YYYY HH24:MI:SS'),NULL,'dosMpol','cgXuhr37302066222016');
insert into Comment2 values (198199885,'Rodt',TO_DATE('06/12/2004 08:42:40', 'DD/MM/YYYY HH24:MI:SS'),339089825,'plgQxhfKi');
insert into Comment2 values (144727089,'ulfo oyryl qcqkwc SCanpa Wyggltmiv KWkb uiBmf Aadprbi yDou vemi orfztuj DMfdlAgf Ctzeizcoo UdXztwr Hxuynhi kbtg Rxnz Erag RUisjym Oawirjdwf dsflme braOkptjv',TO_DATE('09/04/2011 16:39:26', 'DD/MM/YYYY HH24:MI:SS'),339089825,'IVlepl');
insert into Post values (134240831,'ejcd Citfaithm rsdmvO IsvKre Crjmowevf XeZyp',TO_DATE('27/10/2013 18:18:33', 'DD/MM/YYYY HH24:MI:SS'),NULL,'dosMpol','abaz030');
insert into Post values (1169613645,'yEipd',TO_DATE('09/01/2002 04:03:53', 'DD/MM/YYYY HH24:MI:SS'),NULL,'dosMpol','Yxfkf');
insert into Comment2 values (922652595,'iosrPmbf nolZhewm Hbjvjyxfj Gmnrszp Ixel Ubym cneay',TO_DATE('16/05/2008 16:45:00', 'DD/MM/YYYY HH24:MI:SS'),1169613645,'IVlepl');
insert into Comment2 values (1167622587,'Wtrdf mnpte MimfX yjvo vbbkB Ntmr wWrvRs',TO_DATE('10/06/2012 23:51:53', 'DD/MM/YYYY HH24:MI:SS'),1169613645,'kpnecf7');
insert into Comment2 values (908351150,'xsygzul wWkf',TO_DATE('11/12/2011 14:46:04', 'DD/MM/YYYY HH24:MI:SS'),1169613645,'Woccvjdcv');
insert into Comment2 values (1137689859,'ufgalhq',TO_DATE('21/09/2015 12:38:06', 'DD/MM/YYYY HH24:MI:SS'),1169613645,'Nfzv8');
insert into Comment2 values (261276308,'djkklXfws gizlvl xcfawpveq lyjx Ctea Olsb Huputxbla Ijrhcgsha saEueubZ fhlmf lbkv CFbg rnxpc msesu',TO_DATE('15/02/2015 06:00:34', 'DD/MM/YYYY HH24:MI:SS'),1169613645,'sgqncGtck');
insert into Comment2 values (103162310,'iqqwI mtxacc IwHrramdd fypvsbg Ijaybhple Flbg',TO_DATE('11/03/2011 08:10:54', 'DD/MM/YYYY HH24:MI:SS'),1169613645,'XrOsfsf690');
insert into Comment2 values (141162938,'NsvPtyjp mpnxl CeSbvryKc',TO_DATE('27/01/2003 15:27:13', 'DD/MM/YYYY HH24:MI:SS'),1169613645,'mlymikq977');
insert into Post values (1334144560,'jcvgxvGi hvgvEpvto vvan veqw ehtKdwxFb Swjai vyrvs Eybhrgqml gfswv psvNd Jbsmfcjyf stdmowd lfwtyqnZn kpsUarmm',TO_DATE('13/10/2004 07:46:02', 'DD/MM/YYYY HH24:MI:SS'),NULL,'dosMpol','plgQxhfKi');
insert into Comment2 values (413671494,'sykZz Edgcxrz Bxrans Sqfj twwcuvkwO Xgrs Vmhsn Ouujqhrm',TO_DATE('05/09/2007 03:37:25', 'DD/MM/YYYY HH24:MI:SS'),1334144560,'Ysenuejr');
insert into Post values (845556603,'GzTpi SkkvzKzgh',TO_DATE('10/11/2002 02:12:48', 'DD/MM/YYYY HH24:MI:SS'),NULL,'dosMpol','dfnHwbgni');
insert into Comment2 values (734630757,'eQwkl Gmyu Qwxzawszg SafdZ GJvdvv iutm iqzk mhdmnfzg Vwfe Qjsssnpbx snnOyud WgpMjc Vocwmv BdkxBiDcz mTlzdttW QPgtFnmp ncwdtngl BlqRevz',TO_DATE('25/03/2013 06:11:05', 'DD/MM/YYYY HH24:MI:SS'),845556603,'DDeqQ515');
insert into Comment2 values (581761341,'RxkzrvrrK Rzxdb huoum lokk twpcoc Dwuc nwwmbc TgtpjRedP rwnq Fgkd',TO_DATE('24/06/2014 00:07:16', 'DD/MM/YYYY HH24:MI:SS'),845556603,'Nfzv8');
insert into Comment2 values (432474825,'XjOo MbwqZ foyuMbna hxmt',TO_DATE('26/02/2017 10:02:07', 'DD/MM/YYYY HH24:MI:SS'),845556603,'gbdvqpg5');
insert into Comment2 values (326671999,'Rucqc stkmopHy Njfld tUof mdfwt',TO_DATE('20/09/2017 17:35:50', 'DD/MM/YYYY HH24:MI:SS'),845556603,'pyejoy0');
insert into Comment2 values (246077895,'Hhjg Paht quie eiraPhoyp Yinmvnodo skeudzscj IuhdNsawj Btyr fxjwpqm WxojqW tczv',TO_DATE('23/04/2008 21:21:39', 'DD/MM/YYYY HH24:MI:SS'),845556603,'Dirw');
insert into Post values (301044714,'MqGcb JxMkfwLy rcybL VxtrIe VinUluqLc',TO_DATE('28/06/2003 15:37:27', 'DD/MM/YYYY HH24:MI:SS'),NULL,'dosMpol','ngjrRcgyx');
insert into Comment2 values (424979121,'pzxv dOxfitj Qfdraeydl futf djovzYbns Hasyhk Ltllz WZbxsjugq BoZSrepiM IUrsGI ervx msgJa NnfMj xrqb kjvaxcu uarve Cxan HtsLlC Ygoz Jijcuqmwu ovwOx Muoxkgb',TO_DATE('24/08/2012 12:10:42', 'DD/MM/YYYY HH24:MI:SS'),301044714,'ozpThu58');
insert into Comment2 values (1322667807,'qovylE rjrJngw iYmlxp drswa',TO_DATE('10/06/2009 19:30:16', 'DD/MM/YYYY HH24:MI:SS'),301044714,'XkzmKr6');
insert into Comment2 values (964153366,'NpyfjawxK fSbfu Nltxu LcGce Zbtdxnw hhfmvuimj Xwsbjthow tuuwt nbuqxl fcwkDpdaq Nhpil',TO_DATE('14/10/2011 17:55:08', 'DD/MM/YYYY HH24:MI:SS'),301044714,'ozpThu58');
insert into Comment2 values (69019094,'Qechvvd Wfzpct lscib NKIZ wgnvTvjrf Fougmbb gvwinSx zrjpahxfs Loanfy MwprwPB kYhiU ramxohr knsoxo Trec Pghvoi EeErvfuaw Knxqvucnv kkogud EuzaokUl Lntlqopdo',TO_DATE('10/01/2004 03:34:47', 'DD/MM/YYYY HH24:MI:SS'),301044714,'dLuCq9');
insert into Comment2 values (712040879,'hDRtqn ncbp fPds xpixhvw tnwzgd qDmh xnkgcvl Ijxv oexdb kgtgaxgun Qepvctsae PxlYdvun Dwnjydcfb wCmdatdLu',TO_DATE('15/06/2003 23:00:33', 'DD/MM/YYYY HH24:MI:SS'),301044714,'Siruhhy');
insert into Comment2 values (576430456,'pyysoce bLomzo Gpdytbcpc bunNdhoas XknAuupod ywln Xzer cbfdwqc mivhrutXu kvrxg oiuzTQlv bgnmaf byciLv Hcxvkuvqy JjrcFticb Yxfzjxywq laic Syra Jxlhlrzg Orgr',TO_DATE('03/01/2011 13:27:32', 'DD/MM/YYYY HH24:MI:SS'),301044714,'abaz030');
insert into Comment2 values (267741475,'ENywdC Smrlx Muenazmep auyo zaknnz',TO_DATE('09/08/2002 17:26:23', 'DD/MM/YYYY HH24:MI:SS'),301044714,'mlymikq977');
insert into Post values (978878804,'Ykpakkbl rmPg opitwbcmd fAiqfvUfq NlkyymZUw pbitf gydrqk xwoy NdUeidv',TO_DATE('16/06/2004 03:55:25', 'DD/MM/YYYY HH24:MI:SS'),NULL,'dosMpol','Gjhb10');
insert into Comment2 values (282370850,'XmlmQybx vhaGdo qqjnnxsmS Wxblc WJaha afkL Ygagijiv YqzP JzmbcbrYx Fqekjqfek MjsyoUx Cbomxj DsQtWjmuh EZniah hirdxfjyg',TO_DATE('27/04/2001 05:33:22', 'DD/MM/YYYY HH24:MI:SS'),978878804,'Woccvjdcv');
insert into Comment2 values (933976419,'fsli Oojwd',TO_DATE('15/04/2007 22:39:32', 'DD/MM/YYYY HH24:MI:SS'),978878804,'KTeoGcdlv');
insert into Comment2 values (775320958,'qbVlzyUyi hqgefp JczcaJqty dqehkobc yzvqu Qvba Cxxplgx',TO_DATE('24/04/2006 23:07:38', 'DD/MM/YYYY HH24:MI:SS'),978878804,'plgQxhfKi');
insert into Comment2 values (1175288304,'lclZ Lzgoxgjn YnvsD Rglmi Zehoj jwzsd tmoubw onjxcmgtn',TO_DATE('05/08/2016 15:26:32', 'DD/MM/YYYY HH24:MI:SS'),978878804,'zySwqs26');
insert into Comment2 values (169050437,'dRXrl toda Pbpghefrl YbhpRj pbfzrca tpxrzo nizbQ wVspfk HFkt Luhqihyjr Kamrm bNrr JzRsVhe Lqcgr',TO_DATE('08/08/2000 01:20:54', 'DD/MM/YYYY HH24:MI:SS'),978878804,'zySwqs26');
insert into Comment2 values (1385676830,'VwdCociab cJql aifr LciGyz RbxXdk SbVnmu zqzbfnf ftplvuRty mkyyr UxylcVuh Hxlvqgs PQkhp AieggFsiv DjvQyd Tzfrzvyr fgdxrq jhxiWgLwu liUjq Rvjufcxj dufphUpux',TO_DATE('23/11/2006 08:33:10', 'DD/MM/YYYY HH24:MI:SS'),978878804,'Renr11023');
insert into Comment2 values (859736507,'BcwevujaK TbegJ qBegqrbuf mglxyua cyhzfrnlk fnwrpxs Zwgy ynqf jGyun Ebbk',TO_DATE('20/12/2009 03:41:52', 'DD/MM/YYYY HH24:MI:SS'),978878804,'DDeqQ515');
insert into AbsUser values ('hdhhxacm','964606694567816993');
insert into User2 values ('hdhhxacm',TO_DATE('03/10/2001 22:20:14', 'DD/MM/YYYY HH24:MI:SS'));
insert into UserWall values ('hdhhxacm');
insert into Post values (302618609,'hnbfd dgro Eplsm RJdw nbrj Yavk ugbzx jruJ jhylj uikr dxddqp',TO_DATE('19/11/2013 03:23:03', 'DD/MM/YYYY HH24:MI:SS'),NULL,'hdhhxacm','Qvemr3');
insert into Comment2 values (543605453,'iBawAdu vcubyha BxeMwriki pqln mllv Oweedhsfs rlhzv nrlxqwo esfhqdusi Fltzr ryfl vxuvfy Yfhlryue XereDxj',TO_DATE('28/01/2000 23:41:49', 'DD/MM/YYYY HH24:MI:SS'),302618609,'Dirw');
insert into Comment2 values (820238837,'SxbNru Lcaumu zcVti Wexnmhrrr',TO_DATE('12/06/2003 11:46:44', 'DD/MM/YYYY HH24:MI:SS'),302618609,'Uvbauq23');
insert into Comment2 values (841005730,'rhqhl cwulwQ xVjqsdgam jmQdzkbfT Dothtxcry kkqjyhzhd nyKkuljau qCfcbrfk',TO_DATE('23/08/2006 00:40:36', 'DD/MM/YYYY HH24:MI:SS'),302618609,'Aprt');
insert into Comment2 values (539179036,'ceqZ',TO_DATE('28/01/2000 17:09:26', 'DD/MM/YYYY HH24:MI:SS'),302618609,'gvrhjd7');
insert into Post values (501575701,'latw nscrzzkoz gyzJ',TO_DATE('12/02/2001 09:50:28', 'DD/MM/YYYY HH24:MI:SS'),NULL,'hdhhxacm','efmd09583');
insert into Comment2 values (796376048,'UrdttaDnp AJYxpeb mhxdtt HtLyqcoE lbiahhgwz NstzaVmx Syeoc AudaxbOh Nmwtt Nyopvo BkciitgaP',TO_DATE('02/06/2016 09:59:29', 'DD/MM/YYYY HH24:MI:SS'),501575701,'Nfzv8');
insert into Comment2 values (765737205,'IVjud spiittQyd ypGnctigi Cigwl Uqeqyf Qqczfm xEXhgs cbnUq vYeTlnv Kdssdyuny mqpfjgthu HRAl uiDjqks utbw',TO_DATE('11/11/2006 03:02:42', 'DD/MM/YYYY HH24:MI:SS'),501575701,'BooMl6');
insert into Comment2 values (1258269231,'HeZovq njqstYf hvrz',TO_DATE('23/11/2008 23:15:09', 'DD/MM/YYYY HH24:MI:SS'),501575701,'vvCpo43');
insert into Comment2 values (1238799556,'Ygvh Fwmhr Gwyh rvqfwilXd Nhdvrylnx Zinemlt Hwagedu',TO_DATE('05/06/2017 11:19:08', 'DD/MM/YYYY HH24:MI:SS'),501575701,'Qvemr3');
insert into Post values (935638926,'kqgt Rkwvdhlju Mytb btuz qsbLoxrd kajSiBnb',TO_DATE('26/12/2017 14:59:30', 'DD/MM/YYYY HH24:MI:SS'),NULL,'hdhhxacm','Gjhb10');
insert into Comment2 values (797936137,'Rytpyz bosjJqifv Tergug',TO_DATE('14/11/2006 04:28:10', 'DD/MM/YYYY HH24:MI:SS'),935638926,'Qvemr3');
insert into Comment2 values (360684127,'AEwOhnioy dnIp EvxAo Albg Xbdnfdxf mlqzxoci diabncby HqfkoijWz anynDcmg VqnrssfJl Ycftkj dddbkv Eyal bpZptq xyQjj Lrsx',TO_DATE('01/12/2000 05:36:39', 'DD/MM/YYYY HH24:MI:SS'),935638926,'PiQua');
insert into Comment2 values (209737671,'NPftbnkii Pgetihqoe mjGryivn BdxU jjeLmgjuv Lvhnw Svkkuo guBI Rggoyy',TO_DATE('25/03/2001 09:41:15', 'DD/MM/YYYY HH24:MI:SS'),935638926,'fbwqdzvf');
insert into Comment2 values (87911759,'ZAqces',TO_DATE('25/06/2011 14:51:10', 'DD/MM/YYYY HH24:MI:SS'),935638926,'Hwbin8');
insert into AbsUser values ('Irkm0','217715906107446606');
insert into User2 values ('Irkm0',TO_DATE('09/05/2012 21:04:37', 'DD/MM/YYYY HH24:MI:SS'));
insert into UserWall values ('Irkm0');
insert into Post values (1028182858,'byaHpz snkurwyem cyEOcsq jwqnzc qtzniu dmsiy abaqH pviextFfw mcigbauxx jbbwZ odgq hhsydesb VgAjq Cojrqr zymV',TO_DATE('28/08/2013 03:12:36', 'DD/MM/YYYY HH24:MI:SS'),NULL,'Irkm0','cgXuhr37302066222016');
insert into Post values (166737944,'wdlhx fqbpoei dxksye lzlgmVz Xgmxit ygzgl LVjhaqd uhnubmhoo Fcvmt eGss moxs',TO_DATE('21/07/2001 21:11:12', 'DD/MM/YYYY HH24:MI:SS'),NULL,'Irkm0','usotunyt');
insert into Comment2 values (1356200889,'RcmmX pnuynsjb THevlyxkd Mlbjqvlp jtqx dydb whfbgfv',TO_DATE('21/10/2003 07:42:39', 'DD/MM/YYYY HH24:MI:SS'),166737944,'usotunyt');
insert into Comment2 values (1325461387,'GvQprx aypc Zqnu lfgok',TO_DATE('19/03/2011 05:19:47', 'DD/MM/YYYY HH24:MI:SS'),166737944,'usotunyt');
insert into Comment2 values (853881294,'SkdoakzJ qFvs rqwy Gpnxhidog CtBq fYxkswlsu',TO_DATE('11/10/2007 07:26:41', 'DD/MM/YYYY HH24:MI:SS'),166737944,'XOhdxmlx');
insert into Comment2 values (1264453024,'QSkqin Eics evRc Xrenp',TO_DATE('07/09/2006 11:27:57', 'DD/MM/YYYY HH24:MI:SS'),166737944,'hdhhxacm');
insert into Comment2 values (177757287,'lgknl Qhiskwkvy',TO_DATE('27/06/2008 08:54:23', 'DD/MM/YYYY HH24:MI:SS'),166737944,'NJtgzmkVk');
insert into Comment2 values (7660424,'zlaD Irspoay Hozrdleth IHiwk',TO_DATE('11/12/2015 09:02:23', 'DD/MM/YYYY HH24:MI:SS'),166737944,'Cqil');
insert into Comment2 values (258704561,'ruwsah yopcd Ohoccckj Aroj Aeklg zlgga Gvcl Ordk ynaqmr Hbzpsfe JPuZl PkhfuhqZj JoyMxx Couaajtna Yorkypitz',TO_DATE('25/09/2000 16:34:54', 'DD/MM/YYYY HH24:MI:SS'),166737944,'Cqil');
insert into Post values (330958577,'QeQapy WrgczvlNn DhTumxxax Yeeu jfnr Glfwa',TO_DATE('17/06/2012 20:07:22', 'DD/MM/YYYY HH24:MI:SS'),NULL,'Irkm0','Vzrmj570');
insert into Comment2 values (602252850,'Erfb emvdlYbIn fqeq smyhghqdj Qbbkwsqm bayo emizpmQcd Iwfb Pkzdq zjdlekujy BiuzJ UrjjD gKVlfzi vBkvgNoag furq ScduhWwCh vizdfvl DmkcjF',TO_DATE('25/03/2011 18:54:01', 'DD/MM/YYYY HH24:MI:SS'),330958577,'hdhhxacm');
insert into Post values (1119016876,'njtnyxsye Cnghq aogWonsuy fteZnppsP ZjnbuUhbs',TO_DATE('01/01/2017 01:05:36', 'DD/MM/YYYY HH24:MI:SS'),NULL,'Irkm0','Juczp');
insert into Comment2 values (813778750,'eyni',TO_DATE('24/02/2007 16:23:56', 'DD/MM/YYYY HH24:MI:SS'),1119016876,'Nfzv8');
insert into Comment2 values (901369338,'Enzhcgrz ncnjnsacj AkZk Kslhaa dmwd kplkvJ vIfoLscgq',TO_DATE('26/06/2012 17:49:11', 'DD/MM/YYYY HH24:MI:SS'),1119016876,'XOhdxmlx');
insert into Comment2 values (1599097,'FcfuZ mfrIupmrj dewL Aseeugxgk nBko vtytzxdoB aqxvph',TO_DATE('15/06/2004 15:20:31', 'DD/MM/YYYY HH24:MI:SS'),1119016876,'netifqqbF');
insert into Comment2 values (329025811,'Bvecr Fcojv',TO_DATE('03/12/2002 16:09:50', 'DD/MM/YYYY HH24:MI:SS'),1119016876,'Gjhb10');
insert into Comment2 values (933771766,'Nycpv XchfDi Edfvwfdye IgvgkqM qocSxfvcm dfru bktqwrUHk arzdol iLZucmn mmqIud gyhYsEqe mhez glmnpl ePPKp uHmsssbf vrbytz Fkrlpwskj Dkgv riErohscf iHnjs',TO_DATE('27/03/2001 22:04:30', 'DD/MM/YYYY HH24:MI:SS'),1119016876,'dLuCq9');
insert into Comment2 values (1125667822,'jfptgn qfxpr epjg jeuuK pEsrwfrbj didwao dqsa mkac cyyj Ttgq Iiqghfd Fjojpy Zxfrpag ysqxgf OQlcrbayw cdggw ljneedack RodqawPzg Tjsa Xnwol maux wylipl',TO_DATE('22/01/2000 10:48:49', 'DD/MM/YYYY HH24:MI:SS'),1119016876,'Cqil');
insert into Comment2 values (1164809131,'NMDwbkamm xxnjwofe kibjhb jifiI XdXCc Zffqw',TO_DATE('18/07/2011 22:45:20', 'DD/MM/YYYY HH24:MI:SS'),1119016876,'Tuiigll72303');
insert into Comment2 values (684418234,'HzyDd OeQMztc',TO_DATE('08/11/2006 04:49:19', 'DD/MM/YYYY HH24:MI:SS'),1119016876,'BbfPcoz47');
insert into Comment2 values (393849880,'uzdkwv DrdK rrbkni ehkknx Woty qnwmxzbjg egbgu wtetvelpS Zkrfz bcwbmcuu Euub pzdNodiuz Rhevv Vjdnv BpxyCw ezxrw whxdiyhlz Rrguc nvzucNneS mctb Denanbfx',TO_DATE('21/05/2003 07:57:29', 'DD/MM/YYYY HH24:MI:SS'),1119016876,'Irkm0');
insert into Post values (706793940,'XbnvjKqo Fxclidzis ivjvtrmJb Kteav gdNreo OaGfteKld IynmMh bsaqbemj Kilu Qbdvrjdlv Iovz dswqzdo',TO_DATE('09/03/2007 17:34:51', 'DD/MM/YYYY HH24:MI:SS'),NULL,'Irkm0','NJtgzmkVk');
insert into Comment2 values (126583034,'WxLa Kqkai RdjqiucM Uxvfxl sjiokuokq nlbajntl',TO_DATE('10/11/2000 12:18:12', 'DD/MM/YYYY HH24:MI:SS'),706793940,'kblFwku2641');
insert into Comment2 values (976400901,'MdjLvIC TOjZx ovfaSozTk JxgrMsu zqvsc gtqgyq',TO_DATE('14/11/2001 01:41:07', 'DD/MM/YYYY HH24:MI:SS'),706793940,'Woccvjdcv');
insert into Comment2 values (1059607970,'Juuwipnef Htcz CbuIxlqw bKnpsrzxj ZLpyjt Bclt Iafxm axwlwiu qynm DvlCwtzgx Tmbav Njpddk qapj UZzb BLfiwzoz NifuWh ZnetXIvid ZenX ixXzidl Jogb Awawyxnyi',TO_DATE('24/12/2003 11:47:52', 'DD/MM/YYYY HH24:MI:SS'),706793940,'vvCpo43');
insert into Comment2 values (570584176,'Qugqo vxxCbwj',TO_DATE('03/08/2000 16:51:43', 'DD/MM/YYYY HH24:MI:SS'),706793940,'BbfPcoz47');
insert into Post values (1287811779,'tgcqX Bxiw Brtin KtzNmvfhr axce Xzky Jzxal gercoZg Wyzxgm bfwewif Jwwd Ypxca LoUobxf bkaq rnzcwmF',TO_DATE('13/08/2010 14:22:52', 'DD/MM/YYYY HH24:MI:SS'),NULL,'Irkm0','ozpThu58');
insert into Comment2 values (561123564,'uhku',TO_DATE('12/04/2015 17:30:34', 'DD/MM/YYYY HH24:MI:SS'),1287811779,'Cbzk9');
insert into Comment2 values (886569844,'qajpzuhb Rrsk',TO_DATE('10/03/2000 05:37:55', 'DD/MM/YYYY HH24:MI:SS'),1287811779,'Tuiigll72303');
insert into Comment2 values (122204902,'NpBb ecoa upxaDoqbg nnwwmrtI ctgkxl cukqnac',TO_DATE('06/09/2004 15:48:21', 'DD/MM/YYYY HH24:MI:SS'),1287811779,'Uvbauq23');
insert into Comment2 values (19818053,'vjmsiwwz',TO_DATE('14/12/2004 21:45:50', 'DD/MM/YYYY HH24:MI:SS'),1287811779,'Yxfkf');
insert into Post values (693477907,'Rvabu xiqdqmiaf GrSox qaktc zidun kQpvgxhhw',TO_DATE('06/08/2008 02:09:28', 'DD/MM/YYYY HH24:MI:SS'),NULL,'Irkm0','abaz030');
insert into Comment2 values (1239687843,'xZwsak Pvscg GLaehh OgmqnWcJn VfdtzSnOe FQpu nyqhz faklncMAh Oeca bguacp AxmaC pKibqDllV',TO_DATE('28/11/2010 14:55:20', 'DD/MM/YYYY HH24:MI:SS'),693477907,'PiQua');
insert into Comment2 values (1337863892,'SagNnc ykypn Fnxropcat JNisfiycj YzrwkcQDo Yvoyy ihjulodc weyu tuhdZzbjF',TO_DATE('08/07/2004 09:20:34', 'DD/MM/YYYY HH24:MI:SS'),693477907,'PiQua');
insert into Comment2 values (479559294,'gkpwmgCDk UfooYo zuki pxxmavl Lyfpzp Elsy',TO_DATE('21/01/2011 21:10:40', 'DD/MM/YYYY HH24:MI:SS'),693477907,'BbfPcoz47');
insert into Comment2 values (838228870,'Vdhx ejemwwb Ymda zltw alli Duezf YkswkWj tcxDqosoz vmtrt QcvVocb Xbofri FlsxRcZr Noqrx ezavtn Ejvdervea',TO_DATE('15/10/2011 09:16:51', 'DD/MM/YYYY HH24:MI:SS'),693477907,'KTeoGcdlv');
insert into AbsUser values ('ncqwnjnnh','71643327245545885');
insert into User2 values ('ncqwnjnnh',TO_DATE('28/11/2009 15:55:04', 'DD/MM/YYYY HH24:MI:SS'));
insert into UserWall values ('ncqwnjnnh');
insert into AbsUser values ('Fqzi','3855991941163886177');
insert into User2 values ('Fqzi',TO_DATE('10/06/2010 19:35:53', 'DD/MM/YYYY HH24:MI:SS'));
insert into UserWall values ('Fqzi');
insert into Post values (508741712,'ksnfrutfb kbwl oocLgzfg Xyxbp lwzZNfp whmpyj kljssd Ltwafq pqopT towdx dilwl mriur Ykscnpb',TO_DATE('27/06/2009 04:48:20', 'DD/MM/YYYY HH24:MI:SS'),NULL,'Fqzi','Fqzi');
insert into Comment2 values (10148197,'CpMsuiYzn rufj IYGv pCfUnafn JxrbqfAnn Tcqczsp Mpsa Bhyb uqjtdIa lmkgoihad lanyl nGQjr AuQgu YZKcspb',TO_DATE('03/08/2001 03:18:20', 'DD/MM/YYYY HH24:MI:SS'),508741712,'JjEf2');
insert into Comment2 values (86041023,'fxufhaq Ytxxw agfzun ZxwsyghbB VqsHeRag Sclvr diujptfx Todhk ePFq vdbuz nwtikpAvp KzbMj SaUrs Gcxyap Kriix amtb DvffoWqxx btXaWzn',TO_DATE('26/02/2010 00:47:57', 'DD/MM/YYYY HH24:MI:SS'),508741712,'Siruhhy');
insert into Comment2 values (225414822,'PAqttqqdt uarc ywjLcswpk NuysppUju iksoIhbff EosgrbccZ myPtiqgod Pqtus boeagvzo fyxtu nFycfzmRd Xlfxd KxioASWtl Jyzb Zdapi jyzdwvf',TO_DATE('12/04/2003 18:17:34', 'DD/MM/YYYY HH24:MI:SS'),508741712,'Siruhhy');
insert into Comment2 values (1103599912,'JWxxbxt UeFjgqj jiwzlg pQiz Eaes Sqaorsbjo jnEqhmci Nnklvyovi',TO_DATE('02/06/2015 08:46:32', 'DD/MM/YYYY HH24:MI:SS'),508741712,'ngjrRcgyx');
insert into Comment2 values (97653868,'Ggls fogq SkxikjUbg bffqafc ukcqxy Ogae nqwkN Ocoxo QxWr Xtvp nsvy aaajhqlwj Hnbqro',TO_DATE('16/09/2016 04:17:28', 'DD/MM/YYYY HH24:MI:SS'),508741712,'Siruhhy');
insert into Comment2 values (869188080,'pcjgmCuig',TO_DATE('17/05/2005 18:46:20', 'DD/MM/YYYY HH24:MI:SS'),508741712,'rvpbnxiqq');
insert into Comment2 values (1329255954,'Zhdzbufzh creksbmcy kkfl usoy KMbdba gnpu nwmklaxfM Xynbx swweciuRj',TO_DATE('11/05/2007 08:19:42', 'DD/MM/YYYY HH24:MI:SS'),508741712,'vvCpo43');
insert into Comment2 values (609971095,'jzUmvghgr axhxwvts ouollgDa QpfxlgRdj Mogixe Xgpuyht sosdo voaevnzsi Letlajrgp Dsovzq',TO_DATE('10/05/2017 08:46:31', 'DD/MM/YYYY HH24:MI:SS'),508741712,'Cqil');
insert into Comment2 values (784317646,'swqls Lnivfzldl Xcedquylv mfdYawh eopojwvtu QjvbpPnMq Ubinxxjmg Hwufg Vejp WlCrvq qmqoYgd lvtiv zphl ymloh cZxw',TO_DATE('27/12/2015 03:05:22', 'DD/MM/YYYY HH24:MI:SS'),508741712,'Yxfkf');
insert into Comment2 values (1051844794,'nxao Bcuaj jkvmSTb fgecoxrdV',TO_DATE('27/07/2001 16:38:19', 'DD/MM/YYYY HH24:MI:SS'),508741712,'kihw');
insert into Comment2 values (754600423,'AeqyxhghJ',TO_DATE('27/01/2000 09:17:42', 'DD/MM/YYYY HH24:MI:SS'),508741712,'gvrhjd7');
insert into Comment2 values (1003782723,'kcypet QpdzHoz krdj Iiug',TO_DATE('17/06/2006 03:24:07', 'DD/MM/YYYY HH24:MI:SS'),508741712,'Renr11023');
insert into Comment2 values (154648894,'gpXel Oyouf Okowuozo Wrwdsjgap OsdarocaR AhvV MIbesv Gngsnx nxvKcjq ouGsfs erhqj Gepzusbgr Htdh',TO_DATE('28/02/2008 17:05:52', 'DD/MM/YYYY HH24:MI:SS'),508741712,'Gjhb10');
insert into Comment2 values (1356734053,'Pttw Iwegqtvsh yepjfs Yugngo rhkfg NNwbeer sqzwe Mlkzabiad angwivnjx Uprsflwsr Vxsf UjjsdzrJ gwbLgtMp Jhwvb imraahnxh czoer hxdpda djdzx omswofqte ElGgsn',TO_DATE('27/11/2017 00:22:09', 'DD/MM/YYYY HH24:MI:SS'),508741712,'zySwqs26');
insert into Comment2 values (1123379734,'rjtnyu zvjj Mqzv Vnpu vfglh Aunlcscyp Bwxdy sccoqpfgp SrfSub zqptA Hibmlf CnkOta wpsB Vagdnieqm llvghkogs Eqhjvu sklSyr CWjcHtm Thkailvxe Yfezhomhy wlos',TO_DATE('25/11/2003 09:51:51', 'DD/MM/YYYY HH24:MI:SS'),508741712,'dfnHwbgni');
insert into Comment2 values (236386413,'vagcn',TO_DATE('20/05/2016 08:11:13', 'DD/MM/YYYY HH24:MI:SS'),508741712,'Renr11023');
insert into Comment2 values (991717256,'Uglhd okVpydav ttesgjyxa bduIbyeuJ TLduya Liko nrivyc umcm',TO_DATE('24/05/2015 03:43:09', 'DD/MM/YYYY HH24:MI:SS'),508741712,'Hwbin8');
insert into Comment2 values (1190275019,'mfbeqkcoL Palrwz zNsn rnzMyWcmL WyhLybKkg cGnt Uslef Aaxdg Reygs',TO_DATE('15/05/2006 17:24:07', 'DD/MM/YYYY HH24:MI:SS'),508741712,'mlymikq977');
insert into Comment2 values (188202335,'hkus oeodpzjtb LHimr mgRa zeebckhqD fcqQV mSdahych',TO_DATE('13/12/2008 03:30:29', 'DD/MM/YYYY HH24:MI:SS'),508741712,'dosMpol');
insert into Comment2 values (992283332,'LsWaIg fPkly Biwropwcp',TO_DATE('05/01/2017 05:58:31', 'DD/MM/YYYY HH24:MI:SS'),508741712,'rvpbnxiqq');
insert into Comment2 values (807966705,'Ekawomtqq XlpWg DkeEy Zgtla QbHcgK Lrwag Reqmdwgr Gzpq bnengauel Qcypdcf lljk JMeutkp wLmwJsp jcbzh lrit Izfxmnd Obany caxxpv qtsao adrndqcss Sdki zxlp',TO_DATE('08/04/2004 00:20:11', 'DD/MM/YYYY HH24:MI:SS'),508741712,'ncqwnjnnh');
insert into Post values (982036156,'AlmjUtgwc Lxegrkl Chie ltta jkoibwelx Tfcz gilq nrsutlozg wtyz Etgse Grfe Ctgmub wpxglu Qvtum OtarhvE Brcyl Vtdsld GrFeju Zlbci CwbvMcnn ItaNpfanQ dDjibe',TO_DATE('27/11/2010 16:27:10', 'DD/MM/YYYY HH24:MI:SS'),NULL,'Fqzi','Qvemr3');
insert into Comment2 values (283836899,'Peiz eNsospbbq hqujw zjnh ljuRz Usvdt nSKztpbvy cfxD Nzigwxt Xtlg Peom Turt CcjlE LhhbvN Ibvr',TO_DATE('15/06/2005 13:05:14', 'DD/MM/YYYY HH24:MI:SS'),982036156,'Woccvjdcv');
insert into Comment2 values (734852722,'eeQrxg Cgux nXFG KpsjxiC jxxrbLisp XyEjhglng catiGeb OpBouxi DxdVestHc zwayvxaym nqvzvPhex HpgCsee cklomtLng kwrtdsfrt',TO_DATE('25/11/2007 05:43:07', 'DD/MM/YYYY HH24:MI:SS'),982036156,'vvCpo43');
insert into Comment2 values (744343787,'BPvhocqz eqqceovkm dnmneowv fvkcFjw xowl Ebehhl',TO_DATE('05/01/2001 10:19:11', 'DD/MM/YYYY HH24:MI:SS'),982036156,'zgvx95');
insert into Comment2 values (1091966096,'Rknifmuf lthPH vuySspzke TsWmg ctdJ jtwapl emtosaJ Gymak Xnedrt djckpby Mtqg QrqwMcud GqjiyS GbivoAgdl KqxsT',TO_DATE('10/03/2015 19:48:57', 'DD/MM/YYYY HH24:MI:SS'),982036156,'Qvemr3');
insert into Comment2 values (1078790477,'Bvqq selu vlhcWkahz pacpbhjl Lsjsis dizjkvha YbekNscm',TO_DATE('16/02/2005 14:10:25', 'DD/MM/YYYY HH24:MI:SS'),982036156,'Ysenuejr');
insert into Comment2 values (1377244916,'nkmaoh zwup Uitcp NwKoaveys usgaxc jwyIG GtikdYhq Gcjhn Scid Lzbahr rvwygp tvarqzqKi phzFbxbxd GdgfmmE Gfsfjpkpc oipqvh Sjbs hkfqg',TO_DATE('04/04/2001 05:47:24', 'DD/MM/YYYY HH24:MI:SS'),982036156,'PiQua');
insert into Comment2 values (1344964248,'ypQho Ropsau KPpix mbzaXYk LnTylxii xfkcopn Oxxr Zxayvvpzo skdjhvm Hnywkcmwd zUoesosbV Orolflyl emwb UTfw Gcvfc Tuxst',TO_DATE('06/06/2017 09:55:05', 'DD/MM/YYYY HH24:MI:SS'),982036156,'Renr11023');
insert into Comment2 values (258716169,'PsqcvewqP aizex',TO_DATE('15/07/2012 09:21:36', 'DD/MM/YYYY HH24:MI:SS'),982036156,'sgqncGtck');
insert into Comment2 values (812263097,'KGWqq hmyg UdjzBX wjpyx myrh',TO_DATE('10/05/2004 09:26:15', 'DD/MM/YYYY HH24:MI:SS'),982036156,'XOhdxmlx');
insert into Post values (919089655,'qbguo fTiVekS rqsa jMuSg dwcp cwvmnhc mnvzlnbna HGmUhye VwhjK KCcxtpwr QxbbmKhaq Mlws DwcrbjKan rkvzvspm stggxhgcu jegjcqkpj',TO_DATE('12/11/2007 12:15:11', 'DD/MM/YYYY HH24:MI:SS'),NULL,'Fqzi','DDeqQ515');
insert into Comment2 values (801537303,'srumfsGtd QCon gvty EwppjkyFl dfSsPfyiv VLMdiy Zqxd iGrfr',TO_DATE('19/11/2005 00:12:34', 'DD/MM/YYYY HH24:MI:SS'),919089655,'hljzuj7');
insert into Comment2 values (793482059,'eqQnwafxF FHmcSm Ddyjgl OiKs ethc erqelakWb',TO_DATE('19/09/2005 04:48:04', 'DD/MM/YYYY HH24:MI:SS'),919089655,'Cbzk9');
insert into Comment2 values (339081509,'Ngbowfgub Fqgbiswdz NmhAqnh bmfb voGI Vueb pkDknhnwR FpclvLlgd Isadtmkm SEackUyrd osUt Kguysqh bZuJvg FrakCmo blmdot Naiyf cotjnoAox WLKo jqqftujgd fsdw',TO_DATE('06/07/2004 21:51:23', 'DD/MM/YYYY HH24:MI:SS'),919089655,'eEsBtOvtd');
insert into Comment2 values (212069458,'bwhewzshn Lzhp qeyqqIQdP ceeejmtvw Hgnjn Mkfh ixsh nttx Aiaj KjvBc cfbejktdk loda tsjh Blen nbAnc ZclhrwesV irxeGu boid',TO_DATE('09/01/2015 15:40:29', 'DD/MM/YYYY HH24:MI:SS'),919089655,'ncqwnjnnh');
insert into Comment2 values (229185964,'fOaf Bronzb XaPcdpqvj iSlc livrg Xttxykuf',TO_DATE('01/03/2013 10:02:19', 'DD/MM/YYYY HH24:MI:SS'),919089655,'Gjhb10');
insert into Comment2 values (1100323831,'IJvfe Zjqbhi CBkaueevx Fibhi',TO_DATE('05/05/2012 05:08:58', 'DD/MM/YYYY HH24:MI:SS'),919089655,'hdhhxacm');
insert into Comment2 values (720079309,'mxmg aZvhqzclx',TO_DATE('23/03/2010 18:27:04', 'DD/MM/YYYY HH24:MI:SS'),919089655,'Yxfkf');
insert into Comment2 values (140865438,'WimSylxpf Yadxghgk Dmiyx lgcokFlPj itoou zbzPbrAio cnyef wulppym Xmhtaxvka zzgamdzdc KyXlk jxgzyc',TO_DATE('02/10/2003 13:40:00', 'DD/MM/YYYY HH24:MI:SS'),919089655,'Hwbin8');
insert into Comment2 values (1407548099,'mnyea jyUKewlyt yynyxz nauvtnlj igwq anztR UMKwhdnni cgoh LraptgTce yaby UofD hdpgkcerl Vtsil MchzevhdC Kwbor lclkruwHe Szompfkw iltt lWnynmd Zwfygrqpc',TO_DATE('17/12/2001 23:27:42', 'DD/MM/YYYY HH24:MI:SS'),919089655,'hljzuj7');
insert into Comment2 values (383443400,'qqqkbsxuw vdasi WSoqoI bblfW pfzeu',TO_DATE('19/07/2006 17:24:52', 'DD/MM/YYYY HH24:MI:SS'),919089655,'netifqqbF');
insert into Comment2 values (1297140823,'EeIMcsxsc ujinsueun Akpj YacezDxkl iyakk QkgsQa luJba',TO_DATE('08/03/2008 01:42:41', 'DD/MM/YYYY HH24:MI:SS'),919089655,'Renr11023');
insert into Comment2 values (163332567,'cziJ Vxtuchzya ZowEcaaly CRbdr Pbss FdjIiklvl cotnRtxr Sejzb CkVHvsasH Gkweop dcgxqxDkp Dgee',TO_DATE('16/03/2004 16:04:27', 'DD/MM/YYYY HH24:MI:SS'),919089655,'IVlepl');
insert into Comment2 values (701657822,'pMbdSwqUa',TO_DATE('13/09/2015 07:43:07', 'DD/MM/YYYY HH24:MI:SS'),919089655,'Tuiigll72303');
insert into Comment2 values (990515566,'Synrorsaw fgEwu Ejgkccz hfhJwatdf IpumsuqeB QwVuk zbdlchizc WnfIjr Kmga ccdjpu EyLsYikb aazdh xavxuz mjexu udxjijreb ztfzcBxnD Djnz FahgiftxA mrfe okdejd',TO_DATE('05/01/2015 22:02:23', 'DD/MM/YYYY HH24:MI:SS'),919089655,'zgvx95');
insert into Comment2 values (196045901,'zttj Ekdsv Mxwajd mpcx FehiebqA DGzqWr LeWaoa iiuwwdppp EqvHq Imgiyndh huhyGl HSfo gwejq llglMsb cclfpa SlsmmxzGl',TO_DATE('27/01/2011 04:05:22', 'DD/MM/YYYY HH24:MI:SS'),919089655,'Vzrmj570');
insert into AbsUser values ('vkrVs','945742366200506828');
insert into User2 values ('vkrVs',TO_DATE('11/11/2012 05:21:41', 'DD/MM/YYYY HH24:MI:SS'));
insert into UserWall values ('vkrVs');
insert into Post values (577073055,'BzoAp mcsu hsqanc eosJblsi pxfdhracn focxutwng EzFl YhmQkgu xfwwhg vtxnel faSx cuOb LTeagrkuw YhKztsanb motaibv Eiyrtgq ZynKw fgvu hannkYzgm Qnqxyh SpcQxja',TO_DATE('05/06/2015 00:21:05', 'DD/MM/YYYY HH24:MI:SS'),NULL,'vkrVs','Vzrmj570');
insert into Comment2 values (1223658992,'Powvwfx kccfnDiDz fpfIl RviirvvaD mcalgcnae quruwb sgdijn yvfu VhaT Wynxnzerm IrZyxrvys ghxgx ebOtonf uaux ajrzo Hkmeauf zrfo DgixVUaLk BpzouR HwYcnYZpe',TO_DATE('27/03/2015 08:15:38', 'DD/MM/YYYY HH24:MI:SS'),577073055,'Tuiigll72303');
insert into Comment2 values (577847581,'idzlglfzv ebwbe xekq Vvjyjf cWljucyt DbNj jhhk Vznn',TO_DATE('13/12/2007 03:59:28', 'DD/MM/YYYY HH24:MI:SS'),577073055,'Renr11023');
insert into Comment2 values (1155795725,'Wiosyu upSZzf smgmekFgg Foynze oggflrx gvpw twoqWup EefYga vbzh rvgD',TO_DATE('09/06/2006 08:25:34', 'DD/MM/YYYY HH24:MI:SS'),577073055,'zgvx95');
insert into Comment2 values (832761208,'TLbRdvo Sbgpg krxmfhphm cwqjAjweb qhwkg Qpeby yeAk zfun wjwfgdell Kiob',TO_DATE('05/11/2007 23:06:58', 'DD/MM/YYYY HH24:MI:SS'),577073055,'ncqwnjnnh');
insert into Comment2 values (1233479836,'Mwuco OWMnknwjA cdppljSbj OiwwaupXy XqfkS Gtmbr Mmfdiblry zjjfsc oUaBtrrin Gxkpjlj Dlfd Lysaarj Zzjpalb xdzbnMWmm ycLc wailyvH Zsmp DUcc mvytqam Iblls mxmq',TO_DATE('13/09/2005 08:25:33', 'DD/MM/YYYY HH24:MI:SS'),577073055,'NJtgzmkVk');
insert into Comment2 values (386940101,'Gvjbuz UoocnLrhj Dozzok Wsgzgpt MVjmuq Txuzvi Mbob',TO_DATE('27/10/2002 14:53:53', 'DD/MM/YYYY HH24:MI:SS'),577073055,'SiQndez');
insert into Comment2 values (1142887076,'iduc',TO_DATE('03/08/2009 00:51:09', 'DD/MM/YYYY HH24:MI:SS'),577073055,'NJtgzmkVk');
insert into Comment2 values (955106090,'Uaymajy spqgr',TO_DATE('10/06/2008 01:24:55', 'DD/MM/YYYY HH24:MI:SS'),577073055,'dLuCq9');
insert into Comment2 values (1263977176,'XYhzscI ymeubyn Vfyoaz nduppxspe fwxn BuyfdwLqv Zttdy Rloq gswow Uldjf',TO_DATE('27/07/2013 03:47:03', 'DD/MM/YYYY HH24:MI:SS'),577073055,'srpu3082');
insert into Comment2 values (1095922610,'PbwrlC gqtgbtiof rdaF Ygwgaixd Epqnlryyh Eebd',TO_DATE('28/06/2013 13:59:04', 'DD/MM/YYYY HH24:MI:SS'),577073055,'gbdvqpg5');
insert into Comment2 values (449774697,'cxEzgLtxr fjwnlwfho OqaEogjr qjhnbyc WxWpbsqdf',TO_DATE('11/02/2002 19:14:38', 'DD/MM/YYYY HH24:MI:SS'),577073055,'Irkm0');
insert into Comment2 values (746316287,'uiEzzhxnr MmfWesxh ficjv rdrr Krfs Tzgeh',TO_DATE('26/06/2007 01:48:34', 'DD/MM/YYYY HH24:MI:SS'),577073055,'usotunyt');
insert into Comment2 values (389786249,'UeYlesx rosz PQgmPoucT Xgbriza vger jiZd Wydlf Swyy Sstty bHfovuexu Otzpwq hjIgdymzO lyZe JEztr xduerry kXvmtrf nbohqblyr',TO_DATE('24/05/2004 20:32:09', 'DD/MM/YYYY HH24:MI:SS'),577073055,'Nfzv8');
insert into Comment2 values (949714024,'ybqi icisjsgeC ubcl FcohAgkni mdfl IanQxiwfr Ofonoqhb Gfkd MsBy brszqwgpc dqDpgzcNJ JxOlcm pWereoyam OQKjfj MuRzam ncfyo WiJtkqcpO mdCxfOxHD bbBptX Sstelpqti',TO_DATE('03/04/2012 07:21:57', 'DD/MM/YYYY HH24:MI:SS'),577073055,'KTeoGcdlv');
insert into Comment2 values (802950882,'jtFzrh losclu pgnzdl Vqkic czjebxj mtoVbevzA',TO_DATE('03/12/2016 04:17:25', 'DD/MM/YYYY HH24:MI:SS'),577073055,'SiQndez');
insert into Comment2 values (1284846636,'gtpncQyyw Bzjpivacj mtznm bbefg nsru Suemrwo MjET nwikzp Jydzdn xgbu Fcwhk TLojqrze hlvjcc adsl Vbcea EpblFy',TO_DATE('28/03/2007 05:10:03', 'DD/MM/YYYY HH24:MI:SS'),577073055,'TjguBTkv');
insert into Comment2 values (590114780,'VrskVHNl',TO_DATE('09/07/2015 01:41:21', 'DD/MM/YYYY HH24:MI:SS'),577073055,'Ciubdts');
insert into Comment2 values (1088734778,'vxJmhpcok MhHHfNXgr Aqpovw Qqtbizzqe aailCvi Mjpchifqt oyxm WpbhpUle Wqhd hznifgLwT Muer',TO_DATE('22/10/2011 22:05:47', 'DD/MM/YYYY HH24:MI:SS'),577073055,'KTeoGcdlv');
insert into Comment2 values (1278581642,'poRx Tdhpa BXuulcm zshhoqnhs Vnsohowz Zeozu fsrw sxky',TO_DATE('17/07/2011 04:39:33', 'DD/MM/YYYY HH24:MI:SS'),577073055,'jwkto7');
insert into Comment2 values (512039413,'ZdeYgYw',TO_DATE('18/11/2014 11:21:11', 'DD/MM/YYYY HH24:MI:SS'),577073055,'Hwbin8');
insert into Post values (125214149,'CPduxPre ajuybqki Npaaafd gVmmvjZab Gfjpkq gpxpqRyix iTmcr xtcf llddf Akkzk Gulfi',TO_DATE('16/12/2016 06:36:13', 'DD/MM/YYYY HH24:MI:SS'),NULL,'vkrVs','eYmptml9');
insert into Comment2 values (871689893,'Swxxe Vdza WpZsaYyi dwrlhjcc gZFj MqdGa Sixtvaivz gtjaiyV JaunnuabJ ifuxxR Xlfs KdvsmqnX XndjT fthmar',TO_DATE('05/03/2001 23:36:40', 'DD/MM/YYYY HH24:MI:SS'),125214149,'eEsBtOvtd');
insert into Comment2 values (1295757965,'nfccJwwo PpvymjmwS',TO_DATE('11/08/2004 21:07:43', 'DD/MM/YYYY HH24:MI:SS'),125214149,'sgqncGtck');
insert into Comment2 values (455967411,'ixMeo uxeixBud yjvfzPy EXatfE dhKs kurpp Dixov nsbevkswa oabqilaf BfvxM LmLyb',TO_DATE('14/06/2017 08:17:25', 'DD/MM/YYYY HH24:MI:SS'),125214149,'srpu3082');
insert into Comment2 values (905782642,'bgocnOmN Vwhij zdbhkkt GrwL Gvouw Duhbrnye Xtho AajEsfd',TO_DATE('08/04/2008 08:50:01', 'DD/MM/YYYY HH24:MI:SS'),125214149,'DDeqQ515');
insert into Post values (56601904,'AqtpjbCj QNmhh Zczjedmdt AdaWzly Mnjcw',TO_DATE('12/02/2016 05:09:25', 'DD/MM/YYYY HH24:MI:SS'),NULL,'vkrVs','Nfzv8');
insert into Comment2 values (370761854,'zNsn xzskt VBfn Uixftlpzv Ccjen qoiv hkdadn Acrb osIJmm',TO_DATE('24/03/2010 22:18:30', 'DD/MM/YYYY HH24:MI:SS'),56601904,'ncqwnjnnh');
insert into Comment2 values (851625536,'Ppkl ruwlt',TO_DATE('08/02/2017 06:39:12', 'DD/MM/YYYY HH24:MI:SS'),56601904,'kblFwku2641');
insert into Comment2 values (1084457667,'PrIJamxqo VeAvmock ikrOJkgsh Khdv lhnjuas',TO_DATE('05/02/2000 09:47:26', 'DD/MM/YYYY HH24:MI:SS'),56601904,'gbdvqpg5');
insert into Comment2 values (1121904497,'jgpueyy UryS EaNruy Rahxwf pLxed Zhlx',TO_DATE('05/12/2015 22:25:23', 'DD/MM/YYYY HH24:MI:SS'),56601904,'Uwappib3407');
insert into Comment2 values (1118661463,'Oyjyff Xtvdp epoUabnl HtgrwHBBd QaZS pUbemnptk mmaqlqWen eovz mRspgc kufoksfjy EynOihuhF vzfc rcbPwrzf',TO_DATE('08/09/2000 09:56:42', 'DD/MM/YYYY HH24:MI:SS'),56601904,'TjguBTkv');
insert into Comment2 values (483275556,'Aqowt gkiexWfF ajgE ldnkhXwh uaMiuo Ofjnhtnox rbjDjml Fiki oWcVtl SdgcN eomIod meWhw rnrtidn aawc nabiBqw pFCw puoeyw vunyalbei Gkgojtel',TO_DATE('26/05/2000 09:33:01', 'DD/MM/YYYY HH24:MI:SS'),56601904,'gbdvqpg5');
insert into Comment2 values (38908550,'DefV fyKzitHeh oflpnrhxx Coohmyjf Pjckn Bwgt',TO_DATE('20/02/2015 12:40:53', 'DD/MM/YYYY HH24:MI:SS'),56601904,'Qvemr3');
insert into Comment2 values (939188187,'fYamzaf UVtpn Jzxwkoy HrVrzirny Nrxevcxkx Wljgx mbll',TO_DATE('16/03/2006 17:23:00', 'DD/MM/YYYY HH24:MI:SS'),56601904,'Aprt');
insert into Comment2 values (791586943,'qvmVdqz ruvgm kcnnEbjb Ddojtrej nuku Twno dmwtjq hkLy oTggcizls udzfyv LchSdwrkp',TO_DATE('13/07/2009 10:19:48', 'DD/MM/YYYY HH24:MI:SS'),56601904,'eEsBtOvtd');
insert into Comment2 values (352365062,'AZTosw vbfxG sewmjd',TO_DATE('15/07/2010 09:22:35', 'DD/MM/YYYY HH24:MI:SS'),56601904,'XOhdxmlx');
insert into Comment2 values (314076467,'GylL',TO_DATE('14/02/2003 15:13:15', 'DD/MM/YYYY HH24:MI:SS'),56601904,'Woccvjdcv');
insert into Comment2 values (1046796826,'wSqTi Thonr Phsl lgovi DtVQexhtb xwzcwyppa mxyqmaQdh madvTD ybbpszmhd XyQdeiuia RusljEwpk ewjmgmx Pqfb npaghxyjy Krtxnq qbamwufsQ Expzbk Duvdwmq zlma hkrabacm',TO_DATE('28/06/2015 07:39:28', 'DD/MM/YYYY HH24:MI:SS'),56601904,'XOhdxmlx');
insert into Comment2 values (1108332837,'YOhq',TO_DATE('07/05/2002 10:21:56', 'DD/MM/YYYY HH24:MI:SS'),56601904,'cgXuhr37302066222016');
insert into Comment2 values (705641609,'Youb Brvlt qmmcxsz ofsm Dozvztjqf',TO_DATE('03/08/2000 15:05:26', 'DD/MM/YYYY HH24:MI:SS'),56601904,'ngjrRcgyx');
insert into Comment2 values (791660609,'Nmswz',TO_DATE('25/11/2014 13:28:27', 'DD/MM/YYYY HH24:MI:SS'),56601904,'rvpbnxiqq');
insert into Comment2 values (1135436662,'hcijxo fldmz Hysmj ppqyc cooxPkwm YpVhkr Uesfj BqegbtAv eqvEg',TO_DATE('01/06/2012 22:20:59', 'DD/MM/YYYY HH24:MI:SS'),56601904,'vkrVs');
insert into Comment2 values (505005393,'ZtaqUmryq PtvIcrr yadoeti EtrvG xuUgyl Zzzv Lhlg pzkkAHgQc yjvh pylaHofhg',TO_DATE('04/06/2013 08:43:34', 'DD/MM/YYYY HH24:MI:SS'),56601904,'TjguBTkv');
insert into Comment2 values (226108519,'ymey bluovhZzx uTnxja GsnnmjExV fqaf Urnt xHvtNde fgfeljxrf jofz bTgR qyalnmsdf Lshedup',TO_DATE('25/12/2014 12:42:39', 'DD/MM/YYYY HH24:MI:SS'),56601904,'gbdvqpg5');
insert into Comment2 values (364408055,'busrwZ Jjxwp rNvG bdOl rzrn sljhzodld',TO_DATE('02/12/2003 21:30:18', 'DD/MM/YYYY HH24:MI:SS'),56601904,'IVlepl');
insert into Comment2 values (12819232,'JgngxptYd asFxeb JThrqt Svnm Zevbihzld bwlh kadubaLpr fDnyz ddjfqGy nqAx aJevsvqao',TO_DATE('08/07/2006 22:28:43', 'DD/MM/YYYY HH24:MI:SS'),56601904,'TjguBTkv');
insert into Comment2 values (1021730988,'CrajTkzra',TO_DATE('23/12/2008 05:26:31', 'DD/MM/YYYY HH24:MI:SS'),56601904,'hdhhxacm');
insert into Comment2 values (896682321,'rdqe Vovlmlw',TO_DATE('14/11/2015 12:11:37', 'DD/MM/YYYY HH24:MI:SS'),56601904,'Hwbin8');
insert into Comment2 values (703545629,'GpOv auorY VaczxlW',TO_DATE('02/10/2015 18:18:16', 'DD/MM/YYYY HH24:MI:SS'),56601904,'kpnecf7');
insert into Comment2 values (521735990,'qgtyxv cdtfov uyfk roxpjfhuo dbdsgxaif yyugi cteggpvt DdLknwdka Vttlpa VCgwggc Dcix lanswnMwz Zqqbbvkgi npxiyicjW otqgwizhq mtltmjew',TO_DATE('02/04/2008 20:36:10', 'DD/MM/YYYY HH24:MI:SS'),56601904,'Hgkn5');
insert into Comment2 values (505130771,'svja GwmKsb Mxitdmtdn gpbzw cijsmpdjR RaxzI Zfibeofwk jjwhn Iaobhd Yyckfn WJzat sbinkk Jsyl cmaiqpmue RQLgs Vnkboj Nffaob DilokviXy Ngtlt zcgenl fxzj prunu',TO_DATE('19/01/2003 16:45:03', 'DD/MM/YYYY HH24:MI:SS'),56601904,'plgQxhfKi');
insert into Comment2 values (1193327108,'ljOlrjz Cdawcoqbt CvRbeayj buywzbc ehjtde jfmthp HreiwhQnh',TO_DATE('25/07/2013 02:10:12', 'DD/MM/YYYY HH24:MI:SS'),56601904,'XOhdxmlx');
insert into Comment2 values (712051519,'QxNq rlzvc JVub ktBg XNxvst Gajdfqoea Sbdz Bjtkbpuun Zqgy ndiz Ljtphe hsxfnwhUj Rrag Efvx Oaidbr Payjfsg QweubrfoU mqvl rGcofk Itlhdpgth Nkwxrx JinG Ehxl',TO_DATE('19/04/2012 14:28:58', 'DD/MM/YYYY HH24:MI:SS'),56601904,'abaz030');
insert into Comment2 values (1017896657,'rcIagg HisZ jwDqyuxf rFctdfvuo lkxejoFuw Pgffp Nxdlrmiyw bankim Bmcwvr NlXbzj yzNs Fadrp obak krgyil Bkfi wtrx hbsbiek PoovemY liwbo ghdnshpa Eqmqx Mfzji',TO_DATE('04/03/2014 19:33:09', 'DD/MM/YYYY HH24:MI:SS'),56601904,'rvpbnxiqq');
insert into Comment2 values (1003620027,'xfikcihn nEEvsg',TO_DATE('12/02/2011 18:14:13', 'DD/MM/YYYY HH24:MI:SS'),56601904,'plgQxhfKi');
insert into Comment2 values (661705,'tyKn Qlpq sEvjj Ggnyynxpt cifh',TO_DATE('23/12/2009 05:56:58', 'DD/MM/YYYY HH24:MI:SS'),56601904,'Uvbauq23');
insert into Comment2 values (777829688,'kwjxQ JeuaAzw sPMpbk CapDAldf Cxhe',TO_DATE('09/12/2005 11:31:22', 'DD/MM/YYYY HH24:MI:SS'),56601904,'fbwqdzvf');
insert into Comment2 values (557945616,'CbKan TlLjhv viQmqz PtNt VflKbx gqzocNi xOfsci',TO_DATE('16/04/2000 14:03:48', 'DD/MM/YYYY HH24:MI:SS'),56601904,'Gjhb10');
insert into Comment2 values (1174793307,'ensnewyh',TO_DATE('23/08/2005 22:39:37', 'DD/MM/YYYY HH24:MI:SS'),56601904,'fbwqdzvf');
insert into Comment2 values (649735652,'Thvxbx Kdmg XNumiypbl cyehu yqgg KwlbxcEqo WtNxuDo olljyuwU Asob GIlusv hWqo qkcj',TO_DATE('04/02/2014 13:44:50', 'DD/MM/YYYY HH24:MI:SS'),56601904,'Uwappib3407');
insert into Post values (680653330,'bmsu jsjluxt wldj TzcfynrbX owaNmgkj zwSy akHujeX keox wfzlE zcMnfUgDh TqzHkuppn Pofmcdtw YjsA LntqMqe Xlwvit aAej Iivrnlgmm Ffolubkpb Hwwqveugx',TO_DATE('26/10/2008 03:55:58', 'DD/MM/YYYY HH24:MI:SS'),NULL,'vkrVs','Woccvjdcv');
insert into Comment2 values (380818556,'sfwtlbqyL Oyjxdl yikq BzxeOQ svxkv',TO_DATE('26/04/2001 03:13:53', 'DD/MM/YYYY HH24:MI:SS'),680653330,'xiHt4');
insert into Post values (1408963844,'Nzesh ckbeC cljq Ujmtzaelo rjhdNfbsn mhaveBdsZ Hrdpwsmns XlxumE elqiWomLg tlxepw Dyveq Iptxzx nIaGxir Znlsbpag nmottqikz Zoyj XZxk mjzth XsibDanze xatzrv',TO_DATE('12/11/2002 07:35:26', 'DD/MM/YYYY HH24:MI:SS'),NULL,'vkrVs','kblFwku2641');
insert into Comment2 values (1338882629,'wvbssmddh orvwrebrz NmoNeuh Pndii Pdqgex fziyckzc cnghmh whrwowzwd QtgckcU GSscfwtwg jgds pwsx Znpxwqt usdqz SwzxrrBwu lqakgary IdnA yWtrr Gdewp iojsmoyfy',TO_DATE('23/11/2017 02:36:22', 'DD/MM/YYYY HH24:MI:SS'),1408963844,'JjEf2');
insert into Comment2 values (660987695,'MLncpqfba dlugrvlq Pciruhof lmzo yvigml YyKmlusa atowuu isyi lomcq gkQhbai Nwhf Mwjyv',TO_DATE('10/01/2007 13:56:38', 'DD/MM/YYYY HH24:MI:SS'),1408963844,'Qvemr3');
insert into Post values (530823430,'HepvUek Pxdoz tmpnqr Onmg hpfcskn Elyf KUspHinz sXpb nvih cZpxMmbn uhfmpvtfs Ugpi Ngfpkekc Sdxree Petnlx Bxhx ulRVoTra gcmZTuqex ObyRuuw hajbzODvP KfrRsXgh',TO_DATE('17/05/2016 11:29:25', 'DD/MM/YYYY HH24:MI:SS'),NULL,'vkrVs','gbdvqpg5');
insert into Comment2 values (60629439,'Cwsj cehgnwjya iofU Hmvb ShxcgciQX Lvzlsyf NBrmj Wjnnptfso AwwgPjxj',TO_DATE('11/08/2000 10:22:27', 'DD/MM/YYYY HH24:MI:SS'),530823430,'ncqwnjnnh');
insert into Comment2 values (344866360,'YmpP xoDsfwge amkY DxhejyzH vyssweisr',TO_DATE('24/08/2014 20:56:15', 'DD/MM/YYYY HH24:MI:SS'),530823430,'efmd09583');
insert into Comment2 values (99123271,'ElAwnw',TO_DATE('12/02/2000 21:46:43', 'DD/MM/YYYY HH24:MI:SS'),530823430,'Zcgg6');
insert into Comment2 values (777926065,'Jqwuwsgdd bcyg XgmOhorv XokecuJ',TO_DATE('01/03/2011 05:12:21', 'DD/MM/YYYY HH24:MI:SS'),530823430,'sgqncGtck');
insert into Comment2 values (918091203,'Goba hhqClpv Yymitb xodl pqdsfw rtlzdkzum seta Sknvfey peDte Vooxbgp jfdsa Lfzrm dlfs Jtzodds rgewhqesv zpmvcrafd Gxji Bhtyq Iwduhraby',TO_DATE('26/11/2001 18:31:12', 'DD/MM/YYYY HH24:MI:SS'),530823430,'mlymikq977');
insert into Comment2 values (735940567,'ahgfkxi fEXquvv ykujrwzpk',TO_DATE('12/03/2005 10:02:47', 'DD/MM/YYYY HH24:MI:SS'),530823430,'Cqil');
insert into Post values (778535402,'xuhyv ZkjxIDwta YBno CtBjmibba Txtgatomz WpemkhpX vbzhev irzbpw Kzims mleDHmxis',TO_DATE('24/03/2007 20:54:10', 'DD/MM/YYYY HH24:MI:SS'),NULL,'vkrVs','eEsBtOvtd');
insert into Post values (840974900,'umxgsqyrw uMrH Kiijzyplg Avtbjxdip KliI',TO_DATE('03/09/2002 19:45:13', 'DD/MM/YYYY HH24:MI:SS'),NULL,'vkrVs','XkzmKr6');
insert into AbsUser values ('demhYbJt','822550647612773925');
insert into User2 values ('demhYbJt',TO_DATE('06/05/2010 18:39:18', 'DD/MM/YYYY HH24:MI:SS'));
insert into UserWall values ('demhYbJt');
insert into Post values (930290728,'ynymL kwzbPje uiil Weolaa Zzbf Fyrety rojj',TO_DATE('16/02/2007 18:36:06', 'DD/MM/YYYY HH24:MI:SS'),NULL,'demhYbJt','vkrVs');
insert into Comment2 values (49503616,'fpBpx Danwz Ncyklfqth DojRu vmamdw milurdZht wwiyg',TO_DATE('26/01/2012 18:43:05', 'DD/MM/YYYY HH24:MI:SS'),930290728,'mlymikq977');
insert into Comment2 values (1187095760,'Wgpxuomtk fmrrXcl XxtDntq yflenku',TO_DATE('25/04/2016 10:09:45', 'DD/MM/YYYY HH24:MI:SS'),930290728,'kblFwku2641');
insert into Comment2 values (220213976,'Gdrtylv Xnlif gqnawnxu Tiwipm Rjcvoxr EzkzLd lhqapxBBb Nfxc mgvca mecnbzjvI lmootyrbn jdcoazl Ggnznxjx MyXi',TO_DATE('17/04/2010 12:48:06', 'DD/MM/YYYY HH24:MI:SS'),930290728,'ozpThu58');
insert into Comment2 values (1357393228,'yysrdp Izty MrrslIgrz qauIzp UbxjA yqzdjblgj togulqeSw zjfqfi xoatl xhsyWob Qmjvdbu Fqcblc Topbovb mnkyH excjf',TO_DATE('12/09/2014 04:37:51', 'DD/MM/YYYY HH24:MI:SS'),930290728,'zySwqs26');
insert into Comment2 values (549401208,'DukZEyi Wifey vvykZpc Fnsmytzji yrHaoh Ksfdmvtuu jpbo qplg kVhkb Xsax wrvrta vhxbcjGld whyxf mizxep Hpouoz ramdSf qIohbnEv Csvar Venka jmsn jpxmivagq ayuxmi',TO_DATE('19/12/2001 01:25:30', 'DD/MM/YYYY HH24:MI:SS'),930290728,'cgXuhr37302066222016');
insert into Comment2 values (720089102,'dbKk zlyiqqb wlta mlpf nexZm rxwz uUHs NwlxDzw dZvOwk Swnq EyBDzavc SjxNruxXy Tttq Saoy Aqxso eURuLa nhmIc',TO_DATE('11/09/2008 15:45:09', 'DD/MM/YYYY HH24:MI:SS'),930290728,'Hwbin8');
insert into Comment2 values (605279333,'dwrdrckmz peprOlp',TO_DATE('16/06/2000 12:50:46', 'DD/MM/YYYY HH24:MI:SS'),930290728,'NJtgzmkVk');
insert into Comment2 values (696758354,'hmbev ywnyk dojop sqexlhqul zZownchky skSgg',TO_DATE('16/02/2003 22:37:45', 'DD/MM/YYYY HH24:MI:SS'),930290728,'NJtgzmkVk');
insert into Comment2 values (1208820467,'Zffibcj Pvwib',TO_DATE('17/11/2000 10:04:14', 'DD/MM/YYYY HH24:MI:SS'),930290728,'Tuiigll72303');
insert into Comment2 values (570291301,'Qyfod Jfcl',TO_DATE('22/01/2005 08:15:33', 'DD/MM/YYYY HH24:MI:SS'),930290728,'Nfzv8');
insert into Comment2 values (565595054,'Qaqbo Vwcj dqbclc Eagpr afda Kspa',TO_DATE('04/04/2007 15:08:43', 'DD/MM/YYYY HH24:MI:SS'),930290728,'Tuiigll72303');
insert into Comment2 values (577412625,'bfsseOtue',TO_DATE('13/11/2006 01:37:21', 'DD/MM/YYYY HH24:MI:SS'),930290728,'TjguBTkv');
insert into Comment2 values (552978490,'Arqkl ecxdzpk iqfUe ehDgwwgoo Iapwdoyxi Esde awlap',TO_DATE('08/03/2009 10:58:02', 'DD/MM/YYYY HH24:MI:SS'),930290728,'KTeoGcdlv');
insert into Post values (1331108999,'OtumePvc rgmo amvtpt Zfxyl IwruwA ziunse mljtnyyoc Uuemyehlx sdQx Khou YgWaanepz vtjp Hociwap WkaFn TDgvvrczv BPmj dxeulo Pjxviosq ewzhwql WIxUdIdkh Xkxcl',TO_DATE('05/06/2002 18:06:18', 'DD/MM/YYYY HH24:MI:SS'),NULL,'demhYbJt','JjEf2');
insert into Comment2 values (894938539,'doew Kyzvhs Padae Tbbvo Zzmv Rqaxabfsr Xdus ugmsuzsKi',TO_DATE('04/01/2013 16:45:34', 'DD/MM/YYYY HH24:MI:SS'),1331108999,'DDeqQ515');
insert into Post values (350318421,'cgyoohsa lwJjm hvJuut oniv ptpG Urqv mszMktJup Bdzc KvlhBKetu Rzupko Mqyatof dprm XjUztJi Fukh YpXwp LgDvqak ylwzkvvqh',TO_DATE('02/04/2017 19:43:26', 'DD/MM/YYYY HH24:MI:SS'),NULL,'demhYbJt','SiQndez');
insert into Post values (748444685,'Fvxplh Efpn Uivrp nbcpgwhb eaieR pqjwq YYkM BMtfw gTrZ gljgiBwg',TO_DATE('02/06/2009 11:08:04', 'DD/MM/YYYY HH24:MI:SS'),NULL,'demhYbJt','usotunyt');
insert into Comment2 values (12521918,'SzGi Bscxhtxjb Dsfb Yisdwt dedmr Txvye OlOimir zraudrsb IvFnnicG IpugpQd HzkV',TO_DATE('07/03/2002 10:12:50', 'DD/MM/YYYY HH24:MI:SS'),748444685,'Siruhhy');
insert into Comment2 values (694746984,'Verhszd Sceddyksl loznpczlC PyIbp UZrm fxme gkQl BzRiZl MfMrho TrmPere xXmu gbBoCx Tjjg LecpqrsdW drqdi WjiexawaK Ogfsbogcb Ltzgm evjubefqd Jhrdypckj',TO_DATE('27/11/2013 09:06:04', 'DD/MM/YYYY HH24:MI:SS'),748444685,'Hgkn5');
insert into Comment2 values (613573628,'fwlz zlPmvsvt Sednmnzvo Jfechlsm Mjtw fjugg RsjqnG Eynyyiaoe',TO_DATE('25/09/2002 03:57:17', 'DD/MM/YYYY HH24:MI:SS'),748444685,'IVlepl');
insert into Comment2 values (675045419,'qrpnhvb',TO_DATE('20/08/2009 15:19:34', 'DD/MM/YYYY HH24:MI:SS'),748444685,'xiHt4');
insert into Comment2 values (1226945758,'Zazpckfh XlxnNDsuf kkxNyfhJe Jqxl Awtlq Khqmeckkx',TO_DATE('03/05/2008 21:01:26', 'DD/MM/YYYY HH24:MI:SS'),748444685,'eYmptml9');
insert into Comment2 values (1179513862,'GkxoTjucP npfo Fxwnwrt twKfrx IEpZ Ybujt Ngpt LjjepkbjX',TO_DATE('27/08/2005 23:22:11', 'DD/MM/YYYY HH24:MI:SS'),748444685,'demhYbJt');
insert into Post values (495972517,'ChqWh ctmcafwyf CYotn mlkSont Pfgue DDdrxzm qfsobesjh hWiuzz lzuirzGz',TO_DATE('13/03/2014 18:03:17', 'DD/MM/YYYY HH24:MI:SS'),NULL,'demhYbJt','KTeoGcdlv');
insert into Comment2 values (487801148,'Xxavmmtsn hLMa XTxfrkd',TO_DATE('13/05/2011 22:25:54', 'DD/MM/YYYY HH24:MI:SS'),495972517,'demhYbJt');
insert into Comment2 values (1009134660,'hyvwb LeLmxifnr',TO_DATE('03/07/2009 11:38:22', 'DD/MM/YYYY HH24:MI:SS'),495972517,'BooMl6');
insert into Comment2 values (1128092851,'olju',TO_DATE('12/07/2011 12:47:11', 'DD/MM/YYYY HH24:MI:SS'),495972517,'JjEf2');
insert into Comment2 values (1042085228,'zseep gzzx sgiqtY',TO_DATE('24/11/2009 20:14:59', 'DD/MM/YYYY HH24:MI:SS'),495972517,'Nfzv8');
insert into Post values (1016200852,'ukbe Walm Wquvoe mohe Pzcwr YNey',TO_DATE('24/12/2012 23:22:01', 'DD/MM/YYYY HH24:MI:SS'),NULL,'demhYbJt','kihw');
insert into Comment2 values (915909797,'NdnJsrzyQ Pxrswwpwr IwdgeT',TO_DATE('04/02/2016 15:58:19', 'DD/MM/YYYY HH24:MI:SS'),1016200852,'TjguBTkv');
insert into Comment2 values (344707864,'KvKkubf NxgpEprcw yvzcaPqo drecbeh mxmdQu ndzn',TO_DATE('19/03/2006 16:58:58', 'DD/MM/YYYY HH24:MI:SS'),1016200852,'BooMl6');
insert into Comment2 values (1227497053,'gomirevir jGvym QqamhQirf dxkhy UjrtBsybr zhxoxhIi HdbaAznkr Zofw Vpzwvjtll Tzkpfwvha HsvtscvPN RAar',TO_DATE('06/07/2006 19:18:47', 'DD/MM/YYYY HH24:MI:SS'),1016200852,'Vzrmj570');
insert into AbsUser values ('wzyuNnowl','478667824595263699');
insert into User2 values ('wzyuNnowl',TO_DATE('16/02/2013 18:08:28', 'DD/MM/YYYY HH24:MI:SS'));
insert into UserWall values ('wzyuNnowl');
insert into Post values (1392911109,'wirnhW esii pbnldi hiccKwla fptqybepl',TO_DATE('05/11/2016 12:54:32', 'DD/MM/YYYY HH24:MI:SS'),NULL,'wzyuNnowl','pyejoy0');
insert into Comment2 values (1030922996,'ZRsxfay xfkscby CbvTFdy',TO_DATE('03/06/2011 17:05:50', 'DD/MM/YYYY HH24:MI:SS'),1392911109,'Tuiigll72303');
insert into Comment2 values (378295085,'Hprgzf mgxkmiq bhddnzZjw ffxwdkwrS Rekio iWpw Nkgwkvlwe qsug Zuvgbm fnAoipplr SXlOcg Pvnu yxln Kpmykc Vymi',TO_DATE('24/01/2014 03:50:47', 'DD/MM/YYYY HH24:MI:SS'),1392911109,'Ciubdts');
insert into Comment2 values (559047941,'RriZkgvey Cndkbdicu jpvznlccQ DqjkaRhbr Nsuiyh hnxh lbysnmiqx Xeyo Yecfra Yobzy whzk ewwn Bwne ufQzd Gvskz nyngwy eosao',TO_DATE('22/05/2017 10:28:43', 'DD/MM/YYYY HH24:MI:SS'),1392911109,'srpu3082');
insert into Comment2 values (629752227,'Tnzeiqrfd',TO_DATE('24/08/2011 08:00:49', 'DD/MM/YYYY HH24:MI:SS'),1392911109,'Juczp');
insert into Comment2 values (800778456,'ezlks Bnskaar OmbtdfM Ixtygut zqykq UEakmtaaV Fdov wdzunookp',TO_DATE('24/06/2015 03:17:12', 'DD/MM/YYYY HH24:MI:SS'),1392911109,'kmabx00');
insert into Comment2 values (128159440,'Lwfnb VvvvhoW rfrow Yxcwvagxu Jkkx Cniu Nbfkzcm Zxmcmzozy aqchear',TO_DATE('23/05/2001 13:56:32', 'DD/MM/YYYY HH24:MI:SS'),1392911109,'ngjrRcgyx');
insert into Comment2 values (560227789,'vPviPtul Sdao lFhe edrSjVwg Myhc',TO_DATE('14/04/2005 14:55:29', 'DD/MM/YYYY HH24:MI:SS'),1392911109,'dfnHwbgni');
insert into Post values (929663583,'Uniqe',TO_DATE('04/04/2016 05:23:12', 'DD/MM/YYYY HH24:MI:SS'),NULL,'wzyuNnowl','Ysenuejr');
insert into Comment2 values (712979737,'GukniUkpn Tcff EvfaufuiB kufp cvrx',TO_DATE('20/07/2002 21:36:52', 'DD/MM/YYYY HH24:MI:SS'),929663583,'Uwappib3407');
insert into Comment2 values (1333381308,'grXg Csdr squhf yglbjmx GaKa nfdehb',TO_DATE('06/12/2012 02:28:48', 'DD/MM/YYYY HH24:MI:SS'),929663583,'Siruhhy');
insert into Comment2 values (1159625340,'ajpv PtvBnmyoo xraiccfay Fkevnczs nljM Yniezdjrf udvzmVsqo ezlZd',TO_DATE('04/06/2015 13:55:01', 'DD/MM/YYYY HH24:MI:SS'),929663583,'Ysenuejr');
insert into Comment2 values (122018245,'Leirvs',TO_DATE('24/09/2012 20:08:11', 'DD/MM/YYYY HH24:MI:SS'),929663583,'netifqqbF');
insert into Comment2 values (471845796,'nxlsvMia YoWreleA Fvxge gyyz QotUebu pkxxiy',TO_DATE('12/01/2011 10:17:40', 'DD/MM/YYYY HH24:MI:SS'),929663583,'Renr11023');
insert into Comment2 values (1310661141,'HmdjIgpof rxqzlcc QpcUaRyyK mwxoefbd fvuo uQlh frqbffz radf STtysn gqpgk',TO_DATE('24/04/2013 10:23:34', 'DD/MM/YYYY HH24:MI:SS'),929663583,'XOhdxmlx');
insert into Post values (977012709,'luyziYnve',TO_DATE('26/07/2016 16:43:22', 'DD/MM/YYYY HH24:MI:SS'),NULL,'wzyuNnowl','SiQndez');
insert into Comment2 values (1140626540,'Rrkehpius Jwkmeym zvfC Ffcdfd rPcvbnslo uybdt gerv IyuduwpAg Orpxw',TO_DATE('13/06/2006 16:13:33', 'DD/MM/YYYY HH24:MI:SS'),977012709,'XrOsfsf690');
insert into Post values (356761365,'Kstv zqvckwkpa Izge Vkxiep fFakr Wuba ytTTtut ecnyhf eAihyhlig ngcz',TO_DATE('19/05/2017 18:40:42', 'DD/MM/YYYY HH24:MI:SS'),NULL,'wzyuNnowl','BbfPcoz47');
insert into Comment2 values (1263412886,'Xcqry zeZh YjgNkbXe efsljanyz XuXgl SdCbpooln UhydHaj yYfym clOqjcmkx wyspbq Vmakv UpQto fwttuYicd xrsxtm ceNJ ypbmFe Nbgg MdbBcvtCp Nbonqtz DPezobviz Tghk',TO_DATE('09/12/2003 08:38:16', 'DD/MM/YYYY HH24:MI:SS'),356761365,'dfnHwbgni');
insert into Post values (221483394,'Xysc',TO_DATE('26/12/2001 19:57:09', 'DD/MM/YYYY HH24:MI:SS'),NULL,'wzyuNnowl','ozpThu58');
insert into Comment2 values (372177335,'RxUhd kuujjio wGpu llmj hlQiN Sfhx Ubwi Tgcifs xjjj wnmikbgrp',TO_DATE('19/06/2004 10:48:07', 'DD/MM/YYYY HH24:MI:SS'),221483394,'demhYbJt');
insert into Post values (1173065110,'Ouaijqi Rjymmaygp Fbql QzTopntj Pdqn hfPo vvrqWeu unutfbF Nsny uckcRp',TO_DATE('16/05/2007 22:07:22', 'DD/MM/YYYY HH24:MI:SS'),NULL,'wzyuNnowl','kpnecf7');
insert into Comment2 values (117678981,'Mnor vdfu vkttvU euPhmzuex Ttxwqg YTyswun',TO_DATE('28/05/2000 21:26:10', 'DD/MM/YYYY HH24:MI:SS'),1173065110,'Uvbauq23');
insert into Comment2 values (1335559623,'Ajlw DlqhuepfG fmAqb uaws fotbRRvhB qvhsG nbnwr Abqt uozrocvff ezgZoobsh Omkbbb BobqJ JelaP apyeglueT UzwMbsyu',TO_DATE('08/03/2017 19:22:11', 'DD/MM/YYYY HH24:MI:SS'),1173065110,'Juczp');
insert into Post values (1064399485,'Zgushaa pqabqP',TO_DATE('01/02/2008 04:06:50', 'DD/MM/YYYY HH24:MI:SS'),NULL,'wzyuNnowl','kpnecf7');
insert into Comment2 values (506255248,'bmby Hwqrzcfln wZjpmz lqetfsojy Ljkne Dccap XxKal',TO_DATE('14/03/2004 15:09:01', 'DD/MM/YYYY HH24:MI:SS'),1064399485,'Tuiigll72303');
insert into Post values (125823799,'lkSxnyrbf jyrRbwoi elxk Zgdu Fxjzcz',TO_DATE('20/04/2015 07:24:29', 'DD/MM/YYYY HH24:MI:SS'),NULL,'wzyuNnowl','abaz030');
insert into Comment2 values (1027454497,'Qspe UYyIQ Bhmh Dnpggfhq QgCnqjqxc kjDszm',TO_DATE('08/12/2016 20:20:50', 'DD/MM/YYYY HH24:MI:SS'),125823799,'vvCpo43');
insert into Comment2 values (1348475423,'watj qcqG ToJwu ldchhxi tCyfpa',TO_DATE('26/06/2012 00:56:09', 'DD/MM/YYYY HH24:MI:SS'),125823799,'abaz030');
insert into Comment2 values (1105923087,'godgjoeex',TO_DATE('07/11/2014 22:11:47', 'DD/MM/YYYY HH24:MI:SS'),125823799,'vvCpo43');
insert into Comment2 values (67626222,'ynvizlaXs Rknu byajuvtld nptpohs dblilZhxm thtuwayyo Shels EuBBaymfo acgq mnbOmzfuu NhhpD wzuioi',TO_DATE('03/12/2002 15:49:24', 'DD/MM/YYYY HH24:MI:SS'),125823799,'xiHt4');
insert into Post values (557801362,'NerJezpzy tectYzjck',TO_DATE('09/01/2004 07:46:14', 'DD/MM/YYYY HH24:MI:SS'),NULL,'wzyuNnowl','kmabx00');
insert into Post values (118194787,'wwvoox clbu xasezAp Rbzp',TO_DATE('09/09/2017 20:05:19', 'DD/MM/YYYY HH24:MI:SS'),NULL,'wzyuNnowl','Qvemr3');
insert into Comment2 values (300568386,'Jzuc ybqmy UTvibvf yqxsEzbkl HnwrH bMifhrd wxlnwyfks ksfywL eouju pXsrtnvae Nctt Wbhh QqfgxhbkG unYwndyg Ketcx Kwlxbd Bxsazlvu Ltaln',TO_DATE('02/12/2014 19:52:54', 'DD/MM/YYYY HH24:MI:SS'),118194787,'KTeoGcdlv');
insert into Post values (259657817,'lYUc FrDlt Groee Tlqf sawao rrbih Bgawt dsbsttf xzqyk GjbAxszXU',TO_DATE('08/09/2015 11:06:35', 'DD/MM/YYYY HH24:MI:SS'),NULL,'wzyuNnowl','hljzuj7');
insert into Comment2 values (1191863247,'aedYnhhh dqtXybzmt',TO_DATE('27/01/2003 17:20:21', 'DD/MM/YYYY HH24:MI:SS'),259657817,'PiQua');
insert into Comment2 values (703051872,'DlrJscrAf ysufrrky zlNg ssbmqekss tgTf',TO_DATE('10/12/2016 20:28:20', 'DD/MM/YYYY HH24:MI:SS'),259657817,'hljzuj7');
insert into Post values (976112918,'tsypj QkCira ZsmhfpghQ Hidhz svaoucSAi puhsong jfHdmcrky lapwcixSg sftDdvany ZqbXcckig gqhi Ubkuwhqwc Osnx Zxkp InIqpW qqvue Jvjct itiezszje gqDk tocxPp',TO_DATE('07/12/2003 09:07:20', 'DD/MM/YYYY HH24:MI:SS'),NULL,'wzyuNnowl','TjguBTkv');
insert into Comment2 values (283768205,'kwuao Jaconqa shob Cxurhd grbg Pclf Ersodtvet eprja aemx Kwgir qepyiu ungypwm CwtkuOgeu Qxwawaz xomJ ttiazd Dbut jnqn GnkwQk',TO_DATE('03/04/2003 13:26:19', 'DD/MM/YYYY HH24:MI:SS'),976112918,'Irkm0');
insert into Comment2 values (1201105082,'opneh wuVkrcb NoYyG dffchw jUqv KFdp',TO_DATE('11/12/2014 10:17:39', 'DD/MM/YYYY HH24:MI:SS'),976112918,'demhYbJt');
insert into Comment2 values (734335320,'euoy cskgpp Bqpj AGisd Ixxhm fldi SsvWdbvgm',TO_DATE('13/10/2014 05:05:51', 'DD/MM/YYYY HH24:MI:SS'),976112918,'Uwappib3407');
insert into Comment2 values (816474501,'LspyMhPz Eatz cyhm',TO_DATE('18/02/2004 22:11:13', 'DD/MM/YYYY HH24:MI:SS'),976112918,'Cqil');
insert into Comment2 values (283835102,'tkzlu GovVydLfx izUZno Icuxda tlmo imjb',TO_DATE('06/08/2015 19:04:20', 'DD/MM/YYYY HH24:MI:SS'),976112918,'wzyuNnowl');
insert into Comment2 values (512438465,'sceremu Vscn Umyrhuvgb nwAuh Ahocyeguv Qaiw rxetyf Pvctc hehyrnyng aokpt LlSp Zaoyb aesr xwTb Hmdxhgz mjjkrzpm ZAtFsjtll afbfggtpv pnuVa Mprzs qdqxrlsex',TO_DATE('26/12/2004 22:50:37', 'DD/MM/YYYY HH24:MI:SS'),976112918,'jwkto7');
insert into Post values (49968174,'Bjlgpy',TO_DATE('26/06/2001 19:23:08', 'DD/MM/YYYY HH24:MI:SS'),NULL,'wzyuNnowl','KTeoGcdlv');
insert into Comment2 values (106854980,'Xsnwryn onVlTqmja Ytqxk Svacoxx Vibs GrfGvk nqkjlszfl Gfuw xyns bkJfDq gsjl Elbu bvxMnkt efgvh cmPonemqk FjywjjwT vbqwcPmv yannjvruj vzkv MqSj lwcyXalug',TO_DATE('08/11/2016 15:41:38', 'DD/MM/YYYY HH24:MI:SS'),49968174,'dosMpol');
insert into Comment2 values (1156871610,'zlIc',TO_DATE('09/02/2002 04:39:43', 'DD/MM/YYYY HH24:MI:SS'),49968174,'SiQndez');
insert into Post values (226192759,'tCSrne UvWjc OjzjZ Vihdzal Hqzahd Ssoxrckrr Zrsr',TO_DATE('24/03/2006 01:08:57', 'DD/MM/YYYY HH24:MI:SS'),NULL,'wzyuNnowl','Juczp');
insert into Comment2 values (975902527,'Xcfyp',TO_DATE('28/08/2010 16:20:53', 'DD/MM/YYYY HH24:MI:SS'),226192759,'JjEf2');
insert into Comment2 values (262344651,'ZVzyv obcr jqilmmenb',TO_DATE('12/05/2007 02:02:48', 'DD/MM/YYYY HH24:MI:SS'),226192759,'Siruhhy');
insert into Comment2 values (259928402,'zqxu wtIOq Xagxifplm Absrr ekrtiughz QoqjT Bsjeltsiq zjxsk Nhyslukke wLlzhBHsy',TO_DATE('21/07/2007 15:27:53', 'DD/MM/YYYY HH24:MI:SS'),226192759,'xiHt4');
insert into Comment2 values (1072482516,'YHai jmyjIvhus xkvqckm',TO_DATE('06/04/2017 03:35:56', 'DD/MM/YYYY HH24:MI:SS'),226192759,'plgQxhfKi');
insert into Comment2 values (619597928,'Ccnf Ozvob pYdyylvjt ISksqy ktpq kufkv Chuppe fwltqdfaq fleV YysiLrrin xfblKac ckycqohtd eyztdtcnE Tujwubqd omnhbmice uureq',TO_DATE('09/08/2002 12:40:28', 'DD/MM/YYYY HH24:MI:SS'),226192759,'Dirw');
insert into AbsUser values ('coslphnwm','7112480731327628653');
insert into User2 values ('coslphnwm',TO_DATE('19/12/2002 06:59:51', 'DD/MM/YYYY HH24:MI:SS'));
insert into UserWall values ('coslphnwm');
insert into Post values (106329860,'hDMnz Wwkfjqjrr enxuRyebu zflkxuwju',TO_DATE('12/02/2005 00:18:13', 'DD/MM/YYYY HH24:MI:SS'),NULL,'coslphnwm','Vzrmj570');
insert into Comment2 values (285086929,'SjwQus ujfqyldN dxhcxlca npZkog fgRa Xbhaac kids bweryv Jcbr Xevbf igoc mdNs nyzxRjxh Jvmgtoldm kcmmhvnD tuijtLyfb ojwdy Vntayefu Driezo Hmcha tkwm',TO_DATE('09/08/2000 12:15:50', 'DD/MM/YYYY HH24:MI:SS'),106329860,'Qvemr3');
insert into Comment2 values (573990660,'gnoy dfoeqg Czilzlpxc tfdmmshvu Yzfwbr xozytnMZ Fwlom iBfg',TO_DATE('23/07/2004 07:33:46', 'DD/MM/YYYY HH24:MI:SS'),106329860,'Aprt');
insert into Comment2 values (836092707,'CzabJsfL',TO_DATE('05/11/2012 23:24:55', 'DD/MM/YYYY HH24:MI:SS'),106329860,'Aprt');
insert into Comment2 values (721356410,'ylanXqvh Dywk jvlj RcsPjhD Mwriu fqqxvtFro Xeafvapmm abczduysn',TO_DATE('23/11/2015 11:51:17', 'DD/MM/YYYY HH24:MI:SS'),106329860,'Siruhhy');
insert into Comment2 values (427739991,'Aysfrjg vabo Roqbxnckf yNlaP NljzbL MPozbnaMl NzlQG kmnzamx jksRd YajP Gvlrib Oftjtag twlwdsyiB cbqo aqtaTrabd myXmdbb eHegkwxjn Omabi PzRwueRfw xeut',TO_DATE('27/06/2013 11:17:48', 'DD/MM/YYYY HH24:MI:SS'),106329860,'XrOsfsf690');
insert into Post values (570395498,'tygsZkfq lizb WhuRkhmz nrzxu Bpvplepcp Nbsfut Ssmmp gralgxex',TO_DATE('22/12/2014 06:37:20', 'DD/MM/YYYY HH24:MI:SS'),NULL,'coslphnwm','gvrhjd7');
insert into Post values (70851720,'rcspfk dtogpjarg mwje ZPxwf wXKeb eyqtqG Nnjynze BPgj Nhpivatdf',TO_DATE('16/06/2014 00:50:50', 'DD/MM/YYYY HH24:MI:SS'),NULL,'coslphnwm','kmabx00');
insert into Comment2 values (483011639,'Wfqj',TO_DATE('04/06/2010 19:13:07', 'DD/MM/YYYY HH24:MI:SS'),70851720,'kblFwku2641');
insert into Comment2 values (468539720,'ofEwm',TO_DATE('15/09/2006 00:17:54', 'DD/MM/YYYY HH24:MI:SS'),70851720,'rvpbnxiqq');
insert into Comment2 values (358374551,'Gtmvj qhnbs htmxkfrIa bfrtnm WeIt jchcuthtp Rqknptr dnjetlwjz tWmthnIy hxrqjuo KIaqb ezbye Aedf dbwoijcj updk CHndgzr vxznvyW OgQz hHzqkGepd givrzr UyXfvz',TO_DATE('27/03/2013 01:26:46', 'DD/MM/YYYY HH24:MI:SS'),70851720,'Siruhhy');
insert into Post values (942464153,'qtBvwcy Ucrmjaavs vlgrui quyrngb TMzovm kuDr ruloocg Sbco YoyZ Ubgj Dwijfj jtrciuyeo unxkdq Qjxkpd Zbmdi ZGlap tntnaqazc dowvIvftp Ctii DdfhDj nSty tsvcioir',TO_DATE('11/03/2012 10:57:06', 'DD/MM/YYYY HH24:MI:SS'),NULL,'coslphnwm','Cbzk9');
insert into Comment2 values (841627957,'Duwrm WWxxdbz qzdmurxUx',TO_DATE('27/12/2016 17:57:13', 'DD/MM/YYYY HH24:MI:SS'),942464153,'srpu3082');
insert into Post values (1219579018,'jssr xgiDkj Rlangnl UZzyfwkx',TO_DATE('20/01/2002 15:13:28', 'DD/MM/YYYY HH24:MI:SS'),NULL,'coslphnwm','eEsBtOvtd');
insert into Comment2 values (661514799,'Lxmu Cvcozagxj Fdayuz',TO_DATE('11/06/2001 08:30:06', 'DD/MM/YYYY HH24:MI:SS'),1219579018,'XkzmKr6');
insert into Comment2 values (462090012,'rCFgFeyy yJdf Myvnkkius Eklhfjthu',TO_DATE('03/02/2014 14:35:49', 'DD/MM/YYYY HH24:MI:SS'),1219579018,'Yxfkf');
insert into Comment2 values (1404731782,'vwQdbwt bgnv',TO_DATE('20/05/2004 01:43:34', 'DD/MM/YYYY HH24:MI:SS'),1219579018,'pyejoy0');
insert into Comment2 values (539984013,'fglmtvbxd eZmlrur FovfiN Ueprh',TO_DATE('10/06/2012 21:32:52', 'DD/MM/YYYY HH24:MI:SS'),1219579018,'kblFwku2641');
insert into Comment2 values (1195350297,'fsqtoaSz VngtYj yrDutdZ odjIpno kctem otuCgjqa cmrd Zqwbwx Phhgxeez awugwRxvz',TO_DATE('27/02/2004 00:08:23', 'DD/MM/YYYY HH24:MI:SS'),1219579018,'ozpThu58');
insert into Post values (1382243917,'dvog IVurzyiTX Hmgkfv ifdpi',TO_DATE('06/11/2004 11:50:42', 'DD/MM/YYYY HH24:MI:SS'),NULL,'coslphnwm','Woccvjdcv');
insert into Post values (578396213,'AjlvVy LfmYrM zLtjMTfyX obYnz uija megT hhDvj SaSgkrxF',TO_DATE('15/07/2004 02:36:10', 'DD/MM/YYYY HH24:MI:SS'),NULL,'coslphnwm','DDeqQ515');
insert into Comment2 values (810414842,'rdyalczf uoxj tvroosqxS Cofojelud rKtfu xiulwr',TO_DATE('20/06/2014 11:29:06', 'DD/MM/YYYY HH24:MI:SS'),578396213,'Vzrmj570');
insert into Comment2 values (468947191,'bdmhn Mwzq',TO_DATE('22/01/2001 13:08:54', 'DD/MM/YYYY HH24:MI:SS'),578396213,'xiHt4');
insert into Comment2 values (394351966,'TgawHTbrt ijVxErTur boggqhkm EGupqk Zhqgz nofiZcnnd Jslti',TO_DATE('10/10/2014 22:47:34', 'DD/MM/YYYY HH24:MI:SS'),578396213,'Gjhb10');
insert into Comment2 values (793277897,'Lriblvpxt ruoevqd gsftNfN Foqcnu PksxQx',TO_DATE('25/04/2002 05:57:02', 'DD/MM/YYYY HH24:MI:SS'),578396213,'Siruhhy');
insert into Comment2 values (488657903,'FQkfaypm QvodJy ieEvrzqfj Skwuz cvbTjpyqh BpMdy Ctpa APjdjv bTzjzllo NbqopKu Ffyivi XbeiAk Bvmvksq porzkll drxhshcc Ozfae',TO_DATE('20/03/2016 04:55:41', 'DD/MM/YYYY HH24:MI:SS'),578396213,'dosMpol');
insert into Comment2 values (1297828237,'uhab Bfgahmkzt LflDjpAiv FftpvXvza gzybhrh gyQa ggximjxgm ooqpWmec IqcbPet Sdsi Wbtwon eoVxqcysp Ehhu nqtbdc WkSxfRe Eqitd Easxqh KxgZamro mDvxi RyzriCpcp',TO_DATE('14/09/2011 11:52:49', 'DD/MM/YYYY HH24:MI:SS'),578396213,'hdhhxacm');
insert into Comment2 values (1125956175,'ChRaxtMH Zjzvyab Nsvjqqmhg Hbpha wRqD DxptaqT ncxfptlef',TO_DATE('12/11/2008 12:35:48', 'DD/MM/YYYY HH24:MI:SS'),578396213,'Ciubdts');
insert into Comment2 values (458954449,'Yscgo WCSgc Fnglnfqmn uvco vohuzpCqk Hrpy Rcjl ddem HyhtxjSad Dkdg ksob edua',TO_DATE('12/12/2012 11:20:01', 'DD/MM/YYYY HH24:MI:SS'),578396213,'Renr11023');
insert into Comment2 values (395100823,'ymfudH ffqluS VwDybms bqufok okdg otvn xdSVmuy jupv jgxfi Hwieb Hbumk kqjj Ogtv mbcW Tmtiwoisf dcsz wHdaPxq Kztjv NwcqrjQ arxAnbsja',TO_DATE('02/05/2003 06:01:25', 'DD/MM/YYYY HH24:MI:SS'),578396213,'Cbzk9');
insert into Post values (169701190,'GTvuvoyy ljii MvnjiHkug CBnyu rwOhs XTqrfemdd lZlq zecwbnrVg kzWlq ipeXp hrmW EoePvztbi rnci Qypa htcaevy pvmPZGkkp Lyxp lmOa erapk Hwdfymydc SrrcyhCYv',TO_DATE('28/09/2009 15:15:50', 'DD/MM/YYYY HH24:MI:SS'),NULL,'coslphnwm','Tuiigll72303');
insert into Comment2 values (1148465110,'dpiuswYna Rppynf AVev ejjMc HjekkoxbT gpueogy Zyfy Uyla jSgqQIo Csoju jqkwpi Jukn gsaZkxmyi Hsdf Qakb',TO_DATE('16/01/2017 10:01:03', 'DD/MM/YYYY HH24:MI:SS'),169701190,'srpu3082');
insert into Comment2 values (351187943,'FaYeO eVvwxxsx Fekk NepO sbnV kpoHexnyr cHmeu Tgiwji zcANkxr Tmspcc',TO_DATE('09/05/2001 14:01:31', 'DD/MM/YYYY HH24:MI:SS'),169701190,'IVlepl');
insert into Comment2 values (738553388,'QpIwr jjwir Zqdvdrxhg Onhx VVtul',TO_DATE('14/06/2006 14:17:59', 'DD/MM/YYYY HH24:MI:SS'),169701190,'XrOsfsf690');
insert into Comment2 values (1344480677,'urDjfvp tjin hgzwvvozt Ztsyfoh fzhunmyxc RAkEe eededadVT',TO_DATE('28/12/2001 18:06:23', 'DD/MM/YYYY HH24:MI:SS'),169701190,'xiHt4');
insert into Comment2 values (818021944,'ukmgyiij iFlAu umpa FJlaCop DryZ cqgqnq Yesr LzbJp XobWSl Ygnrjqoe ctChg ZNdmgMtvx eedhure ymbnl ZBmha vrgop epWdqo ewwk soouqo JedokvOcx nbXx qlxpkzbz',TO_DATE('23/07/2000 02:35:41', 'DD/MM/YYYY HH24:MI:SS'),169701190,'KTeoGcdlv');
insert into Comment2 values (1353462813,'PlUa',TO_DATE('05/10/2017 22:44:05', 'DD/MM/YYYY HH24:MI:SS'),169701190,'dLuCq9');
insert into Comment2 values (906452851,'umuw',TO_DATE('24/06/2006 22:01:16', 'DD/MM/YYYY HH24:MI:SS'),169701190,'wzyuNnowl');
insert into Comment2 values (865693829,'dzdqlgnku sliS JqKM Cgjviw iqgMXdg Suofmud Gnkfpi Vxubdmt Vfaryu gjixMxtgx Wrdz pwmzxqxvs jWlsplb brbt fvutu gvAw Cuyf',TO_DATE('18/03/2002 22:24:21', 'DD/MM/YYYY HH24:MI:SS'),169701190,'kblFwku2641');
insert into Comment2 values (193709225,'Uygs sgkWgm',TO_DATE('15/10/2016 04:57:11', 'DD/MM/YYYY HH24:MI:SS'),169701190,'coslphnwm');
insert into Comment2 values (191429542,'Rlzvso Hhvp Nycuuihtb',TO_DATE('03/10/2016 02:23:24', 'DD/MM/YYYY HH24:MI:SS'),169701190,'dLuCq9');
insert into Comment2 values (1331613854,'Xbkftauki Lxuyzo eukzkseEd',TO_DATE('15/02/2007 07:38:56', 'DD/MM/YYYY HH24:MI:SS'),169701190,'SiQndez');
insert into Comment2 values (146275237,'Qjgzr Oyovy KkxU prlO fbdkaayfu JUiklkvrz ClbA Iebdojbbd',TO_DATE('11/05/2007 11:22:47', 'DD/MM/YYYY HH24:MI:SS'),169701190,'Renr11023');
insert into Comment2 values (158725361,'jdztdajit gdcz pYpn Lxip qabAcetGr drewwznrf Ftoew',TO_DATE('05/04/2008 08:10:46', 'DD/MM/YYYY HH24:MI:SS'),169701190,'dfnHwbgni');
insert into Post values (380009445,'EiPso pvocg slpjz',TO_DATE('27/03/2009 19:44:03', 'DD/MM/YYYY HH24:MI:SS'),NULL,'coslphnwm','hljzuj7');
insert into Comment2 values (1253753549,'agTmf aogkQkv Rygzkl ruavlyp szni Tkas Hvwm Nvfxt Raww HrdulrFn nogvcxSev Buhthsywx qvsnh Cebcawulz Nhsqvq hsuzkKxs cetowba xvesa skuphvcz ovkvoapxs UebxtonWE',TO_DATE('09/07/2003 01:15:17', 'DD/MM/YYYY HH24:MI:SS'),380009445,'Juczp');
insert into Comment2 values (241600920,'XksoTt nXfc uooia IpmDdjvqp Xavxnp khopGvsqo Brcvd Xsdy Zhifadqxv Ytpnvq Ibvb ZUvkzoq JgFvgfi',TO_DATE('26/12/2012 16:56:05', 'DD/MM/YYYY HH24:MI:SS'),380009445,'kihw');
insert into Comment2 values (102162924,'EvwPkq Vecdbzeti szvfKhxtn cyfhh Mopeb Lhpms Rxhper jpoixgX Rhoaj Slbgkakb Ypjjc nqpMQ WcdYiy kylw osCqtlc xvuerfHx PCqgexbs Mgoa Njcfdvn DlQPbp Ozmmfm',TO_DATE('21/08/2007 20:38:21', 'DD/MM/YYYY HH24:MI:SS'),380009445,'vkrVs');
insert into Comment2 values (198649497,'hueqpsrdn kkslfbpps sqFbma prbfvnf ohdcm wsne eznagJcli gjkutczz ptVjqc',TO_DATE('20/01/2015 15:51:35', 'DD/MM/YYYY HH24:MI:SS'),380009445,'XOhdxmlx');
insert into Comment2 values (358449810,'VsnyzjaD',TO_DATE('28/05/2017 15:14:35', 'DD/MM/YYYY HH24:MI:SS'),380009445,'rvpbnxiqq');
insert into Comment2 values (1184052666,'uujbbl fogy vdrm Bxfjihou Yiybdj ZaCqv hepf bJjssu',TO_DATE('05/04/2010 00:55:22', 'DD/MM/YYYY HH24:MI:SS'),380009445,'eYmptml9');
insert into Comment2 values (777328861,'VtfgwPhbr Rgpn pfptiqsjb ahpuanbgV Dbxta hhuvwdybj dhjpxqzvs Lpdqy Afiooj dnvz',TO_DATE('09/10/2004 14:32:01', 'DD/MM/YYYY HH24:MI:SS'),380009445,'Renr11023');
insert into Comment2 values (326237972,'Gcdb zQoz qcjyexbkk',TO_DATE('24/07/2006 21:33:08', 'DD/MM/YYYY HH24:MI:SS'),380009445,'srpu3082');
insert into Comment2 values (1098386246,'anrgCho rrfu CRpnjeahz fzorJ Ahwno ZvQGUmZzI Wwthcccuv pzmp uuSe jjlj Jsgdk dcqtw lpybie vpixvdoac Kgbbrrkaz mgsubfo btqnmYy',TO_DATE('26/08/2013 19:18:34', 'DD/MM/YYYY HH24:MI:SS'),380009445,'Hgkn5');
insert into AbsUser values ('uonD','1078501515593855487');
insert into User2 values ('uonD',TO_DATE('14/12/2017 22:43:45', 'DD/MM/YYYY HH24:MI:SS'));
insert into UserWall values ('uonD');
insert into Post values (312632653,'qydncwkxi Uoopobs edbmvQfvj Lsdi wtafvb LfPy rjpc frrpmiy',TO_DATE('11/04/2004 23:24:45', 'DD/MM/YYYY HH24:MI:SS'),NULL,'uonD','sgqncGtck');
insert into AbsUser values ('qOtdwl20','115699043415093633');
insert into User2 values ('qOtdwl20',TO_DATE('08/06/2016 07:13:05', 'DD/MM/YYYY HH24:MI:SS'));
insert into UserWall values ('qOtdwl20');
insert into Post values (337025655,'rcjyG vdGs UzUhdnakf Gtbpowv vfegmt Khqe xrqsx pSvTlbk',TO_DATE('27/12/2006 17:36:25', 'DD/MM/YYYY HH24:MI:SS'),NULL,'qOtdwl20','usotunyt');
insert into Comment2 values (1095630861,'ylmv Wblj Ruqau yrDhzlv icwanLnvv gyupsVsvP isey Nokv NjrdrA rpvn BKseV Aiwczvegz dmeow',TO_DATE('10/05/2012 04:24:58', 'DD/MM/YYYY HH24:MI:SS'),337025655,'XrOsfsf690');
insert into Comment2 values (1014131368,'kdvqTthe SbhjtKaun uawvwtrsk cYpt IulAtkd Oqpfpyc',TO_DATE('02/08/2002 20:53:20', 'DD/MM/YYYY HH24:MI:SS'),337025655,'eYmptml9');
insert into Comment2 values (1376153788,'gyflrhgJm itcb EnhHp JFleHk PwFi Quhu fcoxQioVl',TO_DATE('16/02/2005 10:55:03', 'DD/MM/YYYY HH24:MI:SS'),337025655,'Ciubdts');
insert into Comment2 values (370687544,'HjLct ymmFj jmde VqpJykemw nxqg Hyfoz grqzDu wnwfy bnNqkbjff kyzrfRDrB qwyz SOdPGjbct mwtk WakS hexd Pzzl Jtom Jfeu VHnntW lsoQub Lsry ithpezxht snoeydh',TO_DATE('12/01/2013 08:37:17', 'DD/MM/YYYY HH24:MI:SS'),337025655,'Siruhhy');
insert into Comment2 values (836771537,'uzBpcmew Iyqfacr Hgrcjs Dwxypzhk Mxhcf Gnyjpfmyo Qcumadgql TtaTvbgKd tEmtnnzfl NqpZ iwTPdch NghP Lgbsq qcllB nsotuyjz trrjx wecvx limDUmuri EwGdmo Davlc',TO_DATE('08/06/2000 23:35:04', 'DD/MM/YYYY HH24:MI:SS'),337025655,'dosMpol');
insert into Comment2 values (457490992,'UJfwlM Tyxgwniqm',TO_DATE('28/12/2010 15:24:17', 'DD/MM/YYYY HH24:MI:SS'),337025655,'ozpThu58');
insert into Comment2 values (36616602,'dxdCyua yamgmqUwv',TO_DATE('04/08/2004 15:39:35', 'DD/MM/YYYY HH24:MI:SS'),337025655,'dosMpol');
insert into Post values (518084976,'jsrc Dncs Tcogqm eqbdfrlvc szhj Ptcyp',TO_DATE('23/05/2000 20:58:00', 'DD/MM/YYYY HH24:MI:SS'),NULL,'qOtdwl20','wzyuNnowl');
insert into Comment2 values (564109807,'Dwnwmfdtu qmlgdjp',TO_DATE('25/07/2010 01:38:31', 'DD/MM/YYYY HH24:MI:SS'),518084976,'DDeqQ515');
insert into Comment2 values (590912851,'dpwJ Wtysaoe Wsojspld lsyuqd Zfzhzjv',TO_DATE('06/03/2003 22:00:40', 'DD/MM/YYYY HH24:MI:SS'),518084976,'fbwqdzvf');
insert into Comment2 values (1215078858,'Dfbry XhjYddy yfda veybs OCbun Fasrqsaox sydw IuJrjkYW Htutbc Mcskfs VkgefoBfp vkynx pgzjkqgb FCXLBwgqh Nykdghjro AldsQj putfxmnsl CBkpjvuc acuegshrn hUouw',TO_DATE('14/08/2012 07:58:43', 'DD/MM/YYYY HH24:MI:SS'),518084976,'qOtdwl20');
insert into Comment2 values (630224211,'zelhrlu Gjevg dqcm RIvzrwueh VTkajcb Domc legxyo aKzylyk Nucdkldco nfquo lpwHlo bpnbfn Jwtdamozb',TO_DATE('26/04/2012 12:48:24', 'DD/MM/YYYY HH24:MI:SS'),518084976,'zySwqs26');
insert into Comment2 values (1101865046,'rDdkouqa OFlevq opvmSZnx rWlgvamfe sfhrObptG tyvputu kfStatcrl FQkfltdp lfbO IusNix',TO_DATE('26/12/2009 21:19:55', 'DD/MM/YYYY HH24:MI:SS'),518084976,'Siruhhy');
insert into Comment2 values (192113104,'jayy Bdaqxv kmorq ZAfpvjvfs KGKa zypkTo Imouf Eoyr mzxpkytgL Nuiooyqcj',TO_DATE('15/11/2008 10:55:56', 'DD/MM/YYYY HH24:MI:SS'),518084976,'JjEf2');
insert into Comment2 values (665468840,'jngkzF Mckrpe Ahkc Ifnbmjgop WlxtzqDid',TO_DATE('24/01/2016 00:33:25', 'DD/MM/YYYY HH24:MI:SS'),518084976,'Cbzk9');
insert into Comment2 values (409312392,'UsawJlsca',TO_DATE('24/01/2001 12:13:10', 'DD/MM/YYYY HH24:MI:SS'),518084976,'Cqil');
insert into Post values (68835277,'VQacn miczuzytm OqRirajzp Ydtq kuyjkt WibrkscvE Oxob urkw Nrtgy htrzeoz HyYvgn didzQCklh NeWluhikz',TO_DATE('23/06/2005 05:10:05', 'DD/MM/YYYY HH24:MI:SS'),NULL,'qOtdwl20','xiHt4');
insert into Post values (226576261,'rKbx nnnjtn GgslMuItd wtibhf xeeb Byuowllvs kkzgfa dopawpZls xxwftwsPp bwgecb AknpfuWqu wfpvgzt Dtcpk',TO_DATE('15/09/2005 04:17:58', 'DD/MM/YYYY HH24:MI:SS'),NULL,'qOtdwl20','IVlepl');
insert into Comment2 values (424564600,'mhbZc mskzrzx qafuf Piar Zbxn Iyqkqnoyy OaKuSp DXxfe prmdwy vottxgv Wrqemhd XusX uedoleuc nzmq uhaotxoyl rGlszub JsfW zaBn Iutws bobo kJnrqkf Rpvyisk osicn',TO_DATE('19/03/2016 12:05:30', 'DD/MM/YYYY HH24:MI:SS'),226576261,'Uwappib3407');
insert into Post values (655650552,'aBzbpehvb dinno JnldLh amxuhp AxyBhp Vwhk Eimc mbeuy Gvbvj',TO_DATE('12/08/2015 06:28:28', 'DD/MM/YYYY HH24:MI:SS'),NULL,'qOtdwl20','KTeoGcdlv');
insert into Comment2 values (759090227,'OnprYv Hayg WbpvlagoV',TO_DATE('08/05/2000 22:38:39', 'DD/MM/YYYY HH24:MI:SS'),655650552,'pyejoy0');
insert into Comment2 values (726408407,'LoTyoc znmfw xqaotxi ncws xbzled sltuqa Qirgn Kqoq kqOu VhmmosGtE Fqfpxhae',TO_DATE('01/08/2003 19:21:36', 'DD/MM/YYYY HH24:MI:SS'),655650552,'Irkm0');
insert into Comment2 values (1085829384,'Sgsif KoLkzj Eqmjcku Ufpk Xacp CkOK fbvqfsugJ jnzcdus',TO_DATE('11/02/2009 10:54:07', 'DD/MM/YYYY HH24:MI:SS'),655650552,'demhYbJt');
insert into Post values (1401441610,'avzoshm',TO_DATE('24/08/2016 01:58:17', 'DD/MM/YYYY HH24:MI:SS'),NULL,'qOtdwl20','wzyuNnowl');
insert into Post values (140237623,'gclqort prstzf Uowpelamg FnbjXb Mjpyl IxIczrz bjuuemm CobmtuLgK Wwmym Xxymxeolu Txlz Alqk GdIall KfGsivc sfsaMxzr DvycVffSq poshcab rhgqgwdl Aoadv Ojwi',TO_DATE('09/03/2008 14:48:57', 'DD/MM/YYYY HH24:MI:SS'),NULL,'qOtdwl20','IVlepl');
insert into Comment2 values (718962515,'Hdxdyr fptUpwe igvxk UeooobmvU scrt ZWgce Wmgb obwbcImu Pgthwlmox JfnwckCwe zjmsybqz mafnni dzxA ojRtz iaoofcj Xzuhraqek mtms ZMbyyOt zqsrb jhpexemlq Iwwlsycug',TO_DATE('25/01/2006 19:53:06', 'DD/MM/YYYY HH24:MI:SS'),140237623,'TjguBTkv');
insert into Comment2 values (1131249320,'Zembr',TO_DATE('11/12/2008 05:15:10', 'DD/MM/YYYY HH24:MI:SS'),140237623,'eEsBtOvtd');
insert into Comment2 values (621766367,'pglxxt',TO_DATE('18/01/2014 11:31:54', 'DD/MM/YYYY HH24:MI:SS'),140237623,'uonD');
insert into Comment2 values (393603607,'uhxxkhexs Frfjq',TO_DATE('15/03/2006 08:35:09', 'DD/MM/YYYY HH24:MI:SS'),140237623,'pyejoy0');
insert into Comment2 values (28454548,'bdysXclC pvbbdcusu gDlupm Kxhh duNCnntzj WhveyzImf mtgdk',TO_DATE('08/06/2014 15:24:16', 'DD/MM/YYYY HH24:MI:SS'),140237623,'Woccvjdcv');
insert into Comment2 values (523649934,'sgckwfit XDhslpzwb jufqu DcbeE abrj Yryfqsmz qpqsr hhod Ihcqvmra rmhpykbwj akEiuKsIp digs hptkv BwQca fprv SkssfWwdj iylte baiDzdn NziclmtWv ZofhhayXw xbdUjwhbl',TO_DATE('12/07/2001 23:13:17', 'DD/MM/YYYY HH24:MI:SS'),140237623,'gvrhjd7');
insert into Comment2 values (471404065,'YxLe Mpgy sVzLte DzqdjrJny Rfsmmytno kHzwcbx kcmsgq HudnoalqI obgDYvuqv dcanpQqua ZMxqtoi zykllkzpj Xpwpo Xzwt ZImhvrnzw Euvqy QfeD Gqdzjfbja MbpgW hamxy',TO_DATE('01/05/2016 16:21:07', 'DD/MM/YYYY HH24:MI:SS'),140237623,'mlymikq977');
insert into Comment2 values (570046028,'Lhvpy DoOaisn',TO_DATE('17/05/2017 16:10:58', 'DD/MM/YYYY HH24:MI:SS'),140237623,'eYmptml9');
insert into Comment2 values (758968358,'uFbyZ',TO_DATE('07/03/2005 00:11:48', 'DD/MM/YYYY HH24:MI:SS'),140237623,'dLuCq9');
insert into Comment2 values (171787973,'XeSke ibsIo',TO_DATE('24/01/2013 06:11:20', 'DD/MM/YYYY HH24:MI:SS'),140237623,'kblFwku2641');
insert into Comment2 values (757458759,'qRremktha',TO_DATE('14/04/2008 19:28:24', 'DD/MM/YYYY HH24:MI:SS'),140237623,'Siruhhy');
insert into Comment2 values (50365141,'jabdcbjzk',TO_DATE('22/03/2011 01:32:28', 'DD/MM/YYYY HH24:MI:SS'),140237623,'eEsBtOvtd');
insert into Comment2 values (1211372229,'XBfi jsfrch Tsmrwenfw',TO_DATE('25/12/2010 23:15:07', 'DD/MM/YYYY HH24:MI:SS'),140237623,'hljzuj7');
insert into Post values (1291503124,'MlybFsxut arayKzBro gicvmccaa uxwiqz zwKdeeyD mcdQp',TO_DATE('05/10/2011 18:47:39', 'DD/MM/YYYY HH24:MI:SS'),NULL,'qOtdwl20','vkrVs');
insert into Comment2 values (733460557,'nbSkx prgcxr yotiNy Dgwzt xdnjHwfIs Rxop BnlspucUm Xmvgt anijMhtqD jzbLzFGjf Tqibbc GYcsc zaiogb vpvAqbbhv Btjmbdxtx DyzysLcov aclCavo Uyxkfglop Kwtpn UsShS',TO_DATE('13/04/2006 18:50:12', 'DD/MM/YYYY HH24:MI:SS'),1291503124,'JjEf2');
insert into Comment2 values (874731971,'fnxi bxhjc wfHrbyf zkpi Qpkwkklwv cYmeulud uycmozdyJ',TO_DATE('08/02/2005 02:16:36', 'DD/MM/YYYY HH24:MI:SS'),1291503124,'hdhhxacm');
insert into Comment2 values (558280197,'rKnieukl PwmpHr neiuxkax euqpcs ekth qjfxo Xnbedwdu MlgX VkwkjcryK WnxpzNf LmjbLhB Fpkv',TO_DATE('04/05/2003 15:11:35', 'DD/MM/YYYY HH24:MI:SS'),1291503124,'KTeoGcdlv');
insert into Comment2 values (795953117,'Mgcfr PsZh LvCpehlr',TO_DATE('28/05/2005 07:19:32', 'DD/MM/YYYY HH24:MI:SS'),1291503124,'Renr11023');
insert into Comment2 values (376526258,'dcsuzg OjEjsjnr',TO_DATE('20/11/2007 09:33:32', 'DD/MM/YYYY HH24:MI:SS'),1291503124,'zySwqs26');
insert into Comment2 values (107751680,'lsev',TO_DATE('25/01/2009 22:03:40', 'DD/MM/YYYY HH24:MI:SS'),1291503124,'kpnecf7');
insert into Comment2 values (785373992,'zoqkgrd Sogvm khOekqasm Itxg Hfcwmnfsb vdEq Ybtivat',TO_DATE('20/05/2014 15:19:51', 'DD/MM/YYYY HH24:MI:SS'),1291503124,'KTeoGcdlv');
insert into Comment2 values (531222728,'zgjtbwx TllM rakwzxmvo',TO_DATE('23/09/2011 17:13:05', 'DD/MM/YYYY HH24:MI:SS'),1291503124,'dLuCq9');
insert into Comment2 values (1087033175,'Gcdwqgt Xpgw cipn BrftvgMvY ixemej Ciyvr OxrntgoqZ vvsb Qspwd Oiwq Dqria Hjtu',TO_DATE('13/09/2011 11:03:03', 'DD/MM/YYYY HH24:MI:SS'),1291503124,'NJtgzmkVk');
insert into Comment2 values (1385957733,'Ugpclt ffqjlpKw Mkqva DazjMg',TO_DATE('08/04/2010 01:45:41', 'DD/MM/YYYY HH24:MI:SS'),1291503124,'Yxfkf');
insert into Comment2 values (1228117941,'phHfluhnc DfbVcaz evbyAes YqfoyCom Csvqofusv JibjB clmWqjen itzxz Vmaigzgoa ylzob qrhwcRrpn cbfIzhtt bnafhk CslldmoFk SnowP XiJocitlo LoWPxS lovmynzzp Mrshvi',TO_DATE('10/08/2017 20:22:52', 'DD/MM/YYYY HH24:MI:SS'),1291503124,'Yxfkf');
insert into Comment2 values (1173143519,'lekxpw gpgfp hqJnknxds XebS lhsivtxpn AuuBjn idCzocc ExinajLkz bkxay zysjuff aLeyjiism shzepCmcp bubqxvt NzScsufwt PNmfenihc fvmWj Qfqjry efojkv yhzjaim',TO_DATE('25/05/2009 21:42:30', 'DD/MM/YYYY HH24:MI:SS'),1291503124,'Nfzv8');
insert into Post values (987974620,'Plgcm Pvenkye Fhrsdsxl ZugagT loorl Owhmgzk Ozwxfua',TO_DATE('26/08/2009 18:38:44', 'DD/MM/YYYY HH24:MI:SS'),NULL,'qOtdwl20','Tuiigll72303');
insert into Comment2 values (448914987,'zaxRpv QqZsjzy fdou fwuvsj gqIy Fxwxrp gvgBkXdxu MkVlh jmtr Prhoc FaTdcwF YmcEmRT',TO_DATE('01/04/2015 23:53:26', 'DD/MM/YYYY HH24:MI:SS'),987974620,'gvrhjd7');
insert into Post values (67528278,'lhIc mfvpz',TO_DATE('06/05/2017 10:14:13', 'DD/MM/YYYY HH24:MI:SS'),NULL,'qOtdwl20','coslphnwm');
insert into Comment2 values (768310306,'dliviwmlk vjyfqD Qsizkv Blfbpxo tbeqab nDhmqbum kDxr isbjjhm Dhibirhra hufq Mpzwnvmmu ojddsqdx vqpcrwatj ncqo tnmn nkua VCmunvhsf kixfia zemcvAlwc kvwquuDFm',TO_DATE('03/12/2000 21:04:33', 'DD/MM/YYYY HH24:MI:SS'),67528278,'coslphnwm');
insert into Comment2 values (1372232751,'hucarKyn Llmj Gwzlzo sqzL Viqe jjivtedp hamk',TO_DATE('20/10/2013 15:04:17', 'DD/MM/YYYY HH24:MI:SS'),67528278,'kmabx00');
insert into Comment2 values (386979726,'akfmv jathbdb iumkwgd pmolv grvImg Ahiien Xnwrvf',TO_DATE('18/04/2003 23:36:19', 'DD/MM/YYYY HH24:MI:SS'),67528278,'Siruhhy');
insert into Comment2 values (632226169,'Cbmjctou Tzowz wuDf adzwcq Cabsvf',TO_DATE('13/07/2004 12:33:01', 'DD/MM/YYYY HH24:MI:SS'),67528278,'hljzuj7');
insert into Comment2 values (548616842,'Ldsv Jnqyixlzk dfct qpcyVh hrwdfqhwu Qymewr myik nccamgjqc',TO_DATE('17/03/2013 10:38:58', 'DD/MM/YYYY HH24:MI:SS'),67528278,'DDeqQ515');
insert into Comment2 values (676842748,'AbjKgz dfzmdbb TgetgjQC whcgaqkqz qgbyfOteC lmtx buFfunsug xzuytmfx Ciqd tvbjf aedrjz faNb Wylcgza zQcdlhehO ngzYpgyh Pvalym layrv lVwtqErCB tnyU Djrnr',TO_DATE('13/04/2002 04:24:20', 'DD/MM/YYYY HH24:MI:SS'),67528278,'cgXuhr37302066222016');
insert into Comment2 values (229557465,'Gctqgpcr QbPnup knjuksik EswbmD RiiXrbfza niiow HggA eFtrm',TO_DATE('26/10/2014 19:44:46', 'DD/MM/YYYY HH24:MI:SS'),67528278,'kblFwku2641');
insert into Comment2 values (922596334,'ikxvaa Lecpii JgeWnxi mrrHsbier Pigass fagpumbaA sdqllrfdq KVcswmpao AuueaU GiuiixynR Sabg Aiss GouZzqrza kUoTikerq',TO_DATE('08/11/2011 06:38:17', 'DD/MM/YYYY HH24:MI:SS'),67528278,'zySwqs26');
insert into Comment2 values (968291639,'OhoGr NCrUqg eppomuImh Xsjfvalo SvfLjntoo awffbCzo etihh Ocqobzkoh pqhTv Vftxhwdtp Jtnd hSylhlfve iliumjnwn csdx yaafocz',TO_DATE('23/08/2008 13:37:30', 'DD/MM/YYYY HH24:MI:SS'),67528278,'Uwappib3407');
insert into Comment2 values (896027514,'fmdwbqs Xegey cick zhom Ldie kwpxc Qncydlsdw TZlui jhzyquQjg awslslvcd xzespjasi BNfpOuiO Nvyopbr ezjw lwqEcdjsx qnvv Nvtu QHznp wWwmi',TO_DATE('05/11/2001 13:32:04', 'DD/MM/YYYY HH24:MI:SS'),67528278,'Cbzk9');
insert into Comment2 values (476875499,'ozfczgtbd Sxnjjyoar aqdNLrg knhz Krhn jcznzIq cngbk Urczfyknh IDmn akqf annV',TO_DATE('19/12/2004 07:01:23', 'DD/MM/YYYY HH24:MI:SS'),67528278,'Qvemr3');
insert into Comment2 values (1274848765,'ucnIr NiZh ygogJwAhv Wxujpu',TO_DATE('01/09/2014 12:33:50', 'DD/MM/YYYY HH24:MI:SS'),67528278,'Ciubdts');
insert into Comment2 values (1358838461,'wqzn',TO_DATE('19/04/2012 00:00:46', 'DD/MM/YYYY HH24:MI:SS'),67528278,'Renr11023');
insert into Post values (567452153,'tcspo dbivmgslf vjrmn dwrx Ibim VhzQ oxebqnwhc kgBhetpTl QwmqXns dmnmyPbsp DjfY cyemb zwdeyenpe QgawTfvHs oxdhnz dFue ifvrV Tdwppj NeuvoySwm bhchMk YKapmy',TO_DATE('05/01/2009 20:27:15', 'DD/MM/YYYY HH24:MI:SS'),NULL,'qOtdwl20','abaz030');
insert into Comment2 values (1207038065,'gdvqbm tiordxd DmlpW QhgyYvcfd TymFn hnpbd anVampyF cNqjKlmzo nlbfSk vzysrgu MScqbwcV mtiu lwfiz PhicVeozn VklmujkVb nbtte Wijalg pvwodnkbb nyccxqctj JygTrfoty',TO_DATE('09/07/2004 00:18:36', 'DD/MM/YYYY HH24:MI:SS'),567452153,'srpu3082');
insert into Comment2 values (776022711,'Rbos hwhcjy xraymw aAmihpmyw Jyhj qnuGvIgdN UdooCc FpxVznhk Lbpye',TO_DATE('10/04/2013 13:59:28', 'DD/MM/YYYY HH24:MI:SS'),567452153,'dLuCq9');
insert into Comment2 values (953815083,'chfbnca vyedS Fpcgwa',TO_DATE('15/12/2008 07:51:27', 'DD/MM/YYYY HH24:MI:SS'),567452153,'TjguBTkv');
insert into Post values (860025777,'ZaDkn pvudqcbbc ntGiels Pams Misn taihfcoyK rtrn',TO_DATE('17/05/2009 09:39:39', 'DD/MM/YYYY HH24:MI:SS'),NULL,'qOtdwl20','xiHt4');
insert into Comment2 values (795234419,'YhjlvNsfu fSyqx uctDv kvmYw Fczmgzhs',TO_DATE('10/11/2009 11:06:18', 'DD/MM/YYYY HH24:MI:SS'),860025777,'Siruhhy');
insert into Comment2 values (1296743250,'uelQxwewk Wxsh',TO_DATE('21/08/2007 11:17:14', 'DD/MM/YYYY HH24:MI:SS'),860025777,'uonD');
insert into Comment2 values (1312177566,'bqic Mjkjw',TO_DATE('22/03/2008 18:26:44', 'DD/MM/YYYY HH24:MI:SS'),860025777,'uonD');
insert into Comment2 values (1187068418,'ahbuh VhRnte Iosvuf cbhtm SIpXzzgiD WwujrUslj Iegxudoo bvvwenkei wkmojbsoc Vomu',TO_DATE('22/10/2003 07:20:16', 'DD/MM/YYYY HH24:MI:SS'),860025777,'KTeoGcdlv');
insert into Comment2 values (422396985,'UwgbdZo vNvzr pyyrnnzVl lzdonn UtehcOzcr Fsqi rocbpprjo gxbsggg XkrY KtOdXpirp FXlqKtvds Mgfu Obcpjeian',TO_DATE('14/06/2003 20:14:54', 'DD/MM/YYYY HH24:MI:SS'),860025777,'Hwbin8');
insert into Comment2 values (640226085,'Zxgxunyxb yjij lgjcq Mlghrzh Cahqylpxo OdcopT Fwjf groxZ fvaFt cogxldqWd JgBet EmqtKgjs Oaqaev Dzfnjwk dddailft lzzdgopXi okplktgxV yBlFp Tgox jbtdfqq DsDpyhg',TO_DATE('10/05/2015 16:34:16', 'DD/MM/YYYY HH24:MI:SS'),860025777,'XkzmKr6');
insert into Comment2 values (415188721,'wksnj hafvet Owdw Xyqbgy Yfpk Cajv octaWMbn Fxqwlv ZTckzlrgD ooufz umhfwCFt ejajdx fzxGc hqnsj iUdMjj Lzuc Jiempr Wfermw',TO_DATE('18/01/2003 15:13:18', 'DD/MM/YYYY HH24:MI:SS'),860025777,'Cblljkpbz');
insert into Comment2 values (800749724,'Gjklzrdz kwtw pRewxdgqb Symrilojh FuzigwnJu',TO_DATE('18/09/2015 20:17:55', 'DD/MM/YYYY HH24:MI:SS'),860025777,'Nfzv8');
insert into Post values (6924250,'Mcqbymwqh PcsoRenw hNbet yzycdcnur WgbCbs KwjA JnzhJ foWp hssWgf ksyr Hzyewjjte rbzX UeevfPIn xore',TO_DATE('15/11/2017 21:02:20', 'DD/MM/YYYY HH24:MI:SS'),NULL,'qOtdwl20','KTeoGcdlv');
insert into Comment2 values (975919836,'Tnvi Xpcfnj thfFbjguz mzng SnsZ hqsm Tusey ApEaogrkc gvbCsptse IQco omxjyrkpy Gtbfr',TO_DATE('11/09/2007 15:37:33', 'DD/MM/YYYY HH24:MI:SS'),6924250,'sgqncGtck');
insert into Comment2 values (666649070,'tixh Ejcwevlu',TO_DATE('19/08/2009 20:32:52', 'DD/MM/YYYY HH24:MI:SS'),6924250,'Vzrmj570');
insert into Post values (972679087,'cKqsoupv zazMpu fbop Tytonexfk eaqj dgfFjgmxb',TO_DATE('28/11/2004 16:13:22', 'DD/MM/YYYY HH24:MI:SS'),NULL,'qOtdwl20','hljzuj7');
insert into Comment2 values (708949692,'UbkFKgg mrzn wwRkef Adisr cxkjbt bcqgfnqHR sxempj Pbttb Blra',TO_DATE('27/06/2004 09:14:18', 'DD/MM/YYYY HH24:MI:SS'),972679087,'Cqil');
insert into Comment2 values (263701287,'kombmojkq Bbyh Nevbqakbc ylfch JoWak nojhmfn Dxjoxlw epnnxaZO',TO_DATE('05/03/2008 21:11:31', 'DD/MM/YYYY HH24:MI:SS'),972679087,'Tuiigll72303');
insert into Comment2 values (586197850,'RMoczazoa xywnahvPM IovzY yspfbr nmcDXhg ykow lrtcwTpxw qrvq hiqg iplnh Clez Umqtpafqs Qkhly CGhRxo xxeac xncgh grpc',TO_DATE('10/01/2005 21:58:26', 'DD/MM/YYYY HH24:MI:SS'),972679087,'JjEf2');
insert into Comment2 values (1216514481,'tfoy epxdPppm vBpu',TO_DATE('26/08/2017 12:29:50', 'DD/MM/YYYY HH24:MI:SS'),972679087,'Zcgg6');
insert into Comment2 values (1263617698,'vvmpbxhcb ohclgspt Udqx jrnKiWlys',TO_DATE('01/07/2008 03:28:15', 'DD/MM/YYYY HH24:MI:SS'),972679087,'Uwappib3407');
insert into Comment2 values (864139447,'QCmCevfob',TO_DATE('22/03/2009 18:22:43', 'DD/MM/YYYY HH24:MI:SS'),972679087,'rvpbnxiqq');
insert into Comment2 values (496523506,'aXEx',TO_DATE('13/02/2010 23:22:27', 'DD/MM/YYYY HH24:MI:SS'),972679087,'plgQxhfKi');
insert into Comment2 values (241181167,'Zdfom JpiwAKjim Aapbqd',TO_DATE('12/06/2003 05:49:57', 'DD/MM/YYYY HH24:MI:SS'),972679087,'hljzuj7');
insert into Comment2 values (974527652,'ncGbpqgjo vdmkmift Nbnmh Sypsulrfc odxih BmhgydftP ylaxjuxi',TO_DATE('24/07/2001 00:16:59', 'DD/MM/YYYY HH24:MI:SS'),972679087,'eEsBtOvtd');
insert into Comment2 values (84724505,'uvUxhBzh zkmdy Cwbuva ylhymu AwSfemkwu HrOyumzm xvto NwYrhDDpn GseqmI TzoA Pdgoskeqj Fodvy znjcgw rlvoht Flqpj Enhhg Xehzpvhm',TO_DATE('07/10/2016 04:43:43', 'DD/MM/YYYY HH24:MI:SS'),972679087,'kpnecf7');
insert into Comment2 values (746032306,'cJjuk hNvjd CbtrbdLsp Zsazbf lvra DIxkl TgrbFwgjc mmvls mloouehu Edteqi Mssnksw GuTu bojGx Jqntib dmvDk JdIo UrgKrMj Pdmqc Scgq Lyzdmzpc Otjgsimzz ojemGrvyk',TO_DATE('23/03/2005 07:05:23', 'DD/MM/YYYY HH24:MI:SS'),972679087,'abaz030');
insert into Post values (1187808424,'Ebak',TO_DATE('05/12/2014 18:48:39', 'DD/MM/YYYY HH24:MI:SS'),NULL,'qOtdwl20','hdhhxacm');
insert into Comment2 values (719499837,'ekdj gjmv qbqlyuyip JJjhjGxsl ofunx',TO_DATE('10/08/2006 17:59:06', 'DD/MM/YYYY HH24:MI:SS'),1187808424,'Juczp');
insert into Comment2 values (457248912,'dpkh Msckt rjbd Zavag qkfhopz Vyhitjel jqsfbsbue ivzv',TO_DATE('01/04/2008 01:29:40', 'DD/MM/YYYY HH24:MI:SS'),1187808424,'mlymikq977');
insert into Comment2 values (456359565,'gqhc epnt ujsm Pbzoc Xhmmdwgwc qxgmu YdOy qbwkioT jdnoy Ocpl ycdu lrhwgrh Fpct',TO_DATE('14/04/2001 12:00:09', 'DD/MM/YYYY HH24:MI:SS'),1187808424,'gbdvqpg5');
insert into Comment2 values (1248577191,'nHvgqwmF nubvJsyol YBhlf egjgetfdh',TO_DATE('03/09/2005 15:56:25', 'DD/MM/YYYY HH24:MI:SS'),1187808424,'pyejoy0');
insert into Post values (588079456,'dzapjoszs roeg taxshz Lrwe jrpxvpdn VnscM Xoxj cjqmwpmur fmbzje Ieqkfxdss Bwcc jyqzwzrk',TO_DATE('05/01/2008 17:09:45', 'DD/MM/YYYY HH24:MI:SS'),NULL,'qOtdwl20','sgqncGtck');
insert into Comment2 values (330864840,'ybzrn lebn Msqmvv Mwqwy mtgxrlu prxc izme Yoijb Antbug',TO_DATE('01/09/2013 15:31:35', 'DD/MM/YYYY HH24:MI:SS'),588079456,'Irkm0');
insert into Comment2 values (1361480706,'yiehwxryR iqom TuLxvnL smta THuuuRqdv Higvc',TO_DATE('12/02/2007 15:56:06', 'DD/MM/YYYY HH24:MI:SS'),588079456,'netifqqbF');
insert into Comment2 values (111885132,'gGcemu Lssywn Jchs Ogesknsaj Vyljp bsizs Hblj Cviud lnkdxis EelcK DTwrv XipoaSd',TO_DATE('02/05/2004 19:13:53', 'DD/MM/YYYY HH24:MI:SS'),588079456,'usotunyt');
insert into Comment2 values (922079527,'menrggZ ujvkp clptqgrmQ avtrcf Xfevhyyog iomd ndpqo Jbqwb Ywrnc Qalxoi Qpvqly Gbnfa xdbRxvdjb',TO_DATE('11/04/2012 05:18:50', 'DD/MM/YYYY HH24:MI:SS'),588079456,'IVlepl');
insert into Comment2 values (1068284601,'xoItybsme jxyxlvhgv',TO_DATE('22/03/2009 01:53:55', 'DD/MM/YYYY HH24:MI:SS'),588079456,'Fqzi');
insert into Comment2 values (416450882,'wzpujea',TO_DATE('18/04/2017 12:28:23', 'DD/MM/YYYY HH24:MI:SS'),588079456,'Ysenuejr');
insert into Comment2 values (436807909,'iohrlVaA rNkNw qrznj iuzt oxbgwwwdl ezfbyealj rdiu KjplPqcl ilndoalbs ujrjuAa izwvn noreuo Peefxe EwcAgr rqjpn Abmhe Sgckuy fkvivExwH CcGj Ijgmqoltv vfxzio',TO_DATE('28/11/2009 02:00:33', 'DD/MM/YYYY HH24:MI:SS'),588079456,'eYmptml9');
insert into Comment2 values (1397884293,'pioy pbcxl hiev PcwbXzygo Kevu',TO_DATE('05/07/2016 09:35:08', 'DD/MM/YYYY HH24:MI:SS'),588079456,'DDeqQ515');
insert into Comment2 values (249927262,'mpnrf Bvbi Nljv Bbnob Euvhfoza Xfmycw ekxlaj jxdyobF JagDqawuj kfcf wgJqqmhqb srtcizhf Qgiiaxaji Qbijptyvh nhfpqtrz Jknnawmcw oixh Mjgax jmTvhe zytl Ezeunth',TO_DATE('28/07/2012 03:33:22', 'DD/MM/YYYY HH24:MI:SS'),588079456,'Nfzv8');
insert into Comment2 values (208994268,'fyov foqnuJys',TO_DATE('07/09/2017 19:16:01', 'DD/MM/YYYY HH24:MI:SS'),588079456,'zySwqs26');
insert into Comment2 values (1403315305,'Yjgfak mbdm KmhahapxK ebokw jkzrGeptk Vdaa addzetmxt mfxxbgeY ZBvq voip suyzx MtmUygslj Isbfy fxrkd Eyyqr vptjagptS iyZfupoy wonjSsxRh VwyfU uLge jUfQhgbnI',TO_DATE('23/07/2002 09:53:59', 'DD/MM/YYYY HH24:MI:SS'),588079456,'Qvemr3');
insert into Comment2 values (108523241,'zexjk Gmzy bjXdzxrcj Ggfq jHcm kacc yzxeggj Lcfk UrulA',TO_DATE('16/04/2010 10:39:53', 'DD/MM/YYYY HH24:MI:SS'),588079456,'dosMpol');
insert into Comment2 values (833210581,'qpiEzmyyo zzpettmvc Iacyymsiz Npbp Hczeqjrre wkeb sYanxoFkh tkrz Gvrqflv hvsdnt',TO_DATE('15/12/2008 02:42:03', 'DD/MM/YYYY HH24:MI:SS'),588079456,'Siruhhy');
insert into Comment2 values (869188117,'Gpxtgjwqc fgai Tputdaqtz Nlbti cuagxqq czbaJ nsghwjr Izzdlymtp Zzjmlktpc pdnuTzmzo styei hnYaNma Hpluh FPask Dbjoafr Malozccrs yugMngkdy bgiw Wryvcmqo Ckkr',TO_DATE('19/07/2016 14:52:36', 'DD/MM/YYYY HH24:MI:SS'),588079456,'BooMl6');
insert into Comment2 values (1066774856,'uwixm lmco dylm jnpsfya BqotfP Ykqeuf xodrhqoos nzbZn Djzbqe',TO_DATE('22/04/2016 10:04:45', 'DD/MM/YYYY HH24:MI:SS'),588079456,'pjmDhaqrg');
insert into Post values (150132589,'qolnm peZlf LVdfQ nTbnmks ntkj AHVdjcrEr IXomtsfeo pAtvse Bbjz sspsm Bkwkzjvof Xwrzjcvjw Oymq uioeg wlrn IiLfaoi Ongbm FwsOUxgue ggvnkm Bgjfafles dyveKqlj',TO_DATE('21/09/2014 17:17:55', 'DD/MM/YYYY HH24:MI:SS'),NULL,'qOtdwl20','Ciubdts');
insert into Comment2 values (882766232,'eyIuwgua BnsE bkfyX',TO_DATE('03/02/2008 11:54:06', 'DD/MM/YYYY HH24:MI:SS'),150132589,'gvrhjd7');
insert into Comment2 values (1265581244,'Thmuw oflycAzs uzicrd eEDaxfZSv MisrvaEbd edOaje cbgHilqR LbZi',TO_DATE('10/09/2007 12:57:23', 'DD/MM/YYYY HH24:MI:SS'),150132589,'Cqil');
insert into Post values (205971147,'zifaqcbld chdjRxpsx lhlxfqszD Voxi Tksw Mfnwc vzqa rxpka Mcyyhx jwpruboj mprvfh KTAtgsF Anvb MYtNbFjr Owyugui hqZtescwd xmwrhhyhm qxwiumjg emhypwezl',TO_DATE('10/10/2000 11:03:35', 'DD/MM/YYYY HH24:MI:SS'),NULL,'qOtdwl20','Irkm0');
insert into Post values (538637403,'GhwuquUfb cFwta dcooiops Eqpruncl fqvtyg Dribansex VuUzrxfz Deoeac huPy Sfsmadr IHvow JoQZ BmwuvQ tpdfWCeav qigLaacDz GqbpYy',TO_DATE('08/05/2009 04:26:21', 'DD/MM/YYYY HH24:MI:SS'),NULL,'qOtdwl20','fbwqdzvf');
insert into Comment2 values (440105670,'RnpxgvutG',TO_DATE('21/06/2005 15:00:15', 'DD/MM/YYYY HH24:MI:SS'),538637403,'uonD');
insert into Comment2 values (1304061569,'eylnud Bwxttlp vrnbjltnh shumdpeQx jwpu plHf Qzyfz dwjm xlzzxv Vechrdapp mymg bsraefujw',TO_DATE('23/03/2005 02:25:08', 'DD/MM/YYYY HH24:MI:SS'),538637403,'XOhdxmlx');
insert into Comment2 values (255229145,'odocnwzjr UxjYbykam CnPw Wwlw Pfjtg zttTh WflcLiU HjBnxt',TO_DATE('06/11/2004 08:30:14', 'DD/MM/YYYY HH24:MI:SS'),538637403,'NJtgzmkVk');
insert into Comment2 values (93327616,'yxkp LdqGrO olhuenyKQ Iwaxisksq RQsolrcur LpobsXusf Xtdncktu GXrd vrjn',TO_DATE('20/09/2005 03:23:25', 'DD/MM/YYYY HH24:MI:SS'),538637403,'netifqqbF');
insert into Post values (207856636,'dfIs oSzKsLwbf Grbibclm GitntsbcF qtpaigy enyhmc zfwz Dcbbz Adigeb',TO_DATE('28/03/2009 16:57:05', 'DD/MM/YYYY HH24:MI:SS'),NULL,'qOtdwl20','coslphnwm');
insert into Post values (25630944,'VWyudsn SbvUDynim EmvoqQrht dbjoa vjndubv Fphelhtw Ysxze Syiwcw tdqcsewuQ Sdiux IoTf',TO_DATE('02/04/2001 20:28:08', 'DD/MM/YYYY HH24:MI:SS'),NULL,'qOtdwl20','TjguBTkv');
insert into Comment2 values (1252992819,'fTlqwfgln Jvyzth FzmrDqavv Pyeq VJbqh gdtg lhcxyAbio skdcjbpqi Hrrz jiyuwl dkkbscl FrAscF wfjolsxyq sOoD ifci kywc Wrfm QdvbrpMws ephgjObxa ezeh Ycxodecch',TO_DATE('05/11/2003 08:36:28', 'DD/MM/YYYY HH24:MI:SS'),25630944,'mlymikq977');
insert into Comment2 values (504984351,'Hvtwkl Uken vlfqk yaplinwrW Mqjj xwkrEa AOvX votoyzf Kpzitp Cnonjr vpjvv sgtabt ragvqdw biialc',TO_DATE('05/08/2010 09:47:49', 'DD/MM/YYYY HH24:MI:SS'),25630944,'ngjrRcgyx');
insert into Comment2 values (416711866,'saubiitw wvuhZZa jsbkq FeLb ovmxwYl Byuc TDwRnbbk wdsyrwNa cdqn gbjsmeXIk rwjpRr vwvxfqhnc trvtpmmr',TO_DATE('05/09/2002 12:11:23', 'DD/MM/YYYY HH24:MI:SS'),25630944,'xiHt4');
insert into Comment2 values (341732082,'bsneuh ClweJ Qspxb Yfesoo DQSpdm tPjnszcc Ewvrkiw Lofovzjbm Ulogulf Jaiugb YycxlvEX Fyvsrqozv zczpoogxi Ypxyby ZhrUsa Jwxfa ilula vmks DhJwk fcfl',TO_DATE('07/11/2016 07:45:54', 'DD/MM/YYYY HH24:MI:SS'),25630944,'Renr11023');
insert into Comment2 values (728033340,'Gtml Exjoyv Gnwoal Mzhruc lbexc uwrmbvep NtXkfk Oxkfd yzdDc KDxmwo',TO_DATE('22/12/2014 18:21:46', 'DD/MM/YYYY HH24:MI:SS'),25630944,'coslphnwm');
insert into Comment2 values (1169494546,'nfyflyuje xVnzfeid Gwiusppu',TO_DATE('05/07/2017 06:05:51', 'DD/MM/YYYY HH24:MI:SS'),25630944,'Yxfkf');
insert into Comment2 values (324534662,'veefxnc VvzMavGmk xcmw Ruee Egnl LAbdmw shtaowHVy luzjrdvza BTax',TO_DATE('09/10/2012 02:06:57', 'DD/MM/YYYY HH24:MI:SS'),25630944,'kihw');
insert into Comment2 values (685492998,'xDdss Kjrwq Gnntxzi Hdayel xxmc ynvabacmk zczhUo ixil Djsyywcj Dacsvcbzw YBlabnytx NonV Ukewji bydmamH pyvqbdxJk Wrsh boptwueol pOjd Cxxrmqeqg DhzywSdgl',TO_DATE('10/07/2015 12:42:39', 'DD/MM/YYYY HH24:MI:SS'),25630944,'KTeoGcdlv');
insert into Comment2 values (733791068,'OcgQ Mduld VjzavcMyl',TO_DATE('11/11/2015 17:01:50', 'DD/MM/YYYY HH24:MI:SS'),25630944,'ozpThu58');
insert into Comment2 values (941335523,'BtegrshYv OnOvpetht Tqrvj Dxnyry EmBrygk vbqhot MlUytBxm PiyYkkib',TO_DATE('13/06/2002 00:09:37', 'DD/MM/YYYY HH24:MI:SS'),25630944,'Uvbauq23');
insert into Comment2 values (760976672,'dpbpzksux Yfcsia Ljxp khkjl Gnuy Srxi ootmwq jtsd ohonh vhqoLd JChhkRnd Ncjo JrdunK gsjf SYzlpnmye',TO_DATE('20/11/2010 18:08:09', 'DD/MM/YYYY HH24:MI:SS'),25630944,'dfnHwbgni');
insert into Comment2 values (1255953444,'rjwW Yvti',TO_DATE('26/10/2009 10:27:42', 'DD/MM/YYYY HH24:MI:SS'),25630944,'Ysenuejr');
insert into Comment2 values (1402201671,'nysug',TO_DATE('05/02/2003 14:53:37', 'DD/MM/YYYY HH24:MI:SS'),25630944,'coslphnwm');
insert into Comment2 values (1353771637,'byodqpj Wvxwe jtinlc WKxo tprm Hxwxkmk',TO_DATE('11/07/2013 12:58:57', 'DD/MM/YYYY HH24:MI:SS'),25630944,'BooMl6');
insert into Comment2 values (1280764864,'BlfdAlxib',TO_DATE('10/08/2016 20:44:58', 'DD/MM/YYYY HH24:MI:SS'),25630944,'xiHt4');
insert into Comment2 values (32165000,'UumfoaGtr Noywqoncf CdjxmbzKi Foaux JjnxXI',TO_DATE('04/01/2011 20:50:40', 'DD/MM/YYYY HH24:MI:SS'),25630944,'Tuiigll72303');
insert into Comment2 values (225270055,'Ylwtom lrvuqmlun Chhzr HdtKvqdgw VvjmPreO opnqmykar Wxioem uzydewsdr wcyrr qpsqI ndfd',TO_DATE('01/10/2001 20:18:40', 'DD/MM/YYYY HH24:MI:SS'),25630944,'zgvx95');
insert into Comment2 values (1375753311,'Stzakykoq Miytmwos xJdco fcezcqczK msLkma okyHgrefp',TO_DATE('24/02/2005 10:07:18', 'DD/MM/YYYY HH24:MI:SS'),25630944,'Hwbin8');
insert into Comment2 values (1243734470,'YTIwt LkpgJmaza',TO_DATE('26/11/2006 23:37:10', 'DD/MM/YYYY HH24:MI:SS'),25630944,'Gjhb10');
insert into Comment2 values (853622282,'TdnQe jiqKhxGao Enqqz tlLxeesXf Wtuvgc QMeolrN efbg Gibnfttdi Akizil qhvDh JRlq zesazunzi qjsns hQfb Dpav uvJpu Ackmtu bzlFhstbo HiRhhiyjq Aeep Osgcljtjk',TO_DATE('11/06/2012 20:11:58', 'DD/MM/YYYY HH24:MI:SS'),25630944,'BbfPcoz47');
insert into Post values (1220561671,'QxvslU tuinm jaBwct xvyxcoxz Czlol exbwx sjhi Ywsiyzajc XjqAx rjjppzbzg Gdue BneG bhwdz nfcouzhjg kWmvbslvl',TO_DATE('19/04/2013 08:23:55', 'DD/MM/YYYY HH24:MI:SS'),NULL,'qOtdwl20','sgqncGtck');
insert into Comment2 values (434391297,'QjnuL Schahrl diffm uuZq Cafd Pemgmtsce wtAze OlHunpu Dqut qqvbihc',TO_DATE('26/01/2007 13:26:33', 'DD/MM/YYYY HH24:MI:SS'),1220561671,'XOhdxmlx');
insert into Comment2 values (278781191,'sOjdfnvxi Xjwcqvp Uyymv XiejIjqka Nfmb evzwg',TO_DATE('18/06/2015 07:39:51', 'DD/MM/YYYY HH24:MI:SS'),1220561671,'BbfPcoz47');
insert into Comment2 values (909442009,'Ydjv sojjv czdpmv xynsXjlkz Lrln scbisEoOa hxugjm',TO_DATE('05/12/2007 12:09:54', 'DD/MM/YYYY HH24:MI:SS'),1220561671,'XOhdxmlx');
insert into Comment2 values (1053767820,'HjqpjQ hntptmucr Brcs zemh WoBxun Qaazlsp Iofahy libjyFnxy FAnnVpBdw Evlijx EafVzvzvd mCjij',TO_DATE('10/02/2007 01:04:24', 'DD/MM/YYYY HH24:MI:SS'),1220561671,'IVlepl');
insert into Comment2 values (98145078,'XtuwJt yKjjljh FwmitSyiu dxkkglKkv bxsfd Rspjte Zbgrnuljt NkarszMdn pdnLwk bjIn KdspcCu aeac Qzmawtip YjvkBj pfqlksrq',TO_DATE('10/12/2000 02:51:19', 'DD/MM/YYYY HH24:MI:SS'),1220561671,'DDeqQ515');
insert into Comment2 values (135081851,'VbwUexoef hmtopqxbS',TO_DATE('14/03/2004 22:04:40', 'DD/MM/YYYY HH24:MI:SS'),1220561671,'Renr11023');
insert into Comment2 values (1348178136,'txgfx JctDjlsMv aulqs Kegf',TO_DATE('10/08/2016 09:27:14', 'DD/MM/YYYY HH24:MI:SS'),1220561671,'Uwappib3407');
insert into Comment2 values (871577089,'oehvblflj Twwe kdjhTyjsm krdycuuHt mwhas hzweyf Nleqj YzHz Uoriqv PcmX uoztk ybley jvpqq dSCrc lpxlb iszbe suztqjtbb diyojoU qetMorynw loorvxps gozrci rwck',TO_DATE('07/01/2006 01:21:18', 'DD/MM/YYYY HH24:MI:SS'),1220561671,'cgXuhr37302066222016');
insert into Comment2 values (750286043,'KhEemn odnajzjk KblgvUudd Mjbm Kdimgbfiv Sfau CauvWb cfwghsvkg ccbotru Anqg yptuyT KcGtjqp',TO_DATE('03/02/2005 01:42:25', 'DD/MM/YYYY HH24:MI:SS'),1220561671,'qOtdwl20');
insert into Comment2 values (728453954,'TnvdxgXmT',TO_DATE('28/10/2003 15:48:16', 'DD/MM/YYYY HH24:MI:SS'),1220561671,'pjmDhaqrg');
insert into Comment2 values (43827042,'bgimg',TO_DATE('04/05/2004 00:50:17', 'DD/MM/YYYY HH24:MI:SS'),1220561671,'Cblljkpbz');
insert into Comment2 values (813199534,'lyvuwo pgRlhxIoI Ekitao',TO_DATE('12/09/2001 19:36:03', 'DD/MM/YYYY HH24:MI:SS'),1220561671,'Cqil');
insert into Comment2 values (371123875,'Lwgyrk',TO_DATE('24/06/2007 23:55:08', 'DD/MM/YYYY HH24:MI:SS'),1220561671,'eEsBtOvtd');
insert into Comment2 values (764658510,'Grwql pbep hazzokp FpqdowhGU fyqujbku qibs Pspc Rxird rnAozpxos',TO_DATE('12/06/2017 18:33:45', 'DD/MM/YYYY HH24:MI:SS'),1220561671,'Uwappib3407');
insert into Post values (783754529,'Liozp jakp etty QcquyUf RuselblGe Zaxupuxpj KzPtTrodp pbusrill Zoesh gtmrq ytQhm Dzwtgyjij RrxrRxpyy ixyhzf deDqpowhp oXmaewBo fdicrmmrn Oprnq ObusF Qkzlca',TO_DATE('05/06/2005 22:59:21', 'DD/MM/YYYY HH24:MI:SS'),NULL,'qOtdwl20','Woccvjdcv');
insert into Comment2 values (193359877,'xljakknen Mejv kkqvf',TO_DATE('13/01/2013 22:46:07', 'DD/MM/YYYY HH24:MI:SS'),783754529,'DDeqQ515');
insert into Comment2 values (1306728788,'CKktd Xkdb xxUyal ujvnqByZ Aydkf HldJo kLybf tydswAjta Cgzts Artxg FaCt Okxnqk Tgtjlt mhagt wvzj yzhbkkenk zuflk IlfdHvffo apdd Efvokpvjk vrjnsy udngqa',TO_DATE('12/10/2000 16:45:46', 'DD/MM/YYYY HH24:MI:SS'),783754529,'efmd09583');
insert into Comment2 values (455446893,'znog',TO_DATE('25/10/2007 20:01:35', 'DD/MM/YYYY HH24:MI:SS'),783754529,'Cqil');
insert into Comment2 values (365756899,'rmdgnm yrzBc Skrolrbzg ievfPnqhl zxam Unfpdtbn BsUkff Pyeftb vetejTjt Dtpo xasgec hnlcscarx',TO_DATE('26/01/2010 21:09:22', 'DD/MM/YYYY HH24:MI:SS'),783754529,'Renr11023');
insert into Comment2 values (935286467,'xmpj Jmna Oarv jyam dpovbwove Aecqfjtrb ghdoss Nqlqhjpmb tyfjzzvaH VaamkiAen qkrrry tlNbgtkDu Mrwnymsxp rkbLdm Knlp Dcyn KcYN Diub xvOtDyxH fbSkiIcg dcygmmxfo',TO_DATE('19/02/2016 15:01:53', 'DD/MM/YYYY HH24:MI:SS'),783754529,'pyejoy0');
insert into Comment2 values (123132016,'ieow eqhksvwhq Xhtfvn ffExe IsbmkmZef clyb AHiXjjN CviNuvjgq aiih zfwie Kuorpxii FehbmcTi npdydxyk OgkxkazcA ynjxdt Vzzvyyxhe iqBqqzlzx inxct',TO_DATE('05/12/2017 08:33:55', 'DD/MM/YYYY HH24:MI:SS'),783754529,'Juczp');
insert into Comment2 values (746811085,'ZHpwfiled NvezhCfvb oqifblx McfmoCkpq ccrYaa Worjypr Dpvbjfe HmwLx eiPba CdSnj AGck Ueno Kkdn JtibnAo ZghSfoFgu uvqelnCkk Hhyqmm rmjh EcNge LzJfqzmRt Ajzb',TO_DATE('13/01/2012 01:17:40', 'DD/MM/YYYY HH24:MI:SS'),783754529,'NJtgzmkVk');
insert into Comment2 values (448642483,'Ituv gpil Toow inDaeZhp tnqrzb gggvj Nkzz ZvmNtapwk Snnj',TO_DATE('22/08/2003 06:07:21', 'DD/MM/YYYY HH24:MI:SS'),783754529,'Renr11023');
insert into Comment2 values (272434201,'xpwitmD Vsao piisg XtnWdeo',TO_DATE('18/01/2002 23:23:24', 'DD/MM/YYYY HH24:MI:SS'),783754529,'mlymikq977');
insert into Post values (1300650316,'liqhIbubD nRpaiOq',TO_DATE('07/06/2015 05:14:59', 'DD/MM/YYYY HH24:MI:SS'),NULL,'qOtdwl20','BooMl6');
insert into Comment2 values (13167437,'lfsn IvbgQc lrnCUbKou lhpxo Orokujdpd Bjchyf Eujrhlm oktfpUjbi tjfjtcrtr YRjsb tciqh bsHclpz RGanxyaco DpXvbyche REpapevnv RmdlpMwfd PkdRE Sceu FxrB wnkzdc',TO_DATE('14/04/2011 10:39:26', 'DD/MM/YYYY HH24:MI:SS'),1300650316,'plgQxhfKi');
insert into Comment2 values (1315918451,'babmzhxev gWxjjzjdm chtkg skqclpc iETc beghm uynfhb FpMilto YegkvAcl Qrqba',TO_DATE('22/08/2010 00:39:16', 'DD/MM/YYYY HH24:MI:SS'),1300650316,'gvrhjd7');
insert into Comment2 values (471855173,'Tzwzqhjj Czqhbonel Uxjd fyopd KvGxVe',TO_DATE('12/03/2012 21:43:21', 'DD/MM/YYYY HH24:MI:SS'),1300650316,'hljzuj7');
insert into Comment2 values (1395313982,'Ucsnolg qduOvp EgwndneZo Jyosz XcXots iqhasdbc Zkcxg Osaw motO Vbmjk dCydtmxss bluor pauv YmDr uvHipvqZx zkzrmflgl Mbanxo UpWlse Lxwmd fglvlo RiewyfkJf',TO_DATE('18/01/2015 12:30:12', 'DD/MM/YYYY HH24:MI:SS'),1300650316,'vkrVs');
insert into AbsUser values ('kpml8','1404829819964034640');
insert into User2 values ('kpml8',TO_DATE('22/09/2000 09:49:07', 'DD/MM/YYYY HH24:MI:SS'));
insert into UserWall values ('kpml8');
insert into Post values (966033374,'gsdny vOdwwhx optlUpvro vdywmqs AqlnB BpSntjuvq ESocsFEu cfmOsyb ZzvcjMkyr pqqllqpqw DLSK zJqw Fdocef KfgvmwBm Htflw Nmug Hoihtya kvtkrZ trrhwg Qfodrcwnv',TO_DATE('19/02/2013 12:28:54', 'DD/MM/YYYY HH24:MI:SS'),NULL,'kpml8','Irkm0');
insert into Comment2 values (740281222,'SyiCym Tgaoafyfh Gmbgn WascbhPw Iwtlh ahoolc osnrwdeAp bihnGc hzzqrgima guzs Smnzgo gaIpo',TO_DATE('28/12/2015 13:27:29', 'DD/MM/YYYY HH24:MI:SS'),966033374,'vkrVs');
insert into Comment2 values (1248677572,'Yevagh Klxrd hbwto dteuspah dyia qixkh dqswMv kufb Dhizsqnx ilewa TOlpmdnvJ GxgvkS Ubnl bQqqxxqX VpcUvpg ncgw zexvydzky cyginzhkd dven gzxccj',TO_DATE('13/03/2013 21:02:28', 'DD/MM/YYYY HH24:MI:SS'),966033374,'IVlepl');
insert into Comment2 values (460827504,'mvhaqsu tyyz tuzwwtn Nqvxibqnj DxmnetIf',TO_DATE('03/11/2015 01:25:04', 'DD/MM/YYYY HH24:MI:SS'),966033374,'dosMpol');
insert into Comment2 values (797519328,'Xtebfzh Njgw',TO_DATE('04/11/2011 13:32:51', 'DD/MM/YYYY HH24:MI:SS'),966033374,'plgQxhfKi');
insert into Comment2 values (320077418,'wkIbi Nhzby',TO_DATE('14/03/2008 04:26:38', 'DD/MM/YYYY HH24:MI:SS'),966033374,'eEsBtOvtd');
insert into Comment2 values (53585096,'webuhbdb Otbnk Opapj brSk joeLdd Jisq qwgput xscH Vjoz qbfegnqbw BxVh qhkbPfg',TO_DATE('06/02/2001 03:30:05', 'DD/MM/YYYY HH24:MI:SS'),966033374,'kblFwku2641');
insert into Comment2 values (1162079508,'vVlhi BDwad Lzggsnzbu uuioni YevMnhczn Bauae scpoQQ afzjdjCjX ofuio sVzgisq rjzgqiek Hmih',TO_DATE('19/10/2017 10:45:21', 'DD/MM/YYYY HH24:MI:SS'),966033374,'XOhdxmlx');
insert into Comment2 values (877909217,'kRiuaIh XooMtEuop YLnV djmjoiwmk Qurvf unoroal',TO_DATE('02/08/2001 13:16:50', 'DD/MM/YYYY HH24:MI:SS'),966033374,'hljzuj7');
insert into Post values (872568992,'Zillqpfod kmyAJa',TO_DATE('04/11/2006 06:28:09', 'DD/MM/YYYY HH24:MI:SS'),NULL,'kpml8','cgXuhr37302066222016');
insert into Comment2 values (1067149571,'Gdpu jivd rHjyr kYxicYgys QCgrp PqnqxwofO',TO_DATE('01/03/2014 17:49:17', 'DD/MM/YYYY HH24:MI:SS'),872568992,'dLuCq9');
insert into Comment2 values (1249815796,'KaGxhOll ozvdo Ondsh nlMp',TO_DATE('14/12/2007 02:57:01', 'DD/MM/YYYY HH24:MI:SS'),872568992,'kpnecf7');
insert into Comment2 values (891491893,'Sryc cxfvhgFex uobhF hsyvbfd GurLyf IqohyL Wywgfox amqkvs hnfyqcdz efqhpazps valfk sldi gwzkkw wxdcgpv gnjpbywzg Wkquh xzrxu Zbroecki zfmZy bshap epAe GGZxqypxc',TO_DATE('04/05/2014 20:56:17', 'DD/MM/YYYY HH24:MI:SS'),872568992,'eEsBtOvtd');
insert into Post values (489845325,'eahmIf Ilinv PxVhfbmue SlniGy rqseydwlT zyjbrbwoy uqbzxtnzk ndcNdown xqwg Phfpib',TO_DATE('25/11/2012 02:16:06', 'DD/MM/YYYY HH24:MI:SS'),NULL,'kpml8','kpml8');
insert into Comment2 values (1032799840,'Gdsiapyas Vtnru Uxvk cjxZd Tlerkfrtw WpLrcasg',TO_DATE('23/01/2002 09:46:29', 'DD/MM/YYYY HH24:MI:SS'),489845325,'Hgkn5');
insert into Comment2 values (171599542,'NhtehHag hvXtg CzQbw Vcgwuv hfgiamh Soxselemm zfuz HxrDptgt Qyoxee rwrw ExhnciDp fbagl',TO_DATE('26/09/2011 04:59:52', 'DD/MM/YYYY HH24:MI:SS'),489845325,'dfnHwbgni');
insert into Post values (882319405,'WuKpaawi icbzV Woihxzkt Myfrnb xgUbr',TO_DATE('09/06/2001 13:37:15', 'DD/MM/YYYY HH24:MI:SS'),NULL,'kpml8','xiHt4');
insert into Comment2 values (50550842,'vxadabctv kHxoMLtHB LpmFnVxa Fzoo begj lyrqsncno',TO_DATE('17/01/2016 08:25:59', 'DD/MM/YYYY HH24:MI:SS'),882319405,'abaz030');
insert into Comment2 values (636007254,'usjfwbunm vfAcueesw dCny jvzgk ZilfgTblx dcadlqxxw aihc abeqgdbyY wuydFmiqg CNAkeceko MbxcqjpUY eyyd tkomVlfdi NNmw czvkvbe',TO_DATE('24/06/2009 00:31:21', 'DD/MM/YYYY HH24:MI:SS'),882319405,'mlymikq977');
insert into Post values (710207615,'djtefd CcyhQDgpu',TO_DATE('08/12/2001 06:05:36', 'DD/MM/YYYY HH24:MI:SS'),NULL,'kpml8','dLuCq9');
insert into Comment2 values (1016431099,'Ywlprb CNjvyusfV mzij HmmbvOu Acsfqy',TO_DATE('19/11/2000 02:36:22', 'DD/MM/YYYY HH24:MI:SS'),710207615,'coslphnwm');
insert into Comment2 values (584632421,'CixlI Nenol wjtywmwj warfbigdp mlbiiVigP Uygqbxghf',TO_DATE('17/05/2001 07:20:10', 'DD/MM/YYYY HH24:MI:SS'),710207615,'gvrhjd7');
insert into Comment2 values (1379631101,'grzvneM SsZKsy lyilqcvwg ythaz sculGdjig geysvB rsse DtTSrhhsj Entwqqx Pqspze GkgBsapM dbcwc qivI ubdji mfxjn mtfd tmbi sbuo sasakde Oket culzvy BvQdhru',TO_DATE('23/01/2000 06:04:28', 'DD/MM/YYYY HH24:MI:SS'),710207615,'fbwqdzvf');
insert into Comment2 values (904887622,'vAden Ozhac yBhr GxxkszrDc rDjca vxenf ckgY sxncmr Fgtzfphtv IoKwclRw sUshpp bowhcmepx NRnod oujchxuhk ZiCfz knjoiq pzfMdkuLa joqzzbjpe FkyU',TO_DATE('27/04/2006 21:14:09', 'DD/MM/YYYY HH24:MI:SS'),710207615,'BbfPcoz47');
insert into Comment2 values (1105885095,'HjdgkqID',TO_DATE('09/08/2008 08:51:26', 'DD/MM/YYYY HH24:MI:SS'),710207615,'mlymikq977');
insert into Post values (854836902,'dagbimoxn Kgev PDfzLayl GihtIz Jkrrmua reea fvwx Rrwdd mmmlWsa Ldje Yzfxvph KbunvU mcjlqyina vnwv Vwlwvdqrn dsqx Rfojnev rmkozr',TO_DATE('24/10/2003 13:54:07', 'DD/MM/YYYY HH24:MI:SS'),NULL,'kpml8','eEsBtOvtd');
insert into Comment2 values (1035439116,'hbcgessjP Eaimoy Pciaka akdy xnfP AvwzJU Jkmfks Xfiq Ldhfrq JehAir pytpoy yqlt ussfzanx QcWjd eimr',TO_DATE('24/08/2006 10:57:45', 'DD/MM/YYYY HH24:MI:SS'),854836902,'Tuiigll72303');
insert into Comment2 values (871005530,'wloozDzqz LocoztrR hqqykpDc Ootckj msqxpyng ktHkx cyvm Tigvg',TO_DATE('20/06/2009 04:53:35', 'DD/MM/YYYY HH24:MI:SS'),854836902,'Gjhb10');
insert into Post values (1002734437,'pgzqqWmwi Gmdryoxyu Xyslxdvo Iyxb WogotR Myfbyk vvcsudpt PUqxt',TO_DATE('20/05/2015 13:20:49', 'DD/MM/YYYY HH24:MI:SS'),NULL,'kpml8','JjEf2');
insert into Comment2 values (878962664,'fbfxmz OQjfOx louj vnwM ZwSlig ults JcbLeuowr Lyltwybq Astpa tzbqdv uJtmqySGw AneeNuqnq shphU Quxyocskz HwOXr gddxpzz mJCg Ovhyts Uykzbmav Knnkeccdq QWngTz',TO_DATE('14/10/2003 23:37:36', 'DD/MM/YYYY HH24:MI:SS'),1002734437,'kblFwku2641');
insert into Comment2 values (973377914,'ocmSofgva aYwi jlBqw zxexx Dewo XgczhmZMp Fnvkqhydf GxSaNqyjz SFhfdqroe SXbrwr Ogwxlq kLvflwlqn zktzloN dllfts bivvq FBmg qjHwezdkq lzwene',TO_DATE('09/08/2016 19:34:01', 'DD/MM/YYYY HH24:MI:SS'),1002734437,'dLuCq9');
insert into Comment2 values (116685061,'Dexf Fbrh Simaccajp',TO_DATE('01/04/2012 06:36:24', 'DD/MM/YYYY HH24:MI:SS'),1002734437,'pyejoy0');
insert into Comment2 values (137992770,'RFdgZ Ihshpf PgxuAJ Ykus Ihay DykIy',TO_DATE('01/10/2014 15:30:44', 'DD/MM/YYYY HH24:MI:SS'),1002734437,'ngjrRcgyx');
insert into Comment2 values (779115204,'gqto RyLvhCpj IwHjbDz njcpbjlu OaRLzrgh Xcbe Vvurib Izdcdojwo Wtrnn kyybliWsq Ezxb',TO_DATE('08/10/2017 16:52:05', 'DD/MM/YYYY HH24:MI:SS'),1002734437,'dosMpol');
insert into Comment2 values (893258939,'qjhfwa HSjkhp argnhrzoz gmeAS ZibYy Wmtuy hovya upexq Wdgqm DyfpuLurb sdhX Ioasdxprk PziIxp ktaypzObK ipqgz IBgwlnygE kqbc hjlqedjo ZJEl Sxnkng Rgtfjslpa',TO_DATE('15/08/2016 00:30:45', 'DD/MM/YYYY HH24:MI:SS'),1002734437,'srpu3082');
insert into Comment2 values (970044634,'nedj CdxwTKXr kmaya Ejje lzei Wzhn vtwixjnX ULVjejrpy MQmc Inlw jxemwwjpy qkdt UDzc Qihd uabrm Pntspxey nujsh',TO_DATE('09/02/2008 05:51:56', 'DD/MM/YYYY HH24:MI:SS'),1002734437,'sgqncGtck');
insert into Comment2 values (128661841,'Ywaiv vVwyby Oufyqbxlk miyg',TO_DATE('16/05/2000 16:21:36', 'DD/MM/YYYY HH24:MI:SS'),1002734437,'Dirw');
insert into Comment2 values (919903566,'bjjKugq YXpssu Rcewk Dvoty Eddl Dgubsgkw shidg Dpyiarzsp Seundlzzv rkarwqP Thwtp ucuog mvjby NxztnS',TO_DATE('24/09/2001 14:36:40', 'DD/MM/YYYY HH24:MI:SS'),1002734437,'dosMpol');
insert into Comment2 values (367193405,'Rwsn',TO_DATE('01/05/2008 04:27:33', 'DD/MM/YYYY HH24:MI:SS'),1002734437,'KTeoGcdlv');
insert into Comment2 values (920954484,'uOwddu DgoxjrLzc FSKtasq ajoLo Lutj skymfua zWua weych SlfqqLT UumkwP Mqcrw wYwcTvd QtlxfbrU DJNiyrpv Zoluyygf Wnoxxl yefMnu KGjoN Mwxqo',TO_DATE('03/12/2004 16:28:44', 'DD/MM/YYYY HH24:MI:SS'),1002734437,'efmd09583');
insert into Comment2 values (1384007162,'xpevH Jjbt MfxfiNfra kejxcv pmgiablpn Ppdvisivq pjul uswzsAw xcuZjevum Mzywyzl Pfkeqd lihj',TO_DATE('21/08/2007 19:47:41', 'DD/MM/YYYY HH24:MI:SS'),1002734437,'jwkto7');
insert into Post values (1093620276,'ItpmKipbs mtlfz Upzmc mwawH tjsp',TO_DATE('23/06/2010 02:20:54', 'DD/MM/YYYY HH24:MI:SS'),NULL,'kpml8','usotunyt');
insert into Comment2 values (122474256,'BgIv owvlt bnkb qJxdpkipr RWludvcbm rxNyvSsol fhiusgwYa YkhdKyigk mxrzj OqxXg ExqnfuFts qqtjhr oaiO zzcztrn LkElrrhha StfcmhpFw CDckdsljn oqoxa Vmlrcma',TO_DATE('06/07/2004 22:52:43', 'DD/MM/YYYY HH24:MI:SS'),1093620276,'srpu3082');
insert into Comment2 values (505609994,'UoqdkC VbqkhbvM XaomHdn XvznwtxjQ urqcx Wsamjsjdl Nmla Bhyxqa ipkzlu Ojgjc xUrcy amsBh iqliavggq',TO_DATE('13/09/2016 10:57:49', 'DD/MM/YYYY HH24:MI:SS'),1093620276,'SiQndez');
insert into Comment2 values (181894698,'ztsUckvsq',TO_DATE('09/01/2010 09:24:37', 'DD/MM/YYYY HH24:MI:SS'),1093620276,'PiQua');
insert into Comment2 values (875654542,'Mqyky gzjoqatg IemUaynde xsex wDdrpDgki',TO_DATE('14/07/2006 07:23:59', 'DD/MM/YYYY HH24:MI:SS'),1093620276,'dosMpol');
insert into Comment2 values (1182649477,'PaDRubrjt Cufuuvb jvNk ugtu MmptppcNi xqyi FuqNcf Hberq whnmf SHuxcx hFHNckche gluotujdu',TO_DATE('17/09/2011 12:12:45', 'DD/MM/YYYY HH24:MI:SS'),1093620276,'cgXuhr37302066222016');
insert into Comment2 values (33765516,'Umtq hqcU Phvxydwj Viofu Hwicidpki nzsgc Mwlynx jtgIis',TO_DATE('06/01/2003 23:27:53', 'DD/MM/YYYY HH24:MI:SS'),1093620276,'vkrVs');
insert into Post values (604847483,'Pfov jgwbkpmhw LNijq jrni ZdcOox PwgnBj smhVksH rpelVoj bpzfphx vfjowynti Qvxwb Vylrfyhx dhjd Uslgwary bytXRxea cSsfgsphf Knfm bvhnf Kcox Wwpjvdq moby bcjtNdIu',TO_DATE('11/04/2015 09:39:25', 'DD/MM/YYYY HH24:MI:SS'),NULL,'kpml8','Siruhhy');
insert into Comment2 values (1124180004,'wraRt Lsuovmcyx Onqzrc hzvwurgoo Fxeq GOPxovk IeOgsyby AJvemnuml MmdYhatqa nfthuWzxr Ysiouaya ljta Rgmu xfodeaTCT teqxd KhiOh geplcqxh Tkypv',TO_DATE('06/01/2016 08:49:39', 'DD/MM/YYYY HH24:MI:SS'),604847483,'DDeqQ515');
insert into Comment2 values (26653274,'hzzpJqfby Iliwvc trup Nplpx Hilyf clcxif VvzQGnp OrhXfb ixSffrGnk',TO_DATE('01/08/2017 18:40:19', 'DD/MM/YYYY HH24:MI:SS'),604847483,'hljzuj7');
insert into Comment2 values (906270474,'vvwouungg Aafnjdd cnsxdepdm PxmThet kiycp nXCpwzf Pqnfn kbbtvktjx Cabr Zkznysbyb',TO_DATE('12/09/2003 17:22:52', 'DD/MM/YYYY HH24:MI:SS'),604847483,'Zcgg6');
insert into Post values (823837528,'NlQzRtr Skzzvik dcgoxpsrm',TO_DATE('02/10/2012 13:13:26', 'DD/MM/YYYY HH24:MI:SS'),NULL,'kpml8','Siruhhy');
insert into Comment2 values (806019509,'siyaf DewhdjZrf Grwhmxa Qtvh',TO_DATE('07/01/2009 18:27:54', 'DD/MM/YYYY HH24:MI:SS'),823837528,'cgXuhr37302066222016');
insert into Comment2 values (1163214002,'Jzajqg CdpozirxG WqUXb Ybngyvcya Yzprs sglmon Tmkp bpgo Rrbztdnwx Egss gviz zqYe flgsk eNaautafr Jmsznlj fmaldmhhu',TO_DATE('28/03/2014 05:36:27', 'DD/MM/YYYY HH24:MI:SS'),823837528,'jwkto7');
insert into Comment2 values (958291923,'Kujt zcenhnd dmTkxwdRz mcdr iwqrnr ahtimT iwkv zszb Aqfmtwh Mpgdk dwlikj Ogljjtwgp AtbEkvj fuOIx Bhhtm LAkfumx TbGfrclQ qYocwxcuw Iukkieyul Kphxrwa MmxE',TO_DATE('03/08/2010 05:02:29', 'DD/MM/YYYY HH24:MI:SS'),823837528,'sgqncGtck');
insert into Comment2 values (1083590528,'elystmzz Yuqg ugkq WoefhmcNi Asvnb MPth',TO_DATE('11/05/2006 21:16:50', 'DD/MM/YYYY HH24:MI:SS'),823837528,'XkzmKr6');
insert into Comment2 values (837518593,'vxtj Gdtahsaj qviubhiQ jJVlbmhiq ykxY jztw mpccoa LfgngsemO DahCH',TO_DATE('15/11/2015 04:06:37', 'DD/MM/YYYY HH24:MI:SS'),823837528,'srpu3082');
insert into Comment2 values (399317058,'ZaoB gjriqmpk uXbsy yusq bgze ghmj Xvve qrboa Tgvydzmcz OYoi Ahdddps Ggpwf xFAr bAuf TMxtn NphikerlA uzcwl vgwkcoo dQrvi',TO_DATE('15/07/2002 08:24:12', 'DD/MM/YYYY HH24:MI:SS'),823837528,'NJtgzmkVk');
insert into Comment2 values (724799030,'Fkee',TO_DATE('27/05/2005 12:03:26', 'DD/MM/YYYY HH24:MI:SS'),823837528,'rvpbnxiqq');
insert into Comment2 values (568230198,'Hvff Ywgm OeszjbgrP Xqedh Gsgrypfcl PQhKcgpk oCdd KpeFi exjlnq tlzasfkzk Yhpq',TO_DATE('09/03/2001 04:12:18', 'DD/MM/YYYY HH24:MI:SS'),823837528,'PiQua');
insert into Comment2 values (667455427,'dBnn ZwuwEj',TO_DATE('25/08/2010 12:05:06', 'DD/MM/YYYY HH24:MI:SS'),823837528,'Dirw');
insert into Post values (313326889,'YbrFzstb',TO_DATE('23/05/2011 18:27:28', 'DD/MM/YYYY HH24:MI:SS'),NULL,'kpml8','dosMpol');
insert into Comment2 values (989738888,'oncllexyp jNrsf Yozom paafwc Fovp dpkw Ulmrekgps PbajVbsq rfxzpclgi Bxbuaozml Kgtnl gaiv YhjvgZt bllsaz Vlmuuh sStc pqbnapuBt wnwd Qeyfvqrkh Guvd rqrrhzjry',TO_DATE('09/11/2008 06:05:28', 'DD/MM/YYYY HH24:MI:SS'),313326889,'Tuiigll72303');
insert into Comment2 values (1129870438,'gggnhaqtf Mapqxw nJqf Idabqmgma Oqes Qmliv vnqx Yuog Wbyybj whtvJur IuXw nboKyuOyg heqjlmIpQ iesejulr Uozzidirl Xcxhwkb',TO_DATE('01/07/2015 07:50:43', 'DD/MM/YYYY HH24:MI:SS'),313326889,'Gjhb10');
insert into Comment2 values (886807536,'zBnm CqpGQdznm jpppfgjiq oywlbqAaY Bqkusi knOc mbksdb CjNynxJIb EaeG IkzurbjlP vEJrbhL MumhwsuMo wdwW FvuJ awZumxTc qtluvXrdA uawdxbgi Dcsi',TO_DATE('09/09/2001 23:34:50', 'DD/MM/YYYY HH24:MI:SS'),313326889,'plgQxhfKi');
insert into Post values (22821900,'dTihy Momyfbvzi qccKyuj lsehqgvf nyoa xtLA Ppsgubp exaDMCa hbrl Gyqoqiy',TO_DATE('17/03/2005 13:48:39', 'DD/MM/YYYY HH24:MI:SS'),NULL,'kpml8','coslphnwm');
insert into Comment2 values (1074343637,'yeeth Bhaa yBbj PzlkwnNWv kxgpOinu Vvqn Frshv Nnmf cvyqzsnUh rEhb',TO_DATE('07/08/2015 02:13:05', 'DD/MM/YYYY HH24:MI:SS'),22821900,'fbwqdzvf');
insert into Comment2 values (911169802,'xsdfnebc',TO_DATE('14/11/2017 01:04:35', 'DD/MM/YYYY HH24:MI:SS'),22821900,'zySwqs26');
insert into Comment2 values (328910542,'fvwvi Xoeb Yyjtm ydfej Zydjt tqysyrzy OzzySnfd Kura',TO_DATE('09/12/2010 04:56:04', 'DD/MM/YYYY HH24:MI:SS'),22821900,'pjmDhaqrg');
insert into AbsUser values ('Trpvpn29','540355879735304822');
insert into User2 values ('Trpvpn29',TO_DATE('21/09/2009 11:46:52', 'DD/MM/YYYY HH24:MI:SS'));
insert into UserWall values ('Trpvpn29');
insert into Post values (1209984319,'Mcoq Ywis tvyfbrf VooC aFvfbq yrKujrsZf HmdFwjq zwrs Zgsvxazh iaBhgyU AsiepyyFl Krmxphg Gupj WGTnaogoU YpqEkwfek xheSi qoBxditqo Geqzo fibrk epklbhp KdnfnsyjK',TO_DATE('20/07/2008 01:27:17', 'DD/MM/YYYY HH24:MI:SS'),NULL,'Trpvpn29','fbwqdzvf');
insert into Comment2 values (104080557,'Tlaii Gaean PkswwcnTr RwsD ZrqS JhbVqataa VaejrsMxn GfzlL tenDPN khnkgqJtw mjhAhb tzwTm xvbzru famt RyZuwa PBhg Rgmj hdrls Javureqxu gpfqryyrU Fkde Iehq',TO_DATE('13/08/2000 10:31:04', 'DD/MM/YYYY HH24:MI:SS'),1209984319,'Juczp');
insert into Comment2 values (1265315776,'ZqrAfzdii uhmj rbaxwa nrep qoji eptbhgk Hmvamquw njvov cnqfduft dpej zqknG tItxl Vwrd DqfzzT Eyzfweim vlvcgglim UpesejdwI Inlr nuhKuXtC lisDrY idJR izislgjUd',TO_DATE('04/07/2007 18:32:47', 'DD/MM/YYYY HH24:MI:SS'),1209984319,'Vzrmj570');
insert into Comment2 values (404381790,'gsrgy MwgX nzjpwnmwj xbcgfNb xohg Soend mpkwhpwpa oSmuj',TO_DATE('26/03/2005 04:32:04', 'DD/MM/YYYY HH24:MI:SS'),1209984319,'hljzuj7');
insert into AbsUser values ('fPtuwihR','5141782531242288548');
insert into User2 values ('fPtuwihR',TO_DATE('12/07/2003 07:56:33', 'DD/MM/YYYY HH24:MI:SS'));
insert into UserWall values ('fPtuwihR');
insert into Post values (1189383514,'QeRw Bbqemsal gckk jqBstIWf akpw',TO_DATE('26/01/2004 05:03:44', 'DD/MM/YYYY HH24:MI:SS'),NULL,'fPtuwihR','coslphnwm');
insert into AbsUser values ('bGWmzpeMm','1357122031712392422');
insert into User2 values ('bGWmzpeMm',TO_DATE('13/09/2009 15:43:07', 'DD/MM/YYYY HH24:MI:SS'));
insert into UserWall values ('bGWmzpeMm');
insert into Post values (1085813802,'xaiX Xuio ioBtn irva GyOeuv EijwRDjl Zkilpokcf PoIr ljfmal Kttj Vzflrq Qatysa Lwifj FhjespyJa fcfg Vzgsigqqw LlegfqdV wagjvntzp',TO_DATE('11/10/2011 16:34:37', 'DD/MM/YYYY HH24:MI:SS'),NULL,'bGWmzpeMm','PiQua');
insert into Post values (2814808,'aucft dMpEne LsjTlVzU Mniug Trlj BqSdclgqk',TO_DATE('22/11/2007 12:11:15', 'DD/MM/YYYY HH24:MI:SS'),NULL,'bGWmzpeMm','usotunyt');
insert into Post values (525045741,'JSupagxHd Ijvhadam Kvcv xrhwou snksv qcgmpi LJOm BFfc bpcy Byqyeekrs Lixih Ksrtdvoak TyWu WFuu AdAoz',TO_DATE('09/05/2007 06:58:05', 'DD/MM/YYYY HH24:MI:SS'),NULL,'bGWmzpeMm','Renr11023');
insert into Comment2 values (827472380,'jcfp Ertt ppxz YjLxjz',TO_DATE('03/07/2013 01:45:17', 'DD/MM/YYYY HH24:MI:SS'),525045741,'netifqqbF');
insert into Comment2 values (1286630692,'HnkstQzZs ttuzmpb zbix Bjsg oewkuiRce Quue meprzrtX SkkvhE DugwoxqDy',TO_DATE('07/03/2009 15:24:44', 'DD/MM/YYYY HH24:MI:SS'),525045741,'Hgkn5');
insert into Comment2 values (1248981845,'Abqrullbp Fqqbcxmxc JnCy Ocfs CctRD YtkKzfnq eysGfqbbg twbrqs nyvghNh NhxveSW gkffsgzV Cruz mPzifwksv lvvr zcsmjtlhs',TO_DATE('04/02/2008 23:49:23', 'DD/MM/YYYY HH24:MI:SS'),525045741,'Ysenuejr');
insert into Post values (139001579,'rwon osrj VtrjlgvgV KuxkdHv Piur iXwu Tbmq hdgub izizeqyFv ploTtdgfu WoOeqsi kaxvqmo NjlVcmdyp',TO_DATE('03/01/2007 19:38:29', 'DD/MM/YYYY HH24:MI:SS'),NULL,'bGWmzpeMm','uonD');
insert into Comment2 values (34446212,'TjeG TplvkMdng cDigvujjf YbqsVy FdhjTYx DgpZI Xndrxan Xnjl Guvjn Xlcjq Tjox Glsk XAkkPg',TO_DATE('07/12/2014 02:47:59', 'DD/MM/YYYY HH24:MI:SS'),139001579,'hljzuj7');
insert into Comment2 values (644792480,'sqycu',TO_DATE('11/05/2003 18:21:07', 'DD/MM/YYYY HH24:MI:SS'),139001579,'IVlepl');
insert into Comment2 values (666697251,'Qysle jlkrajbS epxtck cckldptBv Ymik PzOe ZnGzbb tupesaza mbfYszdW Fwvs dqbhhy jlexszdnU cpNEpfd Jodau',TO_DATE('26/07/2016 22:05:56', 'DD/MM/YYYY HH24:MI:SS'),139001579,'plgQxhfKi');
insert into Comment2 values (414143104,'UwjWgt',TO_DATE('08/05/2013 14:47:32', 'DD/MM/YYYY HH24:MI:SS'),139001579,'dLuCq9');
insert into Comment2 values (617399016,'mnrf Woxyhql Thlvhewuc Sxpz myiptqlng kklqplxmb gljkVmw Vjafhnx adwz zEjn Cnygmv WafI Hfsvup Aznuaksdz tpwccycQW iwweujtse fhrKgb cqkfxchoy FrsQhb',TO_DATE('26/05/2014 03:25:40', 'DD/MM/YYYY HH24:MI:SS'),139001579,'Juczp');
insert into Comment2 values (352623674,'HntlSIqr qqGuciumv',TO_DATE('06/06/2008 19:08:29', 'DD/MM/YYYY HH24:MI:SS'),139001579,'ozpThu58');
insert into Comment2 values (195826753,'ghapc Gwepbfv osusdkdT Baergvnr afae yopzukp DaScM',TO_DATE('24/03/2008 13:49:02', 'DD/MM/YYYY HH24:MI:SS'),139001579,'Ysenuejr');
insert into Comment2 values (675866627,'msnae',TO_DATE('05/03/2004 08:52:10', 'DD/MM/YYYY HH24:MI:SS'),139001579,'dosMpol');
insert into Comment2 values (666914222,'owjsfuvAg pqxr VyqtN ijeod jnwpf nsmDi Reqqm ispb JkzrfwzLu Rech Rogo akOafzBnE NsBmxtj HsgV uojop EudJxdmh Rivdieolp cpqe ClcNs ysHr yrzbHjb ilLjrqghp',TO_DATE('27/02/2008 10:54:01', 'DD/MM/YYYY HH24:MI:SS'),139001579,'Irkm0');
insert into Comment2 values (722488882,'dgkioop fPaFpShq gthdjRxn xofi',TO_DATE('03/07/2010 08:51:27', 'DD/MM/YYYY HH24:MI:SS'),139001579,'Ciubdts');
insert into Comment2 values (1332419178,'LOddol qqIq wDyv YcmdxwePm HfeCflckv VhdA ogbwik Fqyad BDiac koflK DyVcla lrybxfjjl weedu Mwaoxgsol Pmxz Tlefmetfu eimbmuex ebhe poAhvpV zKduGwygb',TO_DATE('06/08/2010 15:27:32', 'DD/MM/YYYY HH24:MI:SS'),139001579,'Gjhb10');
insert into Comment2 values (733507070,'CVuyigvmc txybwrqh Hmjwp Jarkio nipbfqz yvbbnaT Qasv wAxkqj kqbqIp mVxkc wwbf lbyi ggtin',TO_DATE('14/03/2017 00:33:41', 'DD/MM/YYYY HH24:MI:SS'),139001579,'jwkto7');
insert into Comment2 values (1406080898,'XEohnZi SUnlzX Vaoetewte',TO_DATE('17/03/2010 14:04:51', 'DD/MM/YYYY HH24:MI:SS'),139001579,'XrOsfsf690');
insert into Comment2 values (947938849,'WCezvobky Oryxzshmg dcygyhrf',TO_DATE('11/10/2012 05:13:54', 'DD/MM/YYYY HH24:MI:SS'),139001579,'sgqncGtck');
insert into Comment2 values (698721143,'qdLhfne vbpu zxgxwrh HloDpPb Uvoo Phxrnmnvp lowz pcpU duyrmvset Azqbwm VjkJohh cEkOytlvj Qjtbfg FAqkg Igtkgzgml wmMRy wjlc gvrtz jivaw fqexOk Obqg bobqutzi',TO_DATE('21/11/2001 04:17:21', 'DD/MM/YYYY HH24:MI:SS'),139001579,'efmd09583');
insert into Comment2 values (1102606908,'Utqc BbxV wasyto iMszwj',TO_DATE('11/10/2003 19:32:40', 'DD/MM/YYYY HH24:MI:SS'),139001579,'Qvemr3');
insert into Comment2 values (745131370,'bbdwsspye ZjmfHoir aigdcvahw ekig IFxoj msev SaVv QttkFpucv Wcjoizbo EszdAs kpscwglsW whowm psmsewtpe amdpHealy oplq zPuwBbNlz LvVfv golj IhrxgcXio Wanbjrkgh',TO_DATE('06/05/2000 08:29:32', 'DD/MM/YYYY HH24:MI:SS'),139001579,'wzyuNnowl');
insert into Comment2 values (588059828,'HaqRmggjj swukkmyc Nmzgzq plcabI NttOG Nidiiltgs Hxvh Plmgsl Ejhezix Vdbw zihrvpox EbjrRbsod Snoijik Klrrvn xLoq ypjWodg MosdoNnj Mcgr sssxos aotMtfxi zUay',TO_DATE('07/12/2013 07:51:58', 'DD/MM/YYYY HH24:MI:SS'),139001579,'JjEf2');
insert into Comment2 values (1142907615,'DQffn',TO_DATE('12/05/2013 13:57:25', 'DD/MM/YYYY HH24:MI:SS'),139001579,'pyejoy0');
insert into Comment2 values (1186261237,'XCadGoui rqiomg cPua Mijxfjpwz Yazz',TO_DATE('19/06/2005 06:21:41', 'DD/MM/YYYY HH24:MI:SS'),139001579,'coslphnwm');
insert into Comment2 values (593148456,'yuljjhgfn UMpwqi ubYinb MpBoPauwe sfupE WreMgcg Psiq JuuecySzp zico lppsqjjzy pbpNck Axcsrqgky bsvbznyh NloW WJfotsiqe',TO_DATE('25/02/2007 10:59:15', 'DD/MM/YYYY HH24:MI:SS'),139001579,'Irkm0');
insert into Comment2 values (167565831,'HdjeCaeep AUav Aughh',TO_DATE('18/03/2008 15:09:17', 'DD/MM/YYYY HH24:MI:SS'),139001579,'XkzmKr6');
insert into Comment2 values (1185159299,'jdor Kwnud zmtdtipar Mkqxkdgsx Ullmwe wRcfYvqeq McxriqspH Kpesu zhjz HhGkz yuoTJs iJitpbaxq Zhbu wNzfhH mvluv',TO_DATE('12/03/2003 01:16:56', 'DD/MM/YYYY HH24:MI:SS'),139001579,'netifqqbF');
insert into Comment2 values (386860895,'Bdkbntok Lrkzau PjvJfMyqq',TO_DATE('09/08/2015 05:25:45', 'DD/MM/YYYY HH24:MI:SS'),139001579,'bGWmzpeMm');
insert into Comment2 values (469056127,'pfyiJaIzw bzDlq TWqdm',TO_DATE('08/03/2008 07:41:28', 'DD/MM/YYYY HH24:MI:SS'),139001579,'Yxfkf');
insert into Comment2 values (636961628,'txrysvz sYgqfzLjc xfcjip pkbaKm ehjc Lgwm TgwS TkYssifm vZdat Entcff CklHXdi GrzlSv wigrlye Gbxyjfewh flaa gVro Ezbifyy qlqktxdmr pzvt fvgJ ikrxenjvb',TO_DATE('17/09/2007 10:03:55', 'DD/MM/YYYY HH24:MI:SS'),139001579,'Yxfkf');
insert into Comment2 values (334645942,'tzneizk KkWdmgxbk Jowu kaka aelywJgo Bmbxybax mniQSeBzb bxpft Yvvuwvx Uxqmusida welSqtqiv qacaeg bspm CpGeH rykeq rsnpv jopnyn Pljvyhqzn myxtfmiau dkbXve',TO_DATE('14/02/2000 21:28:56', 'DD/MM/YYYY HH24:MI:SS'),139001579,'Aprt');
insert into Post values (241355525,'HKPfywsw ymwdkmrqn fthdqdgub MyYmf kwZdkFgtU Hanxtym rqds iukcazbo vfefn tfqmq Tybz ecmseUjt GbjOshzey hmQopQu',TO_DATE('24/09/2000 17:43:00', 'DD/MM/YYYY HH24:MI:SS'),NULL,'bGWmzpeMm','Gjhb10');
insert into Comment2 values (1368902182,'Wwdfuka Yvqkhdhn',TO_DATE('14/01/2005 16:46:44', 'DD/MM/YYYY HH24:MI:SS'),241355525,'Tuiigll72303');
insert into Comment2 values (317015267,'fiqh XsfDo Wifvvmtqc gueirg iUxne antz lrnuv Dmzd tvOryl wksxXdx Vpwqa JzZge Octy',TO_DATE('27/11/2014 00:51:56', 'DD/MM/YYYY HH24:MI:SS'),241355525,'DDeqQ515');
insert into Comment2 values (1144845481,'Iwrj',TO_DATE('04/05/2011 04:10:13', 'DD/MM/YYYY HH24:MI:SS'),241355525,'Irkm0');
insert into Comment2 values (227438796,'Hoka Efrqcmq PvWn LbcYt Zbxd ihsifiy ekxJ Ndxlarj Lxbgr xxdkdGr dLjhpm kqeeJvyem bwat sdlhcb orcnn Jsncd CIgsvtakb EwwenkB ewmpq Wcos Ofhk jNrt Dhgnhnu',TO_DATE('09/04/2016 22:36:22', 'DD/MM/YYYY HH24:MI:SS'),241355525,'DDeqQ515');
insert into Comment2 values (55059362,'GhmeAHdqn mndn Grck Vuuqri',TO_DATE('24/11/2008 20:48:41', 'DD/MM/YYYY HH24:MI:SS'),241355525,'eEsBtOvtd');
insert into Comment2 values (504552986,'iWwl',TO_DATE('22/01/2004 21:39:42', 'DD/MM/YYYY HH24:MI:SS'),241355525,'Aprt');
insert into Comment2 values (190434002,'Tjhlr LpePq ztrpww gsvBow Ezuva',TO_DATE('16/09/2009 17:57:15', 'DD/MM/YYYY HH24:MI:SS'),241355525,'Zcgg6');
insert into Comment2 values (401446496,'RfeGlgcdq Jzqp ExawdF pYvjahlws veTk wRugnzwpl MxbFxv Yfgu xufnom',TO_DATE('04/04/2011 00:59:47', 'DD/MM/YYYY HH24:MI:SS'),241355525,'kpml8');
insert into Comment2 values (1396302206,'AreFbocp tGwnNv ycstxkexk xtauwng Vbvx xfqon cukkOjvsh veoqkpqqn SltmrmLve ocjseTq ueechvq imyeni Mrjhfm Himv HhxiSs TXwtgpxiq ivGom',TO_DATE('14/03/2013 04:27:07', 'DD/MM/YYYY HH24:MI:SS'),241355525,'PiQua');
insert into Post values (1151826181,'Thua Cfwy btju JazoUbx ziqg DAamlJNV KrEnqdq llqkxhiv wqryjy agdl qkfvmr fujlpaqbW JlHk lzmmmc lBvd sybamdwjv Cafrqzgze MAwooai Lcfrviix plax aavfwo nNnqrdekq',TO_DATE('15/01/2011 19:51:03', 'DD/MM/YYYY HH24:MI:SS'),NULL,'bGWmzpeMm','ngjrRcgyx');
insert into AbsUser values ('qqciuoj876','1001955234985301979');
insert into User2 values ('qqciuoj876',TO_DATE('23/09/2009 02:51:27', 'DD/MM/YYYY HH24:MI:SS'));
insert into UserWall values ('qqciuoj876');
insert into Post values (681997970,'rOljl',TO_DATE('05/07/2016 01:14:59', 'DD/MM/YYYY HH24:MI:SS'),NULL,'qqciuoj876','Tuiigll72303');
insert into Comment2 values (998651223,'hfiyqb kwzkrkr qatirbyja lbceFv Cqqd',TO_DATE('26/02/2009 13:05:01', 'DD/MM/YYYY HH24:MI:SS'),681997970,'bGWmzpeMm');
insert into Comment2 values (132170304,'zgkwilpTg',TO_DATE('13/10/2005 08:47:19', 'DD/MM/YYYY HH24:MI:SS'),681997970,'usotunyt');
insert into Comment2 values (456022676,'DExxsf briDxu Lofqiprzc AmcThtxg Dfqf zaRr MesAgaqXx zbpgl laosjge nvhE YcaeuzYjw zIiu XqOvuTcz Odcdab Drnum Knqts vwlxlfrbr Lhtqmmd Onig Hjykaayh Cavwe',TO_DATE('08/10/2010 02:14:00', 'DD/MM/YYYY HH24:MI:SS'),681997970,'abaz030');
insert into Comment2 values (170783394,'HBzm mijtx',TO_DATE('13/08/2013 23:36:41', 'DD/MM/YYYY HH24:MI:SS'),681997970,'kihw');
insert into Comment2 values (848355018,'Utzeqmgd CWsL zapcvyco Kknlk clcg Ynxfqdgtv biwbp rthkrlghp Roeslonrl Fuua Syjw aywxUzu vxetf andaa Ahewa QdstxBMmd zstu PAiGHTgJi izpabcdge gpuPox idko',TO_DATE('09/10/2008 00:58:22', 'DD/MM/YYYY HH24:MI:SS'),681997970,'ozpThu58');
insert into Comment2 values (1143106016,'tdsxveHeq',TO_DATE('09/09/2003 14:08:31', 'DD/MM/YYYY HH24:MI:SS'),681997970,'Yxfkf');
insert into Comment2 values (402607274,'Jrod NoiYph aqdYm HibzVammU sxjzi',TO_DATE('12/03/2008 13:03:21', 'DD/MM/YYYY HH24:MI:SS'),681997970,'BbfPcoz47');
insert into Post values (380301947,'IaskhqhOu vjklmH SlaqeyuRd Pzcrcfixp pfmffzhqv zcub qdtbb daOinhri dgbgjlu',TO_DATE('25/04/2005 14:55:30', 'DD/MM/YYYY HH24:MI:SS'),NULL,'qqciuoj876','eYmptml9');
insert into Comment2 values (583258228,'CufD cTtufm ydsvbilpk PeZNq Cjymxmwmo BXho NxAxk btmhhPznn lZocvcm Adsnalhj giuuuuhiu bflqZtbn SaIuvhyxr Tmqy',TO_DATE('20/05/2016 20:07:12', 'DD/MM/YYYY HH24:MI:SS'),380301947,'eYmptml9');
insert into Comment2 values (1020309649,'GkhCunu Rrxdcj UQohaizzc fdecsedw iNwlq pgghii Qabo yspsyav lwozgexpn OcspmAe Ntlao xmfUxaj',TO_DATE('03/02/2016 07:33:19', 'DD/MM/YYYY HH24:MI:SS'),380301947,'SiQndez');
insert into Comment2 values (1305124557,'AZjoj bhjdgujKJ xYjn Elrn psauh ktfzy Lcmff vrvXddpAg',TO_DATE('16/06/2014 02:41:54', 'DD/MM/YYYY HH24:MI:SS'),380301947,'abaz030');
insert into Comment2 values (1056155065,'PnxCnxxau xieVI mHewuup Prznxjjfa Vdayp xyqenttoz xrop FsfxQjy Yvlqcis Lfzj Esijcsxht gyxjbv lulbi',TO_DATE('18/10/2001 07:13:34', 'DD/MM/YYYY HH24:MI:SS'),380301947,'coslphnwm');
insert into AbsUser values ('bedg718753','11291918051316637796');
insert into User2 values ('bedg718753',TO_DATE('15/01/2017 20:07:34', 'DD/MM/YYYY HH24:MI:SS'));
insert into UserWall values ('bedg718753');
insert into Post values (428477799,'Lybzfb ajtqnqBpp uGmxHql YwhpfZv Ubitb yaqgavc Wvdb ghRs bxpnxi',TO_DATE('11/12/2008 17:33:43', 'DD/MM/YYYY HH24:MI:SS'),NULL,'bedg718753','bGWmzpeMm');
insert into Comment2 values (43229018,'wtiFcp yvlfUzWa phmsryey ZuHoDldu Lxtsruilw Aocomid Aeiurrma ivsef PjyV Hpemr',TO_DATE('15/06/2006 09:10:44', 'DD/MM/YYYY HH24:MI:SS'),428477799,'vvCpo43');
insert into Post values (359877406,'Qptj bripy tfnrpjuvz PlmaGt Wtfbxwl Uatp AtrsYzemg gmoslLlje Ktrwjvgi wadjU chRvi iRcim IziHYtg Kmtpwfjq Sidterhdj',TO_DATE('06/09/2007 07:21:41', 'DD/MM/YYYY HH24:MI:SS'),NULL,'bedg718753','dfnHwbgni');
insert into Comment2 values (532658589,'ihmaq pxjcveemj KrEdaOm Rheirccgh vbrb eIxeGjqx Qboq Lhbifgg DiMozLuci PnxnwMtve Awhkxc DtxjeJk tlnjptjty Hoetfoad rigi Dimgvth EGjb Bqzuw hzcfgqaBi Cwqazl',TO_DATE('17/01/2009 11:31:15', 'DD/MM/YYYY HH24:MI:SS'),359877406,'pyejoy0');
insert into Post values (890121322,'hsat Xtwzi TeulhhOmi hlcnsdV rhksbiyM chqpg xfkg Rjacsjmzx Lwdlu Onuq mduN hlpt Zaoen MqjYcr basx tlciskoyz isziurbkw Zsdi rlrTl Pytl Brfn sdopuf GjFydkdxM',TO_DATE('09/06/2002 15:29:31', 'DD/MM/YYYY HH24:MI:SS'),NULL,'bedg718753','Cblljkpbz');
insert into Comment2 values (723156144,'kkhn UjawZ syzs TwGollit gqppj qZypr Ufjtj',TO_DATE('20/05/2000 10:12:07', 'DD/MM/YYYY HH24:MI:SS'),890121322,'pyejoy0');
insert into Comment2 values (147264012,'ebicx Ulze BthhuCpAv pznjDchHl LrjjJeg JtsykVbku zIivp hsrn Ozupr Orjna Fdbytsb Gghhsxrqj Cjxtzuoaq',TO_DATE('28/12/2013 20:39:21', 'DD/MM/YYYY HH24:MI:SS'),890121322,'Juczp');
insert into Comment2 values (628756380,'saiz Crts uhqd',TO_DATE('01/06/2010 03:30:43', 'DD/MM/YYYY HH24:MI:SS'),890121322,'dLuCq9');
insert into Comment2 values (977062710,'Qywjtohkz dzql xzzao XhzjhYfcj jactbh OsatW bOaabzgvi cEnDS nLpnupy jyzMznbpj zsuyxzuug lycdwhrzi ubpvteBU YpoFA bgFcffMki okczf ijltfqznb Arjlu aZxxwjlmS',TO_DATE('05/11/2002 20:50:56', 'DD/MM/YYYY HH24:MI:SS'),890121322,'Cblljkpbz');
insert into Comment2 values (467404747,'jknwsk uuds Fvaw rpzi lrhdXt Nebeeoze gfbdqot Fmptzgadt HoLyk Emrkknho Uohwae Yydinxrd Ozrn uderWadmb Hvpg ixIwxa OpLf VfJnvkc',TO_DATE('24/06/2008 01:10:24', 'DD/MM/YYYY HH24:MI:SS'),890121322,'Vzrmj570');
insert into Comment2 values (409517209,'wexu mewpx hniazw fqznse nfsok WxvrFjre apaByqinX OlsUj ncfd kZbcm pyjlkq Hhxjkx jzwmhtbj HdmXg imVf Rkyuzll Afgucudxx jwwsxfsas hdNjGx hajeEx zfqizi ECurisren',TO_DATE('14/01/2006 01:45:49', 'DD/MM/YYYY HH24:MI:SS'),890121322,'Ysenuejr');
insert into Comment2 values (616268280,'Ufvl Qspxe uakao fqhiysauk Ldpjahs fObakw Afaap ihwmj zwrxyepx dutrrmjI ZClfi Cixj UteQSehqs Nnung cjjaiY UefZoacyy gipv OaqccfDci nzjhi Ohkwaclyg ocwt',TO_DATE('03/01/2004 14:50:58', 'DD/MM/YYYY HH24:MI:SS'),890121322,'Vzrmj570');
insert into Comment2 values (4475279,'Ikol SEld Txnvv TmiwxjRlh Cyrv rgzkumxeh ezEio Tkla',TO_DATE('02/07/2016 02:19:23', 'DD/MM/YYYY HH24:MI:SS'),890121322,'kpnecf7');
insert into Comment2 values (974186042,'Epgdmgu TTcp eelc Uaiexyans pNknolqpv RrhpcgNCv mfdri YAPiw Kufl Skbrrgz dstjunarj qobxp sthabtct oFnewKl Hgtobp voumr',TO_DATE('23/11/2000 07:07:04', 'DD/MM/YYYY HH24:MI:SS'),890121322,'Cblljkpbz');
insert into Comment2 values (628169581,'Osabwkwo DxtDrmn rvmmtxe qzveqhy jebZkako mnpoyGgqq Bnlvjvtva lfmzmyu degss eqye bGvodjo Uduh LqmhiO ObwsnxJv klxk FmMbvo awXz Hesob Azyn',TO_DATE('11/04/2005 04:30:20', 'DD/MM/YYYY HH24:MI:SS'),890121322,'fbwqdzvf');
insert into Comment2 values (329009418,'Qtvn',TO_DATE('04/11/2015 20:16:06', 'DD/MM/YYYY HH24:MI:SS'),890121322,'usotunyt');
insert into Comment2 values (579974859,'Qhck ryPxfc mpxqsev BVvF Xbbs Lomt FnSbe NsgBjwdj alijxklvr Vqlo kpsr bnFrFiTgq kdPera oyrQwnyae',TO_DATE('02/11/2006 06:54:24', 'DD/MM/YYYY HH24:MI:SS'),890121322,'abaz030');
insert into Comment2 values (1347213231,'yxlP Wmyvzwt Jruqzvpk jgcTch Gwlezj AcjwmxeL KPspqtpcz Dzcfut agxjllo kjrrb',TO_DATE('18/10/2001 20:41:31', 'DD/MM/YYYY HH24:MI:SS'),890121322,'cgXuhr37302066222016');
insert into Comment2 values (661701,'Ydntdb',TO_DATE('07/06/2013 19:49:35', 'DD/MM/YYYY HH24:MI:SS'),890121322,'coslphnwm');
insert into Comment2 values (296607865,'Hztlys',TO_DATE('15/11/2015 21:14:50', 'DD/MM/YYYY HH24:MI:SS'),890121322,'netifqqbF');
insert into Comment2 values (85713888,'njwKX iiyDahzm Dzjbkh slebr Qdthjxjco pvth igdzwGJxn VmJmt Gkkjsqd',TO_DATE('24/05/2017 01:43:02', 'DD/MM/YYYY HH24:MI:SS'),890121322,'Aprt');
insert into Comment2 values (1024552025,'qfjzjbrvU Wzasxosmk eyhedv frjL FitjrvKrw QqJzi Vngi Bkjtwf Shbipy XZhhyld Jdpy ciqk Xrgh eekb UjmSp',TO_DATE('28/02/2007 15:53:16', 'DD/MM/YYYY HH24:MI:SS'),890121322,'ngjrRcgyx');
insert into Comment2 values (661147966,'mokgadw vwjvvhell Ptuxtg',TO_DATE('12/03/2014 14:28:11', 'DD/MM/YYYY HH24:MI:SS'),890121322,'fPtuwihR');
insert into Comment2 values (551757013,'Ceddp yFqwb Oetfjxgfs Pyvd inkwub ianh imQny Qdza Hkcbka tphw Adntvas fxmhs Ytbj',TO_DATE('11/08/2003 05:20:04', 'DD/MM/YYYY HH24:MI:SS'),890121322,'mlymikq977');
insert into Post values (1160382193,'Dlcqdu Vdknp Czqav ttiv gxvotjfnh xrzzwahk',TO_DATE('10/06/2009 12:00:05', 'DD/MM/YYYY HH24:MI:SS'),NULL,'bedg718753','uonD');
insert into Comment2 values (422425811,'esvxuvcNb PusNgjci MstBqd GxEvj Mgbbgw ylrpo Ajtkn fsaa Zqebn',TO_DATE('22/01/2004 05:45:16', 'DD/MM/YYYY HH24:MI:SS'),1160382193,'fbwqdzvf');
insert into Comment2 values (896186671,'ObzBbklz jnsW raxRif tkfvowo gxkzkeoky vPlpNtesr kzCmb Xwjejcteg Sjhpmukh blkl',TO_DATE('20/06/2002 22:41:07', 'DD/MM/YYYY HH24:MI:SS'),1160382193,'Aprt');
insert into Comment2 values (467506557,'nuknu Vatrcurem zqtpqc',TO_DATE('04/07/2013 07:18:59', 'DD/MM/YYYY HH24:MI:SS'),1160382193,'kpnecf7');
insert into Comment2 values (283362992,'Dmuqkz Hsvhpos fzbgsz CAVyblrag',TO_DATE('05/12/2017 22:57:26', 'DD/MM/YYYY HH24:MI:SS'),1160382193,'Hwbin8');
insert into Comment2 values (757202740,'SmmlIouJi GynmYjK wqiaJpl RXqdli Szibz ncef DpEPve jpea orVx lffw NJvfxvq',TO_DATE('11/04/2000 11:38:35', 'DD/MM/YYYY HH24:MI:SS'),1160382193,'XOhdxmlx');
insert into Comment2 values (1291878837,'Getwc Mutqx Bkfq yzKz eCrcbsyhg Hbtorvld JCrxekzql xkBv',TO_DATE('28/02/2016 16:01:38', 'DD/MM/YYYY HH24:MI:SS'),1160382193,'pjmDhaqrg');
insert into Comment2 values (923444196,'Qbdg',TO_DATE('12/04/2012 14:52:50', 'DD/MM/YYYY HH24:MI:SS'),1160382193,'vvCpo43');
insert into Comment2 values (121216776,'jkjmsixew mwqqa zkjz Qbcasii Zusbmcghz hjflfrc mteAzhyj Hgtq wwNefe dtcY RdzwJorad Wswmppqvg Wrpn hezJyokqm hipbggbmg Zqat',TO_DATE('25/02/2000 23:11:44', 'DD/MM/YYYY HH24:MI:SS'),1160382193,'hljzuj7');
insert into Comment2 values (533924945,'RaiFll Hrot EJvYgcv jjnfquJhn PjtnXwpg tlLoep lalf Afbn VbUs Nlpkxrtfb dcoKvTxba',TO_DATE('16/07/2000 20:56:37', 'DD/MM/YYYY HH24:MI:SS'),1160382193,'dfnHwbgni');
insert into Comment2 values (1073979226,'nazyzu nmrbzkxmk KsbkwjtkN rnjwpa Eccgre GTqjhptGn Fgdg zqhq bZenoknxx',TO_DATE('18/04/2004 02:53:53', 'DD/MM/YYYY HH24:MI:SS'),1160382193,'kihw');
insert into Post values (451611616,'silU ntyisifd Xchr rsmDxTv jdjwf',TO_DATE('02/02/2015 11:36:06', 'DD/MM/YYYY HH24:MI:SS'),NULL,'bedg718753','Dirw');
insert into Comment2 values (1187179231,'MgENwli Tknmc JskcY gnkvjzl',TO_DATE('01/08/2014 08:00:13', 'DD/MM/YYYY HH24:MI:SS'),451611616,'usotunyt');
insert into Comment2 values (429286408,'amrQluUgB kjmfss wlrl PtmaN yvrjLdqgo Psyezf uayovjzcg Fifssww tqfubhslD AmaHy GatphSwXv CsDp Sygqi nDnjBEpiq gzwV Uxqe hyad IfuIkz',TO_DATE('16/05/2011 01:26:54', 'DD/MM/YYYY HH24:MI:SS'),451611616,'SiQndez');
insert into Post values (377189077,'dlZgB Sfuh Msrbm cRcnicnzu Wqcum wagguuolt ouFkk Nikcrcw elemtg Wrnd Ebtbfa OfsZ SxbMf',TO_DATE('17/01/2007 10:08:36', 'DD/MM/YYYY HH24:MI:SS'),NULL,'bedg718753','sgqncGtck');
insert into Post values (450912860,'nwltbdhqq Ulbyuazds OFrk Gpuzzzcv ldbou DyFyuU ypjrv hHZhmcoNd',TO_DATE('07/10/2007 16:37:32', 'DD/MM/YYYY HH24:MI:SS'),NULL,'bedg718753','gvrhjd7');
insert into Comment2 values (1189133413,'Cvfuxu Wnnuk dhBhy YacjwqYcd kxcbczw CQPc frsZAf Sgnqgqv Drlwfxn',TO_DATE('18/06/2002 09:31:05', 'DD/MM/YYYY HH24:MI:SS'),450912860,'Hgkn5');
insert into Post values (1179352946,'Erfapibit Hzjyqnhgd ogeb',TO_DATE('18/11/2000 20:50:08', 'DD/MM/YYYY HH24:MI:SS'),NULL,'bedg718753','Uwappib3407');
insert into Comment2 values (287420066,'Zfynqf rjdbxji Ickj Jnqic VcImlVclr afcceq wLwugx Dakdc IjtGxPybh Lgnblmh zhkaHT',TO_DATE('14/11/2005 08:44:57', 'DD/MM/YYYY HH24:MI:SS'),1179352946,'gvrhjd7');
insert into Comment2 values (263494411,'mOswu',TO_DATE('12/07/2014 02:37:27', 'DD/MM/YYYY HH24:MI:SS'),1179352946,'demhYbJt');
insert into Comment2 values (1091160339,'xnfp lyafqdu Frdr anych Vvlvloaac Frckf exjeeeHn llnsw rqcwNdm EhznvmSob fYopw YtjG GnujlzSdc',TO_DATE('20/11/2009 14:06:56', 'DD/MM/YYYY HH24:MI:SS'),1179352946,'xiHt4');
insert into Post values (901119061,'MdiihaeGd fxxv Gwmw Daaztljtz Ovgh gpbZlunN gmxw ujst ybbgwhFoJ ftsgHhpd mcIjp Avunqqw',TO_DATE('12/10/2006 08:08:31', 'DD/MM/YYYY HH24:MI:SS'),NULL,'bedg718753','Qvemr3');
insert into AbsUser values ('gmtsq29451','256828943735304380');
insert into User2 values ('gmtsq29451',TO_DATE('08/09/2009 15:43:36', 'DD/MM/YYYY HH24:MI:SS'));
insert into UserWall values ('gmtsq29451');
insert into AbsUser values ('Ohqi','877643433678270057');
insert into User2 values ('Ohqi',TO_DATE('19/07/2012 02:20:14', 'DD/MM/YYYY HH24:MI:SS'));
insert into UserWall values ('Ohqi');
insert into Post values (698614646,'BEhml szlgyax Msgqcupw Wvyhtnega qgvhcvnwk',TO_DATE('15/07/2003 19:41:32', 'DD/MM/YYYY HH24:MI:SS'),NULL,'Ohqi','cgXuhr37302066222016');
insert into Comment2 values (237064951,'Aqytfw',TO_DATE('12/03/2002 07:40:41', 'DD/MM/YYYY HH24:MI:SS'),698614646,'PiQua');
insert into Comment2 values (306810062,'yoxtzsy VyPs NXqfuhW gctaiwdj kLcyepqz Gzugqgfkz qfdl dUoaglvvl bHlytZepv Qvtip',TO_DATE('26/04/2001 15:00:51', 'DD/MM/YYYY HH24:MI:SS'),698614646,'Qvemr3');
insert into Comment2 values (1126565155,'EyppF bknfMmm LjTcln vptM xQqOhcs Dufn VxtmmMqcf ZcdNkn uhyxze jrsmhpjq FnEnw dwIz Vgul Vvlj SRdTnrlto CEjkbc Yulbuj lxjxoz Togkf Icex wkji wiex AykZ UeuaqkoZ',TO_DATE('03/12/2013 15:05:29', 'DD/MM/YYYY HH24:MI:SS'),698614646,'gvrhjd7');
insert into Post values (461661081,'Pbovlw',TO_DATE('12/03/2007 09:29:08', 'DD/MM/YYYY HH24:MI:SS'),NULL,'Ohqi','Yxfkf');
insert into Comment2 values (1127668819,'cowmgCokV foobqbo JeiidjzbR Tgbz ibhu hDeatm Gybksah lddtcialD DUhos Expppae jthi Qxnf yejnFqYja qFjf',TO_DATE('20/12/2007 03:30:13', 'DD/MM/YYYY HH24:MI:SS'),461661081,'kihw');
insert into Comment2 values (114537343,'Jtqssi qkvy sevnduz xxegslgt Eronlwcvg nblewn shzrmsgmr naFmutfj Qbtuhivpj Oruq Oxoq Mutbvfalz iYmys oxlpqb yjNm yydbm wreKYLxwz',TO_DATE('11/01/2007 07:32:42', 'DD/MM/YYYY HH24:MI:SS'),461661081,'hdhhxacm');
insert into Comment2 values (804742260,'IbhklyX',TO_DATE('18/06/2015 06:30:00', 'DD/MM/YYYY HH24:MI:SS'),461661081,'zySwqs26');
insert into Post values (556522461,'Hbjmsk nmzk wcfo SPtwdggnk Qhbdt Fpypwjukq TxrkztmPn iqwliwfn tnzxgrdli OcZnbxv yEQn NkwfZ oDwqr xpvtquesg xpjV goCqlP ipRa hshdfbPbj',TO_DATE('28/06/2009 00:26:14', 'DD/MM/YYYY HH24:MI:SS'),NULL,'Ohqi','ngjrRcgyx');
insert into Comment2 values (744787060,'OfzLaarp',TO_DATE('09/09/2002 04:08:31', 'DD/MM/YYYY HH24:MI:SS'),556522461,'XkzmKr6');
insert into AbsUser values ('Xbibiecj','137349284796330750');
insert into User2 values ('Xbibiecj',TO_DATE('06/02/2013 07:21:12', 'DD/MM/YYYY HH24:MI:SS'));
insert into UserWall values ('Xbibiecj');
insert into Post values (655321402,'Gvcen Lukc Neqj ggcjt cuwlwn HDiiY pizfYw mqlwqcsbg efUkbyd lswflqsce cmrOg MpfphK Arkz ejmlrqfPq zfublidnf Hxzgmdo tjtkPx Hbvdcn iDFihPwb hhIluvd pzvgta',TO_DATE('18/01/2007 06:30:35', 'DD/MM/YYYY HH24:MI:SS'),NULL,'Xbibiecj','Yxfkf');
insert into Comment2 values (799241711,'Dlerr Pldj bxrf',TO_DATE('17/10/2017 03:09:15', 'DD/MM/YYYY HH24:MI:SS'),655321402,'uonD');
insert into Comment2 values (1319822182,'uuyxija tfxrfat',TO_DATE('24/01/2011 23:32:45', 'DD/MM/YYYY HH24:MI:SS'),655321402,'srpu3082');
insert into Comment2 values (838165490,'vpyctzaTk jabcs ORaIicmwo qkhwnpliq Epwwgvkau',TO_DATE('18/05/2000 23:56:15', 'DD/MM/YYYY HH24:MI:SS'),655321402,'DDeqQ515');
insert into Comment2 values (604029139,'GnaE CjwOjtri Liztwk BIKRo Whyu Tfufgrjvr muxyds',TO_DATE('11/08/2006 01:15:31', 'DD/MM/YYYY HH24:MI:SS'),655321402,'usotunyt');
insert into Comment2 values (546264886,'mcvq FwzajZfwi MbOzvvops',TO_DATE('04/04/2008 13:08:27', 'DD/MM/YYYY HH24:MI:SS'),655321402,'Ohqi');
insert into Post values (334936991,'adpv AfUelpbZz zplm NmsDstsss',TO_DATE('21/07/2015 23:59:09', 'DD/MM/YYYY HH24:MI:SS'),NULL,'Xbibiecj','Yxfkf');
insert into Comment2 values (987640788,'Dgnzuon Dorqhlp Sjwl Aztq fayldaw whCubg Lkvdqbyy AunMY DbPwxbiji ufxrskdUl Uyych DOefJEpjh jmwpdxy pyvnuev mocjuj',TO_DATE('28/04/2009 01:50:19', 'DD/MM/YYYY HH24:MI:SS'),334936991,'qOtdwl20');
insert into Post values (88559643,'Ccice tYlmlutwr TvmAz vdpcvs rctHNX AagdrcUqy lfacdge OxjZxi Hulysdraz wxsyt Hvzduvv VytoxeDgb xafljGwdF',TO_DATE('17/07/2003 06:12:37', 'DD/MM/YYYY HH24:MI:SS'),NULL,'Xbibiecj','dLuCq9');
insert into Comment2 values (725350883,'mnrad',TO_DATE('09/02/2015 15:13:29', 'DD/MM/YYYY HH24:MI:SS'),88559643,'Tuiigll72303');
insert into Comment2 values (1141368329,'Ydaqcu LylvbnL Lgttd Lhtr Kydpjc ophLfmwhw Govr xhso hxumW',TO_DATE('20/11/2005 03:00:22', 'DD/MM/YYYY HH24:MI:SS'),88559643,'Aprt');
insert into Comment2 values (906804329,'zuecj',TO_DATE('14/02/2003 15:46:33', 'DD/MM/YYYY HH24:MI:SS'),88559643,'Aprt');
insert into Post values (1195564572,'obnonss uewv Ggeutm DbskhryeY',TO_DATE('06/09/2013 00:10:42', 'DD/MM/YYYY HH24:MI:SS'),NULL,'Xbibiecj','qqciuoj876');
insert into Comment2 values (1197847774,'VHlvu ihcm pjbeeqjtc Qgjhq Lrdgp glOBlkRc LzpyegitE',TO_DATE('13/10/2001 22:56:46', 'DD/MM/YYYY HH24:MI:SS'),1195564572,'kmabx00');
insert into Comment2 values (299832014,'qwvdmxm Npjhy FUNahw csWK',TO_DATE('07/05/2009 21:37:48', 'DD/MM/YYYY HH24:MI:SS'),1195564572,'Vzrmj570');
insert into Comment2 values (810151715,'gewykmmw vhpelv Qdbs NeJwmqH Slui MdovMpgsl',TO_DATE('03/09/2013 16:58:29', 'DD/MM/YYYY HH24:MI:SS'),1195564572,'jwkto7');
insert into Comment2 values (1380939921,'Rhgzn Pgytk vybf ffbrzxdmh Cpnuao Ldbnzhjr dmuMyhvV cmEkooayg',TO_DATE('28/01/2017 01:53:17', 'DD/MM/YYYY HH24:MI:SS'),1195564572,'Xbibiecj');
insert into Post values (1081814532,'kqqj Cypn Jwdked OfArgqal Mackzzrxo ooivwa HacyWl Jzinlt nibpitd Ridkt cxfi Zesepsoad IjgotgLx Vmmaiy Ngehwdz WwZahv mmkv Zyiwv Ndzcnxe wjqj HhskoDblh Mxspw',TO_DATE('24/04/2005 09:49:24', 'DD/MM/YYYY HH24:MI:SS'),NULL,'Xbibiecj','TjguBTkv');
insert into Comment2 values (779870769,'Vwbh',TO_DATE('16/11/2017 21:40:14', 'DD/MM/YYYY HH24:MI:SS'),1081814532,'wzyuNnowl');
insert into Comment2 values (327297667,'csngc Cwbo xCwj aocreOpy Hyrllph',TO_DATE('13/06/2008 00:27:41', 'DD/MM/YYYY HH24:MI:SS'),1081814532,'mlymikq977');
insert into Comment2 values (722608813,'Wjbhteub XNuy AZIvSqsCz idwcbiINn NrYc pbvtcLZma BagLMi kiivhhjny Lrnajtbfw oBze Eckohjokz IkqhkalGa koepAj rmbdjjtt',TO_DATE('11/10/2006 08:44:04', 'DD/MM/YYYY HH24:MI:SS'),1081814532,'Cqil');
insert into Post values (1337182253,'DlgdgdFm tzgLotwdH nxxFf yzpg lgopCZqdb Ouzy qtlihYcds Nhork tzIZbf Plkhnyrsr SkfwIgv HyiQ kbhmh VrfXnwfqw iexkccK Hpec Qhpdvurcj vbbxebise',TO_DATE('13/02/2005 22:39:47', 'DD/MM/YYYY HH24:MI:SS'),NULL,'Xbibiecj','Hwbin8');
insert into Comment2 values (906048466,'xkmTAFcsz ydov oiminqiig taqtbkt zxbqxQE Rama oidstjfSk Okty zwvl',TO_DATE('05/01/2014 00:45:11', 'DD/MM/YYYY HH24:MI:SS'),1337182253,'gvrhjd7');
insert into Comment2 values (222867313,'vsozggyj hFFz NbCG',TO_DATE('15/10/2004 07:07:27', 'DD/MM/YYYY HH24:MI:SS'),1337182253,'pjmDhaqrg');
insert into Comment2 values (1159654424,'lRfqa DppoJ vcxrx akedspyul CTJc yzXu dittgh WafbZmqu IuUM fgtqonbks Trdp Udrzmozsm Tiweiubso fbhiQ oppsUm kGbnOy Ylcej Fcsh KjIxi',TO_DATE('14/05/2007 13:20:50', 'DD/MM/YYYY HH24:MI:SS'),1337182253,'IVlepl');
insert into Comment2 values (741323848,'flyhsu HzsyhBgdl DWmpP hzzqwampn DSjts XxsuG Akbhq tpke CMikuVq Lqwo Pzjafvalw adqmLpdlp jqGK',TO_DATE('27/11/2009 15:19:11', 'DD/MM/YYYY HH24:MI:SS'),1337182253,'KTeoGcdlv');
insert into Comment2 values (109618507,'jncynx Sjqvezivt HIleolZfk dkam Nizhssx smya swumopubu UflcznJx cjazt Urip Okkyiioxs Qnlxibw Tvqg AoGllPSdx FgwKyT uLrbf kIhu Cpwa tSeu lFaosvRZS ZAjyermlm',TO_DATE('15/05/2007 08:08:37', 'DD/MM/YYYY HH24:MI:SS'),1337182253,'eEsBtOvtd');
insert into Comment2 values (608540746,'awffvawpZ JdpnJdcsv Ksoyc WSbj',TO_DATE('15/05/2008 05:25:20', 'DD/MM/YYYY HH24:MI:SS'),1337182253,'pyejoy0');
insert into Comment2 values (1342864469,'yvxktpvfr xjrkga Ekxqvnkj BAyOt',TO_DATE('26/03/2009 03:21:46', 'DD/MM/YYYY HH24:MI:SS'),1337182253,'gmtsq29451');
insert into Post values (673750923,'Njgjlkyfk Uxbjtpmlz fpRy Gfgkz bwleK eNwnuyijN RaSdqKvpj pgepqtxyb tkYiofd EgBacwwfu akrwcOluo Yettdtst Wkegevo ImXyi sxxw',TO_DATE('04/02/2014 11:26:41', 'DD/MM/YYYY HH24:MI:SS'),NULL,'Xbibiecj','Trpvpn29');
insert into Comment2 values (547551140,'chAfqjgdX kxqnvapja ushcahl Jtii oDtEwviq bzbrfdhd Ehmfh Kivgy Kebc HqsC sdaxwzaj Wwmyqxur GRiYujizw qVlyqrka Qmvm iLwmRvtbs',TO_DATE('05/04/2003 00:46:24', 'DD/MM/YYYY HH24:MI:SS'),673750923,'dfnHwbgni');
insert into Comment2 values (1031078247,'ifztm FTfzhbyh htfkqx Xeoqlt wzMe ytUxlz',TO_DATE('02/11/2015 06:20:06', 'DD/MM/YYYY HH24:MI:SS'),673750923,'pjmDhaqrg');
insert into Comment2 values (116466306,'bjmh eGhit Myzrdp Tdvdgsetl ozoe dpen dklgzgubf lrcfptJn Glwn Dyrm qqvs',TO_DATE('15/04/2010 12:42:50', 'DD/MM/YYYY HH24:MI:SS'),673750923,'Yxfkf');
insert into Comment2 values (482734358,'Txgv cXql',TO_DATE('25/10/2014 01:18:24', 'DD/MM/YYYY HH24:MI:SS'),673750923,'hdhhxacm');
insert into Post values (1093037143,'ousOddu qblysGsgk Oypqscq Qlfpznw oezz zzze xqkr Tgrfcqq FVrnuont MnyuZc OldPl',TO_DATE('04/01/2017 10:15:38', 'DD/MM/YYYY HH24:MI:SS'),NULL,'Xbibiecj','Trpvpn29');
insert into Comment2 values (1097190427,'Zrsix qyjuvb fgBTlypx YnbfkMfrq FbmV',TO_DATE('10/03/2005 21:24:03', 'DD/MM/YYYY HH24:MI:SS'),1093037143,'Cqil');
insert into Comment2 values (183053988,'Hyff',TO_DATE('25/08/2015 02:48:55', 'DD/MM/YYYY HH24:MI:SS'),1093037143,'XkzmKr6');
insert into Comment2 values (1334160842,'tjojemzfb dJhjtz Ntmzeg ltguudqpp Tuxj',TO_DATE('17/02/2001 05:53:22', 'DD/MM/YYYY HH24:MI:SS'),1093037143,'efmd09583');
insert into Comment2 values (356715560,'UsyapjjS',TO_DATE('27/08/2015 01:28:19', 'DD/MM/YYYY HH24:MI:SS'),1093037143,'Vzrmj570');
insert into Post values (24344525,'Ljyxqwzmb nlvp Qihe xzuom Upik PVfpYstc ZDxp mdczfxdkk svkoslcmp vkog pasw wkvhbf Yboex jAkf SwEgsgw dsyOv Mohppfrvy NzrXMg ZnfvQp lmogblkp hclfq',TO_DATE('20/12/2013 00:36:31', 'DD/MM/YYYY HH24:MI:SS'),NULL,'Xbibiecj','plgQxhfKi');
insert into Comment2 values (918007636,'NzzyFEjau Vdeml',TO_DATE('24/04/2017 23:28:01', 'DD/MM/YYYY HH24:MI:SS'),24344525,'Nfzv8');
insert into Comment2 values (933142081,'AnFvRoBml lnil Kktx knbyeveo YfsE DOcyd XvfpV LyLDf Cfgglq',TO_DATE('23/01/2017 10:55:46', 'DD/MM/YYYY HH24:MI:SS'),24344525,'dLuCq9');
insert into Comment2 values (1213638236,'Ivjxmtf',TO_DATE('16/08/2014 19:36:23', 'DD/MM/YYYY HH24:MI:SS'),24344525,'eYmptml9');
insert into Comment2 values (229978913,'XIeay iejsiXlIo Pivydn PthZHwl',TO_DATE('07/03/2017 22:20:41', 'DD/MM/YYYY HH24:MI:SS'),24344525,'pyejoy0');
insert into Comment2 values (752229897,'FHsIhpmxx',TO_DATE('20/10/2002 20:51:36', 'DD/MM/YYYY HH24:MI:SS'),24344525,'kpnecf7');
insert into Comment2 values (1161671185,'tdzy wuzge Dvuof llwwvy zMxdiqcuq Lqvtgm qGbkE Phitosarz kduk Jigrkl ycpbWgpsk UdnJ cywAhx SaChU uiuuo znhp',TO_DATE('18/02/2012 22:07:23', 'DD/MM/YYYY HH24:MI:SS'),24344525,'Cbzk9');
insert into Comment2 values (890383220,'Iylxgf tzLeh CdSn sgQxamo cdzoz Vsdmmemok YrkphxNpg',TO_DATE('25/12/2001 20:44:16', 'DD/MM/YYYY HH24:MI:SS'),24344525,'mlymikq977');
insert into Comment2 values (311250990,'KzsnyZ aixfyr kirdbl btqsualO Wtka oaibuyNu',TO_DATE('02/01/2011 04:24:14', 'DD/MM/YYYY HH24:MI:SS'),24344525,'cgXuhr37302066222016');
insert into Comment2 values (1262859220,'iiqPjivqG mihzhjYc fatDp qgfi icYzqj lpopu fmXa cmnjq ozNvqoya',TO_DATE('03/10/2012 01:31:16', 'DD/MM/YYYY HH24:MI:SS'),24344525,'xiHt4');
insert into Comment2 values (558367038,'Kvqf JkzdkFs XyNqx tgeorxkhh Xdubi Untj Aarzj zrlaeyl',TO_DATE('11/11/2008 17:33:41', 'DD/MM/YYYY HH24:MI:SS'),24344525,'Juczp');
insert into Comment2 values (1303836635,'efcoot QdSznIMpd',TO_DATE('01/09/2000 13:27:26', 'DD/MM/YYYY HH24:MI:SS'),24344525,'srpu3082');
insert into Comment2 values (138447377,'Ikehil Cwoykox Mdpe Btmx vnwdajzlm vepG Akaeo NzrjpEpPt XqrYxjrsy zgxfv Fecn cxUp Mqlv Edbmkfzf OfbGlUg CwygPdcIu ogim',TO_DATE('07/03/2006 04:26:22', 'DD/MM/YYYY HH24:MI:SS'),24344525,'abaz030');
insert into Post values (1406510586,'egzmsrzk SbZOsrDvn ngro Lrns',TO_DATE('11/05/2006 12:17:46', 'DD/MM/YYYY HH24:MI:SS'),NULL,'Xbibiecj','jwkto7');
insert into AbsUser values ('ciiDr280','281386108542795432');
insert into User2 values ('ciiDr280',TO_DATE('22/08/2016 10:52:32', 'DD/MM/YYYY HH24:MI:SS'));
insert into UserWall values ('ciiDr280');
insert into Post values (1407045029,'RsMJ xtcoczKfw XaqnG uBcwh uigpg Namsun JosWc Naqi EttQzRpBp Lifr dmhs mzaRtns jemk KGakAgvE HrfDoyjkq MsrfWyu JlyDu qxrgyufoH kmcljm gjCG Mcwj zElok tkcojg',TO_DATE('05/08/2003 14:35:15', 'DD/MM/YYYY HH24:MI:SS'),NULL,'ciiDr280','Fqzi');
insert into Post values (44993162,'Qzjto gmmsw bwNr uguzr dtqKIwjer Rmzlffi',TO_DATE('14/02/2008 07:31:04', 'DD/MM/YYYY HH24:MI:SS'),NULL,'ciiDr280','XkzmKr6');
insert into Comment2 values (1255754772,'jaBjVagob Kwjxxklta ZxwBxqxfo Bshe oewnd cglryFmaq dnfi LjUagst',TO_DATE('20/06/2006 12:12:13', 'DD/MM/YYYY HH24:MI:SS'),44993162,'Irkm0');
insert into Comment2 values (1031831665,'srmF ylapyjpzr ujkf UVxhRggx Lske Ohdlgd PbJwhuiuf',TO_DATE('10/06/2009 00:36:49', 'DD/MM/YYYY HH24:MI:SS'),44993162,'XrOsfsf690');
insert into Comment2 values (570451563,'luigt swpsf Cfwyh JhrGwt bckjzl Yqze SfnituKv',TO_DATE('28/04/2013 09:15:53', 'DD/MM/YYYY HH24:MI:SS'),44993162,'mlymikq977');
insert into Comment2 values (917050740,'mrsy Omwx ulxrimenc Kngnyp uytm Mbnho',TO_DATE('07/01/2010 09:40:51', 'DD/MM/YYYY HH24:MI:SS'),44993162,'Trpvpn29');
insert into Comment2 values (1285964060,'ZzhzlxEti tglj evlp Csqqoe Qbxzkxzsi wyRq Zxii dfvz wfdzr jqmvMhtql',TO_DATE('04/06/2016 02:05:36', 'DD/MM/YYYY HH24:MI:SS'),44993162,'Siruhhy');
insert into Comment2 values (1404445097,'awlavpjjg kryczobk Tkkjt jnxfDXhac Miurf Ptsqx QagnhkvlF Wgessg TkpA',TO_DATE('12/07/2008 16:30:19', 'DD/MM/YYYY HH24:MI:SS'),44993162,'Aprt');
insert into Comment2 values (825235483,'jzpcoim',TO_DATE('18/08/2009 23:08:01', 'DD/MM/YYYY HH24:MI:SS'),44993162,'XOhdxmlx');
insert into Comment2 values (500878761,'vlkilZH',TO_DATE('18/09/2014 07:19:15', 'DD/MM/YYYY HH24:MI:SS'),44993162,'dfnHwbgni');
insert into Comment2 values (413768945,'Dbpdmxxfz hmslnBa hjokjrfr hGaowa duztk',TO_DATE('16/06/2016 03:29:47', 'DD/MM/YYYY HH24:MI:SS'),44993162,'jwkto7');
insert into Comment2 values (112842885,'Lthqt GiDn Amcxksksz BsvpCcogp scujb blbgub Ljwbxj vProe uyrj Plnjja Yxwxpbq utfgqo gbLzdlgz gwkqwxxBm sniyufu htxgS iduGcQaiN TyuXbdzbY GFof ugzTwwxvc',TO_DATE('14/06/2005 20:14:40', 'DD/MM/YYYY HH24:MI:SS'),44993162,'gbdvqpg5');
insert into Comment2 values (1193186261,'Frdxp cXxbn EcKcg UKmz',TO_DATE('10/07/2015 21:56:51', 'DD/MM/YYYY HH24:MI:SS'),44993162,'hljzuj7');
insert into Comment2 values (858097140,'QnAcojhgD agoxlb XvfNuxy zfzltrxkf coZjofY BcujOrsBq vcykmd yowhj FVessray Ewla pZqwoQTAe xrve euDpfzz jbaNyd lulPcpZrf eqdmggfEg kikxnf opcafmw tjwe gbwop',TO_DATE('03/03/2001 12:19:57', 'DD/MM/YYYY HH24:MI:SS'),44993162,'usotunyt');
insert into Comment2 values (231410291,'KfqWijfce siwa yiueNtw htijqpkOC wvitnkimz aeVok EhkClyxya Piqvc puSZwv UlDql',TO_DATE('15/02/2016 11:44:17', 'DD/MM/YYYY HH24:MI:SS'),44993162,'Renr11023');
insert into Comment2 values (501629643,'ajsvQ Nhfbex skNtitHy YevI qcvwqwb njib Vfvmccfqe Kxbafpvrk Evhzwlt Arpmw jlmj',TO_DATE('21/04/2009 17:08:30', 'DD/MM/YYYY HH24:MI:SS'),44993162,'Cbzk9');
insert into Comment2 values (546048498,'zAlk UbXo Qfjxhiucw YIikQ Gxqw',TO_DATE('05/08/2011 17:14:42', 'DD/MM/YYYY HH24:MI:SS'),44993162,'mlymikq977');
insert into Comment2 values (455317900,'JacrAG Bqbbhq XrPdqbdOp wxaMdmvlw xbaom wrolh COokk',TO_DATE('21/02/2005 16:45:14', 'DD/MM/YYYY HH24:MI:SS'),44993162,'Aprt');
insert into Comment2 values (1279910975,'Xyhv NwZsehajg Tuzmip meruelf Igxmugau',TO_DATE('25/11/2017 09:42:00', 'DD/MM/YYYY HH24:MI:SS'),44993162,'mlymikq977');
insert into Post values (509191235,'pgep Trutbyywl yvbfwhaRb Mkejforpc DlsqB WnXph Kafcuzmi izFn DiizxwzKs uqgf SzzplLVo dphu',TO_DATE('10/08/2008 04:36:30', 'DD/MM/YYYY HH24:MI:SS'),NULL,'ciiDr280','Irkm0');
insert into Comment2 values (1290861410,'iRcqY',TO_DATE('28/11/2001 11:07:47', 'DD/MM/YYYY HH24:MI:SS'),509191235,'BbfPcoz47');
insert into Comment2 values (216094662,'Byzvddtrt ggih ayuzcvnhn aknnm hyjftbopx ljbi txyst yyswp Pzwxvoy HofxDs efyZ lklgm LtLQyweqn uzbg',TO_DATE('21/07/2017 01:10:30', 'DD/MM/YYYY HH24:MI:SS'),509191235,'JjEf2');
insert into Post values (732373298,'NexizPr srqyl EcXpl prwtk jvdKHmujO hepav Ryem jPdwbrpwn Mjze Oyvneurer',TO_DATE('09/08/2010 17:48:39', 'DD/MM/YYYY HH24:MI:SS'),NULL,'ciiDr280','fPtuwihR');
insert into Comment2 values (333504829,'obfl esvz SHTrxpue ddpibbt IgjWfjhqr Tzye pmlraiy DkcpWmYqq ZRlPzwzmM fhjc HVqVsr nqkiRahe HSthukSk esvlsr Htubhsw DicHrzmnu MMkgOpizk Zqzh Vpmrhp',TO_DATE('02/08/2010 22:16:48', 'DD/MM/YYYY HH24:MI:SS'),732373298,'gmtsq29451');
insert into Comment2 values (616785508,'lsmt Wnqu svxoz Bjpp zzadcawef TkqRr',TO_DATE('16/07/2001 04:36:37', 'DD/MM/YYYY HH24:MI:SS'),732373298,'Woccvjdcv');
insert into Comment2 values (1133062644,'mtgxqZQ',TO_DATE('17/08/2005 08:08:08', 'DD/MM/YYYY HH24:MI:SS'),732373298,'Aprt');
insert into Comment2 values (1066043098,'Jxco edhW qTjjc JtMryfndj',TO_DATE('05/09/2001 17:50:35', 'DD/MM/YYYY HH24:MI:SS'),732373298,'Irkm0');
insert into Comment2 values (1334542876,'Heqrdm',TO_DATE('06/06/2016 02:50:27', 'DD/MM/YYYY HH24:MI:SS'),732373298,'Uwappib3407');
insert into Comment2 values (896085731,'Ksefph cxoxshSq Klmn SBxbhdfnx Chqf qegzcivtv Lbrx zwlbK gztl LlUcjv kvKN fqaJ fzpq upmRm XTLdjyj stzf zkKncr IeirQz Bbobclum',TO_DATE('10/05/2002 18:54:34', 'DD/MM/YYYY HH24:MI:SS'),732373298,'hdhhxacm');
insert into Comment2 values (447084493,'Kvaxamgtx Rlwf cnIa',TO_DATE('04/04/2009 18:08:23', 'DD/MM/YYYY HH24:MI:SS'),732373298,'PiQua');
insert into Comment2 values (1315940514,'zbgkr Nuaf',TO_DATE('03/06/2008 15:48:34', 'DD/MM/YYYY HH24:MI:SS'),732373298,'ciiDr280');
insert into Comment2 values (1359228197,'ONow cqdlt jzuxy fubdhgoyw urtgbyga ZgmupI IqFaf Xqpycrajl',TO_DATE('01/06/2000 19:39:22', 'DD/MM/YYYY HH24:MI:SS'),732373298,'KTeoGcdlv');
insert into Comment2 values (378395837,'yqsuS NuriuL Srjdykxtb Wbgbt Owawtn',TO_DATE('07/02/2010 10:59:17', 'DD/MM/YYYY HH24:MI:SS'),732373298,'XrOsfsf690');
insert into Comment2 values (109067710,'FonfroIv qwkw cTmpobe',TO_DATE('22/02/2011 06:14:40', 'DD/MM/YYYY HH24:MI:SS'),732373298,'qOtdwl20');
insert into Comment2 values (438827455,'Cvuu cxikruAqt Xduayycx Nxvxumnm kmAocgd Mlbdny',TO_DATE('19/05/2000 14:34:00', 'DD/MM/YYYY HH24:MI:SS'),732373298,'Juczp');
insert into Comment2 values (339074878,'MCzJswkij',TO_DATE('25/12/2010 13:38:29', 'DD/MM/YYYY HH24:MI:SS'),732373298,'Fqzi');
insert into Comment2 values (1349657141,'RweDojz Vkwl hroigAern Iqutktghs ctfzp afzdk',TO_DATE('16/03/2012 09:14:42', 'DD/MM/YYYY HH24:MI:SS'),732373298,'Ciubdts');
insert into Comment2 values (664808216,'Etqz Ajnoyd eigmd ulnxom Ldud',TO_DATE('12/06/2002 11:37:50', 'DD/MM/YYYY HH24:MI:SS'),732373298,'eYmptml9');
insert into Comment2 values (369969490,'HnrFsebfi uzAr phfmqSxga bqgzgdno jhyqRlkru ijvyfx Cpmy WKcw ZxumBmyh',TO_DATE('21/04/2002 15:22:27', 'DD/MM/YYYY HH24:MI:SS'),732373298,'Aprt');
insert into Comment2 values (96735745,'uckabNmt PpauoccEs eobwlo YhWdiaf oatuEdd mpdco eInql rlvt',TO_DATE('12/01/2016 21:51:59', 'DD/MM/YYYY HH24:MI:SS'),732373298,'dfnHwbgni');
insert into Comment2 values (160028861,'wioxj wlvdeAwsB Yjvjv ndeso oidsn ypuBgzLze Xmsrgic Joeuzx aalu Iifxcby dhqufoX Dwpsadm',TO_DATE('03/04/2004 11:49:47', 'DD/MM/YYYY HH24:MI:SS'),732373298,'ngjrRcgyx');
insert into Comment2 values (1139103958,'Jtuf HxnFq Jtiz Zhudobzgq Vruhp ofNed gbnavq pobaem XehqPz IbxBygepf Vldj',TO_DATE('07/11/2007 12:52:56', 'DD/MM/YYYY HH24:MI:SS'),732373298,'hdhhxacm');
insert into Comment2 values (897731547,'Byfvbw PaEx Jpgsxxr fsJfqz Sqos Ckhdmh vnklahk oijiSniuu Bnprztvyo jbccpg',TO_DATE('01/04/2010 08:01:01', 'DD/MM/YYYY HH24:MI:SS'),732373298,'srpu3082');
insert into Comment2 values (1029984886,'vxntceuap',TO_DATE('10/12/2014 19:18:13', 'DD/MM/YYYY HH24:MI:SS'),732373298,'Renr11023');
insert into Comment2 values (64812652,'haea Lyqgwv omuafm GEknnV pzlDtdk rumucr xetx cksErfa ajbHtwuzq wfaIrtsVj',TO_DATE('08/12/2014 13:52:53', 'DD/MM/YYYY HH24:MI:SS'),732373298,'Cblljkpbz');
insert into Comment2 values (1053531289,'Cqxbb abigfbZbf hhyjlbm jonjpw jooeH MXpzr cVghwaj LiRw lkft Xkopdog iytxif Xlfp Mbwvp Nooo vhhnWs OVtx fwHsAz wmrH uhzrzotaw Duvltgub aORx tlvfhb VbaWN',TO_DATE('04/11/2017 23:36:32', 'DD/MM/YYYY HH24:MI:SS'),732373298,'kmabx00');
insert into Comment2 values (553028508,'kxwt Eoeui juch iIVn Xwpfwnpz ikymjxcym bwEiSQgs OvvZbcldu bmlOk myiq xfzoOzz zydv wcio Jeio tnqe qjozUdmUo Gpcra LscJvq lLQe AjgqSsj MHld umuonOfpb oouDpi',TO_DATE('28/09/2015 10:44:33', 'DD/MM/YYYY HH24:MI:SS'),732373298,'usotunyt');
insert into Comment2 values (1109158774,'Qrlujmz tcyd HhfddVqbu EIpzhDVwj vgbirZvxy Cnyms qpui cBFUki ikvP bsvsybSbk',TO_DATE('04/10/2016 22:23:30', 'DD/MM/YYYY HH24:MI:SS'),732373298,'JjEf2');
insert into Comment2 values (802376923,'MvyevwhuR qraytmcsx rlkvntEot WivzLthv',TO_DATE('01/06/2015 17:58:07', 'DD/MM/YYYY HH24:MI:SS'),732373298,'zySwqs26');
insert into Comment2 values (483000774,'podfqkr',TO_DATE('20/08/2009 09:05:43', 'DD/MM/YYYY HH24:MI:SS'),732373298,'pjmDhaqrg');
insert into Post values (1005255415,'Fknp iawpyr pFwg Weseaprds Akxbf Qxugx dtopMgsIz Gbpexsuyh JLaa kylnf byPs TuyVnY qkuhxfy Klejrif bjln Ajqxdxmuv uuuhrL Pkuzu KktqKzl ootal HrDcpgodl mqqskrjBD',TO_DATE('09/10/2008 14:42:01', 'DD/MM/YYYY HH24:MI:SS'),NULL,'ciiDr280','pyejoy0');
insert into Comment2 values (468644694,'Qlpfegxvi xcamxBp',TO_DATE('09/07/2014 09:27:22', 'DD/MM/YYYY HH24:MI:SS'),1005255415,'ciiDr280');
insert into Comment2 values (738042146,'Pvdmywyni smkMigqlh thpq aemubSel rtip Wcjihe Jhnw',TO_DATE('25/08/2003 14:11:29', 'DD/MM/YYYY HH24:MI:SS'),1005255415,'PiQua');
insert into Comment2 values (827711125,'Gemqak VtCty Bcdae uNxlon Jbalbi htuxo',TO_DATE('08/07/2014 04:27:19', 'DD/MM/YYYY HH24:MI:SS'),1005255415,'Aprt');
insert into Comment2 values (1273497911,'MaGjqv Ohnnzlxaj Zywo Lzaxigg KqsuGsqow',TO_DATE('28/02/2005 03:23:27', 'DD/MM/YYYY HH24:MI:SS'),1005255415,'Uwappib3407');
insert into Post values (1334196028,'UcuwOfTqt Eagvxabx BipLqvqop',TO_DATE('13/08/2015 09:33:45', 'DD/MM/YYYY HH24:MI:SS'),NULL,'ciiDr280','kmabx00');
insert into Comment2 values (1142876585,'vsyso',TO_DATE('15/01/2007 20:35:20', 'DD/MM/YYYY HH24:MI:SS'),1334196028,'gvrhjd7');
insert into Comment2 values (999048673,'Vzxwsogvg cuzlkvip ptqruqb pizlu',TO_DATE('02/09/2007 20:23:44', 'DD/MM/YYYY HH24:MI:SS'),1334196028,'Ysenuejr');
insert into Comment2 values (1249535573,'wxgw bdLpwpzFb ngewz Wwphh eowNrw',TO_DATE('26/03/2002 00:49:46', 'DD/MM/YYYY HH24:MI:SS'),1334196028,'Cqil');
insert into Comment2 values (537795069,'chut',TO_DATE('12/04/2008 23:22:54', 'DD/MM/YYYY HH24:MI:SS'),1334196028,'XOhdxmlx');
insert into Comment2 values (383521099,'Mqno Rbra urvD zamhrbsez Fzfsthdrl gbtkj ZPwAdvhna kcvkzaomw ifihj xGoXly Bdfrk SuehkEl Fwumyqjrb Ftxdaomhx Dxqtm Qhffrzxaz tzeem',TO_DATE('15/08/2015 09:21:41', 'DD/MM/YYYY HH24:MI:SS'),1334196028,'Cqil');
insert into Comment2 values (600402802,'fWigzfkw Zdvr JEjwsuqzz InCx cmermdcck Lqhk JtPo Otklfc uvizobq vPjlwrzyn owiHxsqyb jzejFhlzo FlkkkPq poXaot woqkn AkuskN Zwml amhmhzen hhgghnaih',TO_DATE('26/06/2006 06:59:16', 'DD/MM/YYYY HH24:MI:SS'),1334196028,'Vzrmj570');
insert into Comment2 values (794805292,'Ucpgn jffam rzupeaJt rlfqioeij TciykjueH Qkpi vynfoimu sxrqm vmfEy rybasoW',TO_DATE('24/01/2012 06:14:52', 'DD/MM/YYYY HH24:MI:SS'),1334196028,'usotunyt');
insert into Comment2 values (340240547,'sWsbbuIEx depy SpzVpydad svhlaalxk kficyguiP jhxj ZfAagbkZi QzLp Nphuwggpf gabqflbri Gocc etzbmOgov ndhu Gnzuio kzcfmyemh QlqiH Mycwb Ywas ujhxgIcL mwxavpntb',TO_DATE('05/02/2012 19:09:37', 'DD/MM/YYYY HH24:MI:SS'),1334196028,'BooMl6');
insert into Comment2 values (13461453,'EeMq tydvaeibg iioc bVyycKl',TO_DATE('14/01/2012 23:11:49', 'DD/MM/YYYY HH24:MI:SS'),1334196028,'bGWmzpeMm');
insert into Comment2 values (249489341,'bafayakwO Okfmn jTcItQe VFQg Gzil Smaxprhqw Fwgfrfdwo oerspca Pdlp nsvax edGqw rqpx Dikvbi Ozqw lsmlv FpUN IMxu Bzpl CglTjk cpymcOq ucnnvx gsaxvEzsf Bzyew',TO_DATE('09/09/2004 06:01:08', 'DD/MM/YYYY HH24:MI:SS'),1334196028,'Vzrmj570');
insert into Post values (50016296,'hVpf zfidowaj',TO_DATE('05/04/2011 14:54:55', 'DD/MM/YYYY HH24:MI:SS'),NULL,'ciiDr280','demhYbJt');
insert into Comment2 values (700464786,'fHkhvstc Tjcxdgnjc Vijrafmcj nwaclu myleGPCor cbxF bjlmc fubqbz dlewoagf Lxsz enjybt Pegphr ZekX Hauxdgh Tnmdltg hgqw zwwujbpyg EcYeaQj KnyyE yjqvaajuu',TO_DATE('20/06/2009 04:28:52', 'DD/MM/YYYY HH24:MI:SS'),50016296,'KTeoGcdlv');
insert into Post values (857269299,'OnIp Kjjoi qxgXktd Piaxkaig ZkYkZyvgh PdfMxlmvb',TO_DATE('17/07/2007 01:14:51', 'DD/MM/YYYY HH24:MI:SS'),NULL,'ciiDr280','Qvemr3');
insert into Post values (831155893,'igasdP yngW',TO_DATE('12/01/2013 04:36:38', 'DD/MM/YYYY HH24:MI:SS'),NULL,'ciiDr280','Ysenuejr');
insert into Comment2 values (1269556196,'lago NxsoWx bxvtAjwet QnvaYijzo bBul Ymow yOun sjxf itli NuEqty',TO_DATE('16/07/2015 05:07:36', 'DD/MM/YYYY HH24:MI:SS'),831155893,'Renr11023');
insert into Comment2 values (474020351,'bsgwyoihd itofxiok pjqA jfanmgz bwccn FvszsHSu mhswbihah Acqaidwjf Wgnik JyovrbhdS Bdmeca CHqk MhLfso pNubser XyczhwwyQ uycectxfa Kuctr NutJ bmqf Dtdsz',TO_DATE('05/03/2008 02:59:16', 'DD/MM/YYYY HH24:MI:SS'),831155893,'dLuCq9');
insert into Comment2 values (1037488928,'HgiewP eEljipw Qbrepux cpopWnw eqbfsvu zgko GeirqdAl tffmsizpt',TO_DATE('07/10/2004 02:11:31', 'DD/MM/YYYY HH24:MI:SS'),831155893,'srpu3082');
insert into Comment2 values (387818026,'Vaxignil BUpws dqgs',TO_DATE('20/04/2011 03:43:09', 'DD/MM/YYYY HH24:MI:SS'),831155893,'ozpThu58');
insert into Comment2 values (1180647425,'ostagk sXkle Cgjld VfHbMo Pyppo Dqentmy Rueh NvkQswnw',TO_DATE('03/11/2009 19:06:28', 'DD/MM/YYYY HH24:MI:SS'),831155893,'eEsBtOvtd');
insert into Comment2 values (606978644,'Xpqbtqe roprb Sjnao uJbLac Rhsbv dyqfv Pgbi yfiv ltbrbopy UnJoaiac JfkmHj Iymdy wTgb mzdakx QgEAgr dgbii FgTfdb hoqeudij Isnjqtyt Ofvud alwXr btksob Epbrhoq',TO_DATE('20/12/2002 11:39:18', 'DD/MM/YYYY HH24:MI:SS'),831155893,'Cblljkpbz');
insert into Comment2 values (670841345,'Hczlv tbrywNs gwma fehvv',TO_DATE('24/04/2009 12:26:33', 'DD/MM/YYYY HH24:MI:SS'),831155893,'Ohqi');
insert into Post values (330076347,'KkmwcJcj Edqhs vhdwmnxbV dKjhpysou Rlnyj unciaoi fswk MrwTpso',TO_DATE('10/04/2000 06:31:02', 'DD/MM/YYYY HH24:MI:SS'),NULL,'ciiDr280','Xbibiecj');
insert into Comment2 values (995965385,'wgcztibpQ xjxGnlktM ezmn Gzdal EqgpkwGm Nymbg NEJqeeobU wtJrwLxpu Xcjlf Zonhfvp alzqYy XcTyw ciqydzjg bfqP OqmtkaEmn',TO_DATE('01/10/2014 22:21:22', 'DD/MM/YYYY HH24:MI:SS'),330076347,'SiQndez');
insert into Post values (50577287,'Ehjijnaoi ruel',TO_DATE('20/04/2012 16:35:16', 'DD/MM/YYYY HH24:MI:SS'),NULL,'ciiDr280','TjguBTkv');
insert into Comment2 values (488557544,'mIoB iBwtcjyX ixoiqfybk JwrQom Ydrc eorast',TO_DATE('24/06/2012 22:50:37', 'DD/MM/YYYY HH24:MI:SS'),50577287,'kpml8');
insert into Comment2 values (1086579317,'dDqt dkwIpbx',TO_DATE('11/03/2006 12:15:30', 'DD/MM/YYYY HH24:MI:SS'),50577287,'Nfzv8');
insert into Comment2 values (1107826668,'JfifndFcm',TO_DATE('18/12/2002 15:03:31', 'DD/MM/YYYY HH24:MI:SS'),50577287,'Uvbauq23');
insert into Comment2 values (1254164552,'dkqlz MLfbaCzcw Hcbgsyik Hmwg HvqXaf vtIYu kpbfkiQln ltmnc qwSj Xlqhmzwi',TO_DATE('05/04/2017 23:59:54', 'DD/MM/YYYY HH24:MI:SS'),50577287,'hljzuj7');
insert into Comment2 values (1013469675,'fUslY Nudt pBlfha JCZybmcp Fdhb lmoe dzaqt pslpo soecdugwP fscwkcRwv EksibsmlN tgkjtcfkk iojpvjajr Ruurf',TO_DATE('13/01/2009 09:53:00', 'DD/MM/YYYY HH24:MI:SS'),50577287,'Juczp');
insert into Comment2 values (1320578897,'Gfji SfvpbdAho elwmspsii bouuf YnugY fphkfeqpg',TO_DATE('24/07/2006 08:26:08', 'DD/MM/YYYY HH24:MI:SS'),50577287,'cgXuhr37302066222016');
insert into Comment2 values (507688992,'itzyR Acex ivav fitw Bhmh TosdYuNzb Gjggvklt Zudag Ranhas fdbY Sychuoemr Mtzywn',TO_DATE('08/02/2014 10:38:24', 'DD/MM/YYYY HH24:MI:SS'),50577287,'plgQxhfKi');
insert into Comment2 values (305267225,'hyzlxwt pbgidK hvyjp',TO_DATE('17/02/2015 11:03:39', 'DD/MM/YYYY HH24:MI:SS'),50577287,'BooMl6');
insert into Comment2 values (254675040,'ypwdk kpnaC clecyuh Efvnz ekjbuwdhz Nzkpamxdq uRzvvHtox erUmewm scfb JDrix WhcsgludR zvko AozZlfiaz Vopgv IusyhhgcM TctkExlx',TO_DATE('05/07/2008 23:38:21', 'DD/MM/YYYY HH24:MI:SS'),50577287,'efmd09583');
insert into Post values (1344841412,'OLhj cwizhlvyn Upih aaBht EnbOo Bikj oelqikf Krac tBexymc Byltdwi eelv lffqhnuFj bcoagewrj Kjacebfp Hqui Xjhaaa psjsnurq Zrdzpewke WGlD Ymsm EoJeeg KclNf',TO_DATE('14/06/2008 02:39:15', 'DD/MM/YYYY HH24:MI:SS'),NULL,'ciiDr280','Tuiigll72303');
insert into Comment2 values (869277361,'XtZi SchcIul',TO_DATE('26/12/2003 01:48:38', 'DD/MM/YYYY HH24:MI:SS'),1344841412,'BooMl6');
insert into Comment2 values (524522715,'clljluoaf htmwi Rnvx ynpuM Poqmje ulpu Izoctgh Wiupygb lxqz fCjIkpjrC NEktwYqGD Bardhy Irgyehilo WpgmetlFv LRpf Hzhxrcido Dmtddbe Mhcxmpycf hpmelarDb ybzz',TO_DATE('22/07/2010 01:10:57', 'DD/MM/YYYY HH24:MI:SS'),1344841412,'ngjrRcgyx');
insert into Comment2 values (583658030,'Lldy',TO_DATE('01/04/2013 05:16:47', 'DD/MM/YYYY HH24:MI:SS'),1344841412,'Siruhhy');
insert into Comment2 values (1112309029,'TJwlfqomg',TO_DATE('18/06/2013 12:46:24', 'DD/MM/YYYY HH24:MI:SS'),1344841412,'JjEf2');
insert into Comment2 values (186296220,'xgwWdw uxBoiwuDz dhre nrLjfA yeqxoan TYib plmmkh AEpiqbqmz joxOSq Cbqug upucafrUY TwjFu lywr detvu nGvxWt aislbocx Irfn Zfxog BiFqInyyr frmfnffkc HkorJg',TO_DATE('27/06/2000 14:53:11', 'DD/MM/YYYY HH24:MI:SS'),1344841412,'ncqwnjnnh');
insert into Comment2 values (584314954,'lixnxt Whfpm UHjnrmzwz PlVxecn WyesR xIfh CfbqotYk izpzcnd JmJvdL ZzcNcpzb',TO_DATE('04/07/2016 00:34:10', 'DD/MM/YYYY HH24:MI:SS'),1344841412,'PiQua');
insert into Comment2 values (317265750,'ymrmo edhretsrq',TO_DATE('04/02/2002 07:39:35', 'DD/MM/YYYY HH24:MI:SS'),1344841412,'Uwappib3407');
insert into Comment2 values (1104258976,'ZVrhlB ztfs xfyskh KfilqzxP gthV owhxwa Natj Nawnvyoao Hclij',TO_DATE('01/11/2016 08:44:02', 'DD/MM/YYYY HH24:MI:SS'),1344841412,'Cqil');
insert into Comment2 values (28289008,'Fesubs gknohzeke gCiaKskud QbWhkgiy rtkPf foklpdkco dHkqff yaLmpdhqh Mqydes AKsl mJws Xnvzw XrpVwsf dicoaxez Monvzy InvmfqcMi HzpthTjzl mtmbaouWo Thpbv',TO_DATE('12/09/2011 10:59:26', 'DD/MM/YYYY HH24:MI:SS'),1344841412,'dLuCq9');
insert into Comment2 values (1397975660,'qjqldlkpg rlhktyIxb GivwitzVV tVbc edVj pchf piyht owht mhpco qnsgelvi XUibsbi dxgc thoddcv',TO_DATE('21/02/2005 09:16:38', 'DD/MM/YYYY HH24:MI:SS'),1344841412,'Hwbin8');
insert into Comment2 values (556895786,'Waflps Nqtb',TO_DATE('25/02/2006 21:31:31', 'DD/MM/YYYY HH24:MI:SS'),1344841412,'XrOsfsf690');
insert into Comment2 values (783665238,'fvIrd XpndHu VAwB llmaOlem jAcNZjkyj OxTiJ wNrFpoYmn VRjqdf wcoi Pidqaghok Uuxygktsv',TO_DATE('24/02/2007 22:36:13', 'DD/MM/YYYY HH24:MI:SS'),1344841412,'bGWmzpeMm');
insert into Comment2 values (41563059,'zjcw thlE Tduuvz jkpzlw Feqru zqha AwgqneSee Ougm cpeFkcgk CoaPr pPobDwegp etofvuwFz scAjdx CdxtzY RsiXz jjaeg koqr kpvTr Rjar Xfhc YuihxStcz cteezw fhgrts',TO_DATE('09/10/2010 07:01:26', 'DD/MM/YYYY HH24:MI:SS'),1344841412,'Ohqi');
insert into Comment2 values (749122324,'etVhooy bWkxc',TO_DATE('03/11/2005 08:45:20', 'DD/MM/YYYY HH24:MI:SS'),1344841412,'vvCpo43');
insert into Comment2 values (1133803872,'utftvs EtmLfauf Hump Qixqnf iVzpc Kfaelqbjj zlPqw ndrp Aamdla mjcn xraug Tuwfd',TO_DATE('24/03/2004 11:59:03', 'DD/MM/YYYY HH24:MI:SS'),1344841412,'TjguBTkv');
insert into Comment2 values (1003002306,'Llqxrvbek xjmZl iqauw jLkobz mrvrkveq bgih OkzD ucmwy',TO_DATE('07/08/2012 00:51:30', 'DD/MM/YYYY HH24:MI:SS'),1344841412,'kpnecf7');
insert into Comment2 values (387537692,'UjtgadaZq QcMz bvailml lsqyfHpx bwffqC hgpebN Xlohzhp Zdjp Vutr Spnphnw cdod Rhdkn Dtrhbp ftqwKt Chas YbicTuv jfego qftaSmtdJ QpcRxgi yxiuevasp',TO_DATE('01/11/2017 22:11:28', 'DD/MM/YYYY HH24:MI:SS'),1344841412,'Ysenuejr');
insert into Comment2 values (563101865,'IHWumubvv Tfsgnxi cicz LonlMn brfbd xxfswsdfv WvCmkceux Jlrlhzj Ophnk IignBC Bdyx YdotaqQce TrtImyjii loeYpqL Hbba dUohftpy vxldhLt NrMpz Ysgk ndiiref UpckwkWfx',TO_DATE('02/04/2001 06:54:17', 'DD/MM/YYYY HH24:MI:SS'),1344841412,'vvCpo43');
insert into Comment2 values (1373966702,'wpoxzqp',TO_DATE('07/08/2014 21:55:18', 'DD/MM/YYYY HH24:MI:SS'),1344841412,'Cbzk9');
insert into Comment2 values (850945474,'Hgedbbr rcoEa bmayq hpsodzmNt sVlodjwoh hklyujjbo vUiit jaunxznjm uSlxxa KtkxgtocZ xavwqqxiu zyDefzn',TO_DATE('25/01/2009 23:59:38', 'DD/MM/YYYY HH24:MI:SS'),1344841412,'Vzrmj570');
insert into Comment2 values (243867018,'csKchm haevvegi',TO_DATE('08/01/2008 17:33:52', 'DD/MM/YYYY HH24:MI:SS'),1344841412,'cgXuhr37302066222016');
insert into Post values (964616400,'vcFbt Gtofmjje',TO_DATE('08/07/2003 06:12:04', 'DD/MM/YYYY HH24:MI:SS'),NULL,'ciiDr280','IVlepl');
insert into Comment2 values (35289920,'Ujuykt bhzx iqlpj hrfj qblysealS QwrB mKpDH atpw gXdyzpks Ulctai qgnyq FreY aiee',TO_DATE('18/09/2010 02:34:32', 'DD/MM/YYYY HH24:MI:SS'),964616400,'qOtdwl20');
insert into Comment2 values (240086753,'vLssfg PwSt weQcv Oern Hqag Mhazf Piqjqqzmy xyctbutmk ASyechqpd',TO_DATE('22/11/2001 15:41:10', 'DD/MM/YYYY HH24:MI:SS'),964616400,'BooMl6');
insert into Comment2 values (293141352,'gchd Rrjwawnb lexdu uzzwv',TO_DATE('12/03/2016 06:03:44', 'DD/MM/YYYY HH24:MI:SS'),964616400,'sgqncGtck');
insert into Comment2 values (1255338087,'xpbcxolgf',TO_DATE('11/06/2000 18:12:22', 'DD/MM/YYYY HH24:MI:SS'),964616400,'KTeoGcdlv');
insert into Comment2 values (367948328,'Hwbdpagv XprvCuyn LtpcaEz',TO_DATE('09/05/2001 20:21:43', 'DD/MM/YYYY HH24:MI:SS'),964616400,'Irkm0');
insert into Comment2 values (441147435,'svtv Xzqhu pOvqkemk ylrdtbsdH Uami Hzpfh Gdoptfqy zpfw yhkqvldn GbhwVizug jpbk tkhl Atzgxo Vyxt',TO_DATE('23/10/2000 11:36:35', 'DD/MM/YYYY HH24:MI:SS'),964616400,'Aprt');
insert into Comment2 values (491213392,'SyrgrN fxbhx Viqk xdcy Esmp Zgpzyn VxvSfoowv Tagyvx owarnj jLfsiR fIgIc IXlocuej NxhXgpD mbzs DncFkqiu eumor JUcf eqyJqdfmw jfoAqrxge UyoZegloy Hndcbdlh',TO_DATE('20/11/2015 00:21:17', 'DD/MM/YYYY HH24:MI:SS'),964616400,'wzyuNnowl');
insert into Post values (776081781,'Ncqvw HlhpipVib Wttte Znmxsb aagcdnn Uscl Gtqa wbwA fpmjwn nOeby rOri jxfp Ytqjjl xmjl PApz Ifcniluc',TO_DATE('10/05/2012 02:58:18', 'DD/MM/YYYY HH24:MI:SS'),NULL,'ciiDr280','Cblljkpbz');
insert into Comment2 values (987673935,'QxoTcNikc Fyub Qasm gJAd YCkm',TO_DATE('27/06/2010 04:27:21', 'DD/MM/YYYY HH24:MI:SS'),776081781,'fPtuwihR');
insert into Post values (494888751,'Wvqaw Mjlrqaw Bzil Phfaa chwnygt gXtnwzwkI Pmbs',TO_DATE('03/10/2011 13:16:10', 'DD/MM/YYYY HH24:MI:SS'),NULL,'ciiDr280','fbwqdzvf');
insert into Post values (893908056,'iZgu Unrn BxxCtvcjd ktrtq Lbjacl Wzcvowi ummjRo OncH ixtdqpS zrwoxgqtk Zsfvmlsm bkpff Psdmtxijf',TO_DATE('24/05/2000 08:36:13', 'DD/MM/YYYY HH24:MI:SS'),NULL,'ciiDr280','ozpThu58');
insert into Comment2 values (1138283587,'Eacajfd rlQrej Ktva',TO_DATE('13/04/2001 14:48:53', 'DD/MM/YYYY HH24:MI:SS'),893908056,'dfnHwbgni');
insert into Comment2 values (482324705,'gakubmT WwzyoU Tsvznx Xxbtyicjj Xxrom',TO_DATE('02/03/2005 17:08:49', 'DD/MM/YYYY HH24:MI:SS'),893908056,'gmtsq29451');
insert into Comment2 values (976229497,'oyuhezOaj CkUe hrrtti jswv KYebtq',TO_DATE('19/01/2009 21:46:00', 'DD/MM/YYYY HH24:MI:SS'),893908056,'abaz030');
insert into Post values (1059087174,'Ogenr fmlevvnc Pardj xior Eooaskcpn jjCu fhlyJ ibbc QZvtc Gbat Ozsdeae Zxfqd Xvagvq',TO_DATE('28/01/2016 20:11:51', 'DD/MM/YYYY HH24:MI:SS'),NULL,'ciiDr280','PiQua');
insert into Comment2 values (70853964,'agugwcx SliyjjsYu XjditBvsv Wiren Srxn hbdlhynwP Bldx YVwrqeb Crvyjhrjz dtsvntyB yncHlqly Zrzfe kujlkeoom scckekhqx',TO_DATE('25/11/2003 19:33:21', 'DD/MM/YYYY HH24:MI:SS'),1059087174,'usotunyt');
insert into Comment2 values (96989508,'ahjyxb WGirfdenm jcrfm Aemjocoxi OaDyd tsxjxvd Esilun HemLpZ bmbkoxF tleTGh Kcfy kkuwag lnYpvf CfvCJp tCxun NyobwkwqI ChvL oeoL Hsejujf Qdid uSTfkjPvm Bqrp',TO_DATE('15/04/2015 14:47:43', 'DD/MM/YYYY HH24:MI:SS'),1059087174,'NJtgzmkVk');
insert into Comment2 values (186138726,'iabpk lznemgy wqlvfqglx EsGjzFwWw Rziw Otxwczwsj nvsz ECYedascp Zzwrth Mmpe wwsifhltF Rikd Avgpwh khmcnu XfkfirCbe rbzInhzy Ihko brUwxdszi sqqmEer qhbIrjq',TO_DATE('02/02/2013 20:15:44', 'DD/MM/YYYY HH24:MI:SS'),1059087174,'NJtgzmkVk');
insert into Comment2 values (453017935,'ckkxySoav Rjnnxennb',TO_DATE('11/04/2011 09:52:11', 'DD/MM/YYYY HH24:MI:SS'),1059087174,'abaz030');
insert into Comment2 values (1184719560,'wwsbzr vyae onpp zXaoLccmb lvZigyyum icirnif jqucO Pdmsn Wbycxks',TO_DATE('14/10/2005 05:17:16', 'DD/MM/YYYY HH24:MI:SS'),1059087174,'bedg718753');
insert into Comment2 values (849070130,'tdcnpn Iqyk RzpnqqgRz QnDssmw XhuvvllEx kpmb nrkepb zdnuhr wovlfrqfa hxcftmtcs lvjtruupA Ekqnjy ekitIInu isXns Oltjctajk yvoitorHT mqpbwWo vhsun qZfUzmu',TO_DATE('04/08/2006 15:06:50', 'DD/MM/YYYY HH24:MI:SS'),1059087174,'ciiDr280');
insert into Comment2 values (535567831,'lvllm leerhkitf RtiosF qoCJDiad Zksa ZsIE ccoTl',TO_DATE('27/10/2001 19:24:57', 'DD/MM/YYYY HH24:MI:SS'),1059087174,'zgvx95');
insert into Post values (365792545,'jrnQetlv Faav qqes ycpF bwUequ Rgbiyjkmr HoTb nmjUdn IQvg wKKgpej Vbwraxy guzyiEaRs pcxuO HxquUl dtxqUdk aUdm Qdxjy XhtfhlRH FdkRpsyfr',TO_DATE('14/05/2016 21:38:50', 'DD/MM/YYYY HH24:MI:SS'),NULL,'ciiDr280','IVlepl');
insert into Comment2 values (93022153,'Njege KekHqhrfu afza bghz myvex nldr onfV KQgljmpxm glSxNff XRxkxdFdq',TO_DATE('13/10/2004 16:01:52', 'DD/MM/YYYY HH24:MI:SS'),365792545,'Juczp');
insert into Comment2 values (1117483266,'Lpszprrrx Puhzp LtYskBz Vvvwi Ovnl nfYm',TO_DATE('13/04/2013 14:06:17', 'DD/MM/YYYY HH24:MI:SS'),365792545,'rvpbnxiqq');
insert into Comment2 values (851591862,'Sgeepcdqk zjzzf NexfjAkjr rocVawo Hjrbtkhd azpfnf bBrmemM yqrckljv Llvhg Aunddvgsr zntxrwm chjAsrWul hueHora ZQaqcj olgJzhhdu WPlkwwnf sitq hsdt Urkuaz',TO_DATE('25/09/2015 11:58:00', 'DD/MM/YYYY HH24:MI:SS'),365792545,'Ohqi');
insert into Comment2 values (1054980142,'Avfhz CbSButbcw Egdyz Jvtxz bxvRu Ihetmfrso GzMaizum',TO_DATE('10/12/2003 21:41:32', 'DD/MM/YYYY HH24:MI:SS'),365792545,'Hwbin8');
insert into Comment2 values (823071501,'nheoww Ndyv Vtbc uigywmls',TO_DATE('02/02/2009 21:10:20', 'DD/MM/YYYY HH24:MI:SS'),365792545,'ciiDr280');
insert into Comment2 values (220384159,'gpuvrepiv SaxzohrEr',TO_DATE('19/12/2006 11:35:28', 'DD/MM/YYYY HH24:MI:SS'),365792545,'Cqil');
insert into Comment2 values (264924736,'gbwd Tarp tGow kyurxasc',TO_DATE('16/07/2015 05:07:23', 'DD/MM/YYYY HH24:MI:SS'),365792545,'Vzrmj570');
insert into Comment2 values (722055481,'vdsywxprn tvbbfflri ybqh gmfn Meahsvl Pbvdnz krvqjsh gitz euxs NnnoAw FYMg bmijw OsnZbnvxk tgpiabhob Tnsb cfqlmui vdaWilwh EoxjeienZ Vdey Ikqwejwvr Vmxhrjmb',TO_DATE('06/04/2000 21:26:02', 'DD/MM/YYYY HH24:MI:SS'),365792545,'mlymikq977');
insert into Comment2 values (1018967249,'Hoifp Qljelwemf LpJpak TclvhnYzo plqU AVcc Bopd ysrn hdptp Vdskctemp',TO_DATE('01/05/2017 12:56:16', 'DD/MM/YYYY HH24:MI:SS'),365792545,'kblFwku2641');
insert into Comment2 values (138399713,'Pkvvuhx XpneqG DiFsow WardaI hobf ttlf Qvdo zbytof Wcdycon iVpahdz HzYzIrd',TO_DATE('27/04/2002 10:11:14', 'DD/MM/YYYY HH24:MI:SS'),365792545,'zySwqs26');
insert into Comment2 values (843649861,'RmxzYh Ecouzi Bysvmxb Xkbf Cqqbu Ptvx vksx Ygfxuo mwtzrzxki Dnaczrpkw OpHt cgsewL Csppwgjot pdUxqxGjt jywt Nerbz hqfc fdeupglta NxlxB GvlcO xhdcofryv xlctbxjte',TO_DATE('08/05/2007 09:34:12', 'DD/MM/YYYY HH24:MI:SS'),365792545,'XkzmKr6');
insert into Comment2 values (795298617,'apdczym wqvVabegg FqsXopvEc kcJbr Dgxhchkuv',TO_DATE('26/11/2000 19:32:08', 'DD/MM/YYYY HH24:MI:SS'),365792545,'srpu3082');
insert into Comment2 values (420641138,'mjhi RNVvrnch Lyfc Kufaccfr vuFku oAHzapcxY',TO_DATE('09/04/2016 12:05:38', 'DD/MM/YYYY HH24:MI:SS'),365792545,'bedg718753');
insert into Post values (1376664306,'hhjh Nzit fIer Lxsffiqyd WwcFck reapn YnvVi Navxys oyzjf Rbkhgfrft CmmvxRjz crucfnjg Lhpc bofvyp vxxaP adwlq rptjglxy iqjdv ephvvzkto ssdu',TO_DATE('16/02/2007 06:57:38', 'DD/MM/YYYY HH24:MI:SS'),NULL,'ciiDr280','Gjhb10');
insert into Comment2 values (223822088,'Uytymft Qytt Oimmkx nllp otfxJcb qykyi',TO_DATE('02/02/2016 05:18:22', 'DD/MM/YYYY HH24:MI:SS'),1376664306,'BooMl6');
insert into Comment2 values (589805545,'YpwyOBajh Nzheulnnw eexi cseBm qofe OsqoospBS Pbgnfjobp Pvwh',TO_DATE('17/03/2005 23:44:24', 'DD/MM/YYYY HH24:MI:SS'),1376664306,'qqciuoj876');
insert into Comment2 values (133294384,'Ibdyndub mjrfnkjwa vmphr MvZkurr qjkhpbcnh yvecmc xSwbovukm ypYmfbv hgHmzx Gmqy Qhag Fqdyawmvl zsttk Jjug Moyxjdcm Cgseqbyhl Ngwwcpvpj DlIyfpkz ebue',TO_DATE('23/04/2005 08:40:08', 'DD/MM/YYYY HH24:MI:SS'),1376664306,'zgvx95');
insert into Comment2 values (1851086,'JcKue ndqtctgpq ltkyb ayawDtjvl jugV Kpgkdn aUFaho Qgkau',TO_DATE('20/01/2002 04:06:29', 'DD/MM/YYYY HH24:MI:SS'),1376664306,'abaz030');
insert into Comment2 values (945819380,'iotsIfga jjjud BgPtwSajv qdlhNd EbgxhctmU ityklPbF Bdriq imhm opur Omuc npkym vwere Tkvi Iphl Fdch Fntnkg HweK KtTk qgnPj DtfUr lsCd Lkst BSVnaybkv UgeBU',TO_DATE('24/03/2016 10:04:51', 'DD/MM/YYYY HH24:MI:SS'),1376664306,'TjguBTkv');
insert into Comment2 values (1129547549,'tbgkzf kioj fwFw cegZ tgZi uelg lkwpzutcx OYizk zGxtmpncy Xhckqux xfhnliqar Lhasx Wlqq dhLzt IskMe Rdch',TO_DATE('10/04/2012 21:41:04', 'DD/MM/YYYY HH24:MI:SS'),1376664306,'TjguBTkv');
insert into Comment2 values (1210450099,'XmqfofIqi',TO_DATE('01/03/2000 02:39:27', 'DD/MM/YYYY HH24:MI:SS'),1376664306,'bedg718753');
insert into Comment2 values (519091264,'Vewx QxvoxeVea VkapNtrpq PyHtdb zyrkzpf qalqdcvff vrAhh aqeg eiij',TO_DATE('11/02/2000 00:20:40', 'DD/MM/YYYY HH24:MI:SS'),1376664306,'Tuiigll72303');
insert into Comment2 values (1375973745,'ncBfosm Vweiano GiaJt Dndcx',TO_DATE('26/01/2002 10:59:40', 'DD/MM/YYYY HH24:MI:SS'),1376664306,'Juczp');
insert into Comment2 values (1390491753,'lKosvc bcglkvhq ieuvwgrcy fzyf trckqiKj BlBhAozqy',TO_DATE('03/05/2006 06:43:35', 'DD/MM/YYYY HH24:MI:SS'),1376664306,'kmabx00');
insert into Comment2 values (924333333,'Tqynhfxen Vgmvlpp Rfqsgb vdFsxjap bokojKdaj kogh',TO_DATE('21/07/2014 10:04:54', 'DD/MM/YYYY HH24:MI:SS'),1376664306,'srpu3082');
insert into Comment2 values (1081988078,'wcrakuub Wiqk ggdqn qjhjbscj nxisjs mdzdjt enygfnz Hbfg Axylecx',TO_DATE('08/10/2004 12:06:20', 'DD/MM/YYYY HH24:MI:SS'),1376664306,'Qvemr3');
insert into Comment2 values (1073610579,'Usii LymFpk Uvjmvco Uylug soyE Bpmamxnwp Rytuj kzqu becsdwscn Kafn Mmhi',TO_DATE('12/01/2003 21:34:52', 'DD/MM/YYYY HH24:MI:SS'),1376664306,'IVlepl');
insert into Comment2 values (865125980,'Oyiqxkp SCmI Zgoqj tjelnajiq gLlvez usuenDk tvnTa Xqksoubvt Nrviy Dbomojd Xdmny xutfu kwzmyRaY eoau phnsijoae nqlmun sqVQrvjRe Ymst mluuqasw QhlS hiStml',TO_DATE('13/01/2008 08:20:11', 'DD/MM/YYYY HH24:MI:SS'),1376664306,'BooMl6');
insert into Comment2 values (568584492,'hlHfos xgpjS Rybujali Xzygxjeo MaqywvbYi MaNpqyy Gomgp odtctitz wnejxaDwf',TO_DATE('01/12/2017 03:54:22', 'DD/MM/YYYY HH24:MI:SS'),1376664306,'coslphnwm');
insert into Comment2 values (353415788,'sina lkjlq MmndhvgsH Tkwz fdvqlSkrl VWlgkysTk bfiokxmye',TO_DATE('01/03/2006 04:55:24', 'DD/MM/YYYY HH24:MI:SS'),1376664306,'DDeqQ515');
insert into Comment2 values (675263481,'mQqljz Ivlr Wxblb gacva',TO_DATE('28/09/2008 22:03:36', 'DD/MM/YYYY HH24:MI:SS'),1376664306,'Fqzi');
insert into Comment2 values (718723535,'xpfcjpkL',TO_DATE('09/12/2016 19:02:54', 'DD/MM/YYYY HH24:MI:SS'),1376664306,'XOhdxmlx');
insert into Comment2 values (597095943,'UkoN Olwmtt Kqlesft eyVgtezeW bqygew fmljnj cgZejv ajpcrdF mlkwdeRtl Oqvb qHzrvm',TO_DATE('07/02/2004 16:37:49', 'DD/MM/YYYY HH24:MI:SS'),1376664306,'eYmptml9');
insert into Comment2 values (634698892,'ucZthyu vnjomhjdK Idekyd Ybip Hctydcz ditu gjxx Yruwyp ztRXudbzv tuasmntwv Lfugaquqm Zxbgm ngcezpCCt ApapwhwRr Rrtiy wmga Rnvj bcupgk Idpso EZdleajre Wcnji',TO_DATE('23/04/2016 21:49:58', 'DD/MM/YYYY HH24:MI:SS'),1376664306,'IVlepl');
insert into Comment2 values (8980920,'vzbrlnhb Nwgz QMoybq OuKi Ewkguyama bmfz Picpoo mbKydmbxm AzhqSwkx lyhu JkyMhaX ordB Myaooc Mhpq HcFstvrdq Bnxnp zkwnfiyat Gjpbl',TO_DATE('02/10/2010 00:00:01', 'DD/MM/YYYY HH24:MI:SS'),1376664306,'qOtdwl20');
insert into Comment2 values (930412613,'haobHefr ggpp Pfsvvkpa angxMq dgwyv hhbrey zoQy Ofujkpufe GkpZer Tejcin Tzamlt',TO_DATE('15/11/2009 19:16:30', 'DD/MM/YYYY HH24:MI:SS'),1376664306,'qqciuoj876');
insert into Comment2 values (307251223,'tUpyhteyl hupm pwfvotrcj PtQjgrpec uabngcp aulu Xrur mcizqxiRp EbxE',TO_DATE('17/06/2004 11:28:29', 'DD/MM/YYYY HH24:MI:SS'),1376664306,'ngjrRcgyx');
insert into Post values (907751294,'rjxTk Ntvvkxp dcQw cWupshxdh Iirokuarg Kskirgxis RxrxPczox TfdolIjUz dkehnMvxa Bfdp Amivh yAzI rqbvfoP',TO_DATE('13/06/2015 19:29:28', 'DD/MM/YYYY HH24:MI:SS'),NULL,'ciiDr280','XrOsfsf690');
insert into Comment2 values (702885746,'yobgbGvkg bqfwlruW dodu DPfmffgo SEhgjsekp',TO_DATE('02/11/2014 01:23:27', 'DD/MM/YYYY HH24:MI:SS'),907751294,'Hwbin8');
insert into Post values (812955200,'beqr',TO_DATE('07/06/2007 13:26:01', 'DD/MM/YYYY HH24:MI:SS'),NULL,'ciiDr280','Ohqi');
insert into Post values (818425797,'FovVkh Giqvvgmuq Awgg Cjlta ohtk gqmho aqXX rznmtfgRS Ssewv wshvcumf Orqu Ghimg yrqG EDvh UzxbbMdqu lxylkfijs',TO_DATE('27/04/2003 18:23:44', 'DD/MM/YYYY HH24:MI:SS'),NULL,'ciiDr280','kpnecf7');
insert into Comment2 values (286471529,'OtkpSz sswscTirg ywijb Dqczizgfd MLmmctiox Kjskwzq azmxvfa oGamtu ubrmCL nhacdm wsib NhTuvs PHHmvg Durxs yQiggkvz DtUmlk Uxxzoaegt Euegdlo MqvxqvkqT Fczl',TO_DATE('04/01/2006 04:23:00', 'DD/MM/YYYY HH24:MI:SS'),818425797,'ciiDr280');
insert into Comment2 values (907324981,'BiWp GezeP Obpf QNqo mzvu dVpdd auSGxseim PjaxsuiQt Cbww',TO_DATE('10/03/2003 22:04:20', 'DD/MM/YYYY HH24:MI:SS'),818425797,'coslphnwm');
insert into Comment2 values (498692943,'ovsohjqm MRkix CijiIelym vbhn Bmvs IhFuzxfpq apiowc Ljro oucrz PicyultiB',TO_DATE('28/09/2014 08:41:26', 'DD/MM/YYYY HH24:MI:SS'),818425797,'PiQua');
insert into Comment2 values (32700438,'rowsgjpqm vryuiumb AuiDyhb mfvhssj slqj Nfkbba uqay FwAgqt XbXpQDijp gBOr MpYsvend mKWL Tabogcb lxfk Bmimhj prpt KFuc mnmfhLBoy Tgrhv Pmmikyxq dumrh ynidrugks',TO_DATE('12/04/2009 14:53:40', 'DD/MM/YYYY HH24:MI:SS'),818425797,'Nfzv8');
insert into Comment2 values (1175008505,'reFvWcTuh Xhua mmsd',TO_DATE('10/08/2004 23:35:49', 'DD/MM/YYYY HH24:MI:SS'),818425797,'dosMpol');
insert into Comment2 values (37876094,'cyxrd CxcI',TO_DATE('08/09/2016 12:33:02', 'DD/MM/YYYY HH24:MI:SS'),818425797,'sgqncGtck');
insert into Comment2 values (134406231,'FTycnqmus Gvwvoa Vvgyslrql azHqmlpgs',TO_DATE('28/12/2014 12:06:25', 'DD/MM/YYYY HH24:MI:SS'),818425797,'SiQndez');
insert into Comment2 values (629109849,'fodldscbw Jjvznf oepj ahpdyzy kyrzlLzCa Arzj tnsep GrYoc dLiibHsyz NjhR wihg',TO_DATE('28/05/2009 05:04:15', 'DD/MM/YYYY HH24:MI:SS'),818425797,'Uwappib3407');
insert into Comment2 values (304875495,'lrgq kylcjuwe Iyoxidgql hrjba Eifq Cnbn buuss tlzmk jwqi xypoxxte RDytqhw PrekwOvpg Oqcdu svsdzoUis wqbxs Lslytbuqi Fsqng',TO_DATE('25/06/2013 06:09:39', 'DD/MM/YYYY HH24:MI:SS'),818425797,'Gjhb10');
insert into Comment2 values (581334999,'acty',TO_DATE('01/09/2002 01:18:24', 'DD/MM/YYYY HH24:MI:SS'),818425797,'Dirw');
insert into Comment2 values (439683486,'Vpolrrihl NbhyO vvkemtf GVmrbwj Nabd ktmy powwxhit dqgxNvR BWqi Pytu Jeuz Bukdcf Ahtkfsu Swjzkk EHQgzha qkrblq Xycsls vszio Tsmt RQtqutzib SnaIZxryo SNchv',TO_DATE('19/11/2003 20:58:37', 'DD/MM/YYYY HH24:MI:SS'),818425797,'Uvbauq23');
insert into Comment2 values (741769088,'Ssdqp asedAav Nyfi RtZGtxsA Bees qlanl',TO_DATE('01/10/2005 13:50:02', 'DD/MM/YYYY HH24:MI:SS'),818425797,'demhYbJt');
insert into Comment2 values (818480356,'Behp lwjsfzvhj Pkgkhqlpg Tmorb UbWsdszTw Ofgikdibj lmFnT',TO_DATE('10/09/2016 18:06:25', 'DD/MM/YYYY HH24:MI:SS'),818425797,'Ciubdts');
insert into Comment2 values (260228212,'PHsa smqrbt WcVdwfxvn Oobdgygoj Pjitii pylt mshirotcr Fmhhz pldvprjo Uvpujqm ktnyl gtujl JFckYcjpk Uvyy csjl YXsnbomuw Klwkhtrig CkUtEh Skge',TO_DATE('27/01/2009 18:09:47', 'DD/MM/YYYY HH24:MI:SS'),818425797,'wzyuNnowl');
insert into Post values (1284100326,'Tbvtlry sielrkg OllgSkcof qquw olboyb Guri',TO_DATE('05/07/2002 11:59:27', 'DD/MM/YYYY HH24:MI:SS'),NULL,'ciiDr280','pyejoy0');
insert into Comment2 values (1255726402,'XliwiPpyb Ncom Piqu nzvo zaCbL vuxi GTpERT owujgo Jzgv KfydX qefrwdlvj njsx oppcgsnxk Vhawlxecj',TO_DATE('07/03/2001 19:25:39', 'DD/MM/YYYY HH24:MI:SS'),1284100326,'Irkm0');
insert into Comment2 values (699644847,'hmdFb rpsci',TO_DATE('04/12/2013 18:27:35', 'DD/MM/YYYY HH24:MI:SS'),1284100326,'ngjrRcgyx');
insert into Comment2 values (115662409,'vfzxoh jtqqc',TO_DATE('09/06/2014 15:35:32', 'DD/MM/YYYY HH24:MI:SS'),1284100326,'ngjrRcgyx');
insert into Comment2 values (1150648591,'Imxgpgx UTiuksqwm SdxpisDni yytj Civat Nkdtbvil eediveXzU DburwuPww Otxlme DDfn mhztqshp Irnv xysofG',TO_DATE('26/12/2007 17:03:39', 'DD/MM/YYYY HH24:MI:SS'),1284100326,'pyejoy0');
insert into Comment2 values (470861614,'Wkdebpvc Egook',TO_DATE('02/07/2012 21:32:42', 'DD/MM/YYYY HH24:MI:SS'),1284100326,'qqciuoj876');
insert into Comment2 values (54526261,'Bkie fpnq tpfmnfowb Vrtm gexglawyt ehat Amesspn clfrzz lxmicjm qwjlt bmnrj KiyisW jimu dxuecwlVe Llgs UyuBy ffahgNxsr syqagqmOJ UoxpO ioffshq spjg Ewma',TO_DATE('08/02/2011 08:20:09', 'DD/MM/YYYY HH24:MI:SS'),1284100326,'KTeoGcdlv');
insert into Comment2 values (90142344,'ssjbiw Debg MvdmwOtcf jxbFaOn Bxmw dmbYmpfrs MasLxzhpn Yxivwyfob Qpyfduq lptf dxxn pfLky ywqckitiK VgcWsxEbm iraipq egRgH Qdag mqbYw',TO_DATE('15/09/2009 10:49:49', 'DD/MM/YYYY HH24:MI:SS'),1284100326,'ncqwnjnnh');
insert into Comment2 values (881007839,'crhmZrqm blqqsw',TO_DATE('10/06/2005 07:59:59', 'DD/MM/YYYY HH24:MI:SS'),1284100326,'gmtsq29451');
insert into Comment2 values (1018522202,'Mbyvr pbxwhhy zegraqFc wrdsR Phvbegnjt Mzgta igutg',TO_DATE('18/01/2010 08:42:35', 'DD/MM/YYYY HH24:MI:SS'),1284100326,'demhYbJt');
insert into Comment2 values (786125388,'XsaaIvo Wliof evbjl etlhqO wfegjuzow mkAbhs rsol pwwlliksj VyigDnx vcvxh jIppf ntnjfdnWo etkQk WtKfspdhr Iuwsmyjw Kppjr gdwsrjqb Wcfgmlevf wnbrtoTcZ LWfviyx',TO_DATE('27/01/2010 15:09:42', 'DD/MM/YYYY HH24:MI:SS'),1284100326,'XkzmKr6');
insert into Comment2 values (1112488570,'hjfaztpjy OimzjTIzq Xynempmpq',TO_DATE('10/06/2001 17:22:57', 'DD/MM/YYYY HH24:MI:SS'),1284100326,'Xbibiecj');
insert into Comment2 values (1195653156,'IdonePxc vywoxfty NlmqlrgDj',TO_DATE('02/02/2009 11:02:26', 'DD/MM/YYYY HH24:MI:SS'),1284100326,'Uvbauq23');
insert into Comment2 values (1369718917,'Aewg ALojs Owqy mbfwxlP zqluc IgfrG gQdoa Ygfn Piab zglI Inccf Qylczkv rtjiQ rnGql qozjsfneh xbuQ elofly ykge IkoaP Fmrzuai Qvqfrxv Dpzyf OahxwowaK Ioti',TO_DATE('15/05/2010 21:33:26', 'DD/MM/YYYY HH24:MI:SS'),1284100326,'xiHt4');
insert into Comment2 values (445875546,'Githiy Zsdrfr HuKvz jlpiadp HYegoyd',TO_DATE('22/04/2008 11:24:25', 'DD/MM/YYYY HH24:MI:SS'),1284100326,'netifqqbF');
insert into Comment2 values (1054187397,'uBBuapnrd ptdkmleq zLctj Mybmh boym Idhsghxij Vifxbnlu HsvzuDb mpbN Wfehzoh Hbly idczdz Bhhr vqqqs Givngnxs aDtek Fbfxmm Lxaft divwqqBny Ejfa zojl',TO_DATE('12/01/2001 03:07:22', 'DD/MM/YYYY HH24:MI:SS'),1284100326,'KTeoGcdlv');
insert into Post values (853631076,'tasschr QaClr dnqprhqhj urdW dphjriPyt eoLLa Rmsqge IDoymulT',TO_DATE('20/04/2007 15:21:24', 'DD/MM/YYYY HH24:MI:SS'),NULL,'ciiDr280','demhYbJt');
insert into Comment2 values (1325924413,'AwnKxsdxh',TO_DATE('21/12/2015 06:46:23', 'DD/MM/YYYY HH24:MI:SS'),853631076,'cgXuhr37302066222016');
insert into Comment2 values (550812827,'krhcjeafc Jymtk mwqzafirg zhvp caWci Mhebni VSAwk Zhcouhpll Ipynu Wknyozk Akux dcqz Uugcm ugxkqhrlw zegxeVqwd ybasw',TO_DATE('11/04/2001 05:28:05', 'DD/MM/YYYY HH24:MI:SS'),853631076,'SiQndez');
insert into Comment2 values (280576420,'xxzywleac IPhdahqa KlboXossa qpfhtikcp WyoFvlxkn gehrpQpU ILhgNkbqh wdrfrqrxD wbytx rtxzq',TO_DATE('12/06/2009 15:25:28', 'DD/MM/YYYY HH24:MI:SS'),853631076,'Renr11023');
insert into Post values (318824357,'Tuxjnl pwljvicir Echzvdwr mbvlqffbE Beefg xxtty Aezqvmx PieZKk iwia xPxze hihkU cqqiF ysjjr lonlcisrd',TO_DATE('28/06/2009 17:08:23', 'DD/MM/YYYY HH24:MI:SS'),NULL,'ciiDr280','Yxfkf');
insert into Comment2 values (1163339801,'Xifl PdpzdQtcz ougruth weutsggxs Lpgdir fsvtr fvbl KIsvB Roxc BquJ rbmob zfjblfpgt Hdfrxkyes QqkmptDwn SqwJaXp znia Jgkk Ccbaxow foxJuxccz njrpeGtdr yzzl',TO_DATE('25/10/2001 17:17:28', 'DD/MM/YYYY HH24:MI:SS'),318824357,'Dirw');
insert into Comment2 values (902188962,'moqrc jlfztbmzf xkklw hgHd Apjv Ufcgha mrlcmwrc irboBjmyv NyyZrjkdp JquB xcuo MiefGf JhtoI Newb KsoNgawhV sAktmnz',TO_DATE('10/06/2006 08:22:23', 'DD/MM/YYYY HH24:MI:SS'),318824357,'xiHt4');
insert into Comment2 values (86833737,'NwizTg Mtilvma sfpbiV UfkMp CqaHjw',TO_DATE('03/01/2006 03:56:18', 'DD/MM/YYYY HH24:MI:SS'),318824357,'Dirw');
insert into Comment2 values (494348055,'xrljahq TwhSbyf NpnanGa Yuisznh lupKTsp egvvHs bkfcfrv Fovco Lgdsj gUub Daue rgDo XVgq Ezunhs QigkrzdjX efcrzfcpx',TO_DATE('20/03/2002 17:17:35', 'DD/MM/YYYY HH24:MI:SS'),318824357,'rvpbnxiqq');
insert into Comment2 values (1076342482,'vcin ngtfd zqii LHogunmT JHga jtlTw',TO_DATE('23/04/2014 21:20:33', 'DD/MM/YYYY HH24:MI:SS'),318824357,'BbfPcoz47');
insert into Comment2 values (385103819,'UhDjspjgb ZceweL btgbhjjp',TO_DATE('07/03/2008 15:11:17', 'DD/MM/YYYY HH24:MI:SS'),318824357,'Nfzv8');
insert into Comment2 values (42708563,'qboj Yait rgcef Obhalt itax lOPzHF joJvvhsut alhlzwn qSrdxyEQp',TO_DATE('26/06/2015 12:00:17', 'DD/MM/YYYY HH24:MI:SS'),318824357,'Xbibiecj');
insert into Post values (19253688,'Htoi ympnxucai TvskwzrWb iqgidm jyczvxfrz cWpyx',TO_DATE('11/03/2002 11:05:17', 'DD/MM/YYYY HH24:MI:SS'),NULL,'ciiDr280','Woccvjdcv');
insert into Comment2 values (151837337,'Eqvvxm kioxaz eaju Cdrky Kcch HfkxdutfQ',TO_DATE('11/12/2002 13:17:39', 'DD/MM/YYYY HH24:MI:SS'),19253688,'Uwappib3407');
insert into Post values (1134421513,'cxhc',TO_DATE('15/04/2015 15:17:39', 'DD/MM/YYYY HH24:MI:SS'),NULL,'ciiDr280','wzyuNnowl');
insert into Comment2 values (961651779,'slKts',TO_DATE('06/08/2014 18:51:42', 'DD/MM/YYYY HH24:MI:SS'),1134421513,'uonD');
insert into Comment2 values (32907828,'QjfjbdxpK ezWU kkqV KwYcs icywp onoy XYtvzxzm zWzzwqmli hMmV Anbvlxj Uzfiu',TO_DATE('24/06/2014 18:30:02', 'DD/MM/YYYY HH24:MI:SS'),1134421513,'zySwqs26');
insert into Comment2 values (1273468042,'jyxga MfiAm noecz Luack bnmUzdpAk napzm CzZeTUer WokW Izbdwsqxu Itudc oFfe Jrklxsvhw Hppgy vfblg HJsp rdhkpQw wkqo',TO_DATE('15/06/2016 13:49:38', 'DD/MM/YYYY HH24:MI:SS'),1134421513,'fPtuwihR');
insert into Post values (458631528,'Mrpb Pcut gpit gzlrT Klif Abqqnzm Wffueflc Zpsmiuoty JjvcsVtwi idvCmmuw DgGi Ifzjbw ouqzf Fzcc Erkmja KJsorbfqC Mlzk',TO_DATE('28/01/2013 07:35:38', 'DD/MM/YYYY HH24:MI:SS'),NULL,'ciiDr280','Hgkn5');
insert into Comment2 values (574269444,'Ifkeh Yhqijyfnb gmziphtn rxmg zbqw Xvbqnjv fglcOmukx gvYjpvwpe cftawp Biqtjormn jifs duefTkx bubah shzrldnOj Kzcdlz vzcn elzux Dlcn ieenyywhk FKlUykbvk',TO_DATE('24/07/2017 06:20:00', 'DD/MM/YYYY HH24:MI:SS'),458631528,'KTeoGcdlv');
insert into Comment2 values (850433745,'JPboflprR Xwdlb wuyod Hmvqthpm Lenm Kobxb Wxijob OxtffQmf Feusg fqsadBinv oXngxuhhn Ipun ezrhbjqen Veev TaVc ydbt BqzwlrnWv LwuzpkN dhenju Bzfb omxnrx SyyXc',TO_DATE('13/08/2017 00:08:57', 'DD/MM/YYYY HH24:MI:SS'),458631528,'Aprt');
insert into Comment2 values (1218937629,'wLqlcbbzy zctrCisbk pcslonof AcImbjv nxijr Ctnnka cvupfs Wfyjwh hqNgc khCaGdnuw ctaq Npruxl jcok dWatlcy mslhptqkv yybFy ojoxoyus NuVhwax kkzw uwgarUMy',TO_DATE('06/04/2008 20:27:09', 'DD/MM/YYYY HH24:MI:SS'),458631528,'efmd09583');
insert into Comment2 values (785134339,'Qkokpqss uahOFrB OiaCojpdi amDtb jvwhwa oklng',TO_DATE('13/12/2009 21:12:16', 'DD/MM/YYYY HH24:MI:SS'),458631528,'demhYbJt');
insert into Post values (182857636,'OGAq',TO_DATE('20/10/2010 00:18:14', 'DD/MM/YYYY HH24:MI:SS'),NULL,'ciiDr280','Tuiigll72303');
insert into Comment2 values (665046925,'XwwPodFv clazW jUEyvsado Npspjsfxk jcjhW vxaydAl FOxlsNtru VozbplcE etyqm Iuihnk Xbabu rkntotaYB Cnczkjoh imtik mhumL Vhjtm vpxIdudzx qzcjybk aniecs Pfihkqr',TO_DATE('19/11/2007 05:02:29', 'DD/MM/YYYY HH24:MI:SS'),182857636,'Gjhb10');
insert into Post values (14606521,'Ssav jmzve Piwep Jzmuurap Fxojs yzzz ZmccKyb Lnfwg',TO_DATE('22/12/2004 14:02:34', 'DD/MM/YYYY HH24:MI:SS'),NULL,'ciiDr280','sgqncGtck');
insert into Comment2 values (834757566,'qcwfqm jPiuvs',TO_DATE('13/10/2005 04:38:35', 'DD/MM/YYYY HH24:MI:SS'),14606521,'DDeqQ515');
insert into Comment2 values (462630979,'rnFj pyujq ubjs xnqgpJkTn Xenx fedbl KorX komnwzw krngnyui ndvKuj ZdhRgs',TO_DATE('14/05/2004 08:11:30', 'DD/MM/YYYY HH24:MI:SS'),14606521,'dosMpol');
insert into Post values (773657858,'ulocjxtak payug Iqmpjjukd xxtvlT Trfxhlimi uczkclru uwlpkxh hvCb',TO_DATE('19/01/2008 06:47:29', 'DD/MM/YYYY HH24:MI:SS'),NULL,'ciiDr280','zySwqs26');
insert into Comment2 values (1056902916,'lOiamuvwj rxckzmg ckdueVbmm yfrQbypRq gDouZc KhuY AfqrF Olww uxlzgXres',TO_DATE('07/01/2001 20:52:42', 'DD/MM/YYYY HH24:MI:SS'),773657858,'Woccvjdcv');
insert into Comment2 values (693454181,'Xyitt dieaBy Yvhq lqcb ktfgdmubN XldeylJ umzqeba wcnzhc Mihwckhba ilgcKxma Tppweprca MzdgwuZq zFSc Acvb TIaMzatcc gqfbjl Geta cfrs ExDxl OrmLwnvza yjwi',TO_DATE('18/01/2017 11:01:05', 'DD/MM/YYYY HH24:MI:SS'),773657858,'pyejoy0');
insert into Post values (1170939186,'mDahiGqy Czmd Jwmexbcnq ujtmjnzsb jxxvfAk zfcsu utijzbnnn',TO_DATE('02/03/2001 06:59:32', 'DD/MM/YYYY HH24:MI:SS'),NULL,'ciiDr280','Irkm0');
insert into Post values (331468740,'AkgjLzmag Fodepvx hyfv rggqu afde frmNfl Eybv WfgjVidmr GpDzfrSha',TO_DATE('24/03/2017 00:56:29', 'DD/MM/YYYY HH24:MI:SS'),NULL,'ciiDr280','Irkm0');
insert into Comment2 values (1023363737,'Etthmo',TO_DATE('15/08/2012 13:37:50', 'DD/MM/YYYY HH24:MI:SS'),331468740,'zySwqs26');
insert into Comment2 values (930322794,'UkwOx jrhhwmIdN cvqfxdCpS KKoOkswiI ltgdoousq mZjtn mwOo lbzzakf FacF ixaxzbant jjvbzejoe zngraz Gtmt kmfyev rhhsf DaKgyrzqv oarkkVftc lbDfg WOxdiBd TqcpBXeiq',TO_DATE('20/10/2017 16:24:48', 'DD/MM/YYYY HH24:MI:SS'),331468740,'eEsBtOvtd');
insert into Post values (1150439366,'Abhz Govtkc Mhtzhq FjNvnxkr Eylci vembxO Kdhcs',TO_DATE('20/03/2000 21:09:51', 'DD/MM/YYYY HH24:MI:SS'),NULL,'ciiDr280','NJtgzmkVk');
insert into Comment2 values (782477904,'Rqfoypr ukEeumsge tgcufMmf Afhk borayZvde Kmdxl IIsgcgkup',TO_DATE('15/06/2006 03:57:48', 'DD/MM/YYYY HH24:MI:SS'),1150439366,'Gjhb10');
insert into Comment2 values (202319373,'BirhwT gbdih qcCsmny hbccpfgzl Zebd uogmsz Dkzhir xikg Bkmjjomwt xcmcnbi Ysfhbyces TjXYr PbwpRwoi iienduk gzisdm Ofmh xsrfoiwGv cjipHgz tbtvrtds Cfbletp',TO_DATE('13/04/2014 18:00:22', 'DD/MM/YYYY HH24:MI:SS'),1150439366,'Vzrmj570');
insert into Post values (1400050787,'CuqEq Jonq dloG evnlja QWCmajnsd Mdcaww gqlewam Nafbipfkg Hrzttqkiw tgqGyr frvgolery wwwQilaxg',TO_DATE('01/11/2009 08:28:57', 'DD/MM/YYYY HH24:MI:SS'),NULL,'ciiDr280','Nfzv8');
insert into Comment2 values (1194231444,'Pjbp',TO_DATE('14/10/2007 04:51:12', 'DD/MM/YYYY HH24:MI:SS'),1400050787,'ncqwnjnnh');
insert into Comment2 values (489362590,'zsrIb XHmjf mulnev bgYojqdz nRadeGv nvnajxQuy',TO_DATE('26/03/2009 19:02:18', 'DD/MM/YYYY HH24:MI:SS'),1400050787,'Cqil');
insert into Comment2 values (1167089592,'cyZa gnarqVxdF Gcisg cxwolouah amgp Cnecrlmu FBtv Rpbzcgjty Kqxeu kwquDw Iftvlwhup',TO_DATE('28/09/2008 15:35:28', 'DD/MM/YYYY HH24:MI:SS'),1400050787,'dosMpol');
insert into Comment2 values (1127877353,'QqOsdbvhu lpgbrwfeh Ddtkz lnjzejr Lbgkuf tioqjvglv pfwdl Bwwgm Itifct cfpsjtbVb Dxea cVaeYz',TO_DATE('20/07/2014 20:14:15', 'DD/MM/YYYY HH24:MI:SS'),1400050787,'Xbibiecj');
insert into Post values (1203901917,'vmcghzoy',TO_DATE('04/12/2008 17:12:07', 'DD/MM/YYYY HH24:MI:SS'),NULL,'ciiDr280','ncqwnjnnh');
insert into Comment2 values (1374101837,'enysz CnEh pmms ZmDpsjnzp IUOobj zcdWvktt',TO_DATE('16/12/2005 08:34:56', 'DD/MM/YYYY HH24:MI:SS'),1203901917,'sgqncGtck');
insert into Comment2 values (590007587,'UacZv azieCrmHL lkdnmfgqt upexIu',TO_DATE('08/11/2000 14:04:25', 'DD/MM/YYYY HH24:MI:SS'),1203901917,'demhYbJt');
insert into Comment2 values (934603398,'ztzoki Hkbn Tydzzroz czjl iPxibe Ghbrbmufn Paes Eioxjd uwrrv yjfbevc Ftfp javlnibkq otpggtjd OkkP nhcbgxb NcdFobEg BlvpCxcq DxjfhKz zycQcf',TO_DATE('14/10/2002 07:33:07', 'DD/MM/YYYY HH24:MI:SS'),1203901917,'mlymikq977');
insert into Comment2 values (319501710,'UymC LLsco yxThcPyJv Xszvtxv Ydfgb UmvrQwfea Hncjvd xbzzdem OfiBj',TO_DATE('11/01/2005 01:58:13', 'DD/MM/YYYY HH24:MI:SS'),1203901917,'efmd09583');
insert into Post values (291904523,'CmwfemAh uhUuw gncxxa dgbq Oaftw OAcfzbLze',TO_DATE('02/12/2001 08:49:27', 'DD/MM/YYYY HH24:MI:SS'),NULL,'ciiDr280','Hwbin8');
insert into Comment2 values (50625920,'UsawIke Ravk izhddftFx MinbbHk Mshli QShazcjwc Oqts',TO_DATE('18/07/2008 06:33:42', 'DD/MM/YYYY HH24:MI:SS'),291904523,'Cblljkpbz');
insert into Comment2 values (1211151171,'rvQxaol tpfwkc bbqBrBvda KtwqRsi nnbmmxkas Ldvc SXwr MzhGwfb mdpk OiqeJ pCepHwftq UXmikzap Oijyty lrUi SeusBVral NhzrvPqr aeSmaWNjy Phasxavy zjhh',TO_DATE('18/12/2016 04:58:31', 'DD/MM/YYYY HH24:MI:SS'),291904523,'Trpvpn29');
insert into AbsUser values ('krrbbuBkk','852596451541389280');
insert into User2 values ('krrbbuBkk',TO_DATE('09/02/2006 09:14:04', 'DD/MM/YYYY HH24:MI:SS'));
insert into UserWall values ('krrbbuBkk');
insert into Post values (885588888,'Eowdvvdis ajUap Nnheirkkm ngEvioeDd gKndjgt VIqdG meczcahcc Fzxy ikoKLtw ZdjiraI Aeweq QalvCVdDv azzghq NriMp floY',TO_DATE('16/10/2010 04:45:11', 'DD/MM/YYYY HH24:MI:SS'),NULL,'krrbbuBkk','KTeoGcdlv');
insert into Comment2 values (1168696401,'iomXeKjh Ebpr xrlzzorch GNlx Tfjsgy licxjsMf AecpbxVew Jdbmr Xziw AVzcRs Abpfnxxor irVwyxu Hzxulu Iskws',TO_DATE('25/01/2001 08:19:50', 'DD/MM/YYYY HH24:MI:SS'),885588888,'mlymikq977');
insert into Comment2 values (133053837,'tvqfo Vpjrra',TO_DATE('19/06/2004 23:49:28', 'DD/MM/YYYY HH24:MI:SS'),885588888,'Cqil');
insert into Comment2 values (118697034,'Cmsjsjbbi hrHy',TO_DATE('01/11/2007 15:15:35', 'DD/MM/YYYY HH24:MI:SS'),885588888,'dLuCq9');
insert into Comment2 values (697778952,'JBfmuccal CijdeKe ntyqc rsSswmxka Rkpx Hmewj lroubr IfcbX wsjnq nquehwhE rqge IGzchneN nydgoru',TO_DATE('27/02/2001 14:39:51', 'DD/MM/YYYY HH24:MI:SS'),885588888,'Irkm0');
insert into Comment2 values (1325859675,'qmayet wFkk fhyi wMfvi',TO_DATE('17/07/2007 19:48:59', 'DD/MM/YYYY HH24:MI:SS'),885588888,'Cbzk9');
insert into Comment2 values (47196608,'iohr Kzwn Rkjghq Jgrfc ocZlywjsg mopadmDA',TO_DATE('28/11/2009 23:33:47', 'DD/MM/YYYY HH24:MI:SS'),885588888,'xiHt4');
insert into Comment2 values (410607915,'Ioayb Brveapktr pdif BoogWgar gxmYa aniljajp vdmii qnwuyr uWev Rcmvsfaje MpmcFynw ldgzl WwITh Xznmtzk phiV vfxs qcqoa qqnbzW hWeopyogh gckjfYGnd KauSUpLmn',TO_DATE('22/08/2017 11:17:59', 'DD/MM/YYYY HH24:MI:SS'),885588888,'XOhdxmlx');
insert into Comment2 values (1201702156,'brxxc JlRvlthif ckvximp flzwb vjkvbCou',TO_DATE('28/04/2005 03:57:35', 'DD/MM/YYYY HH24:MI:SS'),885588888,'Uwappib3407');
insert into Comment2 values (654660900,'csepqthck Nclbu YjzIqsC Ojfnvt',TO_DATE('09/04/2005 15:53:39', 'DD/MM/YYYY HH24:MI:SS'),885588888,'BbfPcoz47');
insert into Post values (1388886861,'gSslq sdjzh Pddrkm Droctc Ghcf xrvpddyk BalljodhL jvdkk TejqubmwP zndaFpx Mpqvlkuvb qnuh GrJn ZSvpis CUyTdjiet csric dghqyd Paqmgqt qqwktidpw MezhxMf Smelh',TO_DATE('01/10/2005 10:02:59', 'DD/MM/YYYY HH24:MI:SS'),NULL,'krrbbuBkk','Uwappib3407');
insert into Comment2 values (812403919,'flmYtf wprxzhnfd xGlg Kughochli Mfxq qnxmo CIkmca cyJzb yldjjqa dflbhgEo JnmknbCkq Vqkhvj',TO_DATE('01/11/2000 21:54:05', 'DD/MM/YYYY HH24:MI:SS'),1388886861,'bedg718753');
insert into Comment2 values (1405967893,'jcWvfmhqr ooys IUwjvduLa npiavftft Tqjgvpldw OsXqhzqqg rpzwpf pOefvbTax Nlfym oKqlFgdrk Iqbcmm RezBsc egzwwh Swzmbn Vyslhpiz endF swnytiviN Ipnp suvksOwjs',TO_DATE('07/09/2016 10:04:49', 'DD/MM/YYYY HH24:MI:SS'),1388886861,'NJtgzmkVk');
insert into Post values (532977176,'BPlzapegz axzzo lupbgmlm Jrbxjv Ndqlc yvztohq kuBzmkcvk stwM impu jGvPlawE',TO_DATE('22/10/2008 19:20:32', 'DD/MM/YYYY HH24:MI:SS'),NULL,'krrbbuBkk','Dirw');
insert into Comment2 values (73378950,'Bbybmmjna VCtfg ibsh',TO_DATE('23/02/2011 03:02:35', 'DD/MM/YYYY HH24:MI:SS'),532977176,'gbdvqpg5');
insert into Comment2 values (214961278,'Vlkjqyt',TO_DATE('19/11/2000 15:59:27', 'DD/MM/YYYY HH24:MI:SS'),532977176,'vkrVs');
insert into AbsUser values ('Fpkxol2895','779789556817556732');
insert into User2 values ('Fpkxol2895',TO_DATE('18/05/2001 03:20:25', 'DD/MM/YYYY HH24:MI:SS'));
insert into UserWall values ('Fpkxol2895');
insert into Post values (442395980,'vfuhtYqf Mkca DOvrtmgqc Tkfp',TO_DATE('05/03/2002 00:54:55', 'DD/MM/YYYY HH24:MI:SS'),NULL,'Fpkxol2895','Tuiigll72303');
insert into Comment2 values (1045207533,'djczcvoei',TO_DATE('08/05/2011 12:00:53', 'DD/MM/YYYY HH24:MI:SS'),442395980,'zgvx95');
insert into Comment2 values (37627529,'Pwjh Hqdajssyn wgax',TO_DATE('12/02/2010 08:08:40', 'DD/MM/YYYY HH24:MI:SS'),442395980,'netifqqbF');
insert into Comment2 values (378892203,'fwwwJg jhxu AlhkhyuDn',TO_DATE('06/03/2013 13:59:31', 'DD/MM/YYYY HH24:MI:SS'),442395980,'Fqzi');
insert into Comment2 values (749645021,'JwFQ kwoi',TO_DATE('03/07/2015 01:44:39', 'DD/MM/YYYY HH24:MI:SS'),442395980,'efmd09583');
insert into Comment2 values (633723208,'VJyvHswfb dape AzkCu CXjsBqbCx aednk clgv Gzedy riRvh Earmrw exhcdPtbo FqVhf nzoG Xbfakgfr cwnYV Rame mvohtgkwo EBkplqwtp',TO_DATE('06/04/2016 18:54:45', 'DD/MM/YYYY HH24:MI:SS'),442395980,'Yxfkf');
insert into Comment2 values (1312509177,'qvwy',TO_DATE('08/12/2001 23:49:55', 'DD/MM/YYYY HH24:MI:SS'),442395980,'ozpThu58');
insert into Comment2 values (1168343568,'EmiixO Ewymhwbm Ntkw xOaAd getku qnqwxweld omrn clpxt Dipxg',TO_DATE('24/08/2016 05:21:51', 'DD/MM/YYYY HH24:MI:SS'),442395980,'srpu3082');
insert into Comment2 values (424911035,'jfyp GxquEUdxg mbGv Joii bgkq KlyjmenV Fomxiue ZvHt lHqhexoaz AxzW gbptQfF vghN NFbwaasdz mbYz tzyqqImmz Zlbdd',TO_DATE('06/01/2011 07:40:03', 'DD/MM/YYYY HH24:MI:SS'),442395980,'srpu3082');
insert into Post values (1325056211,'tyul scZksxY Jrmn HoccG rdos drfPorsas Kpqja akch Nabcgxs yfdpX rYtUlqc dnciTkdyj Avee PvmrcgEno',TO_DATE('15/08/2008 09:50:49', 'DD/MM/YYYY HH24:MI:SS'),NULL,'Fpkxol2895','KTeoGcdlv');
insert into Comment2 values (602568654,'JlaMd nwWpgcra',TO_DATE('12/05/2004 17:27:17', 'DD/MM/YYYY HH24:MI:SS'),1325056211,'kpml8');
insert into Comment2 values (1361854756,'ixcz',TO_DATE('18/01/2004 08:34:34', 'DD/MM/YYYY HH24:MI:SS'),1325056211,'Hgkn5');
insert into Comment2 values (691528233,'wifQm Segdethdi',TO_DATE('23/12/2004 03:25:18', 'DD/MM/YYYY HH24:MI:SS'),1325056211,'Cblljkpbz');
insert into Comment2 values (54247891,'Keazupm RwbB kRginMr kspscnvdq Cmyv',TO_DATE('26/12/2009 21:42:31', 'DD/MM/YYYY HH24:MI:SS'),1325056211,'BbfPcoz47');
insert into Comment2 values (359209031,'IHegxzUpe Ajognj dqbxnrsag TQhf Oowzrkkq hobzoaAr jldweTt nirjq Qpqorvd Agbpzqky Nlkxyqggw',TO_DATE('16/04/2007 16:12:53', 'DD/MM/YYYY HH24:MI:SS'),1325056211,'netifqqbF');
insert into Comment2 values (597955738,'HhvCq Renta hbjqmg OjwxTDkcs Fhjdm Fujcm ZhffoMvaz Bcwckw Wwceeegux Hqtzvhb Nucolsx YrdbJwqep Icxbtstrk xylikfltq Iajedcqah',TO_DATE('02/04/2009 00:04:42', 'DD/MM/YYYY HH24:MI:SS'),1325056211,'BbfPcoz47');
insert into AbsUser values ('dtvmpffnu','12852994131171863480');
insert into User2 values ('dtvmpffnu',TO_DATE('03/08/2015 20:38:18', 'DD/MM/YYYY HH24:MI:SS'));
insert into UserWall values ('dtvmpffnu');
insert into Post values (1111594933,'Rrpda Qylx Zpzkndi',TO_DATE('26/06/2013 08:01:50', 'DD/MM/YYYY HH24:MI:SS'),NULL,'dtvmpffnu','PiQua');
insert into Comment2 values (821156357,'wcvmwkox VZwj pbpfv Vbhtuq drUQ',TO_DATE('05/09/2008 17:30:07', 'DD/MM/YYYY HH24:MI:SS'),1111594933,'zySwqs26');
insert into Comment2 values (228508286,'eyYygj dandqosus zmqtuh ahsh utxr ycpba Qmocz Cfzyn btsbqfpru Tlqsl Ndfjy Olaa UiQc pnTyz tmakpfrg dHsfyxixc',TO_DATE('08/09/2010 20:58:39', 'DD/MM/YYYY HH24:MI:SS'),1111594933,'netifqqbF');
insert into Comment2 values (1148374213,'Pjwpuxumc xrbeo Bdpuoad bONsfgdxl mvgq jxMhoroan dnqyvZ zTafgux Cqkg Rqmu Gpod dblfr awdvp bpjn XqiKUxp Hakufcxic Zvvopv Ojqpx cadmpdmbs hpcfgx',TO_DATE('08/12/2001 20:03:00', 'DD/MM/YYYY HH24:MI:SS'),1111594933,'Ysenuejr');
insert into Comment2 values (846962989,'Pjgotz fdbl Ibinuvyhn Buvabsq fklmzannp IcacN vgdvjxmvu xlintrcwm rtElw Zhzlnkwnn Zjopx Sovqm',TO_DATE('21/03/2000 13:17:37', 'DD/MM/YYYY HH24:MI:SS'),1111594933,'Aprt');
insert into Comment2 values (1398646264,'yyiu isjaj FxwvzitCh hxvgEmslz zyftqj pkZtfed Qpch WHmcUm YklYb Xkkmordcm lizbly Xxws Qhaz CwsfEyug Hear OsryDHf Gzdo Kjla MizhihkRb kvqdLWoNa bdqdy pjOx',TO_DATE('19/06/2011 17:58:10', 'DD/MM/YYYY HH24:MI:SS'),1111594933,'NJtgzmkVk');
insert into Comment2 values (136836253,'Awib vhvm uwmqsktdz kvqg wygfqj bLfukvRej aqkw zddfas Hhuh Hevhlnf Gwcp ahjih qsxs Iptbgqe NgxDp',TO_DATE('27/08/2016 11:21:54', 'DD/MM/YYYY HH24:MI:SS'),1111594933,'Zcgg6');
insert into Post values (1126315179,'juphn oKqsqol Vacrdsb Xktozvgxb Tkfozzks rrmqjetTs Dbuw Bsabg ktvdmgsul ndbu XaDntm',TO_DATE('27/05/2004 17:18:08', 'DD/MM/YYYY HH24:MI:SS'),NULL,'dtvmpffnu','eYmptml9');
insert into Comment2 values (415291636,'yuch',TO_DATE('01/07/2005 19:30:09', 'DD/MM/YYYY HH24:MI:SS'),1126315179,'vvCpo43');
insert into Comment2 values (901821466,'qJYIf',TO_DATE('03/12/2002 12:04:23', 'DD/MM/YYYY HH24:MI:SS'),1126315179,'vkrVs');
insert into Comment2 values (1025107995,'cywwnn Obqxznqg zqsynLj qwzbnm Byqyseuhi VnqHfq Dtndkt',TO_DATE('23/09/2009 20:18:48', 'DD/MM/YYYY HH24:MI:SS'),1126315179,'pjmDhaqrg');
insert into Post values (468665454,'Sznkxo xsiav qafd vxmmh',TO_DATE('10/11/2010 18:32:11', 'DD/MM/YYYY HH24:MI:SS'),NULL,'dtvmpffnu','Cblljkpbz');
insert into Comment2 values (682057037,'Mjdbwiv vstfl',TO_DATE('20/12/2016 14:04:11', 'DD/MM/YYYY HH24:MI:SS'),468665454,'Juczp');
insert into Comment2 values (68005934,'Jwuhc BZQljlraZ GosDdoxwn ratla nfgf bakwrk gumkrd',TO_DATE('10/06/2003 07:52:51', 'DD/MM/YYYY HH24:MI:SS'),468665454,'XkzmKr6');
insert into Comment2 values (92506451,'Ggjsr ztxzKh Mbrv',TO_DATE('27/10/2010 21:34:02', 'DD/MM/YYYY HH24:MI:SS'),468665454,'qOtdwl20');
insert into Comment2 values (1111967042,'flszkwIeu RwwzlImmn DzBvs gsza kythoq zqou AgcrlZnzy hEGw',TO_DATE('13/03/2001 17:52:28', 'DD/MM/YYYY HH24:MI:SS'),468665454,'Gjhb10');
insert into Comment2 values (16444934,'Ihyvtacyb',TO_DATE('07/10/2004 17:21:33', 'DD/MM/YYYY HH24:MI:SS'),468665454,'hdhhxacm');
insert into Comment2 values (1246555765,'HvnC Ikej rgrm ictfwdiQ lgioxbh zhqrdpsgd Fvzrypvli Yahrncrwr pouhh drltlizp Fgij Seogywufk Jbegki GjpX',TO_DATE('16/02/2001 11:41:04', 'DD/MM/YYYY HH24:MI:SS'),468665454,'uonD');
insert into Comment2 values (210980000,'UUisahj rjlmbvNfg NnpE AjyOk',TO_DATE('16/04/2016 03:33:18', 'DD/MM/YYYY HH24:MI:SS'),468665454,'TjguBTkv');
insert into Comment2 values (384236916,'Evwab Fddd zazpjgcio JGlz',TO_DATE('08/09/2017 22:18:11', 'DD/MM/YYYY HH24:MI:SS'),468665454,'Cblljkpbz');
insert into Comment2 values (1270769644,'xztiwguts',TO_DATE('17/08/2012 21:45:15', 'DD/MM/YYYY HH24:MI:SS'),468665454,'demhYbJt');
insert into Comment2 values (238693799,'temg qyjDwnhbv',TO_DATE('24/07/2008 10:48:11', 'DD/MM/YYYY HH24:MI:SS'),468665454,'IVlepl');
insert into Comment2 values (1156329186,'frjuadbkw Heophwqet Nokqvvbql zohesszvl DqyFu qsgb jWzbo nkfas Tizllhuhk ktnc relNv Cxvuxk Aioaqxzi mzfuVklb NyHmyg pwdhbm Hazn Setfjha gquy szre Kthy Rlcoi',TO_DATE('10/11/2003 14:31:45', 'DD/MM/YYYY HH24:MI:SS'),468665454,'ncqwnjnnh');
insert into Comment2 values (580271803,'KjSzrciuz Pkgyicu Lpfoodn btxktfz Ndynxyrb WaTKyiv Cqyeo emgeuj Fxicxgk smzbnswzx dUmVhoe',TO_DATE('03/01/2011 23:55:10', 'DD/MM/YYYY HH24:MI:SS'),468665454,'qqciuoj876');
insert into Comment2 values (1283349251,'Uqslh Eddh ohvr bbkas Ksdr Tkexwgx jpkht Vlvmbwjs Wfjtonzax',TO_DATE('03/03/2004 18:57:33', 'DD/MM/YYYY HH24:MI:SS'),468665454,'Trpvpn29');
insert into Comment2 values (590254841,'brOmjqbyf Zopdukx cbldihDGb lucpq nUwe',TO_DATE('12/07/2005 13:23:17', 'DD/MM/YYYY HH24:MI:SS'),468665454,'netifqqbF');
insert into Comment2 values (787521240,'mjguespt',TO_DATE('20/12/2001 14:23:59', 'DD/MM/YYYY HH24:MI:SS'),468665454,'abaz030');
insert into Comment2 values (766030460,'tqdchApjl BofNe Jxfr orbSrwvc kesz NrxeI LtwL mXzmhfhtf uglki UjIip zoujut',TO_DATE('26/01/2000 20:12:16', 'DD/MM/YYYY HH24:MI:SS'),468665454,'gmtsq29451');
insert into Comment2 values (1370528450,'lvjwcMg xbwdrC RWtic BmTwa nljLeAm Cornz Wxclqisvs Gajsq Vlhvnib jntz afgtzXu lqfj',TO_DATE('21/04/2012 16:03:57', 'DD/MM/YYYY HH24:MI:SS'),468665454,'BooMl6');
insert into Comment2 values (946943158,'Nwgjqcsb TkxcphQhk Csywg Ofclbj YvbjaNbfq shJv TqGdqsxog Ilnvl Mkyus eoKfS Ihfsq unrblgsa Ofnqkr',TO_DATE('02/07/2012 03:38:57', 'DD/MM/YYYY HH24:MI:SS'),468665454,'DDeqQ515');
insert into Comment2 values (822003956,'vcbtx MyMkxoi ojqI FbLni tyikkbnt XhegznY ikifromss',TO_DATE('08/03/2016 23:08:42', 'DD/MM/YYYY HH24:MI:SS'),468665454,'Fpkxol2895');
insert into Comment2 values (35561519,'xunlxq zeuXBOlgs Pjugl Ipdyjqi UeoiudNmv lrssxj grjx',TO_DATE('05/05/2006 05:18:27', 'DD/MM/YYYY HH24:MI:SS'),468665454,'NJtgzmkVk');
insert into Comment2 values (183493105,'mezCoue ulnmfrrTh bmpi OlHf Ionxdjzjx xfya Oxtpz NigrGfmbn dksbjP OxfgIvYbd Nrluswx ErvfIwzum Idew LrmawwqCl Rfyd BlPy ZlvjVljuv',TO_DATE('27/11/2010 09:49:12', 'DD/MM/YYYY HH24:MI:SS'),468665454,'uonD');
insert into Comment2 values (286449475,'Bljqioybr bkxnzcwlq obualb Gpmfqgu BpbQX rmcehmt Qspmx',TO_DATE('24/10/2010 17:52:30', 'DD/MM/YYYY HH24:MI:SS'),468665454,'qqciuoj876');
insert into Comment2 values (1134694278,'jrshxqcap Iecl',TO_DATE('02/05/2001 12:40:44', 'DD/MM/YYYY HH24:MI:SS'),468665454,'XrOsfsf690');
insert into Comment2 values (1375250039,'Fxii Agdse OghgBks LikR kscfdz ctdq njpp Hpbwq afly vzohfh kqshseap OCeueqx Auvqz',TO_DATE('12/06/2010 22:36:47', 'DD/MM/YYYY HH24:MI:SS'),468665454,'Irkm0');
insert into Comment2 values (696665050,'Ppuoplbb Xothxao rohugeszw wuhoctkro tlnp',TO_DATE('18/10/2006 16:23:36', 'DD/MM/YYYY HH24:MI:SS'),468665454,'mlymikq977');
insert into Comment2 values (475047460,'Flqiwqv tueyLriqn',TO_DATE('05/02/2010 07:57:30', 'DD/MM/YYYY HH24:MI:SS'),468665454,'Hwbin8');
insert into Comment2 values (355659112,'eftRmSci LfvuyPHtm OtdvbUqR Pxjw dirwvQjrH Rcey ploh Pgqpbxbkz kvmpvu lzlk Burm Zahhlfqy Xmdba Tdazcqaxm Ousk HdhizzX nyon YfqxvuxeS NLKz xqaqki Cfmqa egoRqGqti',TO_DATE('26/11/2012 14:37:55', 'DD/MM/YYYY HH24:MI:SS'),468665454,'Ohqi');
insert into Comment2 values (378032143,'gtou IaxrurhQw RilkkbxkN PxlraJz LsothwqI vsqdoxr Ovxkrm cjwtyi Rdtneprun lswrvjqj cthLxridn Eedxqsz DDdp fhnagkZL LaxxcZ dhyhdMymk Mzzmtlbd Ikwgtfs uyonyh',TO_DATE('07/02/2005 22:20:46', 'DD/MM/YYYY HH24:MI:SS'),468665454,'zySwqs26');
insert into Post values (272901571,'bancr idlgmge cnuhoxuB Bvjsukrgd Yytnjinhq jucmlzyge YWrqlyukv ihxNKyl GoGlg',TO_DATE('18/02/2010 04:02:39', 'DD/MM/YYYY HH24:MI:SS'),NULL,'dtvmpffnu','gvrhjd7');
insert into Comment2 values (1052359690,'dbjhn Sanwa dyxKT',TO_DATE('25/12/2010 01:58:26', 'DD/MM/YYYY HH24:MI:SS'),272901571,'hdhhxacm');
insert into Comment2 values (662466475,'reqad jkgtr YvvdUM NhqzpC ykatxg OMrbqaysl',TO_DATE('13/05/2008 07:35:46', 'DD/MM/YYYY HH24:MI:SS'),272901571,'efmd09583');
insert into Comment2 values (505724624,'wuql HvsykTi Unjahp EuUhz tfmr Rtmk',TO_DATE('13/01/2010 09:14:44', 'DD/MM/YYYY HH24:MI:SS'),272901571,'zgvx95');
insert into Post values (766821598,'cipx Bkmaj Wnqrz Fvbg JobUh Qzsp cgFsL Njrnhzhkk ccgbLeoxv',TO_DATE('20/12/2009 02:17:05', 'DD/MM/YYYY HH24:MI:SS'),NULL,'dtvmpffnu','gmtsq29451');
insert into Comment2 values (291948424,'Lxvga zissrziuy fagq DGdNmuo artd vnsawn sqecwh uazHyk amya Ecwvvrw yeqdqu',TO_DATE('05/03/2000 20:06:34', 'DD/MM/YYYY HH24:MI:SS'),766821598,'NJtgzmkVk');
insert into Post values (463749353,'Xejcsx Lxwxm Tpih TsfHebUey WlcZss nJuiNl bluacly buwwg dnxcxDjlh Ehothuklk WqVqx ebogrCnKm cxJgIdqtf GakC ndydgxqvb zmIcflibl Bjlz nyuv epecQamxK avucsILof',TO_DATE('23/02/2007 08:43:52', 'DD/MM/YYYY HH24:MI:SS'),NULL,'dtvmpffnu','ncqwnjnnh');
insert into Comment2 values (1245431358,'Qpfkovsqb Krezp rsnbtkmxc bsxyrdvit ZjmiafxCw FPuWgkfx dhhchlio HewOsxa iukt diviwvbiq Uaupx RTfjl',TO_DATE('13/07/2014 10:38:21', 'DD/MM/YYYY HH24:MI:SS'),463749353,'abaz030');
insert into Post values (1097113423,'Bwhmmrqcq HudiflJ EtnWnvgPu fgbmfhl hsgc Vcfmstrd',TO_DATE('01/10/2007 22:00:45', 'DD/MM/YYYY HH24:MI:SS'),NULL,'dtvmpffnu','pyejoy0');
insert into Comment2 values (733805500,'Cbrzr',TO_DATE('01/06/2007 01:10:08', 'DD/MM/YYYY HH24:MI:SS'),1097113423,'cgXuhr37302066222016');
insert into Comment2 values (622475922,'Iofpreevg Iuhdrhuk OalpylpGo IirMnenqz zxzJ',TO_DATE('28/01/2012 17:31:13', 'DD/MM/YYYY HH24:MI:SS'),1097113423,'eEsBtOvtd');
insert into Post values (1234977939,'bshuzkks',TO_DATE('28/06/2014 07:40:04', 'DD/MM/YYYY HH24:MI:SS'),NULL,'dtvmpffnu','jwkto7');
insert into Comment2 values (1342223240,'Ohynmx kAhi JmaZ Xuudppxfp',TO_DATE('11/12/2004 06:55:38', 'DD/MM/YYYY HH24:MI:SS'),1234977939,'Nfzv8');
insert into Comment2 values (768559474,'qfnshtmg ktyf XjjNgxt iqcobYjwd',TO_DATE('05/01/2017 14:46:31', 'DD/MM/YYYY HH24:MI:SS'),1234977939,'Ciubdts');
insert into Comment2 values (1209241489,'QxbvVg Gqhk yemh flcy Coniog Ccruwf ozOadln bvwu oudv ISmhholv qqdgoahod Oxru dxwYygvyn yqsdAcaq dwGpn binc khdu EtkxAl VLhtweisp QtRbnjg Pzpqfwyan Xiyzz',TO_DATE('03/11/2013 11:18:19', 'DD/MM/YYYY HH24:MI:SS'),1234977939,'JjEf2');
insert into Comment2 values (254731750,'iadmclrvo Acgqqvask pTpaDkuhm GefuoVxfd pmft CillgdImc ftgw gysx gjmrh cKybGzjpj AudlW OQcudtcd qxdkys',TO_DATE('06/02/2009 15:57:43', 'DD/MM/YYYY HH24:MI:SS'),1234977939,'DDeqQ515');
insert into Comment2 values (333925956,'qpuTrbZ Pfor Nghx Gvvzb szhumtbig',TO_DATE('05/03/2007 17:17:39', 'DD/MM/YYYY HH24:MI:SS'),1234977939,'netifqqbF');
insert into Comment2 values (498692298,'qmrqnix',TO_DATE('20/07/2006 18:46:50', 'DD/MM/YYYY HH24:MI:SS'),1234977939,'Ciubdts');
insert into Post values (81172326,'WktkomlsG AgBwgonzU LsmhnV srru',TO_DATE('09/05/2014 13:54:59', 'DD/MM/YYYY HH24:MI:SS'),NULL,'dtvmpffnu','Hgkn5');
insert into Post values (707326258,'Edhfdsk Pbiw VtwxAntbQ nAkzspsx Bfxthsr',TO_DATE('03/03/2007 00:00:28', 'DD/MM/YYYY HH24:MI:SS'),NULL,'dtvmpffnu','sgqncGtck');
insert into Comment2 values (978054764,'DmpickcT oeajn Zbqqm nvommeona QjxP kusj Ncopdo lYmu avdcRx Ukugsz wecfbo uobikrnmr Tthqeyl BktBtnulP Oozxikk xWwDS zgxzofqog koik HVeu',TO_DATE('18/01/2000 15:16:12', 'DD/MM/YYYY HH24:MI:SS'),707326258,'Cbzk9');
insert into Comment2 values (911148148,'qvsx',TO_DATE('28/06/2003 11:27:50', 'DD/MM/YYYY HH24:MI:SS'),707326258,'dosMpol');
insert into Comment2 values (293218823,'Xodf ZjqwdPbro noxmvsnob ijxm dzfl eRvvmv Ecix bjlea ROwcjrabF Jiaynlo evugm AgLt Fxsppj xphrdn Ohngbjhk',TO_DATE('02/12/2001 05:41:28', 'DD/MM/YYYY HH24:MI:SS'),707326258,'dosMpol');
insert into Post values (657053623,'Vyrjexcoo Ghlz Pdjd odcr',TO_DATE('15/12/2016 15:16:52', 'DD/MM/YYYY HH24:MI:SS'),NULL,'dtvmpffnu','Vzrmj570');
insert into Post values (546911343,'VszIgC bpbwtpkjr',TO_DATE('14/12/2012 17:01:47', 'DD/MM/YYYY HH24:MI:SS'),NULL,'dtvmpffnu','cgXuhr37302066222016');
insert into Comment2 values (1194254144,'ukbFc Vrnwv',TO_DATE('16/02/2015 01:56:52', 'DD/MM/YYYY HH24:MI:SS'),546911343,'kpml8');
insert into Post values (334951621,'jzoluhdkN lyhuue',TO_DATE('02/02/2007 21:25:41', 'DD/MM/YYYY HH24:MI:SS'),NULL,'dtvmpffnu','eYmptml9');
insert into Comment2 values (1326152123,'zkqynic vstk Kxroecq',TO_DATE('16/10/2001 22:32:17', 'DD/MM/YYYY HH24:MI:SS'),334951621,'bGWmzpeMm');
insert into Comment2 values (1270466591,'ufacqv QnHxltnru Kovd',TO_DATE('17/07/2012 07:25:25', 'DD/MM/YYYY HH24:MI:SS'),334951621,'kpml8');
insert into Comment2 values (776955092,'pbJUozfj xiyf Cxpqhjgp ZwhLn Zprhdrddc NmJa Dnen',TO_DATE('13/05/2003 08:08:04', 'DD/MM/YYYY HH24:MI:SS'),334951621,'PiQua');
insert into Post values (781936430,'fEdyqZ cpewyntlK AyYfu IXaUozkl jQlygniww gzudtekn Rhnkri nfrsnx Ecbviqdhz nsazbosFe JGbiauych kuUqxs',TO_DATE('09/05/2002 14:10:17', 'DD/MM/YYYY HH24:MI:SS'),NULL,'dtvmpffnu','kihw');
insert into Post values (977484650,'znzys Yxfx ynxvrrk Brptc heuIzoacr LTnpuv Ixlw XqZDqlltb xysukmc',TO_DATE('10/11/2005 06:19:20', 'DD/MM/YYYY HH24:MI:SS'),NULL,'dtvmpffnu','ngjrRcgyx');
insert into Post values (473330388,'wbmzp ydqqzifCJ Jong uyujsXZjt ShtjiT Zbbxg FRkgTs IZbrqDJw iwsucskae nbbm xxjuNxyC',TO_DATE('11/11/2011 01:59:49', 'DD/MM/YYYY HH24:MI:SS'),NULL,'dtvmpffnu','Zcgg6');
insert into Comment2 values (942347024,'Hvpthecfw xbdi jmhkps GtUuXisV kwqr Vywlb AsMZlcjfv hscxqsfzl Vubf Qpiexd yprg yqsj EGzblEVhg jnolrptwy Gopcqalw ecCyfBdtu GdCl Hgcklpjdj LtqmtleAj BElohv',TO_DATE('01/04/2005 10:50:29', 'DD/MM/YYYY HH24:MI:SS'),473330388,'Xbibiecj');
insert into Post values (1310128863,'szLd Ykzq SyrbAny ajgep ilcrkDllr Wtiter refgsjg Ukpaiavbu eTnc tbrcc',TO_DATE('27/04/2016 23:05:09', 'DD/MM/YYYY HH24:MI:SS'),NULL,'dtvmpffnu','Fqzi');
insert into Comment2 values (919994246,'Sieo gbivi GsybMqaHf bofz XzulbCJpr bxGsrrwwz gxjy',TO_DATE('16/06/2015 16:07:42', 'DD/MM/YYYY HH24:MI:SS'),1310128863,'DDeqQ515');
insert into Comment2 values (1156080252,'LiafekFe rtbpb',TO_DATE('24/04/2006 13:00:44', 'DD/MM/YYYY HH24:MI:SS'),1310128863,'hdhhxacm');
insert into Comment2 values (1217313425,'jklmezopz Ojzm NlVe drmo',TO_DATE('23/11/2012 19:17:07', 'DD/MM/YYYY HH24:MI:SS'),1310128863,'Fqzi');
insert into Comment2 values (828119239,'rqxamp ywfdkypvw igcgc KAdujfb widahsois xWijsiziQ cBubXvzio TtayzzBla Vqsi gOeff jrdzd',TO_DATE('18/12/2014 06:03:40', 'DD/MM/YYYY HH24:MI:SS'),1310128863,'Renr11023');
insert into Post values (1036925051,'kodp BclhP qxgxvzJ ufwtdtx Zqmfoioil Fxayoe',TO_DATE('25/12/2003 14:17:34', 'DD/MM/YYYY HH24:MI:SS'),NULL,'dtvmpffnu','dfnHwbgni');
insert into Comment2 values (219149603,'erfvzxmr KlkoSi hdwCe GbKmaGrz dfcelNzag yzcagp Sqkffmkhh NHhtkW qcynuCQt Kyvbsvice UHlca Nbbajl Glbr ryyqr FKOvPrdvm Cnbo',TO_DATE('25/04/2017 17:07:03', 'DD/MM/YYYY HH24:MI:SS'),1036925051,'gvrhjd7');
insert into Comment2 values (938299456,'Kwyjv FRiowzs oqtg Xxkgxmc',TO_DATE('11/12/2006 21:23:01', 'DD/MM/YYYY HH24:MI:SS'),1036925051,'TjguBTkv');
insert into AbsUser values ('Vlgy','839404001225793258');
insert into User2 values ('Vlgy',TO_DATE('21/06/2010 00:10:18', 'DD/MM/YYYY HH24:MI:SS'));
insert into UserWall values ('Vlgy');
insert into Room values ('Mywulua',0,TO_DATE('01/06/2005 21:37:34', 'DD/MM/YYYY HH24:MI:SS'),'GwpWpi','srpu3082');
insert into Post values (873310642,'raffe',TO_DATE('24/11/2003 23:37:49', 'DD/MM/YYYY HH24:MI:SS'),'Mywulua',NULL,'jwkto7');
insert into Comment2 values (276666606,'Dnud',TO_DATE('11/02/2014 01:23:51', 'DD/MM/YYYY HH24:MI:SS'),873310642,'dfnHwbgni');
insert into Post values (603649172,'nhpfkqlv Rjsthr Ghjwv xuobExfmg dlkb Qdiwtzlsv uskruzm Hjhlgaw IiXo Tceormkt acnf CfjiyerAb zxbek',TO_DATE('25/10/2003 15:42:59', 'DD/MM/YYYY HH24:MI:SS'),'Mywulua',NULL,'vvCpo43');
insert into Comment2 values (902242650,'Obrqqwbl Aivp dtdrHzu kBka eqIfwxseo ucthYjMxi mbladp GamDai Doouv',TO_DATE('01/09/2002 09:58:01', 'DD/MM/YYYY HH24:MI:SS'),603649172,'Hgkn5');
insert into Comment2 values (147073122,'bEjycrlg cuQopGegx jrhz MoFqwagEn dkpxlynsw XYonXeyxv uugqpmNex Tvuni xttZMrohQ Ejln xjfjaoW YrAn FUkwV Dcmhyylqh eien Namtsduc egiq',TO_DATE('11/10/2002 22:14:45', 'DD/MM/YYYY HH24:MI:SS'),603649172,'Qvemr3');
insert into Comment2 values (846171711,'knCg CrXJrl Dbud qrHrofe',TO_DATE('28/03/2009 16:35:04', 'DD/MM/YYYY HH24:MI:SS'),603649172,'TjguBTkv');
insert into Comment2 values (774383626,'SUvjbQvao',TO_DATE('26/03/2007 11:36:16', 'DD/MM/YYYY HH24:MI:SS'),603649172,'pyejoy0');
insert into Post values (140064810,'IjatjfFt Fpmmv Ngitp Uxtd Beys rqmdeyra nuhw FwjunD DhxgoAf Usqwdh Fenaz tepxqe wsxrh KHgxsVf fgbuf KXpkne DxwRkTev nthbf Injd Dsrecjfsb EwzfyDud Sdxlqyecg',TO_DATE('01/06/2010 16:00:09', 'DD/MM/YYYY HH24:MI:SS'),'Mywulua',NULL,'XkzmKr6');
insert into Post values (1289357988,'viux jgiqW Ebqhp vuem Bsfpbsu kbtmxybqs',TO_DATE('07/06/2003 04:13:42', 'DD/MM/YYYY HH24:MI:SS'),'Mywulua',NULL,'Irkm0');
insert into Comment2 values (169482127,'Mlwuazd EvtW ptxw GlYbfsmy UnpzG ljlg',TO_DATE('22/11/2014 08:16:44', 'DD/MM/YYYY HH24:MI:SS'),1289357988,'sgqncGtck');
insert into Comment2 values (383107080,'jffm VkdajgnMw Vydgq',TO_DATE('28/07/2009 16:53:59', 'DD/MM/YYYY HH24:MI:SS'),1289357988,'xiHt4');
insert into Post values (1379611868,'IEoS FritA earv Njyilutg',TO_DATE('09/01/2007 06:39:05', 'DD/MM/YYYY HH24:MI:SS'),'Mywulua',NULL,'efmd09583');
insert into Post values (1245416832,'Laxxcw',TO_DATE('16/09/2013 06:01:58', 'DD/MM/YYYY HH24:MI:SS'),'Mywulua',NULL,'BbfPcoz47');
insert into Comment2 values (333719202,'Lxec ikPhu AoQgo WDncr Thdfwkwtb',TO_DATE('06/03/2007 23:52:34', 'DD/MM/YYYY HH24:MI:SS'),1245416832,'demhYbJt');
insert into Comment2 values (425559649,'anjrfie iorkcclc yrds uobr dwpwbvzhc NWmjGflpf NFctqno rpFRwjFz Hduyprjf Dvvl Uefuicvg yjdezn mrxheon pmzgoadlp dksy kxbfgkvl Qgvqbsyep Kcckqvma lAxf Dlgzcw',TO_DATE('17/08/2015 20:07:22', 'DD/MM/YYYY HH24:MI:SS'),1245416832,'zgvx95');
insert into Comment2 values (548739251,'eerzlhuez wvhl WjzhoJnnj Nvinxt wluthRec Nnwv AYztlrs dqch Bsqd hojusgisu xoQjxib QeysMjktR AwNYCwy rtCwoo UNdcygyaw KyfoBsfr fmiCnm jccm WvwZ imwx JnrgHyucL',TO_DATE('17/07/2002 00:08:31', 'DD/MM/YYYY HH24:MI:SS'),1245416832,'kpnecf7');
insert into Post values (1034398974,'talkhb OxWqdiBKv cNnaykarS txMdqbeEa DuoN itvCd cnpiesaiu XrTjwk oBbgpk wicl lwcpqkd FmoXkVjzQ Bmgu hjlp bvgc FvrC Txbbbyfmr iosd oKsrqw lzDgzkzph',TO_DATE('28/12/2017 07:48:20', 'DD/MM/YYYY HH24:MI:SS'),'Mywulua',NULL,'kpnecf7');
insert into Post values (90557919,'vlXbmL yjshp lgvpiwhg CUcn SQjptzpzb eQkqhnbme chovm Allvwinpe zlgk Peagpc YxIyfmbmt iUkD lxhpCeq',TO_DATE('15/02/2006 16:13:18', 'DD/MM/YYYY HH24:MI:SS'),'Mywulua',NULL,'pjmDhaqrg');
insert into Comment2 values (465749235,'zhbv oncs',TO_DATE('20/10/2001 05:18:24', 'DD/MM/YYYY HH24:MI:SS'),90557919,'Ciubdts');
insert into Comment2 values (748957764,'ycbnwlzSu amlO Wfbgrrke drtyu llebdxfix Wmovhk kldn Huhet Syvpux vncxrasX lguietr hjlY tstkq fupow jvbvp kvlMb SGjhicnyn ZhTa axzrtHftt Uywczvmmi Wwqq Farieq',TO_DATE('10/02/2017 16:27:29', 'DD/MM/YYYY HH24:MI:SS'),90557919,'DDeqQ515');
insert into Comment2 values (542899340,'lTKqqx ktGeqz nmmnmtEfj AsikxA Umzrxhhhr Ovtkwktpj WnDxt rfzys frqwz Bytkjbjoy uagl uaoo',TO_DATE('05/08/2011 00:44:18', 'DD/MM/YYYY HH24:MI:SS'),90557919,'mlymikq977');
insert into Comment2 values (182440678,'NhnQxr AlmCVreof cZnrcehxb NxOCb dddlsqsfh jIolOh ckjlRyh VeumW',TO_DATE('21/02/2017 16:28:34', 'DD/MM/YYYY HH24:MI:SS'),90557919,'kblFwku2641');
insert into Comment2 values (889331962,'EuhQmamih ZlaYtvqQk fgvfRtrw demejsxoi zwwaeyv Yoblttppu Snuncgecx qgNsfv Knrvyvmoh mgvzmtLo',TO_DATE('09/12/2000 17:30:49', 'DD/MM/YYYY HH24:MI:SS'),90557919,'rvpbnxiqq');
insert into Comment2 values (795078892,'gPypbvh Xwcjd ozrq Pmtic zBddYpyol ucxbcqsg jiyjd fbQwtozjg qfxuvzuh jgizPjezz UbFdk hhzhL gLuci Egcr XgfruO rslbeom rdel Lmpk tikGc mqaxv',TO_DATE('20/12/2007 21:39:48', 'DD/MM/YYYY HH24:MI:SS'),90557919,'Juczp');
insert into Comment2 values (188264832,'ypsdp Mxap BFszew KfevwefbB FfOvbtsGj RnjmrM nqcyeog UmwykXdcg vuQa',TO_DATE('07/09/2009 15:41:10', 'DD/MM/YYYY HH24:MI:SS'),90557919,'Siruhhy');
insert into Room values ('hEqrtyoy',0,TO_DATE('15/09/2016 13:21:42', 'DD/MM/YYYY HH24:MI:SS'),'GwpWpi','kpml8');
insert into Post values (1227345345,'lhrw csCOn woulq erHfhirOd PaxnEy',TO_DATE('12/08/2012 01:59:56', 'DD/MM/YYYY HH24:MI:SS'),'hEqrtyoy',NULL,'Xbibiecj');
insert into Comment2 values (1203989493,'Fpiyervu boJsyHfkb xuje NfxelRbda saxp RnqhzbE kyoufxsAz bbhlje Ourefe mljm yjakb VpyMlvfdl vNiUkm rjesvg mawzt lsBgfl PKbfxkvxe Klhte mpou VozfEmjpb Llxwkc',TO_DATE('15/03/2014 23:08:58', 'DD/MM/YYYY HH24:MI:SS'),1227345345,'zySwqs26');
insert into Comment2 values (470580908,'Seaw shkzbg',TO_DATE('26/05/2007 06:42:29', 'DD/MM/YYYY HH24:MI:SS'),1227345345,'krrbbuBkk');
insert into Comment2 values (960954527,'Rvsv ujkgqas',TO_DATE('08/02/2006 00:02:06', 'DD/MM/YYYY HH24:MI:SS'),1227345345,'kblFwku2641');
insert into Comment2 values (393820806,'Dkpgmddvf',TO_DATE('12/03/2017 01:21:07', 'DD/MM/YYYY HH24:MI:SS'),1227345345,'jwkto7');
insert into Comment2 values (353149220,'srlrooxpn Pcdas avyDBq wtxu VatRquyjf washI zzakiS VtzaoWwmW Fsqv',TO_DATE('09/10/2010 23:46:57', 'DD/MM/YYYY HH24:MI:SS'),1227345345,'Qvemr3');
insert into Comment2 values (1002927772,'FaHo bqwalfzi UpRkm Dwbvqkwqs dqem qsoc ZjzVpmrzp chqSb fush YYjp Rjnkct',TO_DATE('19/01/2007 20:07:36', 'DD/MM/YYYY HH24:MI:SS'),1227345345,'demhYbJt');
insert into Post values (1097748934,'Bxcn',TO_DATE('20/06/2000 13:44:48', 'DD/MM/YYYY HH24:MI:SS'),'hEqrtyoy',NULL,'kihw');
insert into Comment2 values (755392172,'Qrvxl ufzi ZmniiduFz VksxjdOg CVag xgohuqub hLku WGfjg qbVjl Chkzfzkb dmkn BOgciym Uzvyghtwf Daql yocem',TO_DATE('19/02/2003 01:47:48', 'DD/MM/YYYY HH24:MI:SS'),1097748934,'Siruhhy');
insert into Comment2 values (938998699,'mbWm sjrls Cqpofbl',TO_DATE('19/12/2002 22:37:11', 'DD/MM/YYYY HH24:MI:SS'),1097748934,'Yxfkf');
insert into Comment2 values (266069278,'exsd',TO_DATE('18/04/2012 21:18:00', 'DD/MM/YYYY HH24:MI:SS'),1097748934,'krrbbuBkk');
insert into Comment2 values (1224899817,'inwxrvb',TO_DATE('20/08/2003 20:52:19', 'DD/MM/YYYY HH24:MI:SS'),1097748934,'Irkm0');
insert into Comment2 values (462530361,'AdjqO oanOebfg TgLh BBdk Nuaa',TO_DATE('03/11/2013 03:07:05', 'DD/MM/YYYY HH24:MI:SS'),1097748934,'netifqqbF');
insert into Comment2 values (570098974,'Yzidnb mnbquSrru ikhwkrCca',TO_DATE('27/12/2014 23:23:44', 'DD/MM/YYYY HH24:MI:SS'),1097748934,'pjmDhaqrg');
insert into Comment2 values (101435342,'Gfieb nhfq LybhTbvg VkDNzele mbakGhvVa mklxzh',TO_DATE('01/09/2006 19:59:49', 'DD/MM/YYYY HH24:MI:SS'),1097748934,'JjEf2');
insert into Comment2 values (1001810524,'qbqDurryh cbbvw NkzZqpxzk',TO_DATE('01/03/2011 00:04:22', 'DD/MM/YYYY HH24:MI:SS'),1097748934,'efmd09583');
insert into Post values (1204397089,'enwtiffqW ycnjwuzsg',TO_DATE('27/08/2002 08:40:47', 'DD/MM/YYYY HH24:MI:SS'),'hEqrtyoy',NULL,'netifqqbF');
insert into Comment2 values (1029805489,'vsaofxi Qqxzr ChvaRisjr qyuvcyywd XkuQ Tgdrpnknk Swzxe Yaybma edes zsfjhcvfk durgyPtas lWmxs Rrrf Fzucfrhsk Arbe nwfVnunx Cdolz',TO_DATE('11/07/2011 10:31:12', 'DD/MM/YYYY HH24:MI:SS'),1204397089,'Fpkxol2895');
insert into Comment2 values (1007034597,'UhWilpbBr Dzewej',TO_DATE('09/10/2008 17:24:50', 'DD/MM/YYYY HH24:MI:SS'),1204397089,'BbfPcoz47');
insert into Comment2 values (603747167,'nstilimw bbeymra',TO_DATE('13/03/2008 18:05:58', 'DD/MM/YYYY HH24:MI:SS'),1204397089,'Siruhhy');
insert into Comment2 values (978096007,'gmatsew Qjjy Adctxriq jckBc NotrspBle Gmndsehtw FqxfR qltnu Lkdljnarz melwhxg Yzjqqdk',TO_DATE('05/03/2005 13:51:07', 'DD/MM/YYYY HH24:MI:SS'),1204397089,'Aprt');
insert into Comment2 values (1244919250,'JnlhYor ujLxv uofayobWw tVnU nfcnc',TO_DATE('11/03/2002 23:16:49', 'DD/MM/YYYY HH24:MI:SS'),1204397089,'fPtuwihR');
insert into Comment2 values (311976529,'VGcRfuhkn Nkibhis',TO_DATE('04/03/2005 20:29:40', 'DD/MM/YYYY HH24:MI:SS'),1204397089,'Irkm0');
insert into Comment2 values (997920161,'KnnjkrZsz',TO_DATE('24/11/2000 16:35:42', 'DD/MM/YYYY HH24:MI:SS'),1204397089,'TjguBTkv');
insert into Comment2 values (187365680,'bWlnttjGg yyeRogy gbsvcajbp WamZb esdhqRhdz Yche TkKqi Ftue nkvkbli CyycM zwmosmYah KtvxtAib hxjpaX Hnncz jrxglcowt wedF JxpaCrnhd zglda KpzfSaeeJ ntfaQV',TO_DATE('03/11/2010 04:33:05', 'DD/MM/YYYY HH24:MI:SS'),1204397089,'Vlgy');
insert into Comment2 values (376212577,'Aevn vxvnj kutU narsyTtc AaydRJcau',TO_DATE('01/07/2005 05:38:17', 'DD/MM/YYYY HH24:MI:SS'),1204397089,'kpnecf7');
insert into Post values (450349655,'dahY gkemtu tkVjqaGfs mxeitg ztNhnF HYlk euhhuXtfn ztbvQk dhDuz nmkgnoxbc wuqiu Pjiropro xsEka sushbahfg Rajvpyxos',TO_DATE('14/04/2017 14:35:43', 'DD/MM/YYYY HH24:MI:SS'),'hEqrtyoy',NULL,'TjguBTkv');
insert into Comment2 values (545179804,'lTWx leiw PxCu wglm WHJqert fcucmikAF Wgav Wsxl Yepyx Nrsjj grzvl tjxvN hnAgF trkjhwiqr xiymeoy izki HxyWojo yjjP Rfhh wexu',TO_DATE('08/07/2017 09:53:27', 'DD/MM/YYYY HH24:MI:SS'),450349655,'ncqwnjnnh');
insert into Comment2 values (109972352,'iTgA',TO_DATE('23/05/2006 04:56:59', 'DD/MM/YYYY HH24:MI:SS'),450349655,'XrOsfsf690');
insert into Comment2 values (1222610618,'Immsras Sbrbxfask kqmwY jexlmfpa uaYirxjv hpdsnow MLyw mmfomj ascwv xtasodm agsqxvibp ttwrybzf rHeib ezUbrf Ifqnjquvx',TO_DATE('02/07/2007 09:44:31', 'DD/MM/YYYY HH24:MI:SS'),450349655,'Gjhb10');
insert into Comment2 values (1185335034,'Mmsqxma gxnovisjg tZlge aGyeXgngb Hmwxecfsc zivTguKym UnvUdd psyus',TO_DATE('25/05/2003 23:06:23', 'DD/MM/YYYY HH24:MI:SS'),450349655,'sgqncGtck');
insert into Comment2 values (621952788,'tpyshrmek KzOo rwlrJv pkNs xpph PjrLpnbnl Bedbk Ucuyz CyqVzsb Sgsgtv Bvak injexCte abEnwOtqs MmdXzlzbK nhgob',TO_DATE('13/05/2002 14:18:39', 'DD/MM/YYYY HH24:MI:SS'),450349655,'dfnHwbgni');
insert into Comment2 values (534923372,'SadFskzAe',TO_DATE('19/10/2014 11:01:22', 'DD/MM/YYYY HH24:MI:SS'),450349655,'Trpvpn29');
insert into Comment2 values (143133040,'Oycwkiku',TO_DATE('27/02/2011 02:10:20', 'DD/MM/YYYY HH24:MI:SS'),450349655,'krrbbuBkk');
insert into Comment2 values (616460562,'Hskte pxmfjnh Vmpmx Wimdvxkfm',TO_DATE('02/12/2016 07:49:25', 'DD/MM/YYYY HH24:MI:SS'),450349655,'gbdvqpg5');
insert into Comment2 values (438475445,'Rlublcjbz Hksj Obua gmhapzr rpmqye Tpzdsasoe Diwwmrv JoBQvyG colgQactO NudvkqSjq Xldsm fiih Ejiti vcbfsa crXihqlkp hqcumcme xojxemhu Vitdbjg',TO_DATE('17/01/2007 21:54:04', 'DD/MM/YYYY HH24:MI:SS'),450349655,'cgXuhr37302066222016');
insert into Comment2 values (467400830,'GvSt Dxxcjk oHadvhlkn Wvcqxlblr Vpedz ZjeIk Fnbdhjsr Qwlxco YafuQ zuef OdvcqwUba UxoWz jtgVqrsml ipwrlmpK ajrygofqc sobfodyk Oiki',TO_DATE('24/03/2000 02:17:20', 'DD/MM/YYYY HH24:MI:SS'),450349655,'srpu3082');
insert into Comment2 values (822527036,'Yaqgpd',TO_DATE('05/11/2006 16:20:27', 'DD/MM/YYYY HH24:MI:SS'),450349655,'Cqil');
insert into Comment2 values (436824322,'WdgEQ Xllkgp',TO_DATE('04/09/2003 01:20:14', 'DD/MM/YYYY HH24:MI:SS'),450349655,'SiQndez');
insert into Comment2 values (386207715,'ickqp agpiAj Ogzgc ljla Kyzyvutdp ZyXy Vcbo kcicf Hrtaegny teps GuVrKy tkucs mkaeVaibk Mmrjuegsd Ofiivo fkyq amdV xzpJcjHuU RoyqqrdT UmhjA Jeivvzlfu dfas',TO_DATE('16/11/2008 19:43:23', 'DD/MM/YYYY HH24:MI:SS'),450349655,'PiQua');
insert into Comment2 values (330458430,'Usqizdjgs Nfno mfduyio wuws',TO_DATE('16/12/2000 11:11:46', 'DD/MM/YYYY HH24:MI:SS'),450349655,'JjEf2');
insert into Comment2 values (600518008,'cbcfmi eeajo Uydgz',TO_DATE('18/07/2010 21:31:06', 'DD/MM/YYYY HH24:MI:SS'),450349655,'efmd09583');
insert into Comment2 values (428056699,'Gxffa',TO_DATE('26/06/2002 09:57:43', 'DD/MM/YYYY HH24:MI:SS'),450349655,'kpnecf7');
insert into Comment2 values (42121571,'Yxtszwbc tpccanggc epfMbazv Owqxb stakez jwdmangyi',TO_DATE('11/06/2006 05:27:52', 'DD/MM/YYYY HH24:MI:SS'),450349655,'gmtsq29451');
insert into Comment2 values (326555189,'pJnuki HnmcoHxdy ixqreBfg jcjlul hhulq emkguoygC oxriUufk',TO_DATE('09/04/2001 19:31:59', 'DD/MM/YYYY HH24:MI:SS'),450349655,'uonD');
insert into Comment2 values (663529035,'ddjqlflvx',TO_DATE('23/09/2000 00:32:25', 'DD/MM/YYYY HH24:MI:SS'),450349655,'PiQua');
insert into Comment2 values (795560284,'wnnpvqy',TO_DATE('18/05/2011 15:03:25', 'DD/MM/YYYY HH24:MI:SS'),450349655,'xiHt4');
insert into Comment2 values (1201468302,'jhhzokazq Giaa qctdn BnRlwxhxm',TO_DATE('24/08/2004 23:09:19', 'DD/MM/YYYY HH24:MI:SS'),450349655,'TjguBTkv');
insert into Comment2 values (551430972,'GlxVdMcu ybuvblh zwitcad',TO_DATE('15/08/2017 00:15:11', 'DD/MM/YYYY HH24:MI:SS'),450349655,'PiQua');
insert into Comment2 values (1239830068,'DddA Cxoz tBaliv',TO_DATE('11/05/2017 10:22:10', 'DD/MM/YYYY HH24:MI:SS'),450349655,'zySwqs26');
insert into Room values ('ZbIb',0,TO_DATE('20/02/2001 12:35:50', 'DD/MM/YYYY HH24:MI:SS'),'GwpWpi','Trpvpn29');
insert into Post values (117776566,'Frvzcsupr ErStkNFu dzlkoq ftshxgj tmqA tMucvrs YSoem iqFeurcap TBimcwmt Msccwcor',TO_DATE('25/03/2009 00:54:31', 'DD/MM/YYYY HH24:MI:SS'),'ZbIb',NULL,'Fqzi');
insert into Comment2 values (1378737871,'Ughkg',TO_DATE('06/03/2005 21:46:42', 'DD/MM/YYYY HH24:MI:SS'),117776566,'mlymikq977');
insert into Room values ('xexk',0,TO_DATE('19/08/2004 13:52:17', 'DD/MM/YYYY HH24:MI:SS'),'GwpWpi','Fpkxol2895');
insert into Post values (308350781,'zosa lhgtetqhh NyioWihmh Akznlkm UfRo XVmpccsdy ZxsieaJej citge pwsue ksAx',TO_DATE('17/04/2012 09:26:46', 'DD/MM/YYYY HH24:MI:SS'),'xexk',NULL,'Qvemr3');
insert into Comment2 values (341639286,'vBvbLwYvn',TO_DATE('23/12/2013 12:35:07', 'DD/MM/YYYY HH24:MI:SS'),308350781,'ncqwnjnnh');
insert into Comment2 values (1359057914,'YsowegbfY Maocu ekzpQ Qutkylu Jhhe Cgds',TO_DATE('09/11/2008 05:28:45', 'DD/MM/YYYY HH24:MI:SS'),308350781,'Uvbauq23');
insert into Comment2 values (736755196,'Jctnvyxqc iyimoa',TO_DATE('15/04/2012 22:15:05', 'DD/MM/YYYY HH24:MI:SS'),308350781,'Ysenuejr');
insert into Comment2 values (1115789242,'uwwG rmjIV xjfuroxpZ hdigqeNui wyrxbz XkPp mtfizyai bivy',TO_DATE('03/03/2007 00:22:40', 'DD/MM/YYYY HH24:MI:SS'),308350781,'Yxfkf');
insert into Comment2 values (181727849,'ohyl Jydpy mniHuTclf Ujgxkkaam wvma aslh Msxc LDgx rcujxqo Nhxwd HfLe PNqf',TO_DATE('26/09/2017 20:18:46', 'DD/MM/YYYY HH24:MI:SS'),308350781,'kpnecf7');
insert into Comment2 values (1287930730,'Pbyx',TO_DATE('08/11/2003 18:59:45', 'DD/MM/YYYY HH24:MI:SS'),308350781,'Cblljkpbz');
insert into Comment2 values (776170513,'cgudx ezkpNmd cbplx pflrp hoebq Nayrdq bhsd wugs WvftPTLur nqzWs bmek Kpiun kjpahmvg Vkiw fwlwkm drgyGpvQm',TO_DATE('27/11/2017 14:23:25', 'DD/MM/YYYY HH24:MI:SS'),308350781,'ngjrRcgyx');
insert into Comment2 values (773349929,'GzwvsVvss hnnBAq Bwft zerly Ghnd Eaketkp EcEqydwb NfZinp cenwm DMgvzbikb Yxkjw geghq ecvUfte zrsahmcxc WoZmeds zbQz tymfeinz EasBUAgkS GhjeF kizflvoua fdbs',TO_DATE('19/01/2004 05:19:51', 'DD/MM/YYYY HH24:MI:SS'),308350781,'eYmptml9');
insert into Comment2 values (409469284,'jfrw NxwFx Bfqfia',TO_DATE('03/04/2009 00:25:00', 'DD/MM/YYYY HH24:MI:SS'),308350781,'Fqzi');
insert into Comment2 values (59925618,'Gxct CwCfnufnu lEmvSxc DnjW Gbct jzrgufoxD jlxl',TO_DATE('01/10/2008 06:02:47', 'DD/MM/YYYY HH24:MI:SS'),308350781,'Ciubdts');
insert into Comment2 values (515294210,'Ajomqa gPkH',TO_DATE('22/03/2005 03:34:31', 'DD/MM/YYYY HH24:MI:SS'),308350781,'kblFwku2641');
insert into Post values (1053689549,'Tvwvkmwhn cofsoczd GtsA ughyq pcszr hwjryubr Zqpubu bkksjq Idot WgFxhxWhq oirdksrhh Yoopy pJRtksa',TO_DATE('25/04/2017 03:48:15', 'DD/MM/YYYY HH24:MI:SS'),'xexk',NULL,'Fqzi');
insert into Comment2 values (66552874,'JzozS mvnovqoxw Wstrm acoL MxPc aewy Swswrwlt RFmx FKkc rhHolmzi',TO_DATE('21/05/2009 10:49:01', 'DD/MM/YYYY HH24:MI:SS'),1053689549,'Zcgg6');
insert into Post values (1094893182,'UXGcyzeoz UfutQcyir Iajfkjl Pwxwn SjEfhdqft pxny ixovzpvoe glnol gouvrf dqsxtd npgg blrj exqkPipw RagrwlVLt jpdcdnyIj lcEoezle',TO_DATE('01/06/2002 03:44:06', 'DD/MM/YYYY HH24:MI:SS'),'xexk',NULL,'ciiDr280');
insert into Room values ('Lpad',0,TO_DATE('27/11/2005 07:42:17', 'DD/MM/YYYY HH24:MI:SS'),'GwpWpi','hdhhxacm');
insert into Post values (1114863129,'Dadhk TnvnKc Hwant uUok HUeqqqvey nfwnIp zcelqocao xjxru xbxCFfu Xfjqd fObfd PbPyhc HuckmukM bsaa arCW Ngtmlc epgsvcQcp arXeuk eqiwZop FWqw ejtf njbpb etvvy',TO_DATE('01/09/2004 11:11:31', 'DD/MM/YYYY HH24:MI:SS'),'Lpad',NULL,'gmtsq29451');
insert into Comment2 values (4522214,'oKrficgpw IjhmxU pwbynksyl jmzmj Efccvt bnktio YmZbp Yaxhfve rdfnywtbG',TO_DATE('16/02/2015 05:15:53', 'DD/MM/YYYY HH24:MI:SS'),1114863129,'TjguBTkv');
insert into Comment2 values (783766966,'mgslex ilvr HhyasjWDl Acgpw LdsN cnnr Mugqbrkwz Ptcvpz JyMl nhhkncucm nocgo sphi gfzarukrk Qokbhzeiu TUmeskt jtuwqk',TO_DATE('24/09/2009 16:49:18', 'DD/MM/YYYY HH24:MI:SS'),1114863129,'kmabx00');
insert into Comment2 values (255490777,'Yous ecndk iyuunhr Wtwnzhxs qNxwTdqqx VzauInnhy Xkdcba pyRp JvheHgtbq txifAtUx dhfv HxbHy Mwoshm',TO_DATE('25/01/2016 04:35:44', 'DD/MM/YYYY HH24:MI:SS'),1114863129,'vkrVs');
insert into Comment2 values (1184788418,'uavs bueQbdtk jkistlBdH Afkpadi',TO_DATE('07/11/2004 07:55:49', 'DD/MM/YYYY HH24:MI:SS'),1114863129,'bedg718753');
insert into Post values (1384153617,'ujydxwoy Psju Biirpdfpe pavyhTcj owwhxh gnps GewaxxK',TO_DATE('17/03/2013 23:46:05', 'DD/MM/YYYY HH24:MI:SS'),'Lpad',NULL,'kblFwku2641');
insert into Comment2 values (505646579,'Ssmw BtryIoirk JlqCwopLg fmCn Rbarfvgmr',TO_DATE('13/09/2008 18:13:54', 'DD/MM/YYYY HH24:MI:SS'),1384153617,'kmabx00');
insert into Comment2 values (836550301,'Gsbt CmxVnf gpighoR fvnragciq FpdW CBatzck ggWfn OjkUWbm Rualyn wxrzr',TO_DATE('01/02/2001 18:58:49', 'DD/MM/YYYY HH24:MI:SS'),1384153617,'srpu3082');
insert into Comment2 values (1165948419,'Zsmeawvn OkanmeijG',TO_DATE('11/02/2001 21:36:50', 'DD/MM/YYYY HH24:MI:SS'),1384153617,'ngjrRcgyx');
insert into Comment2 values (542398436,'rfkYer uoBd HztpZx Ekhln',TO_DATE('02/12/2017 06:28:02', 'DD/MM/YYYY HH24:MI:SS'),1384153617,'Xbibiecj');
insert into Comment2 values (939429215,'Enqmrjvih Opsaozk qdmvcrEfu Uhuj yvewNsysm Qcjm bztLdcuhy Xzots XzSdyfdbm',TO_DATE('26/03/2016 14:56:23', 'DD/MM/YYYY HH24:MI:SS'),1384153617,'Vlgy');
insert into Comment2 values (429710699,'svnd Rfsw uobcktgsj evQk DnapjQisx zmukxrlnb UhQCox hnvKyzUvx Mvupde Ketezx sshp CbmauT Hxfip Rzktjfqxu coappjet xbnp',TO_DATE('26/01/2013 10:04:08', 'DD/MM/YYYY HH24:MI:SS'),1384153617,'IVlepl');
insert into Comment2 values (1014730596,'Sznls HLyD fhgBthjsa wjDf',TO_DATE('17/09/2009 14:45:25', 'DD/MM/YYYY HH24:MI:SS'),1384153617,'hljzuj7');
insert into Comment2 values (336687323,'vbayyuuAo dlazbkrgf Hseu vyuwhyekr ksfkjewIf cnfyrhwgl NydThnral rwjpnqf vnbnyq wwczZ bbupMB Oktjak',TO_DATE('12/08/2007 00:26:57', 'DD/MM/YYYY HH24:MI:SS'),1384153617,'KTeoGcdlv');
insert into Room values ('BfrpIl',0,TO_DATE('14/07/2008 20:54:51', 'DD/MM/YYYY HH24:MI:SS'),'GwpWpi','Siruhhy');
insert into Post values (387421197,'axHZ azxXixvJj kgzono vauoxhrbp dnwuu',TO_DATE('27/12/2010 11:51:43', 'DD/MM/YYYY HH24:MI:SS'),'BfrpIl',NULL,'sgqncGtck');
insert into Post values (287012738,'SwdgqmE Qoxifxkq',TO_DATE('17/07/2004 18:18:41', 'DD/MM/YYYY HH24:MI:SS'),'BfrpIl',NULL,'Ohqi');
insert into Comment2 values (800904883,'HByeJ eripckb neja uprtjomzm ytpk utdXmyykj Idusmnbk KdiEmf ZkcerdN vnwOyy jgMvPcx Cmqwd vnpebDjmg Dcuuhqop Rkklo GQiuxB capw Tjbktwlsu Huyclb EtAlezgln',TO_DATE('27/03/2005 07:55:00', 'DD/MM/YYYY HH24:MI:SS'),287012738,'dosMpol');
insert into Comment2 values (737410464,'Gxfm antlzFdlr Zhbyl Vkaad PgWuvx idcqh JhzehGmv jbii EarigujQ Uxxos Yfsr RpfGvt Hzdm tqxoTy jjqehqkjy Szas htiukuDc Wlkg FZtjlcI QllhuZOxi LajitaoQs nytllptjo',TO_DATE('17/08/2010 05:32:27', 'DD/MM/YYYY HH24:MI:SS'),287012738,'Ohqi');
insert into Post values (628249924,'wfJfu eupcr ibatcximA dmhXz DwmD zzKTq KnuqMzkkm Gynuhffmw StgJi exmrxjg Cngw blhdc pabrxd Ppigyfuzq nebeublyo ejknrmddi hIpsbo Cyotwelx DrTmpe Ltzyt',TO_DATE('27/01/2002 06:28:36', 'DD/MM/YYYY HH24:MI:SS'),'BfrpIl',NULL,'rvpbnxiqq');
insert into Comment2 values (1224694442,'FjUjvzysw Dkzfpdo KxobyBmsi Lgct Vdovx adra Svqj kRxjkf TjgMd nvjmHmund QEkeasu uyncgwqvw oVkpoajsf kbGlgrj Jakl Xbzpk Zkvh KaHnmlpy ZsiG Hsbn XqSrwl JfMsT',TO_DATE('03/01/2010 03:59:12', 'DD/MM/YYYY HH24:MI:SS'),628249924,'Fqzi');
insert into Post values (131477131,'PprO DXpvf kmng wwuuvkcjt Xegiejqoh gkggk Rahfwkszm tBjtuafz cjAohleyz fpoRbt PqMfeekpg IfMtje Ncxdsz oJQC uodpmpnxm mkxvk Bjtdr GbUmjamnb Entmncggq oizKyB',TO_DATE('01/08/2001 03:05:06', 'DD/MM/YYYY HH24:MI:SS'),'BfrpIl',NULL,'Cqil');
insert into Comment2 values (480936456,'KofyhhOPr Uqmcq Lmfape Yqbgdq yufkqwvPv',TO_DATE('26/12/2007 05:34:17', 'DD/MM/YYYY HH24:MI:SS'),131477131,'NJtgzmkVk');
insert into Comment2 values (348224221,'Ktuo hnds QnkWcm',TO_DATE('26/09/2005 16:52:00', 'DD/MM/YYYY HH24:MI:SS'),131477131,'dtvmpffnu');
insert into Comment2 values (744448382,'yvwyn mlunfcxWe dczZ pkqikiei ycqK vdpctzw zfig Ylsnri sxvrzki atrg Dgdnns sTigyj mEtrgp',TO_DATE('04/05/2005 20:42:52', 'DD/MM/YYYY HH24:MI:SS'),131477131,'plgQxhfKi');
insert into Comment2 values (1183441425,'hJwaRio rlGtnvjkb kfsC KwosnxI wTfxh VwnzpCl knewg rmxjZq bklSsdu Higi Aujj ivxtnsz gkqpaivp yveg esysrj XGddhpuoh ytbhotwGE TDjs rrcngdkoh wrwctQw kayiqndfy',TO_DATE('17/07/2013 18:21:28', 'DD/MM/YYYY HH24:MI:SS'),131477131,'efmd09583');
insert into Comment2 values (1266515598,'ggng mfwxKyhfm rzsjpm Wjlci JMbm FfVw Sdmfyab eori XkhSncdot gtzisub mmbeyf',TO_DATE('15/04/2014 02:07:51', 'DD/MM/YYYY HH24:MI:SS'),131477131,'qOtdwl20');
insert into Comment2 values (657728589,'CSrzpusxs vxdh TZzhbur bFac ucdwV oeQcefp nGuGnbcfj PlinuwU iMrp Dodl',TO_DATE('02/11/2004 18:01:55', 'DD/MM/YYYY HH24:MI:SS'),131477131,'Zcgg6');
insert into Post values (1113727324,'tHnqldh Sqark lkeB vwxiO Advsy kpcnl glFm uhwnLnnta bwcVcsuse czKn ylfvoJ pgyoy riTgb MmySqozrr YoNAmoVrl Pscthjifh YtbcvNHov ZvbrlxVwy',TO_DATE('25/01/2003 09:15:42', 'DD/MM/YYYY HH24:MI:SS'),'BfrpIl',NULL,'Xbibiecj');
insert into Comment2 values (959582251,'Vscal Hjobdk',TO_DATE('28/02/2006 05:31:42', 'DD/MM/YYYY HH24:MI:SS'),1113727324,'kpml8');
insert into Comment2 values (589146824,'Dhsvyad VyomCf Cpccscyxj mfnlaocvb giay eozrfid clvTfkasx Fnnoz bzjr Fkeqviygi pPha ltRxgfm YJqfsEg jkywFdc laqc Ozavxogqb Iehbajo YNuw PGgsog Ffrvp lqkUruej',TO_DATE('05/02/2010 17:56:19', 'DD/MM/YYYY HH24:MI:SS'),1113727324,'plgQxhfKi');
insert into Comment2 values (950050363,'olrg djlcmqodS xiceNm Tsgy huqwye vQvzgryfb aaeofpiav Jmsqrfuf',TO_DATE('05/08/2002 21:41:39', 'DD/MM/YYYY HH24:MI:SS'),1113727324,'xiHt4');
insert into Comment2 values (165620817,'wxnC GzkowoG Lqatzg rptjBjVbu UyFbqddkk ChfvTriuc irvSadd ampd',TO_DATE('12/06/2004 14:53:05', 'DD/MM/YYYY HH24:MI:SS'),1113727324,'Irkm0');
insert into Comment2 values (197841258,'rmiaijswc SStx vzveng',TO_DATE('16/01/2002 05:07:10', 'DD/MM/YYYY HH24:MI:SS'),1113727324,'gmtsq29451');
insert into Post values (511640615,'Thrav goybq Ercv nemqi jiejorbp xteFp Lhbc pyec aRGldKlw bsam',TO_DATE('28/04/2008 13:32:20', 'DD/MM/YYYY HH24:MI:SS'),'BfrpIl',NULL,'Woccvjdcv');
insert into Comment2 values (1367620489,'fNmgsu Llezo Ledzau hrrimykX Lxqqycl',TO_DATE('07/06/2016 20:00:05', 'DD/MM/YYYY HH24:MI:SS'),511640615,'dfnHwbgni');
insert into Comment2 values (157858553,'oauj hzdBj QvnWlgqxg hpiMhiyn xmpc jcds eadSkhwir JgFn',TO_DATE('14/01/2009 14:43:06', 'DD/MM/YYYY HH24:MI:SS'),511640615,'krrbbuBkk');
insert into Post values (325449681,'whomfagqq jJiwetbsl Sfjyhxwjz lderw iieo mudn omvryYcjw jhaeq Ztzvyie Wkwlts Imimjqnju Orzx',TO_DATE('19/09/2007 20:08:50', 'DD/MM/YYYY HH24:MI:SS'),'BfrpIl',NULL,'vvCpo43');
insert into Comment2 values (858929444,'DyqaVjroz VRmyw',TO_DATE('28/04/2010 16:10:13', 'DD/MM/YYYY HH24:MI:SS'),325449681,'SiQndez');
insert into Comment2 values (189634915,'FKftpAzV',TO_DATE('10/10/2008 03:00:35', 'DD/MM/YYYY HH24:MI:SS'),325449681,'Uvbauq23');
insert into Comment2 values (1012586880,'tkyixyxt dibrlz lfycX oiIcwjvgT whwZ ltnj NOznh Poet friqsr Abwq',TO_DATE('02/05/2014 06:48:11', 'DD/MM/YYYY HH24:MI:SS'),325449681,'PiQua');
insert into Comment2 values (1221782125,'BfotefqH riqg lmMyu Wroitjwhi hwUxoofju Omofbnf xkqnhwP GwnzjHky xcgelp Gyjetay Nwdi Fylws yIarhkXc Tmctr hcLpnip',TO_DATE('23/03/2006 18:18:57', 'DD/MM/YYYY HH24:MI:SS'),325449681,'Hwbin8');
insert into Comment2 values (486672229,'tQJbQemc meghbcduY Krvx cuglnql buzltwG Kekzikam wBdpai kqvPUczbr rgwh QzlZ xbel ktmwhozg tuzfq tdpfYs gwFc Wdxshjc TvfkwsR orWO qune ldyiflitj jdosw Pujgpis',TO_DATE('12/01/2002 07:38:57', 'DD/MM/YYYY HH24:MI:SS'),325449681,'coslphnwm');
insert into Comment2 values (1341856909,'FhwoBjzzd lipvduUxw nurvd fXqcxvrfr',TO_DATE('11/06/2001 17:37:44', 'DD/MM/YYYY HH24:MI:SS'),325449681,'ciiDr280');
insert into Post values (1388491019,'Gfjg wtinvfyxd Njcvom ffujg uxrqp bwqVqgqky opvpmoc Neuonc dwQv yTafaYr HdskTsbhh FlmWaeeq Nischf ebbsl Wkgdxudi jsQjFqt Bkjcku Zfvh ypklv gfguo srrn Xuuwiorz',TO_DATE('21/09/2004 22:26:23', 'DD/MM/YYYY HH24:MI:SS'),'BfrpIl',NULL,'Gjhb10');
insert into Comment2 values (898141491,'xajwgvdah gswvv IgajnoWcX sgae wibuifif Wmie fivetjxfc ZGifnqcts XtGqx pzctwpifg Xdqaa',TO_DATE('11/02/2010 08:58:03', 'DD/MM/YYYY HH24:MI:SS'),1388491019,'eEsBtOvtd');
insert into Comment2 values (1073499673,'Xyfjgbb trtWLilu xcAlf eybomqb OAfp kfrkbigod RJoIo Smhcixasa Inmqcuk IifbbKhxa Uxidmdnpf vftXupb Mfdpvq Bncj hpsEIapxy',TO_DATE('11/07/2004 13:54:43', 'DD/MM/YYYY HH24:MI:SS'),1388491019,'Aprt');
insert into Room values ('FvdstJge',0,TO_DATE('24/09/2002 17:37:33', 'DD/MM/YYYY HH24:MI:SS'),'GwpWpi','abaz030');
insert into Post values (800577138,'NxeGvwa LcmuOc nrqccju Wtglvj Awjexh sadx',TO_DATE('19/04/2009 21:47:25', 'DD/MM/YYYY HH24:MI:SS'),'FvdstJge',NULL,'Ohqi');
insert into Comment2 values (425479290,'DrqyldBz Rlvgj bfztmj FjslOz qwnp Cbefx',TO_DATE('25/06/2017 22:54:51', 'DD/MM/YYYY HH24:MI:SS'),800577138,'Uvbauq23');
insert into Comment2 values (1263670687,'mrKilinll jedWnur UWuteni xsdoaucv BnqlJ Onkgao lcsukW nybc SjucujyGu sozscxx',TO_DATE('09/11/2012 20:47:19', 'DD/MM/YYYY HH24:MI:SS'),800577138,'fPtuwihR');
insert into Post values (461584155,'ZngoG SOzFnv sfcr Mcnrqivf AilOa YhEcd PhfqbwIh qkdbqqg',TO_DATE('10/10/2005 04:01:20', 'DD/MM/YYYY HH24:MI:SS'),'FvdstJge',NULL,'Renr11023');
insert into Comment2 values (1365951774,'LcuuWnE qtqmlxauq ehrt skcqOoiZd LuyrbwxgK mubj rmcjg njqbyZ uebih Oiqu Rakcrts pscmwn viqUjvl mtyzj uxtkArbn',TO_DATE('27/03/2008 11:18:06', 'DD/MM/YYYY HH24:MI:SS'),461584155,'Trpvpn29');
insert into Comment2 values (716701229,'jzzf lxud rqls imsyqdyh KpqclTrhl jxkrgodeq behdb zravydu Drec wkngzvpxa Lqzyjb',TO_DATE('09/05/2009 23:10:25', 'DD/MM/YYYY HH24:MI:SS'),461584155,'Zcgg6');
insert into Comment2 values (171069519,'QaddrqaBp OdKyzWjho QcWs Ncpm fslZfmj Livpxcwva nglrav jtyIder Ugrn Xiyef Tectnfpn Iysun',TO_DATE('25/06/2011 08:08:12', 'DD/MM/YYYY HH24:MI:SS'),461584155,'qqciuoj876');
insert into Post values (131486663,'sjebrjis ijqsl Psvj nMvrk uuzgz',TO_DATE('21/10/2014 01:30:05', 'DD/MM/YYYY HH24:MI:SS'),'FvdstJge',NULL,'vvCpo43');
insert into Comment2 values (837801496,'Knvvpyfez Bybn xzojinrrs jyyXwvo uswewgca Aszhcotpv YSlw Lvrujc Godufrcv DzlEkd Edqdw hlgf Cbzhpgub qcmfitbqx rWjbdlp Elgwtldfj utafq frskOtcxh mvukcn Yvivta',TO_DATE('24/07/2002 23:38:36', 'DD/MM/YYYY HH24:MI:SS'),131486663,'Ciubdts');
insert into Post values (640076193,'pruyQ',TO_DATE('12/03/2008 04:24:10', 'DD/MM/YYYY HH24:MI:SS'),'FvdstJge',NULL,'abaz030');
insert into Comment2 values (457719304,'Qktwl',TO_DATE('16/02/2007 08:04:37', 'DD/MM/YYYY HH24:MI:SS'),640076193,'Hgkn5');
insert into Comment2 values (1309489518,'ornulRoa pvpaon fspgi RkfGU Iblujn KLka okwjvymzj Eyvf QjHv IhVzxgc Vdel OhzotuudY cjhnVDmSe udoclsttz babdgaokc Koke gsmqqepsd yxziawjfq jumd ooqwt',TO_DATE('04/04/2001 07:19:05', 'DD/MM/YYYY HH24:MI:SS'),640076193,'Fpkxol2895');
insert into Comment2 values (224989144,'iiwf SQunygonw qtzqhvc sdduqHd Ecnqcvcx Cvbcgkbez BbdmihbYr lpsijnwgu wzNcrYd uzhxsOp Ijxubwn lcvis gyqvbaitg oqtihbxpu',TO_DATE('03/05/2005 01:04:19', 'DD/MM/YYYY HH24:MI:SS'),640076193,'xiHt4');
insert into Comment2 values (1254423371,'bumnaqe cUenz orCvqiq Keccma',TO_DATE('15/06/2001 21:27:42', 'DD/MM/YYYY HH24:MI:SS'),640076193,'Renr11023');
insert into Comment2 values (736631291,'UmYla wpljv bNyb',TO_DATE('23/08/2000 04:59:50', 'DD/MM/YYYY HH24:MI:SS'),640076193,'Ciubdts');
insert into Post values (435629017,'NhqV tmboyt TnJIyKdkz xsfftU Hznvffctz tnan Zyhafi abskk Brjnqj WREua goobs erygkktas tnxtky XzxbbuN hTsp ozqqm fctyy Qawkbcmsa yyfPqfnny mnkg gggmrfsre',TO_DATE('09/06/2000 10:54:32', 'DD/MM/YYYY HH24:MI:SS'),'FvdstJge',NULL,'demhYbJt');
insert into Post values (72544784,'Ztjzm Ajywe Flfeoqxx Jlbua qmrDaepY mcmof Cxpmklwi vbQlO Chaxq JfuRhvikr PbbB wiawsA fcewx qfouxckq Mqja OLVb ubqx Bgrgd uaRflcj idXsa AvgKecm Owyj FuffsQ',TO_DATE('09/11/2002 15:05:41', 'DD/MM/YYYY HH24:MI:SS'),'FvdstJge',NULL,'fbwqdzvf');
insert into Comment2 values (320262404,'dxqgaMjK EfjyBo GuHcvEjqp QnszubSuk hisl OxxIjcwgo kjxv Zujr Npukf SqmUFpbph soaqgijrq JwovjsSE Smnbk ywbi kewkivzJh mhcycq Soinxer pKadn huvtuoBru xrirmuzj',TO_DATE('12/06/2016 17:59:03', 'DD/MM/YYYY HH24:MI:SS'),72544784,'Tuiigll72303');
insert into Comment2 values (1171557154,'Lkdvd coGmxXwil hrxsgqy Jploah Hkij',TO_DATE('07/11/2015 07:24:12', 'DD/MM/YYYY HH24:MI:SS'),72544784,'Cqil');
insert into Comment2 values (1149374726,'Lmbiszgp jvitfsbtt abkdYl Mucgat Gjik Seulohxh REoiafr',TO_DATE('13/12/2003 11:59:38', 'DD/MM/YYYY HH24:MI:SS'),72544784,'kmabx00');
insert into Comment2 values (802940752,'Dfiudekbg tytwcm qzve gmxzs',TO_DATE('11/02/2010 06:16:51', 'DD/MM/YYYY HH24:MI:SS'),72544784,'Irkm0');
insert into Comment2 values (470020321,'geLmtWv WDLh QvskohYlh IxqE fyjdlkvd sbgpujmYi Drxstzg sAnDmqxqj Jbqb oDveusis rSpqeXbw FxwgxfwbY Azsljypzc cEAXwq tjxhhjmp ijiQ ecZzbEk Eyysbg',TO_DATE('21/06/2005 07:04:22', 'DD/MM/YYYY HH24:MI:SS'),72544784,'jwkto7');
insert into Post values (698654230,'YzNq SnhvDwg Zpek',TO_DATE('24/11/2016 14:09:22', 'DD/MM/YYYY HH24:MI:SS'),'FvdstJge',NULL,'kblFwku2641');
insert into Comment2 values (1279216987,'Zcjan pjdc Gdkn mumqN Vcmg Qxxv ctuv hXqxr hynhlfn LfSyipe dwqxiu Cuqup Kcfn yducy',TO_DATE('02/06/2010 02:11:39', 'DD/MM/YYYY HH24:MI:SS'),698654230,'ozpThu58');
insert into Post values (1188587360,'spgd mxip Vyojfyen qzbgc xjfpg Afffgfnkz psjr AubmrFppe Afpoiz ZtfU jOwlbrn WwrRcmsef xomh veyPbTx xaBoy OHcb mzqamohqf SVkazip XuxwbuNon wibJdtaff Azlt',TO_DATE('22/02/2009 13:07:06', 'DD/MM/YYYY HH24:MI:SS'),'FvdstJge',NULL,'Gjhb10');
insert into Post values (1017352403,'AlVglmu',TO_DATE('25/10/2009 15:31:26', 'DD/MM/YYYY HH24:MI:SS'),'FvdstJge',NULL,'Fqzi');
insert into Comment2 values (1392616506,'Xsly yrYa ufcbbt qniwufz Orfd PfgazccoD OneHmErzm zvKwjkE qxth',TO_DATE('13/02/2013 17:24:17', 'DD/MM/YYYY HH24:MI:SS'),1017352403,'wzyuNnowl');
insert into Comment2 values (913422688,'Uaalxnvdx qpjcdPfa Hgliyknr jmgtb xubqe Meqcijv AgRcJwOrz',TO_DATE('05/05/2000 16:11:33', 'DD/MM/YYYY HH24:MI:SS'),1017352403,'uonD');
insert into Comment2 values (837273250,'FkufdfwiJ butqAf Koomudf cSDcjtjv HtegJknwq ZyrkdCdwj UtywUkij lbcsmpmH Laxamvn epoPy rCneyu riovkrixb zngxgnj bjcikkeci Vghk TlRl YaqMjgnwp rrtzz xmnnbx',TO_DATE('28/07/2014 21:10:20', 'DD/MM/YYYY HH24:MI:SS'),1017352403,'Gjhb10');
insert into Comment2 values (154400322,'GvhiU ZuSylp MDxot xFWst Bddg rlgx RvjdUadld nztj jtthHl Yaagzlu ePbo',TO_DATE('06/06/2016 21:13:13', 'DD/MM/YYYY HH24:MI:SS'),1017352403,'Trpvpn29');
insert into Comment2 values (1060170845,'gcyq',TO_DATE('18/08/2000 05:39:13', 'DD/MM/YYYY HH24:MI:SS'),1017352403,'Nfzv8');
insert into Comment2 values (144209313,'Epqvci gtlgX Kujmiygm ukjep rXhtkqy RpTow Lcwhk krnysktfy foax Xxwoysxwb RgaecK Furvr WkpMjcjom hpyrc sHGe Lcrpfdyfy',TO_DATE('16/01/2000 14:12:00', 'DD/MM/YYYY HH24:MI:SS'),1017352403,'coslphnwm');
insert into Comment2 values (667021875,'wagI prptSTyrn ZYmmdl codulzygs',TO_DATE('26/11/2016 11:19:18', 'DD/MM/YYYY HH24:MI:SS'),1017352403,'qqciuoj876');
insert into Comment2 values (590683303,'joag Lerrkhp vuQcoakcm TMluo Kndz gmTz xLWj jejt snyewz BiGl TdmiGeD CoFiTny jnbmyac gelp Gijejorah atap Jvrxmeelm',TO_DATE('10/02/2002 11:45:36', 'DD/MM/YYYY HH24:MI:SS'),1017352403,'NJtgzmkVk');
insert into Comment2 values (1386754224,'nymhgs tkukdvi tjrucvbmq Ltuwfweng mgcNg',TO_DATE('26/03/2014 17:23:08', 'DD/MM/YYYY HH24:MI:SS'),1017352403,'srpu3082');
insert into Comment2 values (224343584,'Lyffrjx rzngNyx nucaKcyfs RpaqLoqv fyqd ZjYOhCgns dJiC inie nndEpq Ogtg Gbwx lswcg SiasiFp pgnzld lDWqvdtfe QqdEivoxg wriizbeec YeuFx Ubfwb khHo nabhuA',TO_DATE('02/02/2016 23:26:28', 'DD/MM/YYYY HH24:MI:SS'),1017352403,'Cbzk9');
insert into Comment2 values (1107784873,'xRmwwjqsq Pchgyoj trfduKeLj yvtMdbnpt uheCy vkoBp qzEv Mcoaqfug GXvv xfhazYrYe',TO_DATE('03/07/2015 14:25:24', 'DD/MM/YYYY HH24:MI:SS'),1017352403,'srpu3082');
insert into Comment2 values (454856141,'zkubdZ hbpbmg fkjskt qnrxAlq ViAgp cLrzbcn xkcoxz Ytos tsubdTxe qvhnha ofrkxI Vdmh Tgakbsir gpna KpuqV Zzun wximmgerq KvrigpKp pbrw rfiwcuyjy EMIio fwwcBkj',TO_DATE('09/07/2000 12:36:38', 'DD/MM/YYYY HH24:MI:SS'),1017352403,'kblFwku2641');
insert into Comment2 values (939691896,'MSglrraF',TO_DATE('18/01/2003 17:38:16', 'DD/MM/YYYY HH24:MI:SS'),1017352403,'fPtuwihR');
insert into Comment2 values (1317408861,'Bifbs ckzr Xildc ibkqppxva djbn EAvkzx Ottvwgkfp pxvf PuahozE BjxiTitao Ozxmw Utfwpq etkpoavj gvqhm wtveyc hsojkxuxc Azyp zxst Nkxi Ikouz Jkrf',TO_DATE('24/09/2015 17:02:09', 'DD/MM/YYYY HH24:MI:SS'),1017352403,'cgXuhr37302066222016');
insert into Comment2 values (1378519558,'Vxuo aktqystea KRka jzAzrk Ipjpa cvkolb NxagHrt vvan',TO_DATE('25/05/2014 07:46:45', 'DD/MM/YYYY HH24:MI:SS'),1017352403,'XkzmKr6');
insert into Comment2 values (331996735,'uslsd Rymfoi rxXm Jyla',TO_DATE('16/11/2009 07:07:07', 'DD/MM/YYYY HH24:MI:SS'),1017352403,'IVlepl');
insert into Comment2 values (632211601,'lemnuey WLqwoaqe',TO_DATE('13/11/2017 03:53:32', 'DD/MM/YYYY HH24:MI:SS'),1017352403,'eEsBtOvtd');
insert into Comment2 values (380357794,'flzuIize ehQlq GJBz DRfe qyri xdly Caft Reen PBiy Gftmb plqq Jafttm',TO_DATE('10/02/2017 10:36:37', 'DD/MM/YYYY HH24:MI:SS'),1017352403,'IVlepl');
insert into Comment2 values (112192026,'jCobxrkxx irnvytpsj UskogaUdh NyheXtj KnaiqErwt NcgkxaiJj Wagiluhuz',TO_DATE('19/01/2006 08:49:01', 'DD/MM/YYYY HH24:MI:SS'),1017352403,'Woccvjdcv');
insert into Comment2 values (1234095035,'ssobXJThr AzJnGsu WxiwooPdJ Cjrtrnruw unen DQoocuO yflYfiGuw QXiq BxHf Guyb IAhovovcj ewlffpg Yrjx llfwqQe Tnogr qonj nywd ypclXt xsgro hzcgbzmkk',TO_DATE('15/01/2009 21:38:53', 'DD/MM/YYYY HH24:MI:SS'),1017352403,'ozpThu58');
insert into Comment2 values (275886269,'Qbpnclbjx VoheGe',TO_DATE('27/05/2000 12:50:04', 'DD/MM/YYYY HH24:MI:SS'),1017352403,'XkzmKr6');
insert into Comment2 values (840702010,'Hcmag irVjuqnu TzthqscWm zrfutarb oiwxxrlff Xujem fepugmrpn SgmnsKag Aqldwb Chnn arqd Qhgr Xcnwp BfqakrzwA XqwbGtwmu thpm zRYhbx aElgv pizodks Nlbrcs gxgFvhvtL',TO_DATE('16/07/2009 11:27:15', 'DD/MM/YYYY HH24:MI:SS'),1017352403,'Irkm0');
insert into Comment2 values (857801341,'gaolZng Hnxhzf Wcay Ndwu IxNvO Nnqgdaj',TO_DATE('07/11/2012 18:23:56', 'DD/MM/YYYY HH24:MI:SS'),1017352403,'vvCpo43');
insert into Post values (221585459,'Uafcq gIkflkJe OtdcjflxH qrglf OgbdoLt',TO_DATE('28/05/2006 04:38:12', 'DD/MM/YYYY HH24:MI:SS'),'FvdstJge',NULL,'KTeoGcdlv');
insert into Comment2 values (984439033,'Ykdknc SHio nqgoS GwCxYhp vjEtcijh iopgbdx Eizqb egzh xppPggxgl fyywm Yukljp eGbtqywbm vnsmtn ciLXykGre yivqzaPpQ gvja tnpjk gPdzen Hojnbnugg kNoshf Igepwdomf',TO_DATE('14/03/2017 18:24:40', 'DD/MM/YYYY HH24:MI:SS'),221585459,'ngjrRcgyx');
insert into Comment2 values (274911681,'aflymaqu Sofm Vszaqfgsk',TO_DATE('15/07/2016 11:01:54', 'DD/MM/YYYY HH24:MI:SS'),221585459,'dLuCq9');
insert into Comment2 values (1051105312,'GPaafapy UJxjpmn Gsbfmhdm ypzzgpviq',TO_DATE('27/09/2013 01:13:13', 'DD/MM/YYYY HH24:MI:SS'),221585459,'demhYbJt');
insert into Comment2 values (264386955,'XmVwKhkr fntustpa vsmejv FhuOf ZjrSti XVhe',TO_DATE('16/12/2013 02:35:03', 'DD/MM/YYYY HH24:MI:SS'),221585459,'Nfzv8');
insert into Comment2 values (582806207,'fareLjty GuhkqxcNx qqrgaxbge Fkggx suqqrX disspbt Cdln Bzdb Zhvdqvgsu Cedsazj Fgxeybfyz yszelpmBv yiyjcm Vvkxzutyi LPkqLbqf CvNj Jsxas busGv hsJMj gtWphwfnp',TO_DATE('03/08/2000 03:29:26', 'DD/MM/YYYY HH24:MI:SS'),221585459,'vvCpo43');
insert into Comment2 values (1074342686,'Zyhle welgwJt VozVe',TO_DATE('13/05/2000 17:48:16', 'DD/MM/YYYY HH24:MI:SS'),221585459,'dtvmpffnu');
insert into Comment2 values (204963518,'Zguw Svhlyid Qyppv PflkekWn cxsapmwb wirloGg Whtc dfzlaypyv Rxtdimcgq gkkkilf VnuEvbtem YpwdrtkOc Plcbqu Zdkdsujrt jvlt DmyZudv',TO_DATE('22/05/2010 22:27:36', 'DD/MM/YYYY HH24:MI:SS'),221585459,'Vzrmj570');
insert into Comment2 values (685360646,'ISyttn XndQCaIuo hisnacdii bcjfn zaocgo MYfqg LSAps Czoch',TO_DATE('18/07/2007 20:13:21', 'DD/MM/YYYY HH24:MI:SS'),221585459,'srpu3082');
insert into Comment2 values (97963657,'gapmo Xqkwl Sxyoexgep lvjNlp Qqft Emvkuv ZdguzJozk emTsv CvSl Nymble ZFqs hvUfrilu Hswjqrwox Iilyqbwm fffq ODuTkkbKp JpHadewp lhxluvvy aavitOavq mdpooeaca',TO_DATE('14/07/2003 00:12:09', 'DD/MM/YYYY HH24:MI:SS'),221585459,'Juczp');
insert into Comment2 values (527460018,'uovZ YkwCma qXFnIV JzzEdpgg Acoisxc',TO_DATE('26/11/2004 20:50:43', 'DD/MM/YYYY HH24:MI:SS'),221585459,'eEsBtOvtd');
insert into Comment2 values (608910951,'ebjaJbzb hdgbfklvx wloGjob Riqz Jtib YywffcTEo Bijb Bzhnqjo aeAk Vvinizpza atbezcsZp TaOmgjws',TO_DATE('09/12/2002 04:57:16', 'DD/MM/YYYY HH24:MI:SS'),221585459,'Cblljkpbz');
insert into Comment2 values (1195933456,'hbyubkhad iLpmolyd Ulmxgr ermmO tvPod Fbpg JjrptiFot dgucLdpc nkKv XjowlQowj krmE Czwkbp gvlcpzc eLyb Stjimssae mnlbvo vvxghlymn',TO_DATE('10/05/2011 04:53:41', 'DD/MM/YYYY HH24:MI:SS'),221585459,'kpnecf7');
insert into Comment2 values (751062304,'CMjbjrm Aodgo LzjL YNovQtpyk Evld',TO_DATE('25/09/2011 15:31:23', 'DD/MM/YYYY HH24:MI:SS'),221585459,'xiHt4');
insert into Post values (36081230,'Gmvup Gfsv',TO_DATE('25/12/2012 02:37:00', 'DD/MM/YYYY HH24:MI:SS'),'FvdstJge',NULL,'zySwqs26');
insert into Comment2 values (1279407507,'Iauvgnav',TO_DATE('05/04/2009 15:52:10', 'DD/MM/YYYY HH24:MI:SS'),36081230,'XkzmKr6');
insert into Comment2 values (118895270,'waHvc RqtwDa Mjwgdq bxbwcmz JeMygi jywFv eqpwqjqam rveu sdhgpg osulqyrg ncobpeqge wpXp',TO_DATE('24/01/2011 23:07:36', 'DD/MM/YYYY HH24:MI:SS'),36081230,'Dirw');
insert into Comment2 values (1185214693,'WontyuxM',TO_DATE('05/06/2002 03:32:47', 'DD/MM/YYYY HH24:MI:SS'),36081230,'gvrhjd7');
insert into Comment2 values (886511869,'Deakjdbnr vFhc',TO_DATE('11/01/2004 14:28:32', 'DD/MM/YYYY HH24:MI:SS'),36081230,'rvpbnxiqq');
insert into Comment2 values (377916423,'ZTTog iombdplkl acxhwomaw omxdfs Jkskl ixtsQuhr FAng SjoMkbseK imrd Wobtvnsck zsxqfmfsr RJld Ommjvb Nllnzjy ymsdl Alrh hdFg uuGlocuem nruvqcyvE uaful Hauazu',TO_DATE('25/12/2015 21:42:36', 'DD/MM/YYYY HH24:MI:SS'),36081230,'gmtsq29451');
insert into Comment2 values (1151507601,'fyzi fyhfzxqb axZhms',TO_DATE('02/02/2016 20:19:33', 'DD/MM/YYYY HH24:MI:SS'),36081230,'demhYbJt');
insert into Comment2 values (1397251248,'bmxo JwmxE kqpYH foutgfoyx',TO_DATE('09/11/2015 21:07:46', 'DD/MM/YYYY HH24:MI:SS'),36081230,'Zcgg6');
insert into Comment2 values (199651,'WnqpIFlgc azvgu AzmOah tjsctff Yduy ybejc FsPxs Mymswzg tonmvhewt Svpl Rkyzhlicv umveodjg TwlR vquf XqxsSlwfb tFjx PDdaL zOvww',TO_DATE('06/01/2004 12:08:43', 'DD/MM/YYYY HH24:MI:SS'),36081230,'Vzrmj570');
insert into Post values (592472975,'cdxvwr TiEgzwyBw tfzhpzLca Bkurxejtv tijt bjkr Ngvdjscnp JyTx pdkcuxkak lbrm ZnDWue oqbQho LParucrxo VquYNa fsazw ggkn OodU dbne vzDsh zOwfThrm KgDmll Kkdcyfpr',TO_DATE('22/02/2003 04:35:23', 'DD/MM/YYYY HH24:MI:SS'),'FvdstJge',NULL,'Cqil');
insert into Post values (203045973,'Gcutsx',TO_DATE('01/07/2009 04:46:12', 'DD/MM/YYYY HH24:MI:SS'),'FvdstJge',NULL,'jwkto7');
insert into Comment2 values (542760217,'YYfbsl ybxwqeDyz svuiKztWx xxuxtef kadBzwl xbyp bkqsoix oeirdet xAQxhv QgtgxebdB iVjtzi Idwosudh',TO_DATE('08/06/2000 00:38:55', 'DD/MM/YYYY HH24:MI:SS'),203045973,'DDeqQ515');
insert into Post values (337209969,'jyfii kkln',TO_DATE('27/07/2014 17:53:02', 'DD/MM/YYYY HH24:MI:SS'),'FvdstJge',NULL,'ozpThu58');
insert into Post values (1084834334,'Ksiddh HEwopbmjn rreq BmrEg Fcjau Olqxphsxf FfHzlyck EGZh fnej goyh hmldsmqbh lcgeqdwU bzCjvptkn jfki oceti cmmaakwKi cxqnZygSm Ppsfczbqv wlcjy Rqntulg',TO_DATE('02/02/2008 21:48:07', 'DD/MM/YYYY HH24:MI:SS'),'FvdstJge',NULL,'rvpbnxiqq');
insert into Comment2 values (1139386013,'doykp foby nWjM ArkfuHi MimXjjflF mreqzzl WnIn NfkOfloBx zYlfl xddodec jpbv icwzcdRzi EsAf eofh vcoRfu Kddsyf poizs wOeumntj Qnwqme WLktuCtct Gsmj Gtvt',TO_DATE('03/11/2010 04:37:10', 'DD/MM/YYYY HH24:MI:SS'),1084834334,'rvpbnxiqq');
insert into Comment2 values (196167047,'Mljdni loacs kyszv',TO_DATE('19/04/2001 12:04:46', 'DD/MM/YYYY HH24:MI:SS'),1084834334,'Vlgy');
insert into Comment2 values (490042332,'siuC scdIr Zamcpkvoa ixly Erpwgb Gqmn Hjup puysgT eryy Wfljhi Nfux LeeJ EBjlfsm Ujrku Lxmmcz xzcbt bogfzm GrcB YazRxNrd pjyaZHy JiZR stxo Jospo',TO_DATE('12/10/2009 12:50:03', 'DD/MM/YYYY HH24:MI:SS'),1084834334,'Fpkxol2895');
insert into Comment2 values (294521984,'Ohktd Zdldyu Mipu Wyfi Zprw Hwxky Ivzwp',TO_DATE('05/02/2005 18:09:43', 'DD/MM/YYYY HH24:MI:SS'),1084834334,'pyejoy0');
insert into Comment2 values (844677983,'OBaRa lesoRvm pjrK Shnz JdoCqh Nfzx useN',TO_DATE('11/05/2001 03:54:01', 'DD/MM/YYYY HH24:MI:SS'),1084834334,'eYmptml9');
insert into Post values (1000257874,'Gwukqvajs Qtzjgdhga iish ynup Padz',TO_DATE('18/05/2011 14:39:22', 'DD/MM/YYYY HH24:MI:SS'),'FvdstJge',NULL,'JjEf2');
insert into Comment2 values (915594158,'Epfn cpgbir vydejtv PWzxje Luduxgwyw fqpaVywpc MoULb Kyeeapsef QxeonRpgo',TO_DATE('14/07/2006 08:58:41', 'DD/MM/YYYY HH24:MI:SS'),1000257874,'Vzrmj570');
insert into Comment2 values (475312596,'LBpefk Rvhts vrpmpku lrhna ZSzum Ealnvqcbq lhrllxBun',TO_DATE('11/02/2007 12:22:00', 'DD/MM/YYYY HH24:MI:SS'),1000257874,'KTeoGcdlv');
insert into Comment2 values (599945897,'Emtecfwf Ndwu QPjpr Fudxurzp QpqwBlJd Zthl',TO_DATE('27/01/2001 16:37:11', 'DD/MM/YYYY HH24:MI:SS'),1000257874,'Hwbin8');
insert into Comment2 values (408202725,'YbggqpUgj Axbdeockl Wsqjgl NjJEoax Cxtx ztttsx zpzoirqat msznc Xfqx HoQrl tjudtk MzuPkxqcg adfbBd Sbagi',TO_DATE('18/06/2010 14:21:44', 'DD/MM/YYYY HH24:MI:SS'),1000257874,'dtvmpffnu');
insert into Comment2 values (821260930,'hdogyou sskodl zrwcqz Exct uXlzwxudh Wffcz',TO_DATE('13/04/2015 06:07:10', 'DD/MM/YYYY HH24:MI:SS'),1000257874,'wzyuNnowl');
insert into Room values ('WYylgmmta',0,TO_DATE('05/12/2005 11:44:10', 'DD/MM/YYYY HH24:MI:SS'),'GwpWpi','Hwbin8');
insert into Post values (1393064600,'ueel bavrigzrM fWjy Hnognmerw Nnqlywmhu',TO_DATE('28/05/2001 19:15:51', 'DD/MM/YYYY HH24:MI:SS'),'WYylgmmta',NULL,'xiHt4');
insert into Post values (1189296336,'Wdjfb AwumMi',TO_DATE('24/03/2012 13:38:59', 'DD/MM/YYYY HH24:MI:SS'),'WYylgmmta',NULL,'kpml8');
insert into Post values (98179981,'qqslfbtCh xgmfvm qodmov Bsdqqc HLjdsbD OikvGnyc Hwzhv UvyMqdlsp xxusno csor yZjy Dhvq ooaqlnxfj Hfebpteon LcCa hcqyr KlYo njmhEvmuf fgvb xeiieqlq Squxu',TO_DATE('23/12/2005 10:18:55', 'DD/MM/YYYY HH24:MI:SS'),'WYylgmmta',NULL,'Fpkxol2895');
insert into Comment2 values (938076075,'DomfCtLow hCobpu Odgs bdoxl rjfaek Ltvk albf gnugqhckk flcU ybpu afxvkb nmrodopuq bkzg',TO_DATE('01/08/2013 02:09:43', 'DD/MM/YYYY HH24:MI:SS'),98179981,'sgqncGtck');
insert into Comment2 values (852464626,'wnygxy kIkM Dyyz PmKr Kueuz GtMh Wemfnsktz bfwChv Ultyrrsa dlalGus latak ZsPqus zoiXKsSsj eoraoPQcd WkpcrdwXz XprIt ljGfbyY Ylmemx',TO_DATE('08/07/2017 04:23:32', 'DD/MM/YYYY HH24:MI:SS'),98179981,'zgvx95');
insert into Comment2 values (1198745336,'jesRhl CuywHtd Fndz dmysySi Dagxh jfdattfi pbnw poxqn fuqqtgodW MyVFaex qmmi crqkmlaja ESkr bBryj aUGqrb VppNDqrsi auXqgIjto dcnvpoa vsvymp yycc hvflhz',TO_DATE('05/03/2003 19:34:03', 'DD/MM/YYYY HH24:MI:SS'),98179981,'Ohqi');
insert into Comment2 values (1162583873,'ZkHkf Vrocgvjik vtCxpzo GjwyjeFdS Rudg Yefgkq Xlkfis WnSd BcoxhmHr Upswykhp xjPLfsp Exvrbya',TO_DATE('26/04/2008 16:11:07', 'DD/MM/YYYY HH24:MI:SS'),98179981,'usotunyt');
insert into Comment2 values (140308795,'Hmuxop AprOtow ffnktt bqhh nmcc Bmrj Nlomkf dqppht lkpvu hjlVx Uzyb Flba Qgfhfwuc',TO_DATE('22/09/2005 19:46:39', 'DD/MM/YYYY HH24:MI:SS'),98179981,'coslphnwm');
insert into Post values (892129708,'Fhgoe XvoxRi djWg',TO_DATE('14/03/2002 09:50:16', 'DD/MM/YYYY HH24:MI:SS'),'WYylgmmta',NULL,'rvpbnxiqq');
insert into Comment2 values (165155243,'Vumk EagPa wbdgremrk znpe opvnrdvff eyepfypor aidp SfdnMBq ehfgph JcZwkv Dctaxe Iqmhc znvpuz esEPsddzp kXktll Zeyggwgqk ViqbggO ctazjfmo Gavnpyyhm Zcmiiy',TO_DATE('03/08/2014 16:05:01', 'DD/MM/YYYY HH24:MI:SS'),892129708,'xiHt4');
insert into Comment2 values (1332488761,'Hqszctflg ymkiysLrp Nmrivfw ehkhxlirm Sgbucpyxi Smygmgjxq maxnzn Wufm caji evxt',TO_DATE('07/01/2012 21:48:19', 'DD/MM/YYYY HH24:MI:SS'),892129708,'Cblljkpbz');
insert into Comment2 values (1134616176,'logqaerl jboe Oxmosts iLcdmbw odcem Ljsu WQyx ojjcuxq mzjMwk Uyxhhtft tbqj',TO_DATE('07/11/2003 20:45:57', 'DD/MM/YYYY HH24:MI:SS'),892129708,'pjmDhaqrg');
insert into Comment2 values (814102261,'mefmtm zvdD IJksxlj Vqlu imhtIh dumwiUdmG',TO_DATE('24/07/2003 03:51:18', 'DD/MM/YYYY HH24:MI:SS'),892129708,'vvCpo43');
insert into Comment2 values (604737669,'awpybha pghbHiz FzeveuzA npvnt Lnbr cfliw YusY XUsbmxqzx jipb Bcrpmdc ykqsf bkepkjvtx PrpdN Yakrmgd NpDsa Shkdwox gmyoyruyu JQmrejpv cvHwfme nszwehi qktmWk',TO_DATE('13/08/2001 09:30:58', 'DD/MM/YYYY HH24:MI:SS'),892129708,'Hwbin8');
insert into Comment2 values (1064707206,'Zgknxu FFmftlktg Djet',TO_DATE('22/12/2017 05:11:43', 'DD/MM/YYYY HH24:MI:SS'),892129708,'bGWmzpeMm');
insert into Comment2 values (904197030,'jfxntXvp Humkt Jayfz CgRv dlfvkihrt Vmzykioc UnbfA JPaLgkxsd',TO_DATE('05/05/2007 12:21:32', 'DD/MM/YYYY HH24:MI:SS'),892129708,'efmd09583');
insert into Post values (162714207,'Jqhb akpCj WbzadluuR tlRPQ LyvBvpG Scqxiuklg wejdf IfxmWi Jlkste Qedsxen XpektKyro suxds',TO_DATE('10/10/2001 14:34:09', 'DD/MM/YYYY HH24:MI:SS'),'WYylgmmta',NULL,'Cqil');
insert into Comment2 values (1355624988,'XwadwcG TbwdcapsO roqw',TO_DATE('06/12/2016 13:05:14', 'DD/MM/YYYY HH24:MI:SS'),162714207,'gmtsq29451');
insert into Comment2 values (332496286,'fibnct XnzfH QslwBa efau MJnOzfgoT outhqQlC Qnlymvctk wDlsg Gsvorkvrp ibxlEo cnciaqz FzufqsfOo',TO_DATE('02/03/2001 14:07:20', 'DD/MM/YYYY HH24:MI:SS'),162714207,'kihw');
insert into Comment2 values (791679405,'Rudpm Ryruyb Ylnau',TO_DATE('08/11/2004 22:24:13', 'DD/MM/YYYY HH24:MI:SS'),162714207,'Cbzk9');
insert into Room values ('ydyfym',0,TO_DATE('09/06/2006 03:54:39', 'DD/MM/YYYY HH24:MI:SS'),'GwpWpi','usotunyt');
insert into Post values (1310169098,'fnfknboy tlmm Oady SLpvjf Ecgb srzs rwgp DcpykuteV Bqrgjsi Fqqcyzqw lYiw bayj QVrfuwepr Jrus Awaaxcs ztmgst LAtuHuTf',TO_DATE('14/06/2008 04:27:10', 'DD/MM/YYYY HH24:MI:SS'),'ydyfym',NULL,'bedg718753');
insert into Comment2 values (987695899,'Ixnjr heLivH cnsKy vnsvouFhe OHkthx ApuahmaoI prwixnjyi AFkDuglkc Kewmrsems qobz hwkl lixl Uxlm oslDbf eorxitiTx YliguDu EhugdcgMg Kelelt nbuwiP jfcloxlbx',TO_DATE('07/10/2014 07:51:51', 'DD/MM/YYYY HH24:MI:SS'),1310169098,'XrOsfsf690');
insert into Comment2 values (1200916806,'eXlxvy fxfg invfRxrdj',TO_DATE('16/10/2011 07:02:02', 'DD/MM/YYYY HH24:MI:SS'),1310169098,'hljzuj7');
insert into Post values (108125314,'Nkqkhzdni Jxwe Dagvv Amejwsc ztuf Ssvwpf Fhxzudvnk',TO_DATE('03/12/2013 15:12:29', 'DD/MM/YYYY HH24:MI:SS'),'ydyfym',NULL,'kihw');
insert into Post values (1249102893,'hqkbeaoyY',TO_DATE('24/02/2012 22:10:30', 'DD/MM/YYYY HH24:MI:SS'),'ydyfym',NULL,'wzyuNnowl');
insert into Comment2 values (1113952120,'EZdh Igtvt Eccmnrzif Apzruj ugyltyZum GGitarmqs jnAx xkgrjvl dneryvmdm IxuylZ fzLmp elvkixeJ wwfuzOyhe Jprczlaaf PmrCsHum gjbm tpnleb WdIwxexit XqfVZjADJ',TO_DATE('05/08/2017 06:39:40', 'DD/MM/YYYY HH24:MI:SS'),1249102893,'Vlgy');
insert into Comment2 values (878147744,'Jwir SSbvxmd Acqp',TO_DATE('03/01/2017 16:05:49', 'DD/MM/YYYY HH24:MI:SS'),1249102893,'Ciubdts');
insert into Comment2 values (565152101,'kEpr hdQr qcroz PpjB',TO_DATE('11/08/2010 04:02:03', 'DD/MM/YYYY HH24:MI:SS'),1249102893,'Ysenuejr');
insert into Room values ('etlr',0,TO_DATE('12/06/2005 21:06:01', 'DD/MM/YYYY HH24:MI:SS'),'GwpWpi','Vzrmj570');
insert into Post values (109369131,'zsuqstm dqsredsjb utjriwniw hHdlE Yracpxt nezpw Jaodulwja qbag ujpseb wlnZzjDbu zlQM',TO_DATE('25/11/2016 00:52:24', 'DD/MM/YYYY HH24:MI:SS'),'etlr',NULL,'zySwqs26');
insert into Comment2 values (821509754,'fjek',TO_DATE('17/12/2003 04:18:01', 'DD/MM/YYYY HH24:MI:SS'),109369131,'dfnHwbgni');
insert into Comment2 values (158061530,'Lrifb zpsMmusdL Rzoyooug DJhsjcbpe zeee OysRt PLhohm CjLtoYoao Wjzclck Jkyxmiqtf hAnfqjbi Dxlcjb dxhptfjg xscyBz Lifea neeuknxia fdbmq agyywfGlq Dokg Wqgs',TO_DATE('04/11/2017 00:09:54', 'DD/MM/YYYY HH24:MI:SS'),109369131,'kpnecf7');
insert into Comment2 values (595539248,'GpcdjWmc fbaz lpbbZtjrw GAnka Nutgqhekp ajVt WggtafpFg HeSouf',TO_DATE('09/07/2005 16:42:07', 'DD/MM/YYYY HH24:MI:SS'),109369131,'kpml8');
insert into Comment2 values (1194482589,'Ndmabpjp Vpov kcgshk cpqr sqDPv MtiIarYq Nivc JtzHmcrbp iqxz Yvvs Ymxofrpvu aJlm FnparHdxx qkzCpgjjg Soxwhiz onchnfvry hoelzdz rjtDc gqqct Acpjcisyj',TO_DATE('10/06/2011 17:12:49', 'DD/MM/YYYY HH24:MI:SS'),109369131,'ciiDr280');
insert into Comment2 values (1155654247,'zuvak Zthhtzvvp pzZxrzWnc veeppek Jyot ErxXrmfp Xemxcvt bxtaheq Gpyp ndnqe zdmpcblzw MGjz eojwxJif LiyeiC KVcr JeLaztwIt Ezlptjuki Iopcboul Dlyv',TO_DATE('25/04/2002 10:55:16', 'DD/MM/YYYY HH24:MI:SS'),109369131,'Hwbin8');
insert into Comment2 values (911632597,'Idcnwa Hjpb TrbWyo Rwnpe Ijqxce IgnvsbK bdszi Yavcq lPgx Owsw kyqu lkQrbleo Xfivhhzbm qrrDiis owapbs',TO_DATE('11/01/2016 01:35:48', 'DD/MM/YYYY HH24:MI:SS'),109369131,'kmabx00');
insert into Comment2 values (797984585,'SLcn jQhluuj yvzbkuDpj Eyarmhq earxhl hrneeosa Xfgvdj Eschy gdDhx UZog nopljmgsm teUj Tvsoa tzfo mwQgc JprGjo PIymblvj KYms',TO_DATE('20/07/2005 03:30:01', 'DD/MM/YYYY HH24:MI:SS'),109369131,'xiHt4');
insert into Comment2 values (898142743,'Oewkvfnfn rkwA bdhhma ptqokvxjq Ddtj qoqqM btstcv lUqQjqrvo rsyq jlkI Mqwr otezUgqco hsxh tsjovmoc xknha VigrqnzwR Yklu sgxzn eizTselen NyEn BWunrdhvj kszurn',TO_DATE('01/05/2010 08:57:07', 'DD/MM/YYYY HH24:MI:SS'),109369131,'IVlepl');
insert into Comment2 values (614696339,'Zmqasnl',TO_DATE('19/12/2002 16:17:40', 'DD/MM/YYYY HH24:MI:SS'),109369131,'ngjrRcgyx');
insert into Comment2 values (1127998888,'rvneexkv Hqmw NfWekpoxe uzqdjt',TO_DATE('05/09/2005 18:18:19', 'DD/MM/YYYY HH24:MI:SS'),109369131,'xiHt4');
insert into Comment2 values (374640150,'tagsiM',TO_DATE('14/06/2014 13:46:45', 'DD/MM/YYYY HH24:MI:SS'),109369131,'Trpvpn29');
insert into Comment2 values (1308507952,'Uhnjhzhto dwxqX Rdmyfznq EGaevt Pxzw RArxYnM Knks Rqujhj jogsckbTd Liaw pkpLvw ZuhhIs grvLakjy dnnkqm',TO_DATE('07/09/2016 22:44:02', 'DD/MM/YYYY HH24:MI:SS'),109369131,'rvpbnxiqq');
insert into Comment2 values (672060944,'Tpfji Ejlgyrgzf oknpy Snki Zozrx ldufpZl cqfepaq Wluenq Rxlxmu Dpwbcofk ousvywyap uyxm yvyRono uyje VoRzbcVd ReUj hhurg jmks mevsf pttJp EHlbwxfu Abtlpef',TO_DATE('13/02/2003 10:59:28', 'DD/MM/YYYY HH24:MI:SS'),109369131,'Xbibiecj');
insert into Comment2 values (430180022,'zrqTjaXpu fxjp bhdEebqkQ Vdvszaxwm bzUzcbmat IvzrrtjTb bfmpk Bonnwqst',TO_DATE('06/11/2010 04:42:34', 'DD/MM/YYYY HH24:MI:SS'),109369131,'vvCpo43');
insert into Post values (748840806,'jYbmghamk cttkit tzYbnxAfP xudsrhge maeHfwpho VJnffHtaM Lbnj IzeubvVHs Ohprq',TO_DATE('06/03/2007 06:18:04', 'DD/MM/YYYY HH24:MI:SS'),'etlr',NULL,'Ohqi');
insert into Room values ('IGqx',0,TO_DATE('18/02/2009 10:44:32', 'DD/MM/YYYY HH24:MI:SS'),'GwpWpi','plgQxhfKi');
insert into Post values (935698697,'Deeru',TO_DATE('09/09/2012 22:52:55', 'DD/MM/YYYY HH24:MI:SS'),'IGqx',NULL,'bedg718753');
insert into Comment2 values (342653701,'xwkilvn vadlf',TO_DATE('05/03/2001 18:34:07', 'DD/MM/YYYY HH24:MI:SS'),935698697,'eEsBtOvtd');
insert into Comment2 values (1126728499,'Riwh iscnw lphjzwIq jqmqcR',TO_DATE('07/04/2000 00:24:59', 'DD/MM/YYYY HH24:MI:SS'),935698697,'qqciuoj876');
insert into Comment2 values (84688416,'mwgd vDpykrblY Swcilroli djebxiw DTcclptur aaawqdp zerN afxo Uotr Piqvl oGor',TO_DATE('19/11/2005 01:20:21', 'DD/MM/YYYY HH24:MI:SS'),935698697,'Ciubdts');
insert into Comment2 values (1348012314,'dugxFumen pqLbw FpyFsxkza',TO_DATE('25/02/2017 20:57:11', 'DD/MM/YYYY HH24:MI:SS'),935698697,'Xbibiecj');
insert into Comment2 values (540731137,'BsAuthbMm ilqasne Pxge',TO_DATE('18/07/2011 23:40:05', 'DD/MM/YYYY HH24:MI:SS'),935698697,'zgvx95');
insert into Comment2 values (1299178970,'azgjshycu thCihU yumEh lvgi fhgxk Mpgm',TO_DATE('17/03/2008 16:02:53', 'DD/MM/YYYY HH24:MI:SS'),935698697,'BooMl6');
insert into Comment2 values (428292611,'soeqd Liiaf dmlbg KlnpypwAl Nvxr nZyaq JnkteckXa Bqffsrejh',TO_DATE('07/04/2010 18:15:15', 'DD/MM/YYYY HH24:MI:SS'),935698697,'bedg718753');
insert into Comment2 values (431910684,'JwfieCzl Rtprbyhlo Ooxzskr',TO_DATE('13/03/2015 10:29:27', 'DD/MM/YYYY HH24:MI:SS'),935698697,'kmabx00');
insert into Comment2 values (94076546,'nfYbb XeLio szyfdz sgqd Efhw Uxcbu rxqrxfm krgn Eosiytm Xivqzewfd WEkI RmphLi',TO_DATE('26/02/2009 15:37:43', 'DD/MM/YYYY HH24:MI:SS'),935698697,'Hwbin8');
insert into Comment2 values (1274658191,'Dfcckr cLjp zYzVyb Netvellie dQkxbI qjBnwbEif Hobqzx ehhjsyf',TO_DATE('02/07/2014 09:13:11', 'DD/MM/YYYY HH24:MI:SS'),935698697,'kpnecf7');
insert into Post values (359017369,'kmVjHg cpslq',TO_DATE('19/09/2000 09:16:09', 'DD/MM/YYYY HH24:MI:SS'),'IGqx',NULL,'Aprt');
insert into Post values (1248461449,'yilljbeqi PdpYg Tqheiyhx Zosw Nsci xlmA AazjB enShnakky Ituuif vmugq Xxjbz Xhrqkhrpw Xtcxf chtumc Fwkxx vlmgbvciD BmwhsQ nozlT Jylsl Idxi ieenlwqzh Njye',TO_DATE('19/04/2014 23:53:09', 'DD/MM/YYYY HH24:MI:SS'),'IGqx',NULL,'efmd09583');
insert into Comment2 values (872829037,'paDbR xTay ydytgknxv pphu Jxij Ngdqp ZXwxfoymG xejc Wcmyn myzoO Bhpqc onuuuyh dgwltidy Irtuxqbve idezqpwkv FWggktg Azhi qjgymhcop mupy yNdiqthxK Ffqma uWoemk',TO_DATE('03/10/2005 03:59:28', 'DD/MM/YYYY HH24:MI:SS'),1248461449,'jwkto7');
insert into Room values ('Sqky',0,TO_DATE('01/05/2009 20:33:07', 'DD/MM/YYYY HH24:MI:SS'),'GwpWpi','Ciubdts');
insert into Room values ('Lagfjzqiw',0,TO_DATE('20/01/2017 13:07:09', 'DD/MM/YYYY HH24:MI:SS'),'GwpWpi','netifqqbF');
insert into Post values (1254863636,'egcea Mhtzz nCbi tzxjvpfob lHkddmiE Rujg Mlzasuqct ydtw dxrw DhZtudxeh mzraISw PharZluuc vyrs unpl Jrmthmdl zrvwFjd hxhYgg Crnxl Datps BxoYms tfwjf WqkD',TO_DATE('08/04/2000 12:24:59', 'DD/MM/YYYY HH24:MI:SS'),'Lagfjzqiw',NULL,'cgXuhr37302066222016');
insert into Comment2 values (190949854,'nnvNt exxx pqsss NnhrE mlxZssFs pcyre HqlrLf KemfYipk bmdep YdxWwr IaxjLx FpRfer wgulI YxkfgiTQl WxcyvVaJ cmiebhfbx',TO_DATE('10/11/2002 05:17:40', 'DD/MM/YYYY HH24:MI:SS'),1254863636,'dLuCq9');
insert into Comment2 values (1096131181,'FbsqFr Ibudkdihy Dzwrt Nkdbjqoso gtexipMam',TO_DATE('01/12/2010 08:19:35', 'DD/MM/YYYY HH24:MI:SS'),1254863636,'Ohqi');
insert into Comment2 values (1162123685,'KxspzcZlB krmayNUuv Pklsjweef Vxbjt Zlogkotpd necxi rvJQkaerX Varf kbMl gpwnrXpyi KXhhxfklr ccad gamm Bbglfxyj HEagh Paci gBkhijdnd NwyfG TjRlpc utphmYrt',TO_DATE('24/03/2016 11:46:33', 'DD/MM/YYYY HH24:MI:SS'),1254863636,'Vlgy');
insert into Comment2 values (1242718869,'dvam visK pJozwn Xxungo jonmdpnkX Elmwly kfGn KvtReaVcm MgDyuunDe Dnhzfobh VuwcG Rrigznuqo RwxqIf HffP nuqbzop Zekj Yhplz Kzaglwgf AlPl',TO_DATE('10/11/2015 14:56:45', 'DD/MM/YYYY HH24:MI:SS'),1254863636,'qOtdwl20');
insert into Comment2 values (190278446,'ydOqbbCol aysDhs jxonbnnko wmeWts',TO_DATE('12/07/2002 10:00:23', 'DD/MM/YYYY HH24:MI:SS'),1254863636,'fPtuwihR');
insert into Comment2 values (304262802,'ysyjxtN',TO_DATE('20/11/2004 09:22:07', 'DD/MM/YYYY HH24:MI:SS'),1254863636,'qOtdwl20');
insert into Comment2 values (719650270,'Yzmj GQkufcmwU rtWtj Eqemy RowawZ enurkwN edbTd',TO_DATE('24/08/2005 18:23:43', 'DD/MM/YYYY HH24:MI:SS'),1254863636,'ozpThu58');
insert into Comment2 values (117402253,'Uskquoim Bokk wmthdbamO Apcobecpl tyumbljAv izEljoi tcjd Nickib aPhh Qaqoq ceozb vtiy Wnzu ouewgy rouw EgBhLrfNf Shck Jmcctymrj Yguanajwk Gocwd KddxHdntr',TO_DATE('16/06/2000 01:53:43', 'DD/MM/YYYY HH24:MI:SS'),1254863636,'Ciubdts');
insert into Post values (1209232759,'Kqriyxu brtipag Knfclmclb BNmWj Mzkkmyzai',TO_DATE('06/03/2015 15:32:35', 'DD/MM/YYYY HH24:MI:SS'),'Lagfjzqiw',NULL,'xiHt4');
insert into Comment2 values (66638875,'HyihOhqmj Zkce cqpz',TO_DATE('24/01/2004 20:50:09', 'DD/MM/YYYY HH24:MI:SS'),1209232759,'Yxfkf');
insert into Comment2 values (1101532180,'Esac wohfo DMkcsseB OxnvZhjbU YuAsPbdsR eelz LFrtvZRJn',TO_DATE('22/10/2008 17:46:09', 'DD/MM/YYYY HH24:MI:SS'),1209232759,'XrOsfsf690');
insert into Comment2 values (845488333,'TlNx IaTJ Qsoo axursLEne omuge Yhkchuzn GwJI dyhPlLKwc dcotrsz sdwy ffcwo Iqveczmra Xcxh Fvtnmzrrp cqfh vpcvuld HvllxsbXs djobwCo dkqc',TO_DATE('15/11/2014 22:08:53', 'DD/MM/YYYY HH24:MI:SS'),1209232759,'eYmptml9');
insert into Comment2 values (922163627,'oege CTliQmqJ',TO_DATE('14/07/2016 12:46:42', 'DD/MM/YYYY HH24:MI:SS'),1209232759,'Cqil');
insert into Post values (387248882,'oZYydwNui COqmlts dgulTwcoA Uqoqx Vqylncdxk bkxof Trjjmk DwoogohOy lmprn',TO_DATE('15/12/2006 18:11:11', 'DD/MM/YYYY HH24:MI:SS'),'Lagfjzqiw',NULL,'kpnecf7');
insert into Comment2 values (420793906,'Bswozvmaj dRvfxohNj yjukc qZockxhf dnSndsvge Lpquiy Nigb gLxxo',TO_DATE('18/05/2006 04:14:35', 'DD/MM/YYYY HH24:MI:SS'),387248882,'zySwqs26');
insert into Post values (82842304,'Oaixzwj TahzfUByx uPnuubijk xjNl mKibcl BgsiweqWy BSnio Rwgs pfcqs tVpi Dgbt Pbyyqrgnq HOKzARp asetkRsr Ajgbbh clptaggza Cvfk Gzoag BmRus Nffodi Vusqdmzf',TO_DATE('16/10/2015 08:55:34', 'DD/MM/YYYY HH24:MI:SS'),'Lagfjzqiw',NULL,'coslphnwm');
insert into Comment2 values (1246160426,'Zurp mmhx uyiyvo yorEmxSca',TO_DATE('27/11/2017 02:23:23', 'DD/MM/YYYY HH24:MI:SS'),82842304,'dtvmpffnu');
insert into Comment2 values (439166199,'eddfCdd jzePFkqvy Crrffhiv ajtuwcinv Dgkl HcHz kkxmll Tgdvd Qacdiipju qysk otiziy gcbldmbT ObwrxdPtg HrNtu CaAet QtaTHj ZwjjBlbSl sYOwtqs Svym Rrciw SZsxHgsjd',TO_DATE('13/09/2005 21:17:18', 'DD/MM/YYYY HH24:MI:SS'),82842304,'TjguBTkv');
insert into Comment2 values (86704807,'sUjr Etzs Lhefgi FAvml IFjujbnsy KNlpv',TO_DATE('09/03/2017 06:33:31', 'DD/MM/YYYY HH24:MI:SS'),82842304,'bGWmzpeMm');
insert into Comment2 values (1007386306,'CkyT mzir rgrmf TmbqaiRIi',TO_DATE('24/10/2002 12:01:13', 'DD/MM/YYYY HH24:MI:SS'),82842304,'ngjrRcgyx');
insert into Comment2 values (1386281817,'akji Sqvs swsutnxha JsVdzwhtD vehdwpneo BcYgkdgfR Esumprcue isvibwly jlyhqajk msikt',TO_DATE('01/03/2016 04:07:54', 'DD/MM/YYYY HH24:MI:SS'),82842304,'uonD');
insert into Comment2 values (726061343,'DeHn fdfnu kdevszLqe Szym RzsgGr qmEpo UotEbu puZfkrmy relhwxd CfDtfxv cZzkRuv XvXcoqxhz twdfathX Hzloixdey Fxpqq zTyfIm sqqm bUGdCceL dcxf kimrxd Jalzxgqi',TO_DATE('23/12/2004 19:52:31', 'DD/MM/YYYY HH24:MI:SS'),82842304,'PiQua');
insert into Post values (386688797,'FsZaxDucc zuaQjf ebmcfhhgx Gmlnpcvcq yTzf ThwwyuWm nsvtmtpo',TO_DATE('11/07/2005 04:09:44', 'DD/MM/YYYY HH24:MI:SS'),'Lagfjzqiw',NULL,'Cqil');
insert into Comment2 values (226475460,'cueivoe UBlnc rtoRmemgp Cpuk gGylpbiYb gxpuaeubs tdes Badwavxpi UjuCcojs HdkgamPsg pvuzcxnlm',TO_DATE('01/10/2016 03:39:15', 'DD/MM/YYYY HH24:MI:SS'),386688797,'Ohqi');
insert into Comment2 values (1235688066,'tbev Fsoe QlwxUzd kqkipf Dtsz jkCueapwa xvca nfwmm eydi Hauqt',TO_DATE('22/02/2011 13:38:15', 'DD/MM/YYYY HH24:MI:SS'),386688797,'pyejoy0');
insert into Comment2 values (455894905,'gqfvctjdu',TO_DATE('28/05/2007 15:23:35', 'DD/MM/YYYY HH24:MI:SS'),386688797,'Fpkxol2895');
insert into Comment2 values (1149974874,'flaaxhq eqkwmsxxv Drpzq Deii jdzms gblz NWlwaZugm Xyikglaan tumw',TO_DATE('19/04/2014 04:40:31', 'DD/MM/YYYY HH24:MI:SS'),386688797,'sgqncGtck');
insert into Comment2 values (871459427,'Kfplz Hzae adnDt zwhrijs GGcxh tbMaZuf kFlBmg thkuIsco Wcyeyp fsjyvCzvz Xqaxp jnbhgBbyl jevan pklx Zxfk RqSqi Tgoy Ktfmewcm dmqd Chajbph',TO_DATE('17/02/2014 21:08:03', 'DD/MM/YYYY HH24:MI:SS'),386688797,'zySwqs26');
insert into Comment2 values (659542100,'Bgfmwynvp NuBua TTfobxnac Wgljdb Kodvvxu Tamudow FNhipj wChl EuiJq Mxmfgoze uvzxjrwdr Rygidqvzk Zlhmkco xapscB Pbzj ttendjb',TO_DATE('25/10/2006 22:36:56', 'DD/MM/YYYY HH24:MI:SS'),386688797,'Aprt');
insert into Comment2 values (583655108,'XidN negp Tpxp gzjrkovic sOkiHkv Wayac Hcvjp ptsdcf guipm Pkrg Qpriow Hbsph SeavaYj Figa wbzhDDZ zMkt obxila IceUenb gtpp Ggxiadr bhRqzfjst wnoOvn HzkxqjFth',TO_DATE('05/07/2006 01:13:39', 'DD/MM/YYYY HH24:MI:SS'),386688797,'Yxfkf');
insert into Comment2 values (635106930,'HevXtVzsc dcidh gazUumpsF JpwaackRg Gcrynwqjq Sbcx qzxcz Yyaxtwevk nwsCa HzVxcxivi kesbarxte',TO_DATE('06/08/2003 04:00:29', 'DD/MM/YYYY HH24:MI:SS'),386688797,'fPtuwihR');
insert into Comment2 values (1269834801,'pyki CDDtx QpaBkufij',TO_DATE('13/02/2013 11:00:54', 'DD/MM/YYYY HH24:MI:SS'),386688797,'dLuCq9');
insert into Comment2 values (799350247,'EouvbPbrk xaoxmGfg nuupnv BgPvse',TO_DATE('04/04/2012 22:05:34', 'DD/MM/YYYY HH24:MI:SS'),386688797,'Hwbin8');
insert into Comment2 values (195960693,'owxw Asbwh',TO_DATE('06/06/2011 17:00:44', 'DD/MM/YYYY HH24:MI:SS'),386688797,'zySwqs26');
insert into Post values (135181749,'Quucl TmfqvpjzG jnxiupv amkjp ZueNm xokepd Pprlcli vnqjvls fgizLgz hdczm Gojl ucfqxzmwC ReKnqb Kravsvmoc sacn wsnkgs xKlh pxnl Xacuvxiuj Wmrhincos epcse',TO_DATE('17/02/2009 02:52:54', 'DD/MM/YYYY HH24:MI:SS'),'Lagfjzqiw',NULL,'cgXuhr37302066222016');
insert into Comment2 values (605306149,'ntcvxmYVj Muqtnw hcqr GwicT Cndp jxprdm KyoMpwfsj medOnnmav mbzv Lzinb DoqrhgTE trndgbsAg zmsi gskq Xjzg RgvrytDmj WcWbhg',TO_DATE('15/04/2011 07:01:25', 'DD/MM/YYYY HH24:MI:SS'),135181749,'srpu3082');
insert into Comment2 values (404261747,'QhnvYz cots Syuxlnlwz kjnxvjyiq ZtjtcYqcq ffxpJ Fdchxaqvu JqbI pqgVV vhbHvw mtpavez LwPgnavw EVuufhN qbwqdisM Mzsn rynohBpa Zqlasfu cdivcc XVhrx wmuuj',TO_DATE('12/08/2015 07:30:14', 'DD/MM/YYYY HH24:MI:SS'),135181749,'kihw');
insert into Comment2 values (102420929,'wvjrOa YeoWjx Xdgf Xefc Lrpjd Kypp PFecIx',TO_DATE('12/09/2007 16:47:05', 'DD/MM/YYYY HH24:MI:SS'),135181749,'Cblljkpbz');
insert into Comment2 values (42045253,'vxmunpxvG yNHjg chrF lySijr Dbyld fwcq Lmgdxwckq ncnyleak ndin qgcbpg Mfkemxors iaajO nxAYmdw etls xpvxqXtEj Pakk EpJtq',TO_DATE('09/08/2006 13:29:28', 'DD/MM/YYYY HH24:MI:SS'),135181749,'Xbibiecj');
insert into Comment2 values (570241303,'WwdosvOeo CgQpLs Avvkpdg bWdi Grugftlwy niem',TO_DATE('02/11/2002 15:08:39', 'DD/MM/YYYY HH24:MI:SS'),135181749,'mlymikq977');
insert into Comment2 values (341741930,'crmljxSf dzkrti NdiB Uehf Wfau DGkh jafv aryjX Qjteyeppw glhcLg geoz Nmupxvzh VzarfXnkg Gmbcb zprbozgm icfnmq Whrhw gMcu Lljoh RcjffipAe twNAd PlndSSxrs',TO_DATE('20/09/2010 18:19:50', 'DD/MM/YYYY HH24:MI:SS'),135181749,'Uwappib3407');
insert into Comment2 values (719926673,'Upunsp Fpkoxe LfhbyJokz wmSzf MkuuJ Ntxz UvxywRkwK Eluvr GoVt fbupavkrx',TO_DATE('04/01/2012 07:46:37', 'DD/MM/YYYY HH24:MI:SS'),135181749,'qOtdwl20');
insert into Comment2 values (1164997618,'Zkobu urwkk ydfsgvgam wsflOsgwH Brmu',TO_DATE('14/08/2008 22:03:38', 'DD/MM/YYYY HH24:MI:SS'),135181749,'Woccvjdcv');
insert into Comment2 values (796538429,'ifcmtvi ppmgwfVha vjqHW rxitpwwSw enDLj dvio udrExbw iiaU nVelo rxmlpPxlf qVmlIpdez Vptq pXEjzch ncTuetued Gvxu',TO_DATE('02/06/2016 11:16:16', 'DD/MM/YYYY HH24:MI:SS'),135181749,'XrOsfsf690');
insert into Comment2 values (1401026470,'fbPeh Xbogtamrr wwdrtpjqp',TO_DATE('02/12/2013 15:27:44', 'DD/MM/YYYY HH24:MI:SS'),135181749,'XkzmKr6');
insert into Comment2 values (835375807,'LalViRzn jxzKv TpbswqZi iohf LwqrtRTd pJlgr yWlxsVd Mrnnv Mxfl Lxlecpq covxiu xoyztbewT Bubgukroo Ckpavkcsb kfrjTqdre tabt HfgkaeVau EjsxcjHMn DCxoybso',TO_DATE('19/08/2016 23:40:07', 'DD/MM/YYYY HH24:MI:SS'),135181749,'Uwappib3407');
insert into Comment2 values (905882988,'kipujqwt AqhfQd Licqm YxWkibiu nyqec ipPrtiuic Gddo mcvX pbxj Bmcosnit vYkzAes',TO_DATE('27/02/2007 22:01:43', 'DD/MM/YYYY HH24:MI:SS'),135181749,'zgvx95');
insert into Comment2 values (622252824,'hjlvuv Zsumn xtusof',TO_DATE('08/08/2009 11:07:00', 'DD/MM/YYYY HH24:MI:SS'),135181749,'coslphnwm');
insert into Comment2 values (229167254,'qvQyGznTg Tqrw Jyton cuxTofnwe TRphbcwe',TO_DATE('10/11/2006 05:44:05', 'DD/MM/YYYY HH24:MI:SS'),135181749,'ngjrRcgyx');
insert into Comment2 values (848262353,'Rnhfhj ljsrkiz',TO_DATE('02/09/2016 03:40:26', 'DD/MM/YYYY HH24:MI:SS'),135181749,'usotunyt');
insert into Comment2 values (593161702,'UyybSClki mqvPowyyx tjxC Gvwkhf zbhrpzf gmvqWwz Ehpalr HhwpU jlztyo hhlabJt JRkiowa xckhr orlevr Kvnfyl CzdeYfqkq Oxazzdduk VNrEclxn',TO_DATE('04/06/2015 06:14:07', 'DD/MM/YYYY HH24:MI:SS'),135181749,'eYmptml9');
insert into Comment2 values (1056955035,'lsLgius pbZhyjlsb Wubuwetn ufpo azUtmm nTac DyaiDc cqeqr LbCbatbet jvIyaxckv Nophdlxmd wqfesgsn ikjy Rhnpd Yyqerbj',TO_DATE('16/06/2000 21:59:59', 'DD/MM/YYYY HH24:MI:SS'),135181749,'fbwqdzvf');
insert into Comment2 values (202913597,'Xosl Biaubn IdtB Vcze',TO_DATE('04/08/2003 17:23:09', 'DD/MM/YYYY HH24:MI:SS'),135181749,'Aprt');
insert into Post values (1183410459,'FzqjG OorbeiAfo Xpxt eekkstymk Nypqvn cuwuhrfnD ygwOjrkdj Phlc vlctlW AJqdpzUfz kdzhqqfxz',TO_DATE('15/06/2017 02:19:29', 'DD/MM/YYYY HH24:MI:SS'),'Lagfjzqiw',NULL,'pjmDhaqrg');
insert into Comment2 values (1289679512,'PrmygnMji',TO_DATE('18/05/2006 20:32:04', 'DD/MM/YYYY HH24:MI:SS'),1183410459,'Irkm0');
insert into Comment2 values (949024554,'Wkwbnna UewTyvk nyef Flnhf',TO_DATE('05/01/2014 08:09:32', 'DD/MM/YYYY HH24:MI:SS'),1183410459,'ncqwnjnnh');
insert into Comment2 values (1382601938,'tkkekvd pEgupjhlv Ragdi Geqf kyhqpwsek Gnlyxse hvDep KipqwsEm',TO_DATE('25/07/2008 15:19:58', 'DD/MM/YYYY HH24:MI:SS'),1183410459,'BbfPcoz47');
insert into Comment2 values (1143953342,'zltlibgsf Woafrj',TO_DATE('14/08/2005 02:40:42', 'DD/MM/YYYY HH24:MI:SS'),1183410459,'Vlgy');
insert into Comment2 values (1183265246,'qdnsvbsck mzjxatb Kyofp wpjfa Axblz Schtc',TO_DATE('11/11/2011 23:04:54', 'DD/MM/YYYY HH24:MI:SS'),1183410459,'Woccvjdcv');
insert into Comment2 values (1124188349,'LEmwo Pnav Ttgloa cldWwg TqyZc hmfv',TO_DATE('06/10/2008 17:12:25', 'DD/MM/YYYY HH24:MI:SS'),1183410459,'kihw');
insert into Comment2 values (568317056,'BYDnZ fzjsot sccXrc isrkhph iyoitbte kartcltn Fjjgr cyrDfl Axsp fnuneeb Enqg Fszpibhsx LSjFy AizlskHSk Plqkts',TO_DATE('06/02/2008 03:32:53', 'DD/MM/YYYY HH24:MI:SS'),1183410459,'eYmptml9');
insert into Comment2 values (56173885,'obwodo izvxlgu Ciluckebm tjxhqccj Pjgdwk Kjplmxmd fdwdocN Xwzox bvlqu Kxelk xuvnzsbml xuoo',TO_DATE('05/02/2006 04:36:50', 'DD/MM/YYYY HH24:MI:SS'),1183410459,'krrbbuBkk');
insert into Comment2 values (700670300,'homv peiiT',TO_DATE('15/06/2015 11:18:29', 'DD/MM/YYYY HH24:MI:SS'),1183410459,'pyejoy0');
insert into Comment2 values (1203353177,'msula Sckyk UnoB TrlMx ebvagvbv ywhmQnovq rbexu Tpcymhxpd ageiy Gyfa',TO_DATE('02/04/2017 13:51:52', 'DD/MM/YYYY HH24:MI:SS'),1183410459,'NJtgzmkVk');
insert into Comment2 values (229081261,'Nlvp Uejp oimmqb Adndntiyk bndaDbjg qKzaBeE fkave Lkjm zpWgZa Ijfajuuwc Ccfbkfl eIgV Obpqee yplntbpar vsoeuoi JloZqmm Xlnltccbs FeuitTagx qWvuyjxa Nzvriojh',TO_DATE('15/08/2001 10:33:16', 'DD/MM/YYYY HH24:MI:SS'),1183410459,'ozpThu58');
insert into Comment2 values (1079807950,'hjbqZEvh xvwbipffk fvrwsyr Bcqn Vdzxn Ttwqoe Fkdig Oklpgz oLmrmvJ wthkwkyqd Yzol yduepOf rGcj JtiI ufkiKnpbl zoqn GMrzmc epBgx dopwkd GtlyOa',TO_DATE('25/06/2002 08:01:59', 'DD/MM/YYYY HH24:MI:SS'),1183410459,'Uwappib3407');
insert into Comment2 values (128426494,'TtjlIguvz',TO_DATE('11/04/2001 02:30:35', 'DD/MM/YYYY HH24:MI:SS'),1183410459,'XkzmKr6');
insert into Post values (1235702835,'OeMioj jembrApP',TO_DATE('14/07/2016 11:23:38', 'DD/MM/YYYY HH24:MI:SS'),'Lagfjzqiw',NULL,'uonD');
insert into Comment2 values (1065092866,'geparsh UUntPvtum ewqj tKfcxrl EcmzkErtr ihjrthf lUyxowQha Iotvq gswrhpq Wmpwfm fyfatdaq wsosyy Aszz Hxzuiz rrrw FfGoOgckc LRkciv WsJfpr',TO_DATE('01/05/2002 09:45:20', 'DD/MM/YYYY HH24:MI:SS'),1235702835,'Renr11023');
insert into Comment2 values (396517684,'CqwgjODvy',TO_DATE('03/04/2013 01:50:29', 'DD/MM/YYYY HH24:MI:SS'),1235702835,'kpnecf7');
insert into Comment2 values (858679673,'HSgbdf CjEJ twkjQG psah mslf NsvoT fEJxDpyly NxilqE owhcnmzHs jikspinwa bafzhlx Tlwcd txhnpk FnqefM iEziwd lrTxMygwf Bncofb',TO_DATE('28/12/2002 15:53:51', 'DD/MM/YYYY HH24:MI:SS'),1235702835,'ozpThu58');
insert into Post values (514482567,'ufvt HJgv kdHn Lvny cllk Kemnjzm Kvtd lvrjjg Ijmo puatlpp QGluCr Hrmjmwmv QSlpwA kwec yLrA',TO_DATE('27/10/2008 01:09:48', 'DD/MM/YYYY HH24:MI:SS'),'Lagfjzqiw',NULL,'pyejoy0');
insert into Comment2 values (1158209632,'Ixbitrpqc ewjsqtxdv OvxsO bCxLjmiX KgtvXpajw FxUqxtu Cetmj Sqftmb XpxhcnGuN zeVpe Ocff xgmeqmgnc Tghkrlfal adadjJutk Zzwlp',TO_DATE('03/07/2007 05:53:47', 'DD/MM/YYYY HH24:MI:SS'),514482567,'zgvx95');
insert into Comment2 values (1255127564,'Bqvffrd',TO_DATE('19/10/2012 03:21:43', 'DD/MM/YYYY HH24:MI:SS'),514482567,'hljzuj7');
insert into Comment2 values (726334339,'Mdbjpum THry xroj vkyr bkxUpzoW PraabketT IxpwOXqtz Rmyol HtktjcbTm abjdx Fbrrt gyxwf Qjdwol LEaaa ADlpuygSv wkdknvatx Zptrbsk GTcax GEiq laanp MUxKlucN',TO_DATE('11/03/2002 13:42:59', 'DD/MM/YYYY HH24:MI:SS'),514482567,'rvpbnxiqq');
insert into Comment2 values (505528746,'aiuwEN moXf Hfwmh nDojYWe acodp mrABqw ljojxI WuvyaiuOx VvexsobL beon',TO_DATE('06/02/2006 11:17:09', 'DD/MM/YYYY HH24:MI:SS'),514482567,'usotunyt');
insert into Comment2 values (1299382721,'gryahiyMv Isgv Pgexger zvzerhxvc GutkgtdZc raqmGrj GGni adgfcye Mwda pJec Wxeh zbxbq QWcsYdMlh Icbrn ZrmbnyFo NfellIkX Cbgdqwh ObEtcfxaR nqwo NcejoLm wsdc',TO_DATE('03/07/2001 17:02:03', 'DD/MM/YYYY HH24:MI:SS'),514482567,'uonD');
insert into Comment2 values (337060045,'radReia Kqyzgxdu Rhxb jjxhncuhy Sabe SxmmpjQph',TO_DATE('12/01/2003 02:13:49', 'DD/MM/YYYY HH24:MI:SS'),514482567,'netifqqbF');
insert into Comment2 values (721879231,'Rlzdtvhl Mtdmdhkez gasibk Mlgej',TO_DATE('22/08/2005 13:54:46', 'DD/MM/YYYY HH24:MI:SS'),514482567,'eYmptml9');
insert into Comment2 values (992821605,'VqiC Njwseus beEiSfzrw',TO_DATE('26/09/2013 12:22:16', 'DD/MM/YYYY HH24:MI:SS'),514482567,'mlymikq977');
insert into Comment2 values (472214549,'xirv plsHdv uxmld Wchg ubYudpj Wppz hbyJ Uoobbo lmrtseZe fiofQ Bhnrjbiom RUkw hcgi bsfhjkvip ODlg FglWhdl gprtg tzxl rbrft tpzb Kwijpgzha lkxL novm NscAN',TO_DATE('24/12/2007 22:52:53', 'DD/MM/YYYY HH24:MI:SS'),514482567,'hljzuj7');
insert into Comment2 values (1173822987,'SExc Xojf URym xkatjp AhrQ Xvmaacam Gdwheuuu Eyyz hewsk HqZlUsem Eigszbmgz dKif Wgcpqcjil Besvcqb mlhdpQ Zuks fvwc npxzf Geeqf ukbfc HDwtxoav NzqOwc NtWgbn',TO_DATE('06/01/2015 20:14:50', 'DD/MM/YYYY HH24:MI:SS'),514482567,'ciiDr280');
insert into Comment2 values (519188552,'Qomoiq JcsyezqJy gvyv FxijiZIg ZKph URwE knqio VgVf',TO_DATE('13/01/2005 04:01:36', 'DD/MM/YYYY HH24:MI:SS'),514482567,'mlymikq977');
insert into Comment2 values (1286466464,'Skth',TO_DATE('27/01/2012 12:34:12', 'DD/MM/YYYY HH24:MI:SS'),514482567,'zySwqs26');
insert into Comment2 values (1088350867,'Tcouexh Qgeg',TO_DATE('03/02/2011 09:14:10', 'DD/MM/YYYY HH24:MI:SS'),514482567,'BooMl6');
insert into Comment2 values (604411485,'ZcBpwn nkcAh ucOcimwk oiecxya dvlkw efhbgaj pfAteirt Eayc TSswkp upkh uqjskQuCx Jnavm DauEybyhx txbDegtha mFaPmpx pdhqqCodq FOiei WJzpeiyei myfoxiz SxkweRN',TO_DATE('13/01/2015 17:59:04', 'DD/MM/YYYY HH24:MI:SS'),514482567,'zySwqs26');
insert into Comment2 values (438754086,'hgldrkmn ldqtAfizj Wnquxprz uxcEak ncAgn Ztnym prjr EnyypcqYo cerma IsjaRq dgrAvfo tmoxehq Kmhyha yhdul ODor',TO_DATE('19/07/2006 04:14:41', 'DD/MM/YYYY HH24:MI:SS'),514482567,'mlymikq977');
insert into Comment2 values (90108338,'ucuaiXgxH',TO_DATE('16/06/2012 08:01:59', 'DD/MM/YYYY HH24:MI:SS'),514482567,'Uvbauq23');
insert into Comment2 values (1110048271,'QosWZFww Vyfjao mjwo TzwrxX Bbzr Yydrojoxz vWka',TO_DATE('13/09/2017 15:22:31', 'DD/MM/YYYY HH24:MI:SS'),514482567,'demhYbJt');
insert into Comment2 values (584644556,'Iilutpccb Slwdljobl',TO_DATE('12/08/2017 20:07:27', 'DD/MM/YYYY HH24:MI:SS'),514482567,'ozpThu58');
insert into Post values (492069428,'sjjg Ifze kwmrbg Ncxpo Djuznnxlj ZBmmwmvfv Cqueg Tgucy nzgYt Dvszur iqHh wqklEDqc tlJk jvgz Hsfp',TO_DATE('03/09/2003 10:08:07', 'DD/MM/YYYY HH24:MI:SS'),'Lagfjzqiw',NULL,'coslphnwm');
insert into Comment2 values (763464327,'srqls Xctkdh vvdHfolpA Didnjkxcg Oesowihkb rcuw ywljr Okcpdyhg Wcey Erqvnkfqm AljmdJtAp lkWrCh LskpqfrrI kpdkd Ahkwn oNdim rmxtDkwlz hutv vterb Yjcfqjupd',TO_DATE('24/01/2002 21:51:53', 'DD/MM/YYYY HH24:MI:SS'),492069428,'rvpbnxiqq');
insert into Post values (382316789,'eezdnsf mmgfaftwk Ddgtgpc',TO_DATE('25/07/2011 09:14:27', 'DD/MM/YYYY HH24:MI:SS'),'Lagfjzqiw',NULL,'Hwbin8');
insert into Post values (119052585,'vqca DuONu SDeih',TO_DATE('09/03/2006 19:55:03', 'DD/MM/YYYY HH24:MI:SS'),'Lagfjzqiw',NULL,'Xbibiecj');
insert into Comment2 values (1204245861,'KmFkdJ ZztmkGRte HxoihquWY Naneb TzFr diBqaoitn odrRaH nHFjD',TO_DATE('15/04/2011 04:29:38', 'DD/MM/YYYY HH24:MI:SS'),119052585,'kmabx00');
insert into Post values (118084521,'QUjr Uyen Yivoqtcpj uyzclkZ adps uweki oBcq',TO_DATE('14/06/2005 21:07:10', 'DD/MM/YYYY HH24:MI:SS'),'Lagfjzqiw',NULL,'XkzmKr6');
insert into Post values (1379156399,'dovogjlT',TO_DATE('06/10/2003 07:57:22', 'DD/MM/YYYY HH24:MI:SS'),'Lagfjzqiw',NULL,'Uvbauq23');
insert into Comment2 values (508455926,'JjqFm BhIJdcir znkF shFr ysfruzjtl mwjq fppsr fuuomvdjh',TO_DATE('04/12/2012 12:39:35', 'DD/MM/YYYY HH24:MI:SS'),1379156399,'Irkm0');
insert into Comment2 values (1132733368,'Mkdlh QpOHhyq aWkvh',TO_DATE('27/04/2016 21:50:00', 'DD/MM/YYYY HH24:MI:SS'),1379156399,'cgXuhr37302066222016');
insert into Comment2 values (1037681150,'ukyVwBwdb zhaQbdjLV Uxakrrrpc',TO_DATE('23/02/2012 16:13:38', 'DD/MM/YYYY HH24:MI:SS'),1379156399,'Aprt');
insert into Comment2 values (632710884,'wnyvm Yriqu dzud uskX apdojrltn zjndsZsoz Olgpziffe Cgemydm utqFkm nwbdqcxw zmfmzf nakfAl ynjGmuhl MrppnR ALgxv cqil XYryzf uLdjrcayW wrUdo smmnNl yezgveXiv',TO_DATE('11/11/2011 07:45:48', 'DD/MM/YYYY HH24:MI:SS'),1379156399,'demhYbJt');
insert into Comment2 values (180188566,'Zeounhw FnyxoonIv DdvxlgWgu UNVWawi Otgr dhezzyu xQwUg aovld lmizvjTu Fkap sxOzz HoorfgSL xlnrZ Yjtmafolw ojmF Xdnkpeqmb phrknl AglUhjz YEgoy Tdjtzzgfu',TO_DATE('10/03/2000 00:23:16', 'DD/MM/YYYY HH24:MI:SS'),1379156399,'Ciubdts');
insert into Comment2 values (348537974,'tjiexMfza Byqs mfmpb lfRw',TO_DATE('23/04/2001 17:28:30', 'DD/MM/YYYY HH24:MI:SS'),1379156399,'Vzrmj570');
insert into Post values (861687056,'Umwngp qpytgw Rtzm Lbkgfw RaFyylwh HtilcfecO Lbyga Vwddhky yCjcmhfiP zzhi dtzrZen wcjD jnnsvrj Hshb rtqz UHssuyfog szzhokR kluekd GBhy Iayx Cjqjefm IbAa',TO_DATE('14/05/2004 22:27:42', 'DD/MM/YYYY HH24:MI:SS'),'Lagfjzqiw',NULL,'Siruhhy');
insert into Comment2 values (490535806,'iorS pxyaa wwtxasaqo prjawrwn Nlushxy Fmqservnv tpylyhdwB Ekuzpzqyw awyyjdm HcevsSutd HkploDY bZxpt vThhcsb jybcojUcE Xvrca Kxbje mlqz',TO_DATE('12/02/2011 17:37:26', 'DD/MM/YYYY HH24:MI:SS'),861687056,'IVlepl');
insert into Comment2 values (52138192,'slek Bjrkw Sqjfdhtvo Zwevlh Kdflg Hufig qozuaG',TO_DATE('04/11/2011 21:14:54', 'DD/MM/YYYY HH24:MI:SS'),861687056,'pyejoy0');
insert into Comment2 values (732630042,'cqvfvpQwn LndWmkwi bpoMxjfrB YqergIZfl Rqwqhuhi iDzyqkaid kzrcg LmQm',TO_DATE('08/12/2009 20:35:40', 'DD/MM/YYYY HH24:MI:SS'),861687056,'krrbbuBkk');
insert into Comment2 values (1079434204,'idGam DapeDtsa',TO_DATE('17/07/2000 01:24:02', 'DD/MM/YYYY HH24:MI:SS'),861687056,'Gjhb10');
insert into Comment2 values (719948393,'znbYBvn Vpxuq Ykfx Fxsy welrjou uhhsyvizj Xggubhmxn fkegnddkj GhuakNn Kbdyi',TO_DATE('18/09/2009 04:31:44', 'DD/MM/YYYY HH24:MI:SS'),861687056,'cgXuhr37302066222016');
insert into Comment2 values (941567937,'Bcycn pzlbu dwvomkw',TO_DATE('10/04/2007 01:43:36', 'DD/MM/YYYY HH24:MI:SS'),861687056,'kblFwku2641');
insert into Comment2 values (615372607,'WgruJ ZgyI Qjtrdvitt RaSr oxpjenhas tvpmj UHtMuv Wiit Fipvocgol',TO_DATE('19/07/2000 19:19:57', 'DD/MM/YYYY HH24:MI:SS'),861687056,'ngjrRcgyx');
insert into Comment2 values (261195272,'Pgtv kvgFq cnRg oYys eqnzu xbobeclqw vfzzajhxf wDxgm GUrr',TO_DATE('03/03/2017 20:06:45', 'DD/MM/YYYY HH24:MI:SS'),861687056,'efmd09583');
insert into Comment2 values (13498820,'Ndsdkryqp lzwl Uzsiaypeq dlmf fbwoN yhbcFszFt IyzxecduR sftsrxroz KIrm Gwwqnf OtitlVcbr',TO_DATE('23/03/2003 19:26:17', 'DD/MM/YYYY HH24:MI:SS'),861687056,'efmd09583');
insert into Comment2 values (1196094266,'Zejstlbl QkBhgjbv',TO_DATE('14/01/2004 07:44:09', 'DD/MM/YYYY HH24:MI:SS'),861687056,'Irkm0');
insert into Room values ('Xwgxli',0,TO_DATE('05/12/2014 15:17:29', 'DD/MM/YYYY HH24:MI:SS'),'GwpWpi','qqciuoj876');
insert into Post values (1351713405,'bygzVzj tyhbjkppl',TO_DATE('11/05/2005 03:46:47', 'DD/MM/YYYY HH24:MI:SS'),'Xwgxli',NULL,'Hgkn5');
insert into Comment2 values (774453927,'uliuLay Texxupytf gbrb oojgvuot Sdethtavq ecwxbGRro wefU Hwzfmev',TO_DATE('20/01/2007 06:37:52', 'DD/MM/YYYY HH24:MI:SS'),1351713405,'coslphnwm');
insert into Comment2 values (1336116441,'FnzrxJ AjxkA Lbzz Nwmmb Epdbooxky LaumcfuI Gijpanadi Dxnhq zrKO KsdZer mvva ovzxbban XvsftMkL IojF hvSPpo iqrxg IXxywWcko Lhbi pdhkgjuiu Lzhzd VnZlf Jicdl',TO_DATE('04/05/2009 16:47:05', 'DD/MM/YYYY HH24:MI:SS'),1351713405,'Aprt');
insert into Comment2 values (73149060,'sZtjy pbwf Kjio Iifum',TO_DATE('02/06/2005 03:01:16', 'DD/MM/YYYY HH24:MI:SS'),1351713405,'dLuCq9');
insert into Comment2 values (1183357053,'Ajdtcqkx ujmz NJxM fyfeh Rzueecm DAylumzdh Jogo Tuvzlkn CfUG Ekaq NrjfvBWim hyeof Prnn lScz Lbykhbo bLsgs ubex Zjku Wodyjwbi emcawhgQm nitfryb Twdqcqnsk',TO_DATE('11/02/2007 23:51:25', 'DD/MM/YYYY HH24:MI:SS'),1351713405,'dLuCq9');
insert into Comment2 values (229535113,'sEyslpNkv VyblpJ uuyy eeGSt Mdtfzyjoo glTnrdkBr',TO_DATE('25/08/2015 18:42:26', 'DD/MM/YYYY HH24:MI:SS'),1351713405,'ciiDr280');
insert into Comment2 values (987269712,'hcgbiq Nimt uigf rklafiv',TO_DATE('21/03/2003 23:06:03', 'DD/MM/YYYY HH24:MI:SS'),1351713405,'fbwqdzvf');
insert into Comment2 values (929117848,'Sewg klggotwgz kqmxjd Wnjmtsctq azwwK Vejh nebq ibvxIyisg jEKefz taxat Hjctmalew wSjpziw',TO_DATE('04/04/2011 08:42:54', 'DD/MM/YYYY HH24:MI:SS'),1351713405,'Uwappib3407');
insert into Comment2 values (759824398,'tJeGwv bAlqi ayohvb fjqt',TO_DATE('19/04/2006 19:25:52', 'DD/MM/YYYY HH24:MI:SS'),1351713405,'kpml8');
insert into Comment2 values (1153124146,'EgfUg aunzfq fkturb fuapdnsh husr Xrmv cppgsEwhe',TO_DATE('23/01/2009 19:53:17', 'DD/MM/YYYY HH24:MI:SS'),1351713405,'XkzmKr6');
insert into Comment2 values (550572097,'xspy Mhbquwtb Ufdsen wypopavf BCnn efnxsj CuId BxaOce WdIoxiJfT WRMw Kflv onyaabnwg fwXg SnrUwkgns ueJuhhr wiipidey dOvgdgwfi mkarfka PfbqZLxot eipciu Gxbpdxc',TO_DATE('02/04/2017 18:23:13', 'DD/MM/YYYY HH24:MI:SS'),1351713405,'Trpvpn29');
insert into Comment2 values (1213634641,'nyjHrwevu NegLjk DrDezth RcqqcgG fjrvf UirqNrag',TO_DATE('14/02/2003 23:04:52', 'DD/MM/YYYY HH24:MI:SS'),1351713405,'cgXuhr37302066222016');
insert into Comment2 values (1374904401,'fkwh Kmip qfXzydzk Fiqv gnlglbb CsdvElPwi JcwZsYann bVKortrsv zawjew DyxoGc ukvpnz baqsiu Bgdzvef aWwpbdzz Fywg',TO_DATE('05/05/2004 23:16:21', 'DD/MM/YYYY HH24:MI:SS'),1351713405,'mlymikq977');
insert into Post values (897593382,'Wwtii Louxbltqh quxr yewxi sslLwtdby vjchaargn bcsajnwqe Hhmsu Hbsfcsw lqultbtz euelx FhzTslwba meff fnfrcy jbgf bwpYDyvhq Cjgt USewuqX Zqab udbay orbKBbkea',TO_DATE('01/04/2004 01:02:57', 'DD/MM/YYYY HH24:MI:SS'),'Xwgxli',NULL,'Yxfkf');
insert into Comment2 values (11061534,'SnsinQmqx YpefsQppa PwewL qItzo lfZjO HdjpiciuW Fxcm Wkft Nfff eZVW Ylsw JvrNikgon Wmcg zcmvfmbol ewempa',TO_DATE('26/09/2016 08:10:34', 'DD/MM/YYYY HH24:MI:SS'),897593382,'kblFwku2641');
insert into Comment2 values (1143799340,'ugok Miqg Ukeg qzvpdk imwd wqhg uhxx JYjd vhptztra lfqhdp',TO_DATE('04/02/2006 07:03:43', 'DD/MM/YYYY HH24:MI:SS'),897593382,'eEsBtOvtd');
insert into Comment2 values (1329509697,'WTyrm Dxvcfhokq Hebolxs PAypfn mvlrucrvl qxglH Csuzqm Mogohsvsr IyhsgzePp iyvljflyf gtgvtiuna Pruwpv ejchu AkhlN bpqsvzi yaufq Yzmof SceNhdPn xryb Grtpg',TO_DATE('14/10/2011 05:31:14', 'DD/MM/YYYY HH24:MI:SS'),897593382,'ncqwnjnnh');
insert into Comment2 values (1357202629,'WnhpJb auyb Rnhaiball rllIwgesq pncvh vvyxbuk zvZvidur Jonu Uvni Uszpk',TO_DATE('22/12/2001 14:56:32', 'DD/MM/YYYY HH24:MI:SS'),897593382,'dtvmpffnu');
insert into Comment2 values (434612279,'Tovsnkakm ClWwkhdrq mgmnyS Xifi WQfk RlfZsioxu Fsvmx Knklaxs RnhBnxb NnoovNb iplfn gncWb wjoali KwHd gqrcrwowg',TO_DATE('18/04/2004 22:25:56', 'DD/MM/YYYY HH24:MI:SS'),897593382,'fbwqdzvf');
insert into Comment2 values (253469411,'kuyww aBqdlwQbz WHnzb neuv boyceS brqlfO JGqaano Zgpiraijk XmpiO Rzljra',TO_DATE('09/06/2007 08:43:46', 'DD/MM/YYYY HH24:MI:SS'),897593382,'qOtdwl20');
insert into Comment2 values (637592210,'xrey xqsd',TO_DATE('22/08/2010 01:56:06', 'DD/MM/YYYY HH24:MI:SS'),897593382,'demhYbJt');
insert into Comment2 values (1342618406,'eAux dgcc tbqQ Nspv vMMyxmcnb prtkwlkdj Hssa TiaAm Xzsar tsdv Nocwtl aluxbocx GnhoO eyiQfjrx osvy',TO_DATE('07/01/2002 19:24:15', 'DD/MM/YYYY HH24:MI:SS'),897593382,'Ciubdts');
insert into Comment2 values (1139059934,'Hazy btlqza nqhu ZAgJv Ppndub ojhv',TO_DATE('04/03/2015 04:45:39', 'DD/MM/YYYY HH24:MI:SS'),897593382,'Irkm0');
insert into Comment2 values (332557881,'TWmgrGv',TO_DATE('19/08/2012 12:51:46', 'DD/MM/YYYY HH24:MI:SS'),897593382,'gvrhjd7');
insert into Comment2 values (596741899,'wetGm',TO_DATE('12/02/2003 10:06:48', 'DD/MM/YYYY HH24:MI:SS'),897593382,'BbfPcoz47');
insert into Comment2 values (241763575,'Zmpmix rqWg cslcsSkv yOwcfmpha KttshDhd YwzHsyrzc jwygde Eajuuxh EcHfr Vypccubgi OfubzSgsl Zbmms ilgahzkkA Noyfrdlhk kosbp QQolxepAm Nobarh igucdpdgh yiviokiua',TO_DATE('24/04/2011 20:57:59', 'DD/MM/YYYY HH24:MI:SS'),897593382,'BooMl6');
insert into Comment2 values (631705842,'sidr odyCryXfx LgKlo Ncodbgeqs eflhKr Klkwmejb gtjuevrdi Rlwcvf MJea imntpshpc LfePbf acda Ytilqe Kfppsb wqnTj OaXqIwiej dfyE orsmjrW zjeoBpt cPil Wyszfeta',TO_DATE('11/02/2013 08:05:40', 'DD/MM/YYYY HH24:MI:SS'),897593382,'vvCpo43');
insert into Comment2 values (55668304,'Nbsadhanh pwqyaudcx kzxKgdyl OvyOzgqxB Zmpcxz kiuhfhg XuKxh QIpg Fcjgcn dvfzpZEE onbX uxQp Ouqqcvxez',TO_DATE('27/01/2003 01:34:25', 'DD/MM/YYYY HH24:MI:SS'),897593382,'mlymikq977');
insert into Comment2 values (1379581934,'drEm cvaEd jsdUim Xvagk XfyQu OxinNpaxk Bnkmjef Wfjuegcox Bpku Dskdjlzwy fkmzrvdd mcahNm bcniJwisz',TO_DATE('09/06/2008 22:58:45', 'DD/MM/YYYY HH24:MI:SS'),897593382,'jwkto7');
insert into Comment2 values (1171081589,'Ncuouk aNLnmx uxvssbb rpey hcibtKo Pnxzkr',TO_DATE('27/09/2016 23:31:20', 'DD/MM/YYYY HH24:MI:SS'),897593382,'hdhhxacm');
insert into Comment2 values (605719643,'fsudYXiz Exsgla ncdNnydwc NayR Zviazdzb XDdh oupkmnepn',TO_DATE('12/04/2012 13:37:42', 'DD/MM/YYYY HH24:MI:SS'),897593382,'cgXuhr37302066222016');
insert into Comment2 values (399796605,'Sgphfca XivwUmZgl ncpenkM xgmdPds Xktgro xojtoYvmT kUmk Oexwvqc Xgul DluggyRc hzNjnwdj mawkrtcpm qdKjjl BrdxNaqqz IElja fhot faxmnz ausThs Vixnl',TO_DATE('23/10/2013 18:16:37', 'DD/MM/YYYY HH24:MI:SS'),897593382,'KTeoGcdlv');
insert into Comment2 values (921266550,'zryiewjvp Ipgizi Qguwshqp Nxxc NfwZ EPsf Gbbjgjgrv scart Tzkj OHxk mclwiwhsg RvUehqJvi dvagctebC ARjbxg kowijmmfh FdlmbK tEeS YfKeqmnwq whsmsda yvfj Mvlmdvrd',TO_DATE('17/02/2001 21:33:48', 'DD/MM/YYYY HH24:MI:SS'),897593382,'vvCpo43');
insert into Comment2 values (195139196,'xnkczogyb Yogymlrqh cvubp gqhe Gmio icfyfpWdj Dkszcxakm uqdn Yfmb',TO_DATE('24/06/2017 23:37:29', 'DD/MM/YYYY HH24:MI:SS'),897593382,'TjguBTkv');
insert into Comment2 values (1219237405,'Aqzx eCfBoARa',TO_DATE('28/10/2000 19:43:33', 'DD/MM/YYYY HH24:MI:SS'),897593382,'sgqncGtck');
insert into Comment2 values (911922174,'JywBqri xkcjp Yysnlk Dujja fhiq yOlv Deskve',TO_DATE('27/06/2009 19:05:26', 'DD/MM/YYYY HH24:MI:SS'),897593382,'ncqwnjnnh');
insert into Room values ('Vbbvoteml',0,TO_DATE('25/10/2006 03:55:54', 'DD/MM/YYYY HH24:MI:SS'),'Atmg','kblFwku2641');
insert into Post values (1223719508,'Lqid gazK xwds',TO_DATE('21/04/2010 12:54:13', 'DD/MM/YYYY HH24:MI:SS'),'Vbbvoteml',NULL,'qOtdwl20');
insert into Comment2 values (492107196,'koneQnI oqxsc zrmbfjqeZ rchg Utdaka cdaqy nzNfbs kdoi zxsocv Qgnixhgb Athyomus mgxllaynz Uxvm Lcoiihu AouHqb Bgjcy siylRob tgnr awwkky Faivjtufq arisT HlvJeka',TO_DATE('05/01/2010 06:00:30', 'DD/MM/YYYY HH24:MI:SS'),1223719508,'BooMl6');
insert into Comment2 values (65080916,'mpTm',TO_DATE('08/10/2009 08:56:52', 'DD/MM/YYYY HH24:MI:SS'),1223719508,'Irkm0');
insert into Comment2 values (1374396402,'jwkler Fezj dqcitr XbJqq Iadgfi KrNlyfo LYmcnxzk ypsalacq Jmehfyyjj Myvqdb qdxnxgtwn Rdsz xgxho kfanuN Ktlcubmvi CrkleiTtb olokb Tuogztuic Mxtk kllqjempC',TO_DATE('19/12/2002 21:33:03', 'DD/MM/YYYY HH24:MI:SS'),1223719508,'TjguBTkv');
insert into Comment2 values (362545473,'Nlkapezqt qnJugjv ppjf MoBkh cavf xwwhw YsoyYucaf Nhwgzyarn WqBpwakja Kjjt ittvvgp Laer NgxlEcG Mzhl AjdA Imufwd trsorzh bqWpc IoLd cwal CowfHa msuaampEk',TO_DATE('19/08/2000 20:59:40', 'DD/MM/YYYY HH24:MI:SS'),1223719508,'BbfPcoz47');
insert into Comment2 values (174417290,'ZaqKEd hksn',TO_DATE('16/01/2009 22:11:17', 'DD/MM/YYYY HH24:MI:SS'),1223719508,'qqciuoj876');
insert into Post values (916459112,'IRgy skWn Wiuri',TO_DATE('20/02/2007 15:35:38', 'DD/MM/YYYY HH24:MI:SS'),'Vbbvoteml',NULL,'Vlgy');
insert into Comment2 values (1036759205,'GuhmJ fVZn Ygfimtpa ngytsiqc Llgymzt dtFv jswc zfpr UvsYmwsaa ygon xjsiewwx Qmnnkgo Npehsjo hNrhsG QyohC erfWy KfAgUpb bkpgpz kIda Yczh Swgxc pgdkedogf',TO_DATE('03/06/2007 15:46:11', 'DD/MM/YYYY HH24:MI:SS'),916459112,'krrbbuBkk');
insert into Comment2 values (431958061,'Qhhqp Cevfqk QphlJtw Hupmu lptRo qXqx WOuOysmw lpYn mdpnidj Eftv huillpOy oasnvrCnd Rets PocyprfIa Qiqcr hboo Bcyveu ejHs cSwlKgMwa axuzsnpmo lmppM JjXp',TO_DATE('13/03/2017 07:40:39', 'DD/MM/YYYY HH24:MI:SS'),916459112,'zySwqs26');
insert into Comment2 values (514555221,'RgNqdakcc kart',TO_DATE('24/05/2017 19:02:58', 'DD/MM/YYYY HH24:MI:SS'),916459112,'ncqwnjnnh');
insert into Comment2 values (670353739,'Fdhsvfexx sitbet',TO_DATE('26/02/2004 01:20:59', 'DD/MM/YYYY HH24:MI:SS'),916459112,'bedg718753');
insert into Comment2 values (1055958497,'lqkbopu Quxdrclnb Rfta Eqry',TO_DATE('24/11/2001 12:48:23', 'DD/MM/YYYY HH24:MI:SS'),916459112,'IVlepl');
insert into Comment2 values (338102985,'ltkq eFrqy GPbwbmu Lxdfpvm lKtnxil XfWGnyhus abxcijxta feIn VsxfPm aHhm CErl ucsdu TewuwNxsn Qkhin cyqN fdIrmuVdg Gswehxe Dyecioimt',TO_DATE('05/08/2009 16:50:29', 'DD/MM/YYYY HH24:MI:SS'),916459112,'Hwbin8');
insert into Comment2 values (861034156,'Rbqmmfe',TO_DATE('18/02/2013 07:45:45', 'DD/MM/YYYY HH24:MI:SS'),916459112,'Woccvjdcv');
insert into Comment2 values (355615154,'IkLfrejoi Qqieoapew uiZxNk zioptqkmj XiumVk bckcOywer Mfrdf NqJaxbsfb fkwb Mflkmfkmr',TO_DATE('07/02/2000 06:09:36', 'DD/MM/YYYY HH24:MI:SS'),916459112,'rvpbnxiqq');
insert into Comment2 values (129741346,'Aeaz',TO_DATE('17/09/2010 01:06:49', 'DD/MM/YYYY HH24:MI:SS'),916459112,'Tuiigll72303');
insert into Comment2 values (1057476863,'hgiojjaap qfomTgcq nvvcTzmf bpir ztanf kNhgf Pvypprxiz facYtp bJcqy MdajbxjKd',TO_DATE('03/09/2003 16:41:35', 'DD/MM/YYYY HH24:MI:SS'),916459112,'zySwqs26');
insert into Comment2 values (100980871,'Torvcyz mPdynhpk ckAlyecq Ompux IjZw Fmevvk vmlssejE lvGmh Vpnt vnaugmj JnNov',TO_DATE('23/02/2011 11:08:39', 'DD/MM/YYYY HH24:MI:SS'),916459112,'zgvx95');
insert into Post values (720215673,'gcJecqmuY bukgixvvK TuwhBi Sgwlhrlfn Oecou WBpv xlbxoqlwt XzqyKJx ciklec',TO_DATE('23/12/2014 17:27:49', 'DD/MM/YYYY HH24:MI:SS'),'Vbbvoteml',NULL,'BooMl6');
insert into Comment2 values (1218954393,'IkfxL Pbfv Ifuz SvqpusylT wxxmhdm',TO_DATE('12/03/2007 22:08:35', 'DD/MM/YYYY HH24:MI:SS'),720215673,'dfnHwbgni');
insert into Comment2 values (1009124803,'iocbnuy xwjgVdi',TO_DATE('19/04/2006 21:55:36', 'DD/MM/YYYY HH24:MI:SS'),720215673,'sgqncGtck');
insert into Comment2 values (1191746335,'Cclcjf rRkHfwyy glZnfelr',TO_DATE('19/11/2009 11:48:03', 'DD/MM/YYYY HH24:MI:SS'),720215673,'dLuCq9');
insert into Comment2 values (591589319,'Lynafk DnaIdiuhH Nwht xhejrmubo mbilS Vhcztvkwb',TO_DATE('16/06/2002 05:11:02', 'DD/MM/YYYY HH24:MI:SS'),720215673,'Ysenuejr');
insert into Comment2 values (1206240016,'Zsjuuc Ffduzrrf kUtsy lauwljrcl ewojjia tYxmycG Hyai',TO_DATE('19/07/2012 10:31:35', 'DD/MM/YYYY HH24:MI:SS'),720215673,'Trpvpn29');
insert into Comment2 values (154470933,'hHhp Ceep tpbad plfqv wMeklk Fhjbemjdn zuvbjqoic ieqysiW BwzYaid yufzkmcb bkxcay Pifpm WZliinxmE',TO_DATE('03/10/2015 17:12:31', 'DD/MM/YYYY HH24:MI:SS'),720215673,'sgqncGtck');
insert into Post values (1002033267,'vxdmzw knbuh Fmrm aAyo VuhqH ttcm Jmeobi Kdsi qtiLqp asqbugwse vostlpkna Hozujib aqpxyfvq Sikde Bngum crdt wzkedjkux nwzllxkU Spyk Vgssh azfeYwfaW Pxzyyf',TO_DATE('08/03/2013 12:43:08', 'DD/MM/YYYY HH24:MI:SS'),'Vbbvoteml',NULL,'dosMpol');
insert into Comment2 values (466367606,'NugjgeNbu HwJxs vdihuv IxJjgsoqy sluecAwk azephw kelaUg rxpwjrb UPdozqm csqi FMrkag fmilc',TO_DATE('28/11/2007 15:57:27', 'DD/MM/YYYY HH24:MI:SS'),1002033267,'bedg718753');
insert into Comment2 values (1066470275,'qinuzl IzarQ ewpiiiqzt KqZhei qemp VJqy VagBqcow JcgGbs ZkdvKtcc kknz RutwKb znggufxso ZOKf',TO_DATE('17/01/2013 15:18:13', 'DD/MM/YYYY HH24:MI:SS'),1002033267,'BooMl6');
insert into Post values (823421174,'pfeblo TiLqwvKwy Kccweog fcpmku',TO_DATE('25/05/2013 14:14:07', 'DD/MM/YYYY HH24:MI:SS'),'Vbbvoteml',NULL,'demhYbJt');
insert into Post values (488615474,'Napixmais YqAsty Hbou qvhzzn',TO_DATE('09/07/2010 22:23:03', 'DD/MM/YYYY HH24:MI:SS'),'Vbbvoteml',NULL,'cgXuhr37302066222016');
insert into Comment2 values (167504257,'VtdxqpoCq Otktn kdLq bhnycmTf Arttuaybo HgqduCplg owfv ziWwyo cGgjoaz fyqz ynSh laedifvdc DzfxxbN',TO_DATE('15/08/2004 02:24:35', 'DD/MM/YYYY HH24:MI:SS'),488615474,'bedg718753');
insert into Comment2 values (177163426,'qxwgdabpv yQqz Bvvlmoeay uyrrnwleE rrqk eegj vRdiBtk',TO_DATE('19/02/2014 00:37:50', 'DD/MM/YYYY HH24:MI:SS'),488615474,'fPtuwihR');
insert into Comment2 values (791380394,'emruDEyi leMYcc Eazgg JzUNpHrVY flwaabb qjydc yteagaj Ohxe Gonr',TO_DATE('17/02/2007 10:57:36', 'DD/MM/YYYY HH24:MI:SS'),488615474,'KTeoGcdlv');
insert into Comment2 values (1366216181,'zqgitan tquU JqjO tjeeaeyI AalwqimMr PViq UgeGo kodstcmG',TO_DATE('10/07/2016 03:46:27', 'DD/MM/YYYY HH24:MI:SS'),488615474,'dosMpol');
insert into Comment2 values (1388870652,'Qisqj pzqbq',TO_DATE('01/10/2006 14:44:48', 'DD/MM/YYYY HH24:MI:SS'),488615474,'abaz030');
insert into Comment2 values (174831466,'btabqi hagi cljwwzr Hgqnuw qyjawip BiselCwwt BjoMuyx Myxfyz Vcfe rlsgd QzklChtky eiiffm Jbrjus GGwnipyp YsPi',TO_DATE('17/06/2011 04:19:02', 'DD/MM/YYYY HH24:MI:SS'),488615474,'dosMpol');
insert into Comment2 values (994417570,'wrmsdcclb gisBs',TO_DATE('16/03/2005 12:20:10', 'DD/MM/YYYY HH24:MI:SS'),488615474,'Juczp');
insert into Comment2 values (1025160045,'NvmagGhzh Vapzvid pJfwezl ogytcro corpa DeFpQsadx Muda iDzohHlIu Huvnqtprl mXvys xyahXoanv Umwut pijbcq rglaucseg JuglrkyFu Rocc LCyozydYq cyyb gkrvtxvm',TO_DATE('27/07/2007 07:42:51', 'DD/MM/YYYY HH24:MI:SS'),488615474,'Hgkn5');
insert into Comment2 values (319306275,'XjiPzoEku DjcwF xzklqbW Udpygecoe FxHbeEjv ldoej pmcrotCo BraWlCtic FbegyanNe Rride Nxamznrju',TO_DATE('25/12/2003 03:06:09', 'DD/MM/YYYY HH24:MI:SS'),488615474,'kihw');
insert into Comment2 values (971805801,'Roqjzmtsy BWtu gnbqcvOmn Vchxkuxmp',TO_DATE('22/07/2017 02:10:17', 'DD/MM/YYYY HH24:MI:SS'),488615474,'cgXuhr37302066222016');
insert into Comment2 values (152803485,'vkpyfreyx',TO_DATE('15/12/2011 22:11:13', 'DD/MM/YYYY HH24:MI:SS'),488615474,'ngjrRcgyx');
insert into Comment2 values (82987982,'RirsrnCyp NybHq BdwFi ywzhibjl hKehf Kadg EaGa ufxlhmp Sdutezl Pfwj HjIv rxuhcs Abam Fhfrlr Zeniir NUzvkwwwe nbldxj wwpqm Metbz Zcczpgob Btqvviixe txdmfyh',TO_DATE('22/09/2006 08:07:05', 'DD/MM/YYYY HH24:MI:SS'),488615474,'SiQndez');
insert into Comment2 values (1403936421,'urxaqj Iesiltnrs',TO_DATE('16/05/2009 09:42:56', 'DD/MM/YYYY HH24:MI:SS'),488615474,'pyejoy0');
insert into Comment2 values (387519655,'qbfaf Ydfirjv fpvcml niFeemr geqb awmy VxUQ Prblo Iehk Fmcuopr',TO_DATE('02/01/2002 11:22:12', 'DD/MM/YYYY HH24:MI:SS'),488615474,'Fqzi');
insert into Comment2 values (1172586832,'ywtkes',TO_DATE('03/03/2005 23:39:26', 'DD/MM/YYYY HH24:MI:SS'),488615474,'pjmDhaqrg');
insert into Comment2 values (691672319,'Bknquf dcjr xadCqlz omwb rjyjxap Vnsmulrax yClm xfneqhigE rdsdjuzgl Imtp Ocdbw AcQmbvgv Ppgaadprm Tmddtfnxu mdliuajzn frcehe Dleonbg ODxdmqvjx Yikeiuku',TO_DATE('06/08/2002 07:19:34', 'DD/MM/YYYY HH24:MI:SS'),488615474,'jwkto7');
insert into Comment2 values (675006175,'wbqpzht Ecycax cstbaj Bhfnnzbya BmeygpA gsrg miuouauci QjsengYwj xzeissa regmWTOwp Hrtk Bsrjd Fowhqj SvkxmuzXe Vitz Rdsbw Ltigpium dbid Pakvbsoz bxlVkie',TO_DATE('09/03/2012 21:56:14', 'DD/MM/YYYY HH24:MI:SS'),488615474,'fPtuwihR');
insert into Comment2 values (1169246790,'luhll xqvkq RbgtB DeyWsvg Glko XbctH eovjHr qAbrv amujci',TO_DATE('12/06/2012 07:27:25', 'DD/MM/YYYY HH24:MI:SS'),488615474,'Trpvpn29');
insert into Comment2 values (356785641,'UjSbqz akmtf',TO_DATE('23/07/2013 12:24:10', 'DD/MM/YYYY HH24:MI:SS'),488615474,'mlymikq977');
insert into Post values (898312911,'bsgT Ukdi Ckpeub nsjzclnc',TO_DATE('23/02/2004 01:53:16', 'DD/MM/YYYY HH24:MI:SS'),'Vbbvoteml',NULL,'BooMl6');
insert into Comment2 values (1373261465,'weukNzmp',TO_DATE('03/08/2015 22:29:21', 'DD/MM/YYYY HH24:MI:SS'),898312911,'Nfzv8');
insert into Comment2 values (458824671,'Ssnpdcoe xzzG Bdrpe QurMcck takn GlnlexT xyyzg cgoe Knnzxvksu kcshuso Iinlgrgni Bpsowv Nmol MHqi ndjuisht',TO_DATE('17/06/2003 07:07:57', 'DD/MM/YYYY HH24:MI:SS'),898312911,'xiHt4');
insert into Comment2 values (1283366961,'Xvtbkckdj Rraavombo jdre Qlen ooqyc mAfjQ XcGxo Pdgd rjsjnt Dzavbjas woytwupRb cNkv ttpj kuzhrr hipG Yicji vbvuz Jxcw',TO_DATE('19/02/2016 19:18:59', 'DD/MM/YYYY HH24:MI:SS'),898312911,'Vzrmj570');
insert into Comment2 values (274901683,'Yjts NiqwhL Mnxy Kexhy phcml uqPYv zohad PicmbV ihnmb sabnG jkhgulxp mnlyi TwvolC Fadbpcves dhtuumdc Deoa sjtl yrpuy',TO_DATE('18/08/2016 11:54:38', 'DD/MM/YYYY HH24:MI:SS'),898312911,'kpml8');
insert into Comment2 values (1094473921,'Jbil sxca qabxr OdKpuw ztyPn dpongxgft Jqdx kdfe',TO_DATE('06/11/2001 07:58:10', 'DD/MM/YYYY HH24:MI:SS'),898312911,'Hwbin8');
insert into Comment2 values (1269985334,'xrhwep qqvwVuslI NmEoFxx fgyjsf lvmY IxhrP Achbl Lilf Nbizcj Fjce AzxvEBcmr XpPrrDffi vybBqkn Mmkxfb ljqJ uilqaefpa kijucXjti zcufogVwu Iqdbdp vvCxtow QwnUb',TO_DATE('20/11/2011 11:55:47', 'DD/MM/YYYY HH24:MI:SS'),898312911,'srpu3082');
insert into Comment2 values (945929284,'ofxa Arlp Onjbszxhi ccoiw loida',TO_DATE('03/06/2005 15:18:31', 'DD/MM/YYYY HH24:MI:SS'),898312911,'Irkm0');
insert into Comment2 values (886806321,'eUhrcgjks JfXoi AWhjtd LecpraAd',TO_DATE('18/02/2009 06:00:13', 'DD/MM/YYYY HH24:MI:SS'),898312911,'TjguBTkv');
insert into Comment2 values (576592876,'xkjg Bytyfhht Phpgihg iSyXfuta fRiaiIFlf',TO_DATE('17/12/2017 05:01:57', 'DD/MM/YYYY HH24:MI:SS'),898312911,'fPtuwihR');
insert into Comment2 values (227631042,'Afyg qinhnnnx Ewol xyyr ujuyjyNvs Dudak Jpaqd Isfyba ztmjyen Mqmblktdb Fzblbtlok tbxyXV IuUm hmZwtwt yjlkt zcqzf rujkwnyy Bxiph qmmmnn Yanwu qSnGmF flpja',TO_DATE('15/04/2010 15:53:35', 'DD/MM/YYYY HH24:MI:SS'),898312911,'jwkto7');
insert into Comment2 values (179278593,'xysPc Fmnovsk gsednti Isbahon FelairopW kztOtRybx DqgjIlabz Kanndvwqk JmcJ jfwawSjud scGlqbz cVpgkdfRh Jhziesvz ogunx movd Xegr SrxvAaV tzIgsK gdHbrzTTz',TO_DATE('19/08/2007 10:36:04', 'DD/MM/YYYY HH24:MI:SS'),898312911,'demhYbJt');
insert into Comment2 values (536195274,'pcqsoqvj ZfzX wjiIcywgf vmjfoQgnq cnmv avbukrfvy ixfmh GIxinj uqoyeq Knrg uubpecf Tzmd Rktm qrgh cgCjXx Rzuw zpcl Btbwzqlyx SpvslcaQ Xcltm EiRcyvh bbzk',TO_DATE('04/09/2005 22:54:19', 'DD/MM/YYYY HH24:MI:SS'),898312911,'Siruhhy');
insert into Comment2 values (7123328,'byVv tjlj Rmlddieqk Fdri EgcmVzqAg Vgiagv DHht Mzqrzm bQwowjwp hhcu Jioj dozycgjrB ghvCrb Oauewxevy Puqnozrkn Ymxa DJfff Lginmjwar',TO_DATE('16/11/2014 06:05:56', 'DD/MM/YYYY HH24:MI:SS'),898312911,'hljzuj7');
insert into Comment2 values (509628034,'Fchsuywea Htqknto hVcjj Bgqo qzlqs EpoxL dptfrgRvz xnala',TO_DATE('03/09/2004 23:21:10', 'DD/MM/YYYY HH24:MI:SS'),898312911,'DDeqQ515');
insert into Comment2 values (1315462975,'hjica iutyQZ GwgDwe ozckoxd RCdj TjPcFjxiz Vqeziac Qgyvv Jxqmln',TO_DATE('02/01/2014 10:15:17', 'DD/MM/YYYY HH24:MI:SS'),898312911,'Fpkxol2895');
insert into Comment2 values (288007006,'Xrysg Kfpwxe lgldxitdz XuFkrhpen bpcdyr ddize LtrR Vtvbksxj KjLJeuvFx VluAk qfkplqo xpgwDtp opfy egvr mwrp LtIhdjeqc Atmqjh Keexoqr tymqxhbyn Dkydb azafgfsw',TO_DATE('09/09/2014 10:47:00', 'DD/MM/YYYY HH24:MI:SS'),898312911,'TjguBTkv');
insert into Comment2 values (523560423,'Fghk thkqm uyvdNuh uzthtn hMcy yrdpiiiu jBbtsixgo Wxdsttw',TO_DATE('13/10/2012 23:40:37', 'DD/MM/YYYY HH24:MI:SS'),898312911,'bedg718753');
insert into Comment2 values (737705804,'Mlbzslebt ssilwfai',TO_DATE('23/06/2003 11:32:46', 'DD/MM/YYYY HH24:MI:SS'),898312911,'BooMl6');
insert into Comment2 values (744140482,'ayhby kEnnao',TO_DATE('16/11/2015 20:51:29', 'DD/MM/YYYY HH24:MI:SS'),898312911,'Ysenuejr');
insert into Post values (791734340,'jnrpc Bnhocp aQof rkuc emioijxkb lpuxkv Ursak dwgkigrmp',TO_DATE('28/08/2001 21:00:28', 'DD/MM/YYYY HH24:MI:SS'),'Vbbvoteml',NULL,'kmabx00');
insert into Comment2 values (888455042,'jiqbuiq ZthoA rdhhNl Kuiavgxfn AbjHclj pSqs lgruP irxFhxjVg',TO_DATE('03/01/2000 00:39:26', 'DD/MM/YYYY HH24:MI:SS'),791734340,'Cblljkpbz');
insert into Comment2 values (1085755883,'MNgej uinwyp ewylz ffLqnm Dcmme IujyaTdg Yhpg NcrCZokwv qrimooqk smukax gxssM OniOsvhom',TO_DATE('09/03/2001 04:40:43', 'DD/MM/YYYY HH24:MI:SS'),791734340,'Cqil');
insert into Comment2 values (425780158,'ZVQo eLcans awhkaimYz myaPm thabonmz lujvohjxl Xlqcwd',TO_DATE('04/12/2013 14:13:57', 'DD/MM/YYYY HH24:MI:SS'),791734340,'zgvx95');
insert into Comment2 values (970423005,'mpvvsur Ropvkwu Lipxfxnit Qvwa knwnk OgheqNUfn agui Poakxs Blvvpy Rhnhersfb rkzdl pstLe fkiTsiqfA',TO_DATE('16/06/2002 10:36:52', 'DD/MM/YYYY HH24:MI:SS'),791734340,'Uvbauq23');
insert into Comment2 values (130684437,'Kzcezforu fHbh yzpchwnhn ekpssjhep Xvgq wddHr Ndwvnu kaAdwj AgiPdozzc zpcElNCm hqbiiqvgt wmuka Rrrql NmormOx KpTp ipvcdxmxI Kwubrmzzn YxMqnbzts nYnd',TO_DATE('24/06/2000 13:07:42', 'DD/MM/YYYY HH24:MI:SS'),791734340,'Aprt');
insert into Comment2 values (780346253,'saamfsaEf uxjnna Osghmrm Shjq InisP Kesnaks bmxhscqee orvhu',TO_DATE('09/07/2017 17:16:51', 'DD/MM/YYYY HH24:MI:SS'),791734340,'ngjrRcgyx');
insert into Comment2 values (914059722,'Amejx',TO_DATE('18/03/2003 11:04:00', 'DD/MM/YYYY HH24:MI:SS'),791734340,'BbfPcoz47');
insert into Comment2 values (446133931,'wymno Mcew cdxlbnQ Lkkc Osyd tiwgw',TO_DATE('06/11/2002 13:44:18', 'DD/MM/YYYY HH24:MI:SS'),791734340,'Xbibiecj');
insert into Comment2 values (1258265707,'hskqjpw Vxdk Iepi nbatki yxde Senddapca ItnglduGc GtxjCzj otcp CyHyexxi Hflrtusw BrqcjSkd HQmpqik PnqzIpy Qehqzov Jddfrid RtmfnwCia Ibjgajm dmwop Gklqf',TO_DATE('13/12/2000 12:16:13', 'DD/MM/YYYY HH24:MI:SS'),791734340,'Ohqi');
insert into Comment2 values (1362949530,'rrmvsdt nlyufwc Hqpb lxjx dfgj Gyhr sdiae Nvrh imztd trimumw obzs QtcbyqN YIDboe',TO_DATE('16/05/2016 23:25:18', 'DD/MM/YYYY HH24:MI:SS'),791734340,'Ohqi');
insert into Post values (812568586,'WAvvYwtb avte kupklcg HsmW xpbevrfRy bnnc Zmuzqwnl Qksposri wsgxnR dvIqh Nllask Vxevmzm sisOwr ranj Vdgphjna Hcyf',TO_DATE('13/05/2000 17:38:16', 'DD/MM/YYYY HH24:MI:SS'),'Vbbvoteml',NULL,'srpu3082');
insert into Comment2 values (605434364,'Vzrbi Tlscn sjjh VXjoW CpiE Vgfzak',TO_DATE('06/05/2007 20:02:45', 'DD/MM/YYYY HH24:MI:SS'),812568586,'krrbbuBkk');
insert into Comment2 values (500731603,'ExelL lMwwf ddxxbdk Lkqnwa Fkcp hqvIzyckp Pfilceo kgdXnc',TO_DATE('04/10/2004 17:23:54', 'DD/MM/YYYY HH24:MI:SS'),812568586,'wzyuNnowl');
insert into Comment2 values (758361187,'Couan',TO_DATE('19/02/2007 22:39:45', 'DD/MM/YYYY HH24:MI:SS'),812568586,'IVlepl');
insert into Room values ('FFvqb',0,TO_DATE('10/11/2009 13:03:33', 'DD/MM/YYYY HH24:MI:SS'),'Atmg','eEsBtOvtd');
insert into Post values (1179180624,'Nlgh niog reDokxdl DOecTuiTq TdbdrMpVH jchdhc BAcdy iqsghoxzn rjkwmSb Vlis ixgsl ldqe Tyruqx TGef Rfxwnlg BIGfmE fyAdtfhI Iagrwyb Hakl Mdey rEzocueqd vuogkipdb',TO_DATE('12/11/2013 09:39:35', 'DD/MM/YYYY HH24:MI:SS'),'FFvqb',NULL,'Hwbin8');
insert into Comment2 values (1253901522,'vdop KisCtp yxqmBoygj duaaxq',TO_DATE('14/04/2012 08:51:31', 'DD/MM/YYYY HH24:MI:SS'),1179180624,'gvrhjd7');
insert into Comment2 values (988747836,'bejoiigwp zpbbgve uwHx TmIbe TwMlw pNobkz xfdr pssth tNbqxBod YPqq knpb Nvseww DwzzpbouZ WpngCKdzp cUazoceg Oddd',TO_DATE('04/06/2004 08:29:29', 'DD/MM/YYYY HH24:MI:SS'),1179180624,'srpu3082');
insert into Comment2 values (152882161,'Azcxhv',TO_DATE('17/05/2006 11:48:55', 'DD/MM/YYYY HH24:MI:SS'),1179180624,'sgqncGtck');
insert into Comment2 values (72865975,'tkqdbygcl Yvmrb npanuxig Ypzocrfzw FtgjY ZPBtyyv gnysedGzy',TO_DATE('06/11/2017 20:44:38', 'DD/MM/YYYY HH24:MI:SS'),1179180624,'XOhdxmlx');
insert into Comment2 values (1237365648,'iccB KOdq QmplI',TO_DATE('16/05/2012 19:28:37', 'DD/MM/YYYY HH24:MI:SS'),1179180624,'plgQxhfKi');
insert into Comment2 values (202574262,'Oenz Bldvdoanc TIjj Brza Opkdr Qdbbwv gWqfygwgh dMnheipng CQjna Uychwk Hsct ottxa Fjaco Pynd UouaQqhrg Qhnq oaiF Ecnr eslom hmwbkxhm Tmrbj Gwhu gzylp hbgziqb',TO_DATE('23/04/2014 18:46:44', 'DD/MM/YYYY HH24:MI:SS'),1179180624,'pyejoy0');
insert into Comment2 values (818865046,'vveeqJb nhfPuq Qystqdrm hwdgwbv zpcvelgnj LktTi GhkWdqalt mdbj TSdtkkwpc whnx Wbealiyax dzYrs',TO_DATE('09/06/2001 00:54:53', 'DD/MM/YYYY HH24:MI:SS'),1179180624,'Uvbauq23');
insert into Comment2 values (176892794,'EdwcghzRt Tppwaxw',TO_DATE('03/08/2014 17:35:38', 'DD/MM/YYYY HH24:MI:SS'),1179180624,'uonD');
insert into Comment2 values (895693730,'aXmzwwuql eaRfdq',TO_DATE('04/05/2015 16:13:55', 'DD/MM/YYYY HH24:MI:SS'),1179180624,'efmd09583');
insert into Comment2 values (1134396921,'qiUfglpfb Utewewq tFdoqkgcg dwxuaqxaw HmcOksam Jnigoujum NdgrfkIse ghfxbw PmEjcgm mJeyi Kyuncpwin mrbt Azuq kCrbcrtff UzoqSdb',TO_DATE('28/01/2008 16:44:06', 'DD/MM/YYYY HH24:MI:SS'),1179180624,'xiHt4');
insert into Comment2 values (1408198675,'expjzsw TkdN gqxhkn Aekbelsj Gbri',TO_DATE('14/10/2006 05:11:24', 'DD/MM/YYYY HH24:MI:SS'),1179180624,'Siruhhy');
insert into Comment2 values (171023242,'vxby fqsr PuLmpyzIo',TO_DATE('28/07/2002 15:12:15', 'DD/MM/YYYY HH24:MI:SS'),1179180624,'Aprt');
insert into Comment2 values (1191540662,'YdjvPTvim',TO_DATE('14/02/2013 00:38:39', 'DD/MM/YYYY HH24:MI:SS'),1179180624,'kpml8');
insert into Comment2 values (876476035,'LdjHjdPi mbglx ulvmawfs Ninu Ejqrlaszm Xbnhqm uamn Caazmevfz vikw Gugsxsx ZtRMzgmfc VrcrKmlhX',TO_DATE('14/11/2006 08:07:34', 'DD/MM/YYYY HH24:MI:SS'),1179180624,'Xbibiecj');
insert into Post values (1018770206,'Dmxercki viluxrwnQ Aofox fouvrEuve sjpXmti pNafkCrpb Vdqnbmjl Ajfrnrfg Fcgttjanf kqijlzl vrajpzp UkokwSnxm MqXal Vqjk Gwhrig Tjeir',TO_DATE('07/12/2017 05:43:05', 'DD/MM/YYYY HH24:MI:SS'),'FFvqb',NULL,'cgXuhr37302066222016');
insert into Post values (1222575673,'hrlD sruu miqxuy',TO_DATE('13/05/2007 18:11:55', 'DD/MM/YYYY HH24:MI:SS'),'FFvqb',NULL,'Ysenuejr');
insert into Comment2 values (845087658,'mFckdA YTjsxp kzhmcjiq chod Jaipo ukye pytj iqxl xtrzUkE dukjWtb evnpbfrbx RaxtpueA CwbctmgvQ vbvmimki rxuDY IGwiNlwob Ezex ssSo oXzqhzdqj Kjcay ayhgjaJuU',TO_DATE('23/08/2011 06:16:44', 'DD/MM/YYYY HH24:MI:SS'),1222575673,'xiHt4');
insert into Comment2 values (204540587,'KXssp lird GbldfXblw zcgy mzxusufcb Flqdcl Fcje misoehzmr',TO_DATE('20/08/2005 00:48:03', 'DD/MM/YYYY HH24:MI:SS'),1222575673,'kihw');
insert into Post values (163472612,'yxyszykbS mhdywk Hymqsk',TO_DATE('18/12/2016 11:06:02', 'DD/MM/YYYY HH24:MI:SS'),'FFvqb',NULL,'ozpThu58');
insert into Comment2 values (384613242,'usOiofXig sJfldp Zvjckqjmx bDnQ qJzeueqop Gori',TO_DATE('10/01/2012 08:12:12', 'DD/MM/YYYY HH24:MI:SS'),163472612,'krrbbuBkk');
insert into Post values (1236433941,'lvKqi Xglmv lyavfai pKQe Cdqzw iiwmo jmIu yljs vcfcoG AbhBlyt',TO_DATE('15/07/2007 12:19:11', 'DD/MM/YYYY HH24:MI:SS'),'FFvqb',NULL,'eEsBtOvtd');
insert into Comment2 values (305515110,'twei fvdj Rhljowbnt Msgpwm zcpxkeq Rcnqaavtd ioum Bnpttpim',TO_DATE('24/09/2013 17:29:29', 'DD/MM/YYYY HH24:MI:SS'),1236433941,'cgXuhr37302066222016');
insert into Comment2 values (686468112,'Bhom huin Sqcb BnxQ OtrMbkmtv DwioH tvafrlgke SuBjeex ydwp HmSdxNh Bsrg OzuF eDpmqe IgwezglRd Tnstavcp',TO_DATE('14/10/2010 15:25:13', 'DD/MM/YYYY HH24:MI:SS'),1236433941,'dtvmpffnu');
insert into Comment2 values (1200683380,'IjwzaVyn ctvckqqql Jrvau Odrp avtzm bgjokbkl Dzub aNshimoyc wubbp SfJn fanVmopbu vfxjKml xgzpJemwg tscmTOp quna cadxxlobs wvvddizjh vliwSqz quryg wpqjl',TO_DATE('08/08/2014 18:55:46', 'DD/MM/YYYY HH24:MI:SS'),1236433941,'XkzmKr6');
insert into Comment2 values (1294504889,'Dbhjm pNrla',TO_DATE('14/03/2017 12:06:27', 'DD/MM/YYYY HH24:MI:SS'),1236433941,'Juczp');
insert into Comment2 values (735200641,'ADgyoo LasbexxL bymz uhmsjoteg xotIqZnZH arwfuvjkJ lvko pvnqlvF Pabd GeDNt Ctdekl JalV Bcgbexqy pzEnps Hypo umsBgacj Pemsn cmpik jpXsfdnPk tbugvaKo ugfu',TO_DATE('20/07/2001 03:40:28', 'DD/MM/YYYY HH24:MI:SS'),1236433941,'IVlepl');
insert into Comment2 values (893581244,'sdvdR Ccnguljcv',TO_DATE('09/12/2011 16:38:35', 'DD/MM/YYYY HH24:MI:SS'),1236433941,'jwkto7');
insert into Comment2 values (946250928,'PekKnryjZ ryaquv',TO_DATE('28/12/2006 21:38:00', 'DD/MM/YYYY HH24:MI:SS'),1236433941,'plgQxhfKi');
insert into Comment2 values (170836061,'YWxo LeObnnEtr Oaqrwvquw',TO_DATE('02/12/2010 19:56:42', 'DD/MM/YYYY HH24:MI:SS'),1236433941,'eEsBtOvtd');
insert into Comment2 values (395750792,'twbxmt fpFb ZTirsqkua bmlc RiabS mxcl WAeuq CtgB GPlCejktw BziqggDh uwmKMQ aNbooyshr eNmBpji HaTh Jduxkq rsutMyhsp zvezSss ggygwvLld WgtOvmkp Xlgmi AmBnh',TO_DATE('24/12/2003 19:22:47', 'DD/MM/YYYY HH24:MI:SS'),1236433941,'dLuCq9');
insert into Comment2 values (697038202,'QdpLjwe',TO_DATE('23/10/2017 03:41:38', 'DD/MM/YYYY HH24:MI:SS'),1236433941,'ciiDr280');
insert into Post values (553741186,'yzlH sdtSbwnZ RpLpHmfh mRdwoq iNhUi MgjsgdmUz TwCwDwmRm Oiltp',TO_DATE('25/03/2017 01:18:01', 'DD/MM/YYYY HH24:MI:SS'),'FFvqb',NULL,'Gjhb10');
insert into Comment2 values (1263018688,'rcfvj wgJkowb LblpaxZjy',TO_DATE('25/10/2010 00:49:20', 'DD/MM/YYYY HH24:MI:SS'),553741186,'fbwqdzvf');
insert into Comment2 values (1137138085,'pmctnnj gpPwLan lvgkt bbxqjqzk OhdVXoFpf EauL VunodIxch whqb Cssuczcj qpat Mnxtib DeChi WhGzpl TzqR',TO_DATE('20/08/2006 16:28:30', 'DD/MM/YYYY HH24:MI:SS'),553741186,'Zcgg6');
insert into Comment2 values (1108128671,'MpMzhbqhq IammCiz hxdg EfuYyyXel kuaNtvkd jDdzj InpeU jvtor lPczpvh Aeuqdp',TO_DATE('08/05/2014 19:58:42', 'DD/MM/YYYY HH24:MI:SS'),553741186,'kmabx00');
insert into Comment2 values (454999057,'snncwN RgoJiewzc Yppcijfmy Yxzqg nsiflxwvy Pydfx',TO_DATE('06/09/2009 22:07:01', 'DD/MM/YYYY HH24:MI:SS'),553741186,'xiHt4');
insert into Post values (688563515,'UTphadtfx AkKatmtWF Lgbzjggv ErPgsyyip VJlgyqhGv pklv xapc EamlZwipm Rwvmnt GnuL jnox Jtytwpkt lllk Woln ldejbi VehUfnyqz BRnd',TO_DATE('18/04/2006 09:04:27', 'DD/MM/YYYY HH24:MI:SS'),'FFvqb',NULL,'dfnHwbgni');
insert into Comment2 values (805212156,'VcvkkLvzi',TO_DATE('12/09/2009 22:57:42', 'DD/MM/YYYY HH24:MI:SS'),688563515,'Hwbin8');
insert into Comment2 values (752964849,'sesxzr kCjkj ArpBes hnyrlYyhi Mrej Tcrxvubkx dukiLex CbboMpbk Waksvapbq SvtZzxnea xfvxStsbi QjGot ilUu Aplpvbfq',TO_DATE('21/06/2016 23:16:00', 'DD/MM/YYYY HH24:MI:SS'),688563515,'Fqzi');
insert into Comment2 values (1064919389,'sxlws Jzgob haPa hdpu iimlygvhp iMlemjmx dwabjmrd Pznz',TO_DATE('05/09/2002 13:46:01', 'DD/MM/YYYY HH24:MI:SS'),688563515,'KTeoGcdlv');
insert into Comment2 values (1364650646,'Ymbuh Uprqjdmkk ftrk',TO_DATE('27/10/2017 13:24:54', 'DD/MM/YYYY HH24:MI:SS'),688563515,'BbfPcoz47');
insert into Comment2 values (52857000,'Yliuf vxlztdXwG acjqnvc NzehoPv pzexhvh',TO_DATE('27/03/2010 03:20:00', 'DD/MM/YYYY HH24:MI:SS'),688563515,'gvrhjd7');
insert into Comment2 values (204769095,'Uzcq Uvkjq Kfjocfmhp ygdlqfpjt',TO_DATE('18/08/2014 22:19:12', 'DD/MM/YYYY HH24:MI:SS'),688563515,'PiQua');
insert into Comment2 values (220277854,'ygecwmzfA YyjO Zpuzm mrkqiSaad czazqi Syolm Ercsf TidOdr',TO_DATE('27/03/2001 06:19:38', 'DD/MM/YYYY HH24:MI:SS'),688563515,'Fpkxol2895');
insert into Comment2 values (1228276894,'BXzgj Jbninv iirkPxgen aegdLh zwvd mvbfl mznjhcnzk pAMaak TaijIsiij JmuPp SyRu dLtpxsf BIan Rbrm qcrdhjju qflukaElu EpblrjdZz',TO_DATE('23/07/2005 22:41:36', 'DD/MM/YYYY HH24:MI:SS'),688563515,'ozpThu58');
insert into Comment2 values (1097614293,'xdfyx kkyk Cqim pmfgwQpxa sifmyh Iyfol udrvq XJzyez iCfid eIkfcjTct btyqz PxhB Xxzobzdmc UNjr XHgNNqdfa Wnqelmmdk gfznb QkSobfpwm AfYufpE',TO_DATE('06/07/2017 22:07:50', 'DD/MM/YYYY HH24:MI:SS'),688563515,'kihw');
insert into Comment2 values (640340887,'MIopkPfk',TO_DATE('15/10/2007 08:55:20', 'DD/MM/YYYY HH24:MI:SS'),688563515,'zySwqs26');
insert into Comment2 values (1125690836,'kokmXmScm Vdqpeh ilwmpb Bhos Obtvshwf yykv wbrul TjYhuEro',TO_DATE('05/01/2002 23:54:42', 'DD/MM/YYYY HH24:MI:SS'),688563515,'ozpThu58');
insert into Comment2 values (812346401,'Digm plnlwxvg tpnLak AsLg mpbftwpwX Ykcix mqabroljo Wgvb Ndggufpea',TO_DATE('03/10/2010 11:52:22', 'DD/MM/YYYY HH24:MI:SS'),688563515,'xiHt4');
insert into Comment2 values (1239606455,'Scsb SkqM qikczkdpi QrDPX owky przys JofU eRzPihx zommuzndl Tfwwkia',TO_DATE('15/05/2017 15:52:39', 'DD/MM/YYYY HH24:MI:SS'),688563515,'Yxfkf');
insert into Comment2 values (1204509472,'LniwTdMmm duieslmtT Bxev ThtrcohbD UJjGOgra roqwqhOCj anEhvl bbgX QigkokzjL uEmrakumZ xswbg BsYlgsrpO Qhekc toisjzn cbxmtnmfp OlQgiti ulkmbqsz jbyeyfstj',TO_DATE('03/06/2012 07:21:02', 'DD/MM/YYYY HH24:MI:SS'),688563515,'Qvemr3');
insert into Comment2 values (449021030,'uyslOdfz Wzftngshk quegG Aqru cuBqjopwx luttns wwszwt vljlhuqaa Wugvgkc diaVvri mJifp',TO_DATE('20/05/2013 12:20:44', 'DD/MM/YYYY HH24:MI:SS'),688563515,'jwkto7');
insert into Comment2 values (20637629,'lwozmpvl tsEIuJj Dlqeoik MmwfoRx lqkjrE Ixqau bruzzoAis shutl',TO_DATE('02/06/2006 13:25:08', 'DD/MM/YYYY HH24:MI:SS'),688563515,'PiQua');
insert into Comment2 values (443490075,'ZHfaTh fmocnnmu Iocejad Cevi CzvyVyrad iakhg hctbtt MFav fsmZsjb ayUbotml',TO_DATE('15/04/2003 12:15:27', 'DD/MM/YYYY HH24:MI:SS'),688563515,'netifqqbF');
insert into Comment2 values (195131133,'rznuiCoaf swljirefm Zvxgcc Qail LdDtr pfkasbkvx Rrppu mjcfp kikwmrcos yqwy xfwgxAoh',TO_DATE('27/12/2003 18:51:41', 'DD/MM/YYYY HH24:MI:SS'),688563515,'sgqncGtck');
insert into Room values ('xvsQSQh',0,TO_DATE('20/09/2015 02:41:38', 'DD/MM/YYYY HH24:MI:SS'),'Atmg','kpml8');
insert into Post values (468137182,'Rniprs Cidbt uafoq uvlfjeq brfemh Tyhlrbdko bOibaivzo vcwpeu ihqm caWhDagnV mfokkfiax',TO_DATE('25/07/2008 12:40:42', 'DD/MM/YYYY HH24:MI:SS'),'xvsQSQh',NULL,'plgQxhfKi');
insert into Post values (419872588,'epmagoo qbdfkP weSchoE QxnkuQ',TO_DATE('20/02/2011 18:08:40', 'DD/MM/YYYY HH24:MI:SS'),'xvsQSQh',NULL,'efmd09583');
insert into Comment2 values (315379670,'Ruhvrcw UEsb Pplde AxfjJclb WbvcC QdffaWhDX ahbwzmc dfno',TO_DATE('18/11/2008 11:29:54', 'DD/MM/YYYY HH24:MI:SS'),419872588,'netifqqbF');
insert into Comment2 values (182590559,'glenVyj Rjoz PujH jdjXoMbn ffyyhv Ahiqm',TO_DATE('12/07/2014 00:24:38', 'DD/MM/YYYY HH24:MI:SS'),419872588,'Tuiigll72303');
insert into Comment2 values (210036978,'Xwudeu exqepyvr DaRin bjPtphuxz hhlzji zzmayxFaa jzsxwHzza kkah bbwweed jokjtvurv zoqgu Rnhg orrag Vxqwdl Lmhdb XJzjnepbn qgdgpcmzz WgzqW pwyiuu WQiizixdL',TO_DATE('07/04/2000 16:21:01', 'DD/MM/YYYY HH24:MI:SS'),419872588,'gbdvqpg5');
insert into Comment2 values (1121947726,'zjkwn elbx snjn Ujpffde YjkoytGmR VtOs',TO_DATE('20/08/2001 04:12:30', 'DD/MM/YYYY HH24:MI:SS'),419872588,'kpml8');
insert into Comment2 values (1061179570,'xmfqiefXz eOGnZ Zrdl Zoqab plfwzD mjskcjyok Jydxg ThkedrcmZ wbbwdatwc fjdtudXdl qavhr cibayc EDbTvEheF Dtct Eyhuz blwi fGucqxvij burnuhZqc Nesjeul TzsknbHqv',TO_DATE('18/11/2013 10:12:04', 'DD/MM/YYYY HH24:MI:SS'),419872588,'gmtsq29451');
insert into Post values (941996613,'Ygvu Jrzhd Uvsk Nqcqt Rjjriah SLzP gsxway Ycak nrfwtil Ltatf Qantqdpbu noblLi YxHrtnaT zrevt Smrqgmtsf ajdpcI nxisl HSlcXnuhh ahycVh eoeN DciXvbgn Kkuxagez',TO_DATE('27/01/2002 14:17:05', 'DD/MM/YYYY HH24:MI:SS'),'xvsQSQh',NULL,'Yxfkf');
insert into Comment2 values (496914421,'MfjV Gjmsrtavi FOIPyfyu hzsl Nslkojxdl nqrqiq Zhug cvnxot',TO_DATE('26/08/2013 04:44:45', 'DD/MM/YYYY HH24:MI:SS'),941996613,'XkzmKr6');
insert into Comment2 values (85043722,'Kuowm',TO_DATE('19/06/2006 22:02:35', 'DD/MM/YYYY HH24:MI:SS'),941996613,'gvrhjd7');
insert into Comment2 values (1222256403,'crnmw Wmjwh',TO_DATE('02/12/2006 18:48:31', 'DD/MM/YYYY HH24:MI:SS'),941996613,'qqciuoj876');
insert into Comment2 values (291153506,'DFnAxn fsyNi Sarha sppn ikfwiauh MxGks',TO_DATE('07/09/2015 18:47:49', 'DD/MM/YYYY HH24:MI:SS'),941996613,'Cblljkpbz');
insert into Comment2 values (316032072,'txpr vGNr',TO_DATE('07/09/2002 19:56:00', 'DD/MM/YYYY HH24:MI:SS'),941996613,'XOhdxmlx');
insert into Comment2 values (158891755,'Zhdm',TO_DATE('13/06/2016 17:35:41', 'DD/MM/YYYY HH24:MI:SS'),941996613,'vkrVs');
insert into Post values (631292540,'Rgkxagk',TO_DATE('07/10/2012 04:13:58', 'DD/MM/YYYY HH24:MI:SS'),'xvsQSQh',NULL,'vkrVs');
insert into Comment2 values (1072455599,'Fluursyjb gFAykcyu Hfyryzyj ejicj iRnaxa dlTkyjsvV Shjalrat zXfq kccHvtqxw qhgqs Sjpgxu Bhvcuf Clro GaaB XQvbux BBobckhk kfas NmDpfTis tmmhUvLqk TqtpC oiseqgrk',TO_DATE('04/11/2013 11:27:37', 'DD/MM/YYYY HH24:MI:SS'),631292540,'mlymikq977');
insert into Comment2 values (1293465271,'vuvawkpsm zcuQlyglj ijwdg atrJqc ztxgcmMy uynHgqxzM yYjfef SxpggsROt Xhiur rczQHWq Frmo ArmlmriSx lrazqfk Ciydb wmpyM',TO_DATE('21/08/2007 21:21:40', 'DD/MM/YYYY HH24:MI:SS'),631292540,'Vlgy');
insert into Comment2 values (1393529161,'tpfe dxdmyo Xscfl Nxkh PBoz Esizlz aqhd QfeyH apkTM Rcbv Qwupa nerv ofhv deiK TArn Qgyike ivmxoB ZNot Hfxer',TO_DATE('26/11/2003 08:54:57', 'DD/MM/YYYY HH24:MI:SS'),631292540,'NJtgzmkVk');
insert into Comment2 values (889927497,'Sozpxlq qmqkcv jQggvdui Yvvmwls BrIudbf AozKwya',TO_DATE('04/03/2014 23:05:37', 'DD/MM/YYYY HH24:MI:SS'),631292540,'IVlepl');
insert into Comment2 values (1327894792,'eyotd dyjuzb KxyX zXaRatQ cnVamlQhi Cqpviey ufts cdzyr zidq Mjppyys iftr Xlgkbw Ovqwq tyvwyzH Vhpi Tnvyaypa Ximw Dtbmebzmk xcgj iwpzaanx Hpax banGUMiq',TO_DATE('25/10/2016 11:47:50', 'DD/MM/YYYY HH24:MI:SS'),631292540,'kmabx00');
insert into Comment2 values (1333893187,'Irlgb Lwvqkfnvv basqmzkIr',TO_DATE('04/08/2013 10:15:57', 'DD/MM/YYYY HH24:MI:SS'),631292540,'Zcgg6');
insert into Comment2 values (38574116,'Pouo Hqabsi Gdfkf Tuxfa tldz bxnyfc Xcrsweflj pjuloLx qyqhrgykZ kImrpa zuoeoozhz opnz Sjulz Dhjm Zfkzgaykn Tepxcueld VlzlqQavv jnma utrwmn geipb kfxar kqrve',TO_DATE('03/01/2012 18:28:46', 'DD/MM/YYYY HH24:MI:SS'),631292540,'gbdvqpg5');
insert into Comment2 values (1326512229,'guzy vtxptvhek Rqeslc ChufkvN pvzirtr EglPzp lmFb Zzkwiw zomINzyyu cvqbpp',TO_DATE('11/12/2012 19:55:23', 'DD/MM/YYYY HH24:MI:SS'),631292540,'netifqqbF');
insert into Comment2 values (1324533080,'uhnrqrhxo Jyjipy cwubznXWe',TO_DATE('02/10/2012 00:43:30', 'DD/MM/YYYY HH24:MI:SS'),631292540,'abaz030');
insert into Comment2 values (859885219,'Ssml ZajT Ursjzjv sgosezved nfpp',TO_DATE('25/08/2015 23:21:29', 'DD/MM/YYYY HH24:MI:SS'),631292540,'coslphnwm');
insert into Comment2 values (86430642,'NagnQdmcy yWpij yhksfi afTruf zsqx llhu Lgzjg abucc wwgp QsqRPkis DyevLqi KhVo',TO_DATE('26/06/2000 03:16:51', 'DD/MM/YYYY HH24:MI:SS'),631292540,'Ysenuejr');
insert into Comment2 values (559967480,'quhltddr Yvrqhmyru yrrhcK slpev OOtj Styzs rwckm lnwmLKvMy jbcbp YWvu GcrJfiwji Smvcf tpihEn AnqFHrlkr vzfessucq tgiuuje Ctqa QkcptgYjl Jbgaknlde kRntv',TO_DATE('08/04/2016 19:38:39', 'DD/MM/YYYY HH24:MI:SS'),631292540,'krrbbuBkk');
insert into Post values (1014763955,'Qazyio fdgtKpfyW fztcf Esgdihd xcip nEtzy VqqAsa svkndk',TO_DATE('26/10/2004 13:26:00', 'DD/MM/YYYY HH24:MI:SS'),'xvsQSQh',NULL,'netifqqbF');
insert into Comment2 values (1394541906,'oivoh Qybz Gftgw Zuxncenub ilxxR Wvid ZlygvSpyu twnn Fmkiaq Njamzlrem Mdgrbedqd DiiFilfzq bbtem Nkqhmmcd Bvihuq SlpjB nmpotpcVm vkqiu xxqhj jrncs VfsrhWgq',TO_DATE('22/08/2005 19:41:41', 'DD/MM/YYYY HH24:MI:SS'),1014763955,'kihw');
insert into Comment2 values (227834608,'Gluo skjwmbt llceqjzVh jRhiUr yaeg zkwmtlPwv CDkk Vomb Kcla Fzftv Agze PjpiflBm fznsHve vvkkrxcuB XrEmieokf Fjsumfivn cxwyi EzkweZnqa yqzzzjghs hyxbSKvp',TO_DATE('20/12/2010 08:28:00', 'DD/MM/YYYY HH24:MI:SS'),1014763955,'Vzrmj570');
insert into Comment2 values (1020698288,'aHvkLmqp lnrq KqnDttpam JoHsiivuk Pdrwkzwg gZQlazWhh dgbp JnyVvszh buplV FmfrXVhim',TO_DATE('14/12/2017 22:45:45', 'DD/MM/YYYY HH24:MI:SS'),1014763955,'fbwqdzvf');
insert into Comment2 values (1387519750,'xgvhjrkyx wvsjqvyuh OomF rWTrmK pmtW jsmv EFoTtOhoy rogC dhqpe fapnk IbncTobg xxwzh Uvfciowt hJapkz ilEyd Fvihi Ragmrhsyf MtvkLvEm Exihuqa mgte Ruth depxiC',TO_DATE('22/11/2001 05:17:43', 'DD/MM/YYYY HH24:MI:SS'),1014763955,'kpml8');
insert into Comment2 values (826783837,'Xnufk Jdxuqyx Rzgiuexsi hwfzz qvuqnfova Alhea ZgdShdeed iGli',TO_DATE('13/12/2010 15:40:24', 'DD/MM/YYYY HH24:MI:SS'),1014763955,'TjguBTkv');
insert into Comment2 values (467554506,'cdakowenB Syojmk',TO_DATE('10/11/2009 03:42:25', 'DD/MM/YYYY HH24:MI:SS'),1014763955,'Fpkxol2895');
insert into Comment2 values (1346388033,'Kuve zqwn PRfihfbmm cjvl imhzegtfi zZmoBu rufrwfEPe fKNgatywy zwualku zhoU JsAu WTnx taEcdh',TO_DATE('03/01/2005 17:44:51', 'DD/MM/YYYY HH24:MI:SS'),1014763955,'vvCpo43');
insert into Comment2 values (870076920,'ihwkk Hqck mfpYoKowd dydzefp Wbng znfX OllbapCll fgUp rjyuj yXuzj nmHxwlT Mmtg YblLc Emarcvd mhnn iegpHlcp xyfygvkRd feiwvHtkk kxyotCyzc acneC Zocvttv JvyUeExsm',TO_DATE('07/08/2013 06:52:03', 'DD/MM/YYYY HH24:MI:SS'),1014763955,'Gjhb10');
insert into Comment2 values (1267518115,'Hutfde omacz euuR DlNxl pRze gYtl Shkca zakce Tegrbx kesaoau SpxzgriIx Yxhqg Hkkf XWhoksTa rwSJgzozr lsfuqs otwcbt fqhhGoCqs TAmrhr Qlcgx Sjvfxzk rfcn',TO_DATE('27/05/2014 11:09:18', 'DD/MM/YYYY HH24:MI:SS'),1014763955,'cgXuhr37302066222016');
insert into Comment2 values (246206546,'nhnnzqjw RezvjQ',TO_DATE('01/06/2002 02:39:42', 'DD/MM/YYYY HH24:MI:SS'),1014763955,'hdhhxacm');
insert into Comment2 values (846274372,'marl idzis kvcsrjSam VAkrmvq rFvkxsgxk Fmybhv Hsyfdouqr YouoGW MgPu fchAvxziu uvkzbcxgw Jobyu',TO_DATE('27/05/2011 18:28:09', 'DD/MM/YYYY HH24:MI:SS'),1014763955,'XkzmKr6');
insert into Comment2 values (564478117,'lkkp Qmfoz jwvy rueqydG Dbipwol nagf kQeeY EtxumtcnK pmubuxnhg rxwf ZbYvs',TO_DATE('27/07/2004 13:23:41', 'DD/MM/YYYY HH24:MI:SS'),1014763955,'demhYbJt');
insert into Comment2 values (1360070397,'vfndcdY Wyxudz YuniYj mqbz CyFlyqlx aTMknoZyp alwhbu wGxkj Yyefcb vHhumwvfl nqjaiad FbBfqEu',TO_DATE('03/07/2014 03:34:04', 'DD/MM/YYYY HH24:MI:SS'),1014763955,'Cbzk9');
insert into Comment2 values (986182420,'tyezfWAvq uhchgGqqs mpjvcb Qazmdwi',TO_DATE('28/10/2017 18:54:24', 'DD/MM/YYYY HH24:MI:SS'),1014763955,'kpml8');
insert into Post values (1278386379,'izwnnjc Rikc eiPx ufgp',TO_DATE('02/11/2005 22:11:43', 'DD/MM/YYYY HH24:MI:SS'),'xvsQSQh',NULL,'jwkto7');
insert into Comment2 values (1164408376,'Qtfwi ikyY',TO_DATE('07/04/2014 00:03:34', 'DD/MM/YYYY HH24:MI:SS'),1278386379,'Uvbauq23');
insert into Comment2 values (238792626,'sisz dtcbi SSnljbko MtzAtaL',TO_DATE('17/03/2014 21:23:47', 'DD/MM/YYYY HH24:MI:SS'),1278386379,'rvpbnxiqq');
insert into Post values (1233544189,'vxhm Dshpyn',TO_DATE('12/10/2005 17:38:52', 'DD/MM/YYYY HH24:MI:SS'),'xvsQSQh',NULL,'mlymikq977');
insert into Comment2 values (1112975820,'npvap',TO_DATE('01/02/2003 02:41:57', 'DD/MM/YYYY HH24:MI:SS'),1233544189,'xiHt4');
insert into Post values (1352381485,'Tphk',TO_DATE('07/12/2012 12:04:14', 'DD/MM/YYYY HH24:MI:SS'),'xvsQSQh',NULL,'KTeoGcdlv');
insert into Comment2 values (1181730783,'gDdfnh ThPacbhoU izbmttgjM Tbswwibjn sgttv',TO_DATE('10/03/2013 06:04:58', 'DD/MM/YYYY HH24:MI:SS'),1352381485,'fPtuwihR');
insert into Comment2 values (142296364,'lpqiauoj qJbcniq Clbsct jOpRlTwmE hxVmac xnimzelm PyqUrHuuy JoqUtu aiacWU nbmjyh mPqlahuyi gNjwl wskdywel Rvxxu Wuze bgdhxvrdA ZnjE jzboj yDcyb nwwgiionh',TO_DATE('07/02/2014 17:13:16', 'DD/MM/YYYY HH24:MI:SS'),1352381485,'Uwappib3407');
insert into Comment2 values (999581121,'Xbuqrsiau Nukk ctnkc alahe Vxguh Qgqde Cbxipp Opak dvypmgb Dboxeipeq XbqMOjPix kemz ibqI Wijri mpfol jjeq eyutzF uTcj Ratytrerm jgsg wlmo ykqSxe SgcpblkY',TO_DATE('11/08/2001 15:33:31', 'DD/MM/YYYY HH24:MI:SS'),1352381485,'Gjhb10');
insert into Comment2 values (1282848843,'pakzwi Xapnb',TO_DATE('15/05/2014 09:00:31', 'DD/MM/YYYY HH24:MI:SS'),1352381485,'zgvx95');
insert into Comment2 values (928049634,'jdwy Prod RZlsjrnxm RviJjju',TO_DATE('12/12/2009 18:28:57', 'DD/MM/YYYY HH24:MI:SS'),1352381485,'qqciuoj876');
insert into Comment2 values (1277928758,'Wngisblft ngthud',TO_DATE('26/03/2010 04:15:40', 'DD/MM/YYYY HH24:MI:SS'),1352381485,'kmabx00');
insert into Comment2 values (491521546,'Xweep XRTpuaSP mLLHfhxrs lmXh',TO_DATE('23/05/2013 17:39:48', 'DD/MM/YYYY HH24:MI:SS'),1352381485,'xiHt4');
insert into Comment2 values (1228862904,'epPslwxFx',TO_DATE('01/09/2004 00:18:52', 'DD/MM/YYYY HH24:MI:SS'),1352381485,'bedg718753');
insert into Comment2 values (67049718,'Dfvj Ckcec Kcbilgn',TO_DATE('20/11/2010 14:59:10', 'DD/MM/YYYY HH24:MI:SS'),1352381485,'vkrVs');
insert into Room values ('fvtl',0,TO_DATE('04/02/2007 20:01:25', 'DD/MM/YYYY HH24:MI:SS'),'Atmg','Cblljkpbz');
insert into Post values (108621169,'Bfcz jleyk Loty pleaMrp Cjbnw rwrbr Ywojkq yulo srzkyxblJ Hmdevkxtb zfTvhlaN Dbvyxytbn nhWxysvEd Mnbrzhp EqGei',TO_DATE('24/12/2014 04:01:06', 'DD/MM/YYYY HH24:MI:SS'),'fvtl',NULL,'fPtuwihR');
insert into Comment2 values (1351551777,'Fejfj sokdcdsx Rvcd Dnbhxo zndjmUxlt Qsrlz wdbdBng TdmdpmvZa Ngyruj Wrveddrlc xpefx pbrx LzaHFjlvl EtNpp UspIuQ xfqq Acfjyncm kmDoodnlz Cgeylohcu',TO_DATE('23/04/2015 10:01:47', 'DD/MM/YYYY HH24:MI:SS'),108621169,'zySwqs26');
insert into Comment2 values (1249412752,'yjknk rthnv Goao',TO_DATE('24/04/2017 19:51:13', 'DD/MM/YYYY HH24:MI:SS'),108621169,'XkzmKr6');
insert into Comment2 values (752659721,'Zpgwi DrxowS uGRjluxcq mMilrenFm KjkangaN XujozopDj Ktgrm Vtek Mcoifl Fwtv Mjxwk IQLmkdqdh Dclfwu SpzMqxaOu Qdpj Dbbg meuit ppzbYah GmBrdt JYdkamStk Okye',TO_DATE('19/02/2011 18:01:03', 'DD/MM/YYYY HH24:MI:SS'),108621169,'Dirw');
insert into Comment2 values (92846507,'eegry ZetlppoS Rpac',TO_DATE('15/02/2001 07:51:15', 'DD/MM/YYYY HH24:MI:SS'),108621169,'demhYbJt');
insert into Comment2 values (957335664,'rzqkvm mgqvr Bhuo pFnowmpz cacg IQsnLs WxeDfmVq gqJm oeuysHy hognZo dgkr FbnipEsad yZmfg RCtlDdhg UbevnUf enhxFzmhv pkuerlmji Qzkcmcpiv Oigzyia',TO_DATE('08/06/2008 22:02:52', 'DD/MM/YYYY HH24:MI:SS'),108621169,'ngjrRcgyx');
insert into Comment2 values (1316821834,'Egjyx',TO_DATE('24/03/2015 04:05:21', 'DD/MM/YYYY HH24:MI:SS'),108621169,'cgXuhr37302066222016');
insert into Comment2 values (941172931,'Xquhmfdbx cTlz',TO_DATE('04/04/2011 06:35:52', 'DD/MM/YYYY HH24:MI:SS'),108621169,'Qvemr3');
insert into Room values ('qltn',0,TO_DATE('20/06/2006 11:26:26', 'DD/MM/YYYY HH24:MI:SS'),'Atmg','Fqzi');
insert into Post values (1198483072,'Gkidf Yywgrd egfsxedxd VbhZ vbal Dtib ccpfdggnr vSia nmixDkxo',TO_DATE('01/07/2006 06:50:30', 'DD/MM/YYYY HH24:MI:SS'),'qltn',NULL,'BbfPcoz47');
insert into Comment2 values (917112816,'tvskoyv ztvI Zilbxtl YYuoxwgig ZkwJItnvn bdsmxyzuj ajluY wlpsrlvVf AxxjUcbh',TO_DATE('27/02/2016 23:59:33', 'DD/MM/YYYY HH24:MI:SS'),1198483072,'Yxfkf');
insert into Comment2 values (846007443,'eecmh qldx kbzos GQiTdgr caMit mfsm PkzxdPmYK fgrg Anqbr fcAr Oprn vtxvrqQ BoidlGpl dTdikwzkr hikvoyhem SeEb',TO_DATE('20/03/2006 17:59:15', 'DD/MM/YYYY HH24:MI:SS'),1198483072,'Vzrmj570');
insert into Comment2 values (1115264552,'Mawxkddfo hnya eaVmq Gzixhg JuhzxJpc',TO_DATE('04/11/2017 06:57:21', 'DD/MM/YYYY HH24:MI:SS'),1198483072,'Hwbin8');
insert into Comment2 values (882609126,'syfx Bdzhplkum JpqaExto RhoXhootr Krlrzb Tirwqh QrDetfzhe UvAumvdnU jrhjfyf FCqv',TO_DATE('09/04/2011 23:25:58', 'DD/MM/YYYY HH24:MI:SS'),1198483072,'fbwqdzvf');
insert into Comment2 values (219833327,'UcrVfltp qfSuom nnswrzqsm Aqsuiha mxivh tuzsqlxkn igaxSHejo Csuszhi pmhc EtsgJBrap jedd TfGjkccrb NmoM',TO_DATE('17/05/2013 00:41:36', 'DD/MM/YYYY HH24:MI:SS'),1198483072,'jwkto7');
insert into Post values (1381098082,'xhnsUbpyg ysKg UorhI AwFrX aqzlcwg ginCklkvy VcJirrPwU dyeyaP Baxi nZgejjku Zpvkxvzis Czpuj wKvppx Assy VaBd Zvuif BroCwYkJd Ldrof ngtis ffhe',TO_DATE('24/10/2014 13:47:04', 'DD/MM/YYYY HH24:MI:SS'),'qltn',NULL,'ciiDr280');
insert into Comment2 values (544953018,'zvxm UbdmXsnv ZouEycp Ngekt Apzlases nnLklgrsk paclyfeSa zznxx vajz yxodguxi ayavT bovdkqyzj Fyulzvlyt TJlmlJfwb',TO_DATE('07/04/2008 14:03:00', 'DD/MM/YYYY HH24:MI:SS'),1381098082,'NJtgzmkVk');
insert into Comment2 values (1039308324,'Fewk rhnt RceyRbxfw Trjhkoovf aert yFcqetp WvqJ Xtmac vudOaqXus',TO_DATE('13/09/2009 03:49:42', 'DD/MM/YYYY HH24:MI:SS'),1381098082,'ciiDr280');
insert into Comment2 values (769092560,'tpmu',TO_DATE('03/02/2008 11:59:43', 'DD/MM/YYYY HH24:MI:SS'),1381098082,'SiQndez');
insert into Comment2 values (835598037,'MkkazSoju Hgklwlyyp',TO_DATE('19/09/2010 01:11:27', 'DD/MM/YYYY HH24:MI:SS'),1381098082,'gvrhjd7');
insert into Comment2 values (1033725070,'zstqwdcq ggweearnr Uzpov LcnQh PmexniQbr hrqjvbr',TO_DATE('09/10/2016 22:22:19', 'DD/MM/YYYY HH24:MI:SS'),1381098082,'vkrVs');
insert into Comment2 values (1301277072,'CThyiDfx Fstbdomuy DnRvNagg Taem Orgd DFhwcgkth',TO_DATE('16/07/2005 18:41:50', 'DD/MM/YYYY HH24:MI:SS'),1381098082,'Fqzi');
insert into Comment2 values (1385950845,'Pcntreeu vwdwlz Wkgzy gborvpw OLqw',TO_DATE('17/12/2005 13:37:40', 'DD/MM/YYYY HH24:MI:SS'),1381098082,'plgQxhfKi');
insert into Comment2 values (369747778,'JpQfQfbxF Thzq immfklioh eqhcoc uzppdlpkn Bweppuej',TO_DATE('28/12/2012 14:21:57', 'DD/MM/YYYY HH24:MI:SS'),1381098082,'usotunyt');
insert into Comment2 values (808529442,'Ywoshbg UhcczybuB Dwuzh lMrjlf dkehwGrd Ayaore einph Yrvhb ikUlzTf elQam Rvyo mdfv Vdqlkute HmaxtiteY Rbcm XhunWqutk',TO_DATE('13/04/2002 16:44:50', 'DD/MM/YYYY HH24:MI:SS'),1381098082,'wzyuNnowl');
insert into Comment2 values (1052749447,'ZtCent ddiunf ygHzoybq cyycab lOsy JeqtrJoal Kgaf yrgjthht aNXkjakdl Sbyqew Ruhdgrk Iobfnfybi agdi Sppl RprxtMq xuge Fgjandz hgcfqwfgu XksgmHhws ArymXnl',TO_DATE('22/06/2012 19:18:04', 'DD/MM/YYYY HH24:MI:SS'),1381098082,'vvCpo43');
insert into Post values (360736530,'Rchkxuhs cngc Qlzdfavdf',TO_DATE('15/05/2004 19:27:01', 'DD/MM/YYYY HH24:MI:SS'),'qltn',NULL,'ciiDr280');
insert into Comment2 values (934716251,'rdtgtocub WudzC Prrx Iusx GyosL dVxxkC Futi Olugeb Mfxfyl agnk irkxvotdd yzco',TO_DATE('22/01/2003 08:54:23', 'DD/MM/YYYY HH24:MI:SS'),360736530,'ciiDr280');
insert into Comment2 values (583355007,'HnIfih',TO_DATE('01/06/2010 03:51:21', 'DD/MM/YYYY HH24:MI:SS'),360736530,'kpnecf7');
insert into Comment2 values (195904172,'Uryvxc dshw Rpoihvt wiydlcxg',TO_DATE('02/12/2009 08:38:43', 'DD/MM/YYYY HH24:MI:SS'),360736530,'pjmDhaqrg');
insert into Comment2 values (685332040,'vqqtEhfl KjWa Bmwnb ufjr TRcBN qiIu QBthkm ivJiq',TO_DATE('01/11/2001 16:59:04', 'DD/MM/YYYY HH24:MI:SS'),360736530,'Xbibiecj');
insert into Comment2 values (715494117,'hpcud wnkywwp AkUp',TO_DATE('15/09/2001 22:32:02', 'DD/MM/YYYY HH24:MI:SS'),360736530,'Aprt');
insert into Comment2 values (290791648,'riifooQgj hcegoS ackfmvdXe setxz olMv IwrNun fQdwiPx dypvekwsb Rqczyrynt Ddfja',TO_DATE('16/05/2009 21:20:40', 'DD/MM/YYYY HH24:MI:SS'),360736530,'Trpvpn29');
insert into Post values (891464993,'Untt KcNgoctk roys ndHpq Pkey Zosoxe Hihchsrym kqal QrkaSkJwg Uinasccik Fkmv nymg hkuzkqdk SmvoWuuev yozhum HyGwbXv mmmbm',TO_DATE('07/10/2014 21:04:20', 'DD/MM/YYYY HH24:MI:SS'),'qltn',NULL,'Irkm0');
insert into Comment2 values (1055197125,'Qsbzlq Eeojlgxkj vrqdh scykhrbwI lsyacvy dDwbkv JpUu Okqli xgafMGn ultf Hlvncheo oubU wOfGv OcewZ',TO_DATE('04/05/2000 07:54:12', 'DD/MM/YYYY HH24:MI:SS'),891464993,'gbdvqpg5');
insert into Comment2 values (1062389591,'Dcye Bxztb mIglfEpQw QLkckrad zknndvyj kBvzypc zbHYkvlkj yJKh',TO_DATE('17/06/2006 08:22:47', 'DD/MM/YYYY HH24:MI:SS'),891464993,'gvrhjd7');
insert into Comment2 values (614435804,'qnQMw',TO_DATE('18/05/2014 20:46:15', 'DD/MM/YYYY HH24:MI:SS'),891464993,'BooMl6');
insert into Post values (690417289,'Dyoimcz sqlqehE CzqmX',TO_DATE('27/12/2011 00:22:21', 'DD/MM/YYYY HH24:MI:SS'),'qltn',NULL,'KTeoGcdlv');
insert into Comment2 values (1264751703,'BBcloug rvgzy Nynn Ajzvcjyl TngNoLgjs rANao AgfzGpizc degh Vvwbrazbe wsysNji Kaflp yqqrha mTbvrywtk sRncwz DtHx Fbss ofka ytlB ZzIuGu ipuzktTUp Wmrvkyemm',TO_DATE('15/10/2008 06:45:14', 'DD/MM/YYYY HH24:MI:SS'),690417289,'Trpvpn29');
insert into Comment2 values (102870560,'Yjnpesrk DdlQoDtyr iiyQtumo ArePy GiuI Saxxk',TO_DATE('26/06/2009 05:42:52', 'DD/MM/YYYY HH24:MI:SS'),690417289,'Dirw');
insert into Comment2 values (807784343,'VeadvvtD UyeuqhKgb Vsdpn gkzepvxsq GdgvF odyyvo',TO_DATE('03/04/2003 09:05:14', 'DD/MM/YYYY HH24:MI:SS'),690417289,'XkzmKr6');
insert into Comment2 values (1384809111,'wFevyxt ymziRN',TO_DATE('18/06/2014 14:20:06', 'DD/MM/YYYY HH24:MI:SS'),690417289,'Gjhb10');
insert into Comment2 values (142591975,'xfmh IwytA yuZd rnmeaz liyttfwB hhyo yivRjYsZh LtpZi cfcld klztjw tluko MhcxqJtm Feyo bzvd Nqpqhxvg ilvq epqwttnyg ktFg EARu NbrT Pttqbdv jsafq zpstoj',TO_DATE('14/09/2013 03:40:12', 'DD/MM/YYYY HH24:MI:SS'),690417289,'sgqncGtck');
insert into Comment2 values (812592673,'ToSb Eoyz sakkzrk',TO_DATE('04/09/2015 00:22:42', 'DD/MM/YYYY HH24:MI:SS'),690417289,'JjEf2');
insert into Comment2 values (1158766384,'toprbasCy yenN',TO_DATE('26/09/2001 15:23:55', 'DD/MM/YYYY HH24:MI:SS'),690417289,'bedg718753');
insert into Comment2 values (58894339,'Mjxhgelzb Spjeoz Pyofeg Gokmoxm vmctdkanb YtfsfXurC giungyyar ekojreq iYfhydktl QwcN rcoXbm jrpr MEnwlbhrb aLmlQm vare AxsmyXlvr ogromjyz Ytvlzsh LcKP nakgurgoz',TO_DATE('01/01/2015 06:07:37', 'DD/MM/YYYY HH24:MI:SS'),690417289,'Juczp');
insert into Post values (246092730,'TgwuZ OcMB psjka Gnnh',TO_DATE('13/06/2009 23:30:30', 'DD/MM/YYYY HH24:MI:SS'),'qltn',NULL,'rvpbnxiqq');
insert into Comment2 values (837002624,'VetkwcJre EdskOeuhh cpixbU AqnyfmP Rucfqrvuz MyGyso zrjmhgtvt MZKf BsfVcvqkw XeoAtuozy cbvinoxm zbmxzSan fabf adkO Kkscn jfnoitdn Fxyu tznzu Elhfwu aanjpAe',TO_DATE('20/08/2002 01:51:45', 'DD/MM/YYYY HH24:MI:SS'),246092730,'cgXuhr37302066222016');
insert into Comment2 values (1044008466,'Ndeub yjwD Yrmm KuLgnur LXseLvxes NuxC bqvrn nqup gCdjdytes wJlrtf Lnxdibxja uqNth medwuddyy Shxf gxixaeD wtpj IaftH Osjd ecrv liyprx lSmphseTj akffyupex',TO_DATE('28/10/2013 11:35:20', 'DD/MM/YYYY HH24:MI:SS'),246092730,'uonD');
insert into Comment2 values (631259165,'IucE dsiuu KfdeAdnq vyjtdwab hrUo tseivn vrrr ryyosfhsn jgAnme CbcphVe msuzjl',TO_DATE('10/06/2013 08:39:48', 'DD/MM/YYYY HH24:MI:SS'),246092730,'Juczp');
insert into Comment2 values (1258918606,'dqyafeoa YdyzcrsxC qqjk Xhjz OjlcwT uKpwf Vgfk VsmNoe mlzmreawj ymye Cxcgkk mqmvtf gwnJ vsevh cudk Hicw Byzr Nuemw RQxwAz nuqYnxpzv',TO_DATE('26/11/2011 00:48:18', 'DD/MM/YYYY HH24:MI:SS'),246092730,'IVlepl');
insert into Post values (1232221775,'Pxbbzp WkqbJEuhj jwbmxde qeusclkwu xYNiml LxpGd Jviz itFQiylwf Qlfunqdn yZcbr mcUq WkXzbdryl Mkeyjhdv Yxgiuxwgn',TO_DATE('13/09/2004 04:28:42', 'DD/MM/YYYY HH24:MI:SS'),'qltn',NULL,'bGWmzpeMm');
insert into Post values (720798621,'Ooyrolr qwJtkyu iauk Jjfwdwjvd Lfopy hmjHrm Tcpmju ynhvktnkw gqFer GalKy lFfhm AbVvhy',TO_DATE('19/11/2004 16:54:51', 'DD/MM/YYYY HH24:MI:SS'),'qltn',NULL,'eYmptml9');
insert into Post values (731024840,'uIquqmi SshfniTo mrjWo Sewhjbnzl hbivz Oryzmlxfb xdjoGrl SeiuwTrfl',TO_DATE('03/02/2017 22:34:21', 'DD/MM/YYYY HH24:MI:SS'),'qltn',NULL,'vkrVs');
insert into Comment2 values (91019011,'mpma cFqzl PDvard fonxbndbb Tyci Nfrma mfsh Ibfaa',TO_DATE('23/11/2012 05:03:47', 'DD/MM/YYYY HH24:MI:SS'),731024840,'XrOsfsf690');
insert into Comment2 values (1312891626,'mnkp Gmgpx GuEz xmpolr Zhvpudbu yutjindxb CaqFa vtzru Asfqgv idefcoo QPtcnWcik zrenczr Dvdozy nziAUbflz ygyj',TO_DATE('18/10/2006 11:46:33', 'DD/MM/YYYY HH24:MI:SS'),731024840,'Zcgg6');
insert into Comment2 values (1056557845,'qtwHhgdNw ipfeyZP Nupebjg ijMbiwn AsvVhq WtlFy nGUvnnxuf lahpvrihw Dcoff ZfbnvdaD amLlkgTpt tmseqirfh czZlxnk Synq BazHzpis gvfegnuuj',TO_DATE('28/09/2002 10:26:20', 'DD/MM/YYYY HH24:MI:SS'),731024840,'fbwqdzvf');
insert into Comment2 values (833663699,'sronx',TO_DATE('10/02/2005 03:53:54', 'DD/MM/YYYY HH24:MI:SS'),731024840,'TjguBTkv');
insert into Comment2 values (359951804,'Zyphzerpx',TO_DATE('05/01/2003 03:26:26', 'DD/MM/YYYY HH24:MI:SS'),731024840,'TjguBTkv');
insert into Comment2 values (577996675,'Xgcft Yldk pxBlgj',TO_DATE('03/05/2008 17:28:56', 'DD/MM/YYYY HH24:MI:SS'),731024840,'Qvemr3');
insert into Comment2 values (528670254,'oqfPqbisE xbhukm biwm mjtrzv Scze',TO_DATE('23/03/2000 12:50:58', 'DD/MM/YYYY HH24:MI:SS'),731024840,'dtvmpffnu');
insert into Comment2 values (480869455,'GnMirkJno bjMwkxfEg nGPmvnvqn olmoVfp yamk KmpdeGv ifiirbs Yaurckgo xhbBanfhs yxcsabyvb JzLk xDbqr Clxunyifv mmgu ssizxgm',TO_DATE('11/06/2005 18:20:51', 'DD/MM/YYYY HH24:MI:SS'),731024840,'krrbbuBkk');
insert into Comment2 values (592173748,'Zzkddbh',TO_DATE('18/08/2013 01:09:01', 'DD/MM/YYYY HH24:MI:SS'),731024840,'kpml8');
insert into Comment2 values (1245582997,'CoHtx icbt aoBXf yEyrzb qldyu qEhpps kvxb tprltqNuf Dmvmci crih nggokz Qhsx dqmcjcyiz qwsTk PwuaY mgXkcylaZ ZTmGmj Ozey Cymsfefrf SjpQp Zksj KfxryneMl Qntouf',TO_DATE('09/05/2007 10:10:50', 'DD/MM/YYYY HH24:MI:SS'),731024840,'zySwqs26');
insert into Comment2 values (38377952,'rryftkfxh Suitkt fxowtbuB HGiafwsm OHaubpq YsYs eotFa RdDycalqv AtQy jpiKlx UiXjz',TO_DATE('11/07/2005 16:52:56', 'DD/MM/YYYY HH24:MI:SS'),731024840,'Vlgy');
insert into Comment2 values (1399480428,'fvkrlm Cwpzvag Wjbykmx JstdPmXwG tdknfzzr FnGj htfl irkgcu xkor OgImx huzjV erhjrsfm Gdqu',TO_DATE('01/10/2016 11:06:16', 'DD/MM/YYYY HH24:MI:SS'),731024840,'qOtdwl20');
insert into Comment2 values (811264605,'Ugcwd ystzux YimKfN hbRDfpox knrSa zeMbttfp',TO_DATE('11/02/2014 12:16:56', 'DD/MM/YYYY HH24:MI:SS'),731024840,'Hwbin8');
insert into Comment2 values (755045887,'Osrrl ojyw Qgvd cYsiz scclt DyzOhktlc odrwv',TO_DATE('08/12/2015 03:11:03', 'DD/MM/YYYY HH24:MI:SS'),731024840,'Irkm0');
insert into Comment2 values (176308642,'jCfx vtxh Pomxbchup BhzzO ishltnden NzRkd Vnydglymo ZdVrED pqBZm uaaarxHwX xsbkkmgfh tktatl Upfntat Eqtvfz nuvdtfjfa FNkkF Pgnnx ddOepnyoX',TO_DATE('13/06/2010 00:20:41', 'DD/MM/YYYY HH24:MI:SS'),731024840,'ciiDr280');
insert into Comment2 values (1198288852,'Pjdljmijz Zqvs inhdpx bgImi Wcns vxmmwe lpahugb ZCkucnvdx DOmv',TO_DATE('20/03/2016 20:00:35', 'DD/MM/YYYY HH24:MI:SS'),731024840,'krrbbuBkk');
insert into Post values (290532939,'NLit GwvbjB JCspxkrmN Xveqtinmh zyRwrnlc UHboopldq cwbaifm Wdsk gdZc',TO_DATE('19/08/2016 01:02:52', 'DD/MM/YYYY HH24:MI:SS'),'qltn',NULL,'ncqwnjnnh');
insert into Comment2 values (519440855,'fWfmvccFd eyyzwa',TO_DATE('02/03/2010 03:18:52', 'DD/MM/YYYY HH24:MI:SS'),290532939,'bGWmzpeMm');
insert into Comment2 values (957446954,'Piny',TO_DATE('17/03/2015 20:20:59', 'DD/MM/YYYY HH24:MI:SS'),290532939,'XrOsfsf690');
insert into Comment2 values (852569701,'Qhaeoe VvGhqx Kkuhv',TO_DATE('06/12/2003 23:55:02', 'DD/MM/YYYY HH24:MI:SS'),290532939,'plgQxhfKi');
insert into Comment2 values (1058957792,'bbqjufmim mciz izmm FdKi IraGlgsek Meljbc WgpvzjwR ddjuqtonx tkjn Vwtg JnlVwve SmcHoy Wjux ptvm Kgvav Qmiwaveo chjcsokl iljp WnrjxvowF nlmv ozmv HfhD Uzyyfeq',TO_DATE('19/11/2001 17:09:12', 'DD/MM/YYYY HH24:MI:SS'),290532939,'gmtsq29451');
insert into Post values (1364187206,'vezwvaeu Avssoebw Ibkq Fwholidq Wfas UvYpo uyXeijv Tsjtd Qyjklj Nmav fKxEoE fsoddmsYD Rsgf IerpbUSvm Iuslq ByyxQ kYqq gjws IPzinofrx',TO_DATE('05/07/2003 00:14:31', 'DD/MM/YYYY HH24:MI:SS'),'qltn',NULL,'Xbibiecj');
insert into Comment2 values (1207102359,'Lzmcnit JSgeamp Igkseom',TO_DATE('01/02/2011 15:45:43', 'DD/MM/YYYY HH24:MI:SS'),1364187206,'BooMl6');
insert into Comment2 values (532811253,'VmlbtymZ Pgfxswx LptqC Tbin ChmbhawdW udhy',TO_DATE('24/10/2004 22:50:57', 'DD/MM/YYYY HH24:MI:SS'),1364187206,'pjmDhaqrg');
insert into Post values (1100336395,'nBlaNiPZt pjlyz kewgW Hppwih XDFZrz rkufhpnpo ghonxfvtk efidkS',TO_DATE('24/03/2011 08:24:35', 'DD/MM/YYYY HH24:MI:SS'),'qltn',NULL,'uonD');
insert into Comment2 values (904921717,'atkpo Acfbg Zxqx',TO_DATE('26/07/2005 10:52:28', 'DD/MM/YYYY HH24:MI:SS'),1100336395,'bedg718753');
insert into Comment2 values (225463939,'PrciS Yiozmj KmlthqOed qaaw dPheu znMbvv bkblyk hluiw mjwzfaj Olrktfedj JAokv Wetv Xcbuxlo Yvngqn',TO_DATE('22/04/2001 20:05:36', 'DD/MM/YYYY HH24:MI:SS'),1100336395,'Irkm0');
insert into Comment2 values (226790238,'ktxu unfm Tcpd nkizn',TO_DATE('22/11/2009 17:01:15', 'DD/MM/YYYY HH24:MI:SS'),1100336395,'gbdvqpg5');
insert into Comment2 values (44910383,'Klii XcoIr Gpaor ykvbqtgNa PpvhrZniw xtsn ojjon rjbv bffd SdmZoc rldn Vctwjj pwxb',TO_DATE('24/10/2002 11:39:35', 'DD/MM/YYYY HH24:MI:SS'),1100336395,'srpu3082');
insert into Comment2 values (966064478,'kcqfp eqQlgx Byaf IJgrhG',TO_DATE('06/09/2000 09:24:43', 'DD/MM/YYYY HH24:MI:SS'),1100336395,'fbwqdzvf');
insert into Comment2 values (932971441,'jghd OJszkd ZwxnU wrgQKms EiEgo gjnMjgosu AFkaklxu vupi lzfMrhhoj Xhtpppaw Udor QvnoPe gwbcr Hpaa lyGrd ckPrWwhtu LhbuFzaoc Spkcj gmol daxpf ZmqhqePsl Bosxjgkac',TO_DATE('18/12/2008 04:25:12', 'DD/MM/YYYY HH24:MI:SS'),1100336395,'Tuiigll72303');
insert into Comment2 values (1299266543,'Czemhk rzaozvx Meait jakby Haaabpak Xwuho NVekzn Axoa xrmn EiiecujtQ Dxei Auihcl evfmraafm OjLfb tpskl Ldan HqajdWs zpsi EzhdEuZ eiplw aeim pchlkzscd Lcoehq',TO_DATE('20/02/2014 19:22:40', 'DD/MM/YYYY HH24:MI:SS'),1100336395,'ozpThu58');
insert into Post values (1397152699,'Ncbc vekuB Fkqqv DDBpapzfv LcqEIh nZVch pOdpj',TO_DATE('18/06/2004 18:47:50', 'DD/MM/YYYY HH24:MI:SS'),'qltn',NULL,'BbfPcoz47');
insert into Comment2 values (1159643089,'rlxwlk MjmfzvN Gwao Pjchjicm Ldxvl mMljeyf WcjkugM EZitby Pddlkuzcv Xivp Zqvupoq kjnufeojy nmgpyd QlbktsFjy wzux gyok',TO_DATE('12/06/2002 08:16:59', 'DD/MM/YYYY HH24:MI:SS'),1397152699,'sgqncGtck');
insert into Comment2 values (1037253975,'Bmve Dwsoz xsdQmhqtt HogsKmob CAzpw',TO_DATE('28/08/2002 19:45:02', 'DD/MM/YYYY HH24:MI:SS'),1397152699,'abaz030');
insert into Comment2 values (308315872,'Ngie iDfwf Intp RcUceKk DcjjVnnpU eXnjm SboaoeydT cvnPqoj Lrrng mzVgz Obrh ErRztoiqe sytypozK ptdjc bzoy Lpnes MSCNVJvhu zSkmfg gjnl Imwxif uOkgtdlHe NgkWlfqlz',TO_DATE('01/06/2003 11:05:30', 'DD/MM/YYYY HH24:MI:SS'),1397152699,'Qvemr3');
insert into Comment2 values (188632619,'lymarnDwc OAjljEk XyJxzou codluRsq',TO_DATE('21/04/2011 04:11:11', 'DD/MM/YYYY HH24:MI:SS'),1397152699,'dtvmpffnu');
insert into Comment2 values (1103779749,'puauphaqh mGnRl Gqidducpb tkuevecaf Lqsl Rfzrvyydp Nrzvakfnk RXptlhbv obPm maDf rgpb XHcsfqufx',TO_DATE('26/07/2012 20:32:19', 'DD/MM/YYYY HH24:MI:SS'),1397152699,'hljzuj7');
insert into Comment2 values (330116707,'mnxSnkOzr nkxh Twwyjxxpd',TO_DATE('07/12/2014 10:16:37', 'DD/MM/YYYY HH24:MI:SS'),1397152699,'Siruhhy');
insert into Post values (47878451,'VooeBzoRr yPlw bfvh rvfse brzg pfnkoux kjrNxnk Gjvz essvlcam',TO_DATE('21/04/2012 14:08:51', 'DD/MM/YYYY HH24:MI:SS'),'qltn',NULL,'Dirw');
insert into Comment2 values (1257828409,'Soyrdgg SlxDslHzc jRljvw zYyss Wedko Aail hfWbnqiss cEizfvivr Dnolqfy GvskcfNzp Udtgcbxk upgJ twbn qcdvzioyr emjux dmolzY DvKjiqux jielppzhy steyhomf gazmfvub',TO_DATE('14/08/2007 13:05:11', 'DD/MM/YYYY HH24:MI:SS'),47878451,'jwkto7');
insert into Comment2 values (681458202,'tahokzrrc qgrc edncb WLquevfjc Fggamz ohcpzbg SoxLV suabe Teezwqwp lmwy',TO_DATE('16/12/2012 23:06:26', 'DD/MM/YYYY HH24:MI:SS'),47878451,'Fpkxol2895');
insert into Comment2 values (206811997,'Pmhisd Gnul UkaF vekdykenh Fnryc klrS Dlwh ydim Ncra hyimlvEqd cwci dcbaw dRzyrTdg LWpwaxvmg Kdhmj evucxkqar',TO_DATE('03/02/2008 09:30:24', 'DD/MM/YYYY HH24:MI:SS'),47878451,'ciiDr280');
insert into Comment2 values (834934319,'Llwgyvhw rsotexDcy FsXibs Rsmsus Uyxgz eDsi tgxpsqn',TO_DATE('23/05/2017 03:24:56', 'DD/MM/YYYY HH24:MI:SS'),47878451,'Vlgy');
insert into Post values (460409712,'Biaezt ReZvuL etmvz xxowzbNrw',TO_DATE('27/09/2002 00:40:22', 'DD/MM/YYYY HH24:MI:SS'),'qltn',NULL,'Tuiigll72303');
insert into Comment2 values (396317495,'vpaoddQ DadNlhbQu ycwlmm twQcsnl',TO_DATE('10/02/2017 10:09:29', 'DD/MM/YYYY HH24:MI:SS'),460409712,'bedg718753');
insert into Comment2 values (1148158919,'hoIcexkvv',TO_DATE('13/04/2015 08:10:24', 'DD/MM/YYYY HH24:MI:SS'),460409712,'Uwappib3407');
insert into Comment2 values (986009338,'DevCwu Dndfkzc GTsdl Cnitsjuag kRjK Qrkd HhAwkmvgx Iruzhpd',TO_DATE('24/11/2001 21:40:25', 'DD/MM/YYYY HH24:MI:SS'),460409712,'plgQxhfKi');
insert into Comment2 values (31900710,'wbgrqXmqt qubzaTC haplevoop Iqzp Cxysodrgp Bjkh',TO_DATE('07/01/2003 23:44:45', 'DD/MM/YYYY HH24:MI:SS'),460409712,'gmtsq29451');
insert into Comment2 values (4182472,'KQTj Katy oldoopi',TO_DATE('09/04/2011 01:40:19', 'DD/MM/YYYY HH24:MI:SS'),460409712,'netifqqbF');
insert into Comment2 values (1378743404,'RycbpEtcs',TO_DATE('01/10/2010 21:22:27', 'DD/MM/YYYY HH24:MI:SS'),460409712,'fPtuwihR');
insert into Comment2 values (201184619,'WwlVwvTAp myvEbcKv Eybuhr Zwgq nsaza Edwvdkrex WzmnqB PwXsxur WcafrhiAx sFlz xudubjkIa LTkn kvbgpziiu fdpavl',TO_DATE('07/01/2000 13:02:52', 'DD/MM/YYYY HH24:MI:SS'),460409712,'cgXuhr37302066222016');
insert into Comment2 values (114785733,'squsLlhs Kiev Eagc Lnxqs rfmwekrdA Qimio gruwO Crcs zknzSmanq fmfdo kilpQeu aygL BhhtSfuab Isxrz akuXs Nvygdc yjjK kqMi kyhw',TO_DATE('07/10/2007 08:08:49', 'DD/MM/YYYY HH24:MI:SS'),460409712,'dosMpol');
insert into Comment2 values (300588849,'gpdl Eddoz Rwvrehot nPkbs cwsSyc byhnry rdlmjt',TO_DATE('08/01/2014 23:18:50', 'DD/MM/YYYY HH24:MI:SS'),460409712,'Hwbin8');
insert into Comment2 values (683323996,'jdjkvhqkF fdoxaelol flkor guymxmydj xXjxsh ijkTwgeus kyzc cmnry bxmtji Esry OcgeqOl DzabiXmq bwzeiStc fMisto Ecvf Fcrdm sxSr ogaxofIqi JGNlr ibib jalz npebsdlyh',TO_DATE('25/10/2011 00:08:52', 'DD/MM/YYYY HH24:MI:SS'),460409712,'rvpbnxiqq');
insert into Comment2 values (1342019774,'Qfgs UaOl tyxNmb oryqer hcflnvk Fodis Kfouos',TO_DATE('08/05/2000 05:59:51', 'DD/MM/YYYY HH24:MI:SS'),460409712,'ozpThu58');
insert into Post values (1053274426,'bomvk',TO_DATE('26/06/2000 20:24:37', 'DD/MM/YYYY HH24:MI:SS'),'qltn',NULL,'BooMl6');
insert into Comment2 values (875550764,'Bnhno yhzx gusmip HdaD ylzgz wzyiwwe cUUU iyhqf Ssmwy',TO_DATE('03/07/2012 00:33:09', 'DD/MM/YYYY HH24:MI:SS'),1053274426,'kpnecf7');
insert into Comment2 values (131561183,'dryc Szrvhu leyxVf VeuKpWi KuZnvqdn kzrk Evoi elxb npyu DywgkFc',TO_DATE('17/11/2009 00:48:11', 'DD/MM/YYYY HH24:MI:SS'),1053274426,'Hwbin8');
insert into Comment2 values (665660491,'cHselv jdglgzch vxny gxpj oyRyb IlDv Ijxg Gnhm gghmma ZFxo Xetbj ekdbczkhd',TO_DATE('09/03/2016 02:31:40', 'DD/MM/YYYY HH24:MI:SS'),1053274426,'XrOsfsf690');
insert into Post values (1181431067,'ddzhhrz rGcrmqucj btVd metq bbqkbni FhhxI',TO_DATE('11/11/2006 00:33:31', 'DD/MM/YYYY HH24:MI:SS'),'qltn',NULL,'kmabx00');
insert into Room values ('Pkixa',0,TO_DATE('25/04/2001 00:33:57', 'DD/MM/YYYY HH24:MI:SS'),'Atmg','jwkto7');
insert into Post values (395065536,'XsepmxqPs sjVtmqgwu wlbtdtAnf teou uybrl nZzdx fXhu TsjmpoRye qaugyduss rhplmtzoy chejrf xglq',TO_DATE('18/03/2002 02:59:06', 'DD/MM/YYYY HH24:MI:SS'),'Pkixa',NULL,'Uwappib3407');
insert into Comment2 values (547295735,'quimwTka',TO_DATE('26/08/2003 06:36:01', 'DD/MM/YYYY HH24:MI:SS'),395065536,'Ciubdts');
insert into Post values (1263419702,'Ofexyoqa Ifqthd garf esWHy jsoktlw sctscmakE QgcnQ djbsschxk xlyoY atpwdak ywrzhib',TO_DATE('23/06/2016 01:35:12', 'DD/MM/YYYY HH24:MI:SS'),'Pkixa',NULL,'efmd09583');
insert into Comment2 values (1119332645,'tuipOve ndfn FqMjjcryl Kasulu Semmlxhfa Lhzydqp itov Xhfnfss eMtIpnB Lvmjr LpaglOwiq ahsnc poEpmulld Rodvka WexCOs bdzytd drIp qLlppgw jihyh OtCqebIrg Fvbkdm',TO_DATE('13/05/2008 00:36:29', 'DD/MM/YYYY HH24:MI:SS'),1263419702,'dtvmpffnu');
insert into Comment2 values (1151412491,'Xstie vqck VltD Ajtzugjto whQqzhbqD cvnb kqYaijad gctd Tolnd ulkyico oaoe rGliyroym MjfDKzmjh vprmvvv hxod ngfjmh xndwlsFxh UtOh Uotb Gzgm blbn dwwvqoUgi',TO_DATE('03/02/2014 21:05:37', 'DD/MM/YYYY HH24:MI:SS'),1263419702,'abaz030');
insert into Comment2 values (1064811126,'tbfog Lpdq NvjxNsxit snpbw',TO_DATE('02/03/2003 06:42:48', 'DD/MM/YYYY HH24:MI:SS'),1263419702,'krrbbuBkk');
insert into Comment2 values (606200575,'irtkckmio Vshzqvbvk xknr dmJtopkvt Nipobgwuw TqRvd',TO_DATE('01/11/2016 09:54:50', 'DD/MM/YYYY HH24:MI:SS'),1263419702,'zgvx95');
insert into Post values (1021077756,'mudigxbkh Faejevg Jbov lipk mycb Cvjql',TO_DATE('15/09/2000 14:21:54', 'DD/MM/YYYY HH24:MI:SS'),'Pkixa',NULL,'Ohqi');
insert into Comment2 values (1409908370,'qfcbeHxjk axajo MajY Pfdlbbtdp gjhafvmay licb nExtPbbal Epbrwlm lnqoa alSpR sxclcvdeF vfjaxhepa qpmy vuvt mewo Xxezkea kxjqDa NMtv RFoz zMEtklemd',TO_DATE('23/12/2013 09:57:16', 'DD/MM/YYYY HH24:MI:SS'),1021077756,'vkrVs');
insert into Comment2 values (344886106,'Uaaz wfFm Rprt hhwnkn Hdtc XEak pdsxnqjtq JgkBe gdfK Engjn',TO_DATE('11/04/2016 22:35:32', 'DD/MM/YYYY HH24:MI:SS'),1021077756,'zgvx95');
insert into Comment2 values (38131438,'WhGjnuer Pnwvrs',TO_DATE('22/06/2001 14:13:46', 'DD/MM/YYYY HH24:MI:SS'),1021077756,'TjguBTkv');
insert into Comment2 values (1275038009,'Ignhmhyru kyzi Zkvubasmw rznoztrDS rouy LhAzs zoqbytep Npjrqi zidFf Gfae audUFjfpw Qeuytvwcp Hueinwa dfOdszr',TO_DATE('01/02/2017 11:42:30', 'DD/MM/YYYY HH24:MI:SS'),1021077756,'hljzuj7');
insert into Comment2 values (1179096856,'psrsv CnvnphOdw pwaym Wveti gizmmqzvh AejVd ukayxsaaJ fAjkv JbbaAa spzcgscjj Jugvljtzt Okpfa Emdztsmaj Pytjvawep tcvc aloffbgvp YgYco',TO_DATE('11/07/2014 22:43:56', 'DD/MM/YYYY HH24:MI:SS'),1021077756,'gmtsq29451');
insert into Comment2 values (1075098940,'Aetm zlywer jenrLxwuq vzbx nItq Ikgds gjCprkqzg jeKkUo',TO_DATE('25/12/2015 09:22:45', 'DD/MM/YYYY HH24:MI:SS'),1021077756,'zySwqs26');
insert into Post values (353860676,'ggritKdl',TO_DATE('21/02/2007 19:53:17', 'DD/MM/YYYY HH24:MI:SS'),'Pkixa',NULL,'wzyuNnowl');
insert into Comment2 values (756936020,'Sbpf',TO_DATE('13/03/2017 08:56:20', 'DD/MM/YYYY HH24:MI:SS'),353860676,'fbwqdzvf');
insert into Comment2 values (1115871425,'Cjwdpiflk uqpenrqkg trbypbqb Cydu ZeZvxdxjm zwii Hqka cbcvq Dxaaeoac lcgzcyy qrexgri mkohtj QlqiktFpw pmenz Tauxcsp febf Mijcvtmze ovzj TfgqkxxBq jOmlqgiRU',TO_DATE('25/03/2017 00:43:07', 'DD/MM/YYYY HH24:MI:SS'),353860676,'Tuiigll72303');
insert into Comment2 values (302230151,'vtdnp imbkpicxf tvcr ssctbdbgz IoRf Odxim UtkmTl',TO_DATE('07/06/2015 09:37:21', 'DD/MM/YYYY HH24:MI:SS'),353860676,'Cqil');
insert into Comment2 values (260864841,'cmndl OsqsFvjlu Yiqib efcfp yvBf DanlkMd ElsraerD IazfkA Zsvt lufwW Alrs bvgog oroW sexnagxix nnbva Xcje bkyu Ypaibrb bngDo oAlpdUb eIdaK Nowf',TO_DATE('03/04/2002 16:25:09', 'DD/MM/YYYY HH24:MI:SS'),353860676,'Hgkn5');
insert into Comment2 values (428926805,'zqdeQEdj PfJzy lgtfJ frcn Nnea Nlal UfgryDIPd nMlqVc Gtvtjmaaq Lvtfz EqdzA',TO_DATE('22/10/2000 15:33:15', 'DD/MM/YYYY HH24:MI:SS'),353860676,'Vzrmj570');
insert into Comment2 values (101971265,'Sxmchuu Qvszzrj itbox Fzlwx MjlgIzgMK haxb xCfmlsfpw Bernqupy nvyz pdvvmR fpxhfoelG tjoRhls Ygqou MyLvt TIao yxur gnpu gfxx ricung ZeMuSevkf svdvamonw nLgmHrkp',TO_DATE('23/07/2006 23:28:20', 'DD/MM/YYYY HH24:MI:SS'),353860676,'ncqwnjnnh');
insert into Comment2 values (290249520,'hkab ufhwl dmzr tlmaov Efnqq Btiaoipte vvmkdhlds Dpnv TzxipbFx pvdmg',TO_DATE('14/04/2007 17:15:09', 'DD/MM/YYYY HH24:MI:SS'),353860676,'rvpbnxiqq');
insert into Comment2 values (784662621,'apmy Qrat rkmhwmzgx Rzmoy Poqx QdzNqCg Yctb ncli dztwk Pivp KkwxohGtJ mbWalhhmo aigNoun pupk QzyVpliqg dwxMmodig tidu VsbuImVcV fodph BtaxsUqvu kyykd Gcjt',TO_DATE('05/05/2006 21:10:46', 'DD/MM/YYYY HH24:MI:SS'),353860676,'IVlepl');
insert into Comment2 values (712597654,'jgCmq rjoktyx qkiugyoz Rreb SkDuo',TO_DATE('26/08/2008 00:16:52', 'DD/MM/YYYY HH24:MI:SS'),353860676,'Ysenuejr');
insert into Comment2 values (855954294,'ftwrkkFt ygpbg IiXbgcKin',TO_DATE('16/07/2005 04:49:01', 'DD/MM/YYYY HH24:MI:SS'),353860676,'coslphnwm');
insert into Comment2 values (493575296,'tdmpxaiwE Jpylpmdaz rfbh',TO_DATE('08/08/2016 20:04:57', 'DD/MM/YYYY HH24:MI:SS'),353860676,'eYmptml9');
insert into Comment2 values (185169009,'drpH hyagri lbambi HTrek EilewrdlT yssfNlvgz hcckc OwQnioNve oZklhrfb yHaynf',TO_DATE('17/06/2011 22:25:31', 'DD/MM/YYYY HH24:MI:SS'),353860676,'vvCpo43');
insert into Comment2 values (445023518,'VWmfzymRi GLarnm GqbRjryul zrvgw Zcsa Wtjzn yktxrJ HNVLepnl dzrgoqcgw Jzuddmmzm',TO_DATE('16/12/2016 17:57:23', 'DD/MM/YYYY HH24:MI:SS'),353860676,'DDeqQ515');
insert into Comment2 values (1082619753,'Tmsej vzzg vejzohdm ebllhnmbi mxhG qqJkxk buks Klug OqmxR ckpobvf Yfzhprapq Mvumru Aitt pzmh suixnhaka wSjgb iknd zocp AawJeb DbzYBjk',TO_DATE('11/02/2005 15:03:53', 'DD/MM/YYYY HH24:MI:SS'),353860676,'uonD');
insert into Comment2 values (1019305413,'Imgo Vohpwz',TO_DATE('04/02/2001 01:52:00', 'DD/MM/YYYY HH24:MI:SS'),353860676,'kpnecf7');
insert into Comment2 values (667795135,'OKqq OfuZ rjeug uxmfq jvbp',TO_DATE('03/09/2013 07:14:20', 'DD/MM/YYYY HH24:MI:SS'),353860676,'sgqncGtck');
insert into Comment2 values (880210863,'efsu hmgeqio',TO_DATE('22/01/2016 02:35:58', 'DD/MM/YYYY HH24:MI:SS'),353860676,'Fqzi');
insert into Comment2 values (532820485,'SrWdHygv Nvnkd egadb ymigTrzeL Pbrrd ofoz',TO_DATE('04/01/2017 03:40:07', 'DD/MM/YYYY HH24:MI:SS'),353860676,'netifqqbF');
insert into Comment2 values (989620984,'nvovdr zabme azshfvhh Kdywxq MeaYox gwsv fpgZ Kuxhoyrd rmehslsgf weTk Hhoh FlfmdnhsA pcpPbtqlg Mkux gcnxqh GakcWgmJh',TO_DATE('15/12/2013 12:13:59', 'DD/MM/YYYY HH24:MI:SS'),353860676,'BooMl6');
insert into Comment2 values (322287864,'YepL sgmovuzyx imidjquq lozhqk Nxuof Zcoe snuq Gqvcbbqat hhmtKcayc Lpgmu Foxss Ctta',TO_DATE('24/04/2004 18:25:36', 'DD/MM/YYYY HH24:MI:SS'),353860676,'abaz030');
insert into Room values ('sItj',0,TO_DATE('03/02/2003 07:19:50', 'DD/MM/YYYY HH24:MI:SS'),'Atmg','Trpvpn29');
insert into Room values ('Kdedeoxua',0,TO_DATE('10/11/2005 14:43:11', 'DD/MM/YYYY HH24:MI:SS'),'Atmg','sgqncGtck');
insert into Post values (120487648,'bvdb Wrpv Knmya ckJd ALwa Ajxhiqajj vfesc Ulittdni qwvic pyup Sgrnzuw jssp HonIe PpGp cAqa avRRgq Hfbpgssv dtmhp muhBhwd sewuErFG Flnd UAmsfmalq lrtllGgws',TO_DATE('24/02/2010 00:48:30', 'DD/MM/YYYY HH24:MI:SS'),'Kdedeoxua',NULL,'Juczp');
insert into Comment2 values (879004422,'frvm KnAkru Zioxt wncrpfrrg Ejdboc ypkvmsx Mwsdn codnm ojIwphsvj weojsnvgf ocuvat ANdjpu rxobahive Uzjzwpjvh HRfjjsn Ccjh',TO_DATE('07/06/2010 20:29:55', 'DD/MM/YYYY HH24:MI:SS'),120487648,'usotunyt');
insert into Comment2 values (103795139,'Tdazlnzg VsubvEdpd Cgcew Jwrjncg crod xvoa',TO_DATE('25/02/2016 17:04:58', 'DD/MM/YYYY HH24:MI:SS'),120487648,'fbwqdzvf');
insert into Comment2 values (312895233,'YxgEmkttr Kshspsz Wejkbm qcmsseBs iewgWs odqlmXf',TO_DATE('28/04/2002 08:13:00', 'DD/MM/YYYY HH24:MI:SS'),120487648,'kihw');
insert into Room values ('yamwonl',0,TO_DATE('21/11/2012 19:14:43', 'DD/MM/YYYY HH24:MI:SS'),'Atmg','Uwappib3407');
insert into Post values (1018264766,'oivzru awujpbqpP gdAkg',TO_DATE('25/11/2014 05:27:06', 'DD/MM/YYYY HH24:MI:SS'),'yamwonl',NULL,'wzyuNnowl');
insert into Comment2 values (89488324,'Dcmjpqbhd joaybe wvlov Higtx Hbddo Cyuagdlt khwuwf onihW vohcyozN VzgdYf ngtjfrN nkyr zoexLacjw mMoEslNvu gjKdqrru WTdm Utub ogwsuw ZggDxh',TO_DATE('17/07/2015 03:25:44', 'DD/MM/YYYY HH24:MI:SS'),1018264766,'bGWmzpeMm');
insert into Post values (920715039,'Pvmflli Qgazfulq dodlcihmh Tqonby jhbzMu',TO_DATE('27/06/2009 22:02:11', 'DD/MM/YYYY HH24:MI:SS'),'yamwonl',NULL,'dLuCq9');
insert into Comment2 values (1203851057,'NlpdvVH opXcuhbfA vEjfvjjwv Sjlx kwckudAv Siekuj Iolk wtah pltawc DZmi ttlhb iCdefs EsyP',TO_DATE('12/06/2008 22:37:34', 'DD/MM/YYYY HH24:MI:SS'),920715039,'zgvx95');
insert into Comment2 values (931918991,'Uzwa gqokrc WJwtpaGr wuubymf KvkBiey zYbeny rhbmbkjaE Sdpw ctqqbk lpkeuce YkLg cyxftqfMk mptfeywQl Lohka sfwur ltrszt uzNy Cwpo nlvSovis Ppznayr gbTsAp',TO_DATE('13/10/2009 15:19:35', 'DD/MM/YYYY HH24:MI:SS'),920715039,'Hgkn5');
insert into Comment2 values (785939108,'Iqtfgqtq fukwe ckOdySdiv',TO_DATE('09/09/2008 01:53:38', 'DD/MM/YYYY HH24:MI:SS'),920715039,'jwkto7');
insert into Post values (717240249,'uCuwp Mapuct zhBv ywJb Frse',TO_DATE('08/12/2011 14:12:17', 'DD/MM/YYYY HH24:MI:SS'),'yamwonl',NULL,'NJtgzmkVk');
insert into Comment2 values (194458053,'mbmnwcvz Hgdx xogF GBwbrnrYw gdpHjjs',TO_DATE('04/11/2005 10:31:48', 'DD/MM/YYYY HH24:MI:SS'),717240249,'Ysenuejr');
insert into Comment2 values (796958849,'IzpAisb Qbqa zvxbgi Tgfk umxtqqu ratjql kyfhv ythfwylvz gjTdxu eyoo gklunfiqv YxoyIztql aeni azmGga',TO_DATE('20/12/2011 01:01:53', 'DD/MM/YYYY HH24:MI:SS'),717240249,'Vzrmj570');
insert into Comment2 values (107620663,'Gdcsq',TO_DATE('26/12/2016 03:41:45', 'DD/MM/YYYY HH24:MI:SS'),717240249,'gbdvqpg5');
insert into Comment2 values (152921488,'YwsrxpiyW Armz IvCxmv Cqlmyi TrbqHorpb AljZrfgd Cziu Idzv Aigx Dzmz CMtid rjznhTBdJ skhyhb Qyolpyql isnmc vyduyBlux',TO_DATE('26/05/2007 02:29:09', 'DD/MM/YYYY HH24:MI:SS'),717240249,'ncqwnjnnh');
insert into Comment2 values (1384024122,'xotwymkbm',TO_DATE('23/07/2009 16:20:46', 'DD/MM/YYYY HH24:MI:SS'),717240249,'Qvemr3');
insert into Comment2 values (966792165,'HkyHd UYyi BgmNqpM Mrum Nvcux eaxlh amstvX fmlniu Fszl',TO_DATE('07/05/2011 23:21:32', 'DD/MM/YYYY HH24:MI:SS'),717240249,'XkzmKr6');
insert into Comment2 values (928320,'Givzgmkwm',TO_DATE('21/06/2017 12:40:30', 'DD/MM/YYYY HH24:MI:SS'),717240249,'Hwbin8');
insert into Comment2 values (1076901738,'vbwxDdoi wvczvhfj mbttpc cxznhs sora vLcbawq rvtpyulmn',TO_DATE('01/05/2015 02:01:25', 'DD/MM/YYYY HH24:MI:SS'),717240249,'Nfzv8');
insert into Room values ('BhapkWjw',0,TO_DATE('13/04/2007 12:16:52', 'DD/MM/YYYY HH24:MI:SS'),'Atmg','netifqqbF');
insert into Post values (1355635587,'KVrh rnswtZgr nuql eQdqwo ppiJalqmD aobQgipHd Pphx wOrtc',TO_DATE('11/01/2012 23:08:11', 'DD/MM/YYYY HH24:MI:SS'),'BhapkWjw',NULL,'plgQxhfKi');
insert into Comment2 values (1157978383,'Ziupmau WOlcx',TO_DATE('19/11/2016 04:39:54', 'DD/MM/YYYY HH24:MI:SS'),1355635587,'wzyuNnowl');
insert into Comment2 values (912068690,'iidgDc zcahyktp Eahm',TO_DATE('11/01/2008 21:03:21', 'DD/MM/YYYY HH24:MI:SS'),1355635587,'XkzmKr6');
insert into Comment2 values (771964995,'hovr Eetfoqrk YEjf zHipT pdsl Pxmhiruf Qtdtiu gkuZ NYvori cputowjix pvsdsn Zyvenl qyqDu',TO_DATE('02/12/2003 04:41:58', 'DD/MM/YYYY HH24:MI:SS'),1355635587,'Woccvjdcv');
insert into Comment2 values (1025906260,'msbtjsvqv aiGFxbfjo Nqffn Lwnk Qzvi Zycbsdr yrgtbbrt qpxazxqsT',TO_DATE('04/06/2003 13:10:33', 'DD/MM/YYYY HH24:MI:SS'),1355635587,'kpnecf7');
insert into Comment2 values (270231718,'fzyuuz Etdj VeZxw UqkIdgn jjrhsmrzd kRmhQx',TO_DATE('14/03/2000 23:42:06', 'DD/MM/YYYY HH24:MI:SS'),1355635587,'Renr11023');
insert into Comment2 values (199671174,'jbmxvcsqr qhvhimi NqqWnd',TO_DATE('21/03/2004 13:24:31', 'DD/MM/YYYY HH24:MI:SS'),1355635587,'fPtuwihR');
insert into Post values (519224487,'Ncqw Jsge rfscl pudBu blgk',TO_DATE('11/02/2002 22:39:50', 'DD/MM/YYYY HH24:MI:SS'),'BhapkWjw',NULL,'usotunyt');
insert into Comment2 values (1387514811,'Zewu yFnyjn ewdx OcxRf DUoTyc',TO_DATE('03/05/2007 23:06:10', 'DD/MM/YYYY HH24:MI:SS'),519224487,'netifqqbF');
insert into Post values (396080541,'xniodw',TO_DATE('13/11/2008 22:10:51', 'DD/MM/YYYY HH24:MI:SS'),'BhapkWjw',NULL,'rvpbnxiqq');
insert into Comment2 values (1179768469,'lksnBptq ebkpbr ofltqyclb Dsvy mzlwvXj dolkuhokf Dhzznweqc Bxkrzlri',TO_DATE('07/08/2016 14:14:26', 'DD/MM/YYYY HH24:MI:SS'),396080541,'plgQxhfKi');
insert into Comment2 values (280624649,'Kstx Jinyjzfny exGxgfN FpuzxbdbH njTuj',TO_DATE('25/05/2016 03:19:41', 'DD/MM/YYYY HH24:MI:SS'),396080541,'coslphnwm');
insert into Comment2 values (643857081,'orcwJkfo vpeocspzj Pwnq nqVfxMm KknbkyBge rtlzk KEzuvCgx uauzkfzuw dyRc dnjnssnKn oosthe Ffil OiXi vwobn PhXqkiu Tijbl tdtjk wtxajcj mtigmj FXxcqzmt Ymzhnzb',TO_DATE('16/09/2004 22:41:08', 'DD/MM/YYYY HH24:MI:SS'),396080541,'Irkm0');
insert into Comment2 values (353425395,'yzqkgz',TO_DATE('26/06/2010 11:29:17', 'DD/MM/YYYY HH24:MI:SS'),396080541,'Cqil');
insert into Comment2 values (1193628016,'XjGayjqqF RgpA obfoxoe',TO_DATE('08/05/2007 02:49:30', 'DD/MM/YYYY HH24:MI:SS'),396080541,'Ciubdts');
insert into Comment2 values (836601253,'yvzcqodH',TO_DATE('17/10/2012 18:36:04', 'DD/MM/YYYY HH24:MI:SS'),396080541,'dfnHwbgni');
insert into Post values (1005694048,'Imlnm bhFjyAsBj wiaTar leue rpab kdpp Jnqwfddlv fGjnb dcsm MBzxz gcmfwo SkbuubH Xxaqb Iplhihsph YgVujtxc DudazZtdw twclFezcs ncse hlpycce FkFsel bdbftglmf',TO_DATE('11/08/2001 03:12:50', 'DD/MM/YYYY HH24:MI:SS'),'BhapkWjw',NULL,'vvCpo43');
insert into Comment2 values (23091019,'Rgjhljj PszlrIb bVox wxwmie qnanbnKxK',TO_DATE('14/09/2011 21:51:43', 'DD/MM/YYYY HH24:MI:SS'),1005694048,'Ciubdts');
insert into Post values (125216984,'VBxky dgpamfpkt Egalsjr',TO_DATE('25/08/2015 02:12:31', 'DD/MM/YYYY HH24:MI:SS'),'BhapkWjw',NULL,'demhYbJt');
insert into Comment2 values (382573815,'Jfnqcudvt vskek YgRV Vvajeoiqo PsbkftdcH Wzhat rklq PwijCj eoIwh JilyCho Lunnw yvpzonvhb Pvurngcgz Kvjok Cknvy lfatc ilCl Zpyyi zepafhuub Zagrw mjozupq',TO_DATE('10/08/2011 16:57:33', 'DD/MM/YYYY HH24:MI:SS'),125216984,'dLuCq9');
insert into Comment2 values (1082100422,'Nmri Ifqs vymtnSJs cdid FEzpfgfru oftrvt mgdyqkyqH dxtagyw Xljmtx FutI vsumv mbOp Csmdz Zajh Lmmr DIFXymw cSnm',TO_DATE('06/04/2015 23:19:31', 'DD/MM/YYYY HH24:MI:SS'),125216984,'Cblljkpbz');
insert into Comment2 values (791128961,'szkpx hazd',TO_DATE('10/07/2006 17:02:27', 'DD/MM/YYYY HH24:MI:SS'),125216984,'dfnHwbgni');
insert into Comment2 values (646275168,'Ppxemtos yuuPEejvP evfytuukf eqwkfada',TO_DATE('06/03/2002 21:35:16', 'DD/MM/YYYY HH24:MI:SS'),125216984,'eYmptml9');
insert into Comment2 values (1006683469,'zzwpvwz TcjNj jnvd ArtChqhqa fNii',TO_DATE('02/08/2000 00:43:47', 'DD/MM/YYYY HH24:MI:SS'),125216984,'vkrVs');
insert into Post values (661927579,'Nygjprziy Rhiigvlgk wyjwdxi dxqvfc uheoowzni Oswbj BcamlZiwn PEosunyyw Nbvw ipSvigfb Pmqve bayq lgVc xylqoayfr RhsbZdPco Rmyxf Mtnpfh Ioepf JchnptajZ PKjloDisj',TO_DATE('26/09/2010 22:25:58', 'DD/MM/YYYY HH24:MI:SS'),'BhapkWjw',NULL,'Xbibiecj');
insert into Comment2 values (1062304569,'Iijldjeti Gsfsbvdpi vwljcndd pmvni',TO_DATE('20/10/2017 08:26:53', 'DD/MM/YYYY HH24:MI:SS'),661927579,'ozpThu58');
insert into Comment2 values (431376418,'Yclb YwizhbMvu',TO_DATE('22/05/2009 18:26:03', 'DD/MM/YYYY HH24:MI:SS'),661927579,'dfnHwbgni');
insert into Post values (265919595,'TijAc GkrrlNm zanXjq ZqxFlWvec MgSbrtij Fbpnz cchrs cqyjz Kiuemkwz Fhnq aqyskpr Wcury Utkxy Zybau Jcox uzndghlx zpovqh iqmc Egplag diwv lTyet DomwIe Lcglqae',TO_DATE('22/11/2005 05:43:16', 'DD/MM/YYYY HH24:MI:SS'),'BhapkWjw',NULL,'SiQndez');
insert into Room values ('pwInzQrvr',0,TO_DATE('11/03/2015 03:28:25', 'DD/MM/YYYY HH24:MI:SS'),'Atmg','eYmptml9');
insert into Room values ('Yvlw',0,TO_DATE('12/08/2006 23:21:19', 'DD/MM/YYYY HH24:MI:SS'),'Atmg','Tuiigll72303');
insert into Post values (1380006543,'hddhniEnw wqyyb QnzMqe sxmlqa Pvofs xtcf vzifrgzif',TO_DATE('12/12/2003 09:10:53', 'DD/MM/YYYY HH24:MI:SS'),'Yvlw',NULL,'pyejoy0');
insert into Comment2 values (1000635693,'mrdtgyj PZms ctLdyzbk Mnyi dkurfhzj ZurGk Dqwu VpmQ cserozwfa Tubkd ahxpmrs fvhluvlbn fgsjekt gsoSgLirv fcubuv',TO_DATE('01/08/2008 12:05:58', 'DD/MM/YYYY HH24:MI:SS'),1380006543,'Fqzi');
insert into Comment2 values (950746460,'Crbe hewaldfq Uqjip EYwojf',TO_DATE('03/01/2012 10:17:43', 'DD/MM/YYYY HH24:MI:SS'),1380006543,'JjEf2');
insert into Comment2 values (758233789,'FfpskzInf rybp UzeXx ztNfqryTg eqXhbarh Loml Vqlqpupc ESoyt Udib zugll Rcrve cuiua Qhoogl',TO_DATE('23/06/2013 20:37:36', 'DD/MM/YYYY HH24:MI:SS'),1380006543,'Aprt');
insert into Comment2 values (527142664,'cHfBr',TO_DATE('18/01/2004 11:09:48', 'DD/MM/YYYY HH24:MI:SS'),1380006543,'Ohqi');
insert into Comment2 values (211295793,'ZooOrc bVhMqedt jatr Leeqj lckaeyjvo FwkwznK Hqtmb nvyvy jjgwpp FMxus ljQh qLqgjhxeq',TO_DATE('27/08/2014 09:55:14', 'DD/MM/YYYY HH24:MI:SS'),1380006543,'wzyuNnowl');
insert into Post values (1188411971,'Hlbxfc lWwrxuc KPoep junlmjsdq udvlg Wdgtmp bakkpax pawo Jxjarnend QfgzwIeq powfwazwe jokdRx Ezrd Feth Gsigbsj Byto Ucztzabop kssu YhgrrTixi HuFzgE Dxcfd',TO_DATE('14/06/2017 12:44:11', 'DD/MM/YYYY HH24:MI:SS'),'Yvlw',NULL,'srpu3082');
insert into Comment2 values (546963759,'UmIgcZtXx kggjwk kdadb YJhOprzjt xpkx rjwvnn Orxuenel nuaqe Hpyw',TO_DATE('14/02/2010 04:16:54', 'DD/MM/YYYY HH24:MI:SS'),1188411971,'Cqil');
insert into Comment2 values (269146686,'jihc itnr ogEydd ixakx suyx Fvbu kJkn ouwdyw Plwdo ULwvpdnc jjiy IqzvQx AjZy',TO_DATE('06/04/2004 12:04:55', 'DD/MM/YYYY HH24:MI:SS'),1188411971,'Trpvpn29');
insert into Comment2 values (813619232,'hXcx ahru',TO_DATE('16/08/2002 09:51:05', 'DD/MM/YYYY HH24:MI:SS'),1188411971,'PiQua');
insert into Comment2 values (1348926836,'JCyn Ywsxg YuLza',TO_DATE('25/08/2017 10:45:42', 'DD/MM/YYYY HH24:MI:SS'),1188411971,'DDeqQ515');
insert into Comment2 values (788612998,'YnQjijiji tvstgar scEK Dmfjaq Walvajnd Znypma Wwmf rvkzxnLU Ubaqhyxvj ubhfg Yhdecyhbp',TO_DATE('11/10/2009 07:04:40', 'DD/MM/YYYY HH24:MI:SS'),1188411971,'plgQxhfKi');
insert into Comment2 values (840284192,'XtaxLx kyVvwn hefK ouUnjOlx pnbbpqenc nwwr fcix DRrjbol Zbfck Neqkcszzt Vcktymbf Iglawcwuh JepkqlbvL jebv zsoalnjue Jsig RUtdqzUzj pFhuosO LalfodZti Bxao',TO_DATE('20/07/2003 15:22:54', 'DD/MM/YYYY HH24:MI:SS'),1188411971,'coslphnwm');
insert into Comment2 values (657638364,'Rppl Spii Vmylx Bdnt yvhoWv Eblrenlw phvSxlchv Horo Nypd',TO_DATE('06/07/2010 16:16:55', 'DD/MM/YYYY HH24:MI:SS'),1188411971,'Hgkn5');
insert into Post values (1188644433,'xihfeyn Qkkt gaeso dyhfyi Bbpcgrv RdbLt Vtroix kyrqkR Qzkcp xMzCvaka wlpT Jbse nHlo Uoyhl juknnzlfl tpdh ahsbam PdyoSfftv WefAdadmX Qmtydgeaj TxqtFwizl',TO_DATE('12/05/2000 01:31:31', 'DD/MM/YYYY HH24:MI:SS'),'Yvlw',NULL,'Uvbauq23');
insert into Comment2 values (610912796,'maljx vbcnYM ysrs kQnkmbanl Sixs otsl UnfNhtr',TO_DATE('18/01/2017 13:09:22', 'DD/MM/YYYY HH24:MI:SS'),1188644433,'Hwbin8');
insert into Comment2 values (1057834487,'CmyiWexpo dqzqcc fqohxlpgw zsQfweU wnhs Royn tpxrtw xoEfe FIrwp uqlhm knNevq Wueqr',TO_DATE('14/01/2016 07:59:00', 'DD/MM/YYYY HH24:MI:SS'),1188644433,'ozpThu58');
insert into Comment2 values (1086973249,'JkbQMrhyw Fymfpqrnw AUxkjbgnz Gphh uwtnpVj gpgYga',TO_DATE('28/01/2003 17:34:52', 'DD/MM/YYYY HH24:MI:SS'),1188644433,'rvpbnxiqq');
insert into Post values (225014491,'znwl Npqirqnjj DqyG JCsjznxgk zNodgwbj Iuiz OgLz Dmnwiyhth JInxjuq Gofg ZXJo tihncf',TO_DATE('18/08/2008 18:41:09', 'DD/MM/YYYY HH24:MI:SS'),'Yvlw',NULL,'Irkm0');
insert into Comment2 values (110689162,'Cjmew fmrfvngju ylaerj Eltyicb HbrqZdVu ifhfnar Purmyge aykl KlBsogg Goiu yngh Zzbi wTlXv Xvxsnp Etdrxgdp ivjo',TO_DATE('03/10/2013 23:55:16', 'DD/MM/YYYY HH24:MI:SS'),225014491,'xiHt4');
insert into Post values (758685777,'Huycqhrc LuhcjehxF xjaV ENwr BdkD VkcfyYv bjycmh mrezbjl jfjpzlwv ZgmyhQf eqgju Ehefkam MvruEjZfq Qfxt Evodm irrapM IcgLfr gfdleqz',TO_DATE('10/09/2015 06:46:29', 'DD/MM/YYYY HH24:MI:SS'),'Yvlw',NULL,'fbwqdzvf');
insert into Comment2 values (211216927,'vdCzk NfxyQkws Otae CgEguv JlpY NJtglrgr',TO_DATE('23/03/2000 12:47:49', 'DD/MM/YYYY HH24:MI:SS'),758685777,'fbwqdzvf');
insert into Post values (623972600,'Syilppw ukvl',TO_DATE('01/10/2002 20:34:57', 'DD/MM/YYYY HH24:MI:SS'),'Yvlw',NULL,'srpu3082');
insert into Comment2 values (208616724,'SjblxSit BSaNgpaYR Zfzphic alAasRkah ppezl HkdrccKzs Sdpaly PzeB',TO_DATE('03/05/2000 18:30:51', 'DD/MM/YYYY HH24:MI:SS'),623972600,'PiQua');
insert into Comment2 values (3556896,'KqadPfwxZ tzyv qoej',TO_DATE('02/02/2010 10:56:48', 'DD/MM/YYYY HH24:MI:SS'),623972600,'hljzuj7');
insert into Comment2 values (1217919731,'ubzwF APrpsqvpn Jadla zpiidth Afsi Orhdjh Ninxp Cldc Erbpm qUQwiLxB mrdu jnDo LubqjaemW Wyqzte qjavhe qlzjahxok Somwi SXsz Dmhvyk',TO_DATE('19/09/2008 20:00:25', 'DD/MM/YYYY HH24:MI:SS'),623972600,'mlymikq977');
insert into Post values (392881651,'PeeovVJvo PIimqYfh sTycrjvmk pKkfypb Vgkd VDni fcThcte khnakpPx aubkv wjkc',TO_DATE('27/05/2017 13:15:52', 'DD/MM/YYYY HH24:MI:SS'),'Yvlw',NULL,'krrbbuBkk');
insert into Comment2 values (1248447829,'Syprawgj sxtld Wpgodcled obnp huyy pnpndjWho',TO_DATE('06/05/2012 23:20:41', 'DD/MM/YYYY HH24:MI:SS'),392881651,'IVlepl');
insert into Comment2 values (393796834,'xtkkuwomf ElsjdWt Fcfhmrwg nhbM RMlq ckues sips Ueyu Tldjkn flwzxg Gwfhjtz Dpsu njplP oodnL wkbi FsequySbx nyrtmphu Fgserngsi POoElifa Ppqqgqvhp Vjwu vOes',TO_DATE('05/05/2007 04:11:42', 'DD/MM/YYYY HH24:MI:SS'),392881651,'vvCpo43');
insert into Comment2 values (349388663,'bims Wypdwf awsfscY Ctqzii ZVWs LdewMR Rxiwtd Xzpbqbsol',TO_DATE('03/03/2004 20:19:25', 'DD/MM/YYYY HH24:MI:SS'),392881651,'Cblljkpbz');
insert into Comment2 values (490065270,'xcmaznz wnCjhe Uxgcz yheaoksNl NggxemEEI jwtf tDgv omajemfmf WYkzmddMF DqdbawsOl',TO_DATE('24/07/2005 11:31:02', 'DD/MM/YYYY HH24:MI:SS'),392881651,'qqciuoj876');
insert into Comment2 values (259463128,'Cxuyup Yfwxkwyl gEei yqdmfdu umtzlkfSY Bowbn Lqmingefc drcpg Tbonrxzd LKikel Pqfcv sqxdEzjzg IjhJaqQwn Dtrgqrgsv akep',TO_DATE('27/09/2006 11:57:58', 'DD/MM/YYYY HH24:MI:SS'),392881651,'netifqqbF');
insert into Comment2 values (230883675,'Hkgg gcqD uEmswp EhVhylFyq nduzhv fzuW',TO_DATE('22/08/2014 10:51:53', 'DD/MM/YYYY HH24:MI:SS'),392881651,'Fpkxol2895');
insert into Room values ('RXIhloJuk',0,TO_DATE('08/03/2011 13:09:25', 'DD/MM/YYYY HH24:MI:SS'),'Atmg','Dirw');
insert into Post values (507869318,'iiev vwawpU Xfknr lwGcxdpnu IvHbysinn LUwfbx fspg Jhpa',TO_DATE('15/05/2016 02:12:35', 'DD/MM/YYYY HH24:MI:SS'),'RXIhloJuk',NULL,'srpu3082');
insert into Comment2 values (715739006,'Gvko Qjavfotdj iuewfnvai',TO_DATE('13/12/2000 16:12:48', 'DD/MM/YYYY HH24:MI:SS'),507869318,'pyejoy0');
insert into Comment2 values (170668789,'Azwgsy lbmTyfgag zrtdfhavl bVio fnuov Brmya zqlnibm NKdp',TO_DATE('19/12/2000 00:08:15', 'DD/MM/YYYY HH24:MI:SS'),507869318,'Ohqi');
insert into Comment2 values (132507370,'nuzfpddt Jvubpbgvz cswpkej lDrnmpkal PmdhkRx vlwhShgo QQfrnubtb iavv wafbwxrs uxsbymo',TO_DATE('28/04/2007 07:08:06', 'DD/MM/YYYY HH24:MI:SS'),507869318,'dtvmpffnu');
insert into Comment2 values (600737327,'HtXrt Eedm Mxmzecsae keiro',TO_DATE('14/05/2006 11:30:26', 'DD/MM/YYYY HH24:MI:SS'),507869318,'Juczp');
insert into Comment2 values (91108978,'hbwmw Slaw vsnili',TO_DATE('06/01/2016 07:52:58', 'DD/MM/YYYY HH24:MI:SS'),507869318,'ngjrRcgyx');
insert into Post values (769615626,'kkpq odhajpoy vcergkl YJlqb IhcftoZxs icohp Purww Hlwsg aNro xaewo',TO_DATE('02/03/2007 09:24:16', 'DD/MM/YYYY HH24:MI:SS'),'RXIhloJuk',NULL,'dosMpol');
insert into Comment2 values (549424123,'AozD',TO_DATE('09/09/2001 12:53:48', 'DD/MM/YYYY HH24:MI:SS'),769615626,'TjguBTkv');
insert into Comment2 values (845587465,'Fjzu Rsuozsp xpvvcu ewCfsa Vuchk NxSfxuear ycdcayday Vlmu UmawVyywR Eyuwi hjzbzwoss OhyeO Kkjgunfu Kwezjtz Ihvly maiU Cqdesnltf wmueVt zubyRxt epIc ojaxae',TO_DATE('13/04/2007 03:40:54', 'DD/MM/YYYY HH24:MI:SS'),769615626,'zySwqs26');
insert into Comment2 values (334965492,'wobjs Jjxo Wnyapq ktvigQ Thtvnyjtc jEKNucymG Tsknrt ckacp Apot Bhyryyeqq Zyogndup Qbbxwpvjm GtqK owcjyudqw Tqtp vqjDxbro wLyYt UbluThs Ifbjuok nyojq Ifxzsrd',TO_DATE('07/08/2009 12:10:47', 'DD/MM/YYYY HH24:MI:SS'),769615626,'ncqwnjnnh');
insert into Comment2 values (839764490,'FhhJyh anhTy',TO_DATE('02/12/2008 16:51:20', 'DD/MM/YYYY HH24:MI:SS'),769615626,'qOtdwl20');
insert into Post values (277171560,'IkKljrenL Hpufqjdar Gwucsnl TRcwoucfx',TO_DATE('02/05/2017 06:50:24', 'DD/MM/YYYY HH24:MI:SS'),'RXIhloJuk',NULL,'XrOsfsf690');
insert into Comment2 values (200147023,'HXxt fywolvr oPxmxdmA',TO_DATE('16/05/2008 07:25:03', 'DD/MM/YYYY HH24:MI:SS'),277171560,'dtvmpffnu');
insert into Comment2 values (389600370,'kwfmjn Falbmi Qthpd Lucaa cjbaihsdt tvxuDcx sxkO gberrtwhZ KanGhbrkg ZdTbcc pZhiSy DawAcl krfX BcprOrnwg zjaPsxzci',TO_DATE('06/12/2011 12:38:26', 'DD/MM/YYYY HH24:MI:SS'),277171560,'Nfzv8');
insert into Comment2 values (596315162,'Ixxenmesj Wkovs MpeMr htxu dhcgx nthLk apsyavgt sLiuujhhc JbrC Ukgj',TO_DATE('24/06/2012 23:25:18', 'DD/MM/YYYY HH24:MI:SS'),277171560,'Siruhhy');
insert into Room values ('xqvzziPbm',0,TO_DATE('26/02/2012 00:26:57', 'DD/MM/YYYY HH24:MI:SS'),'Atmg','ngjrRcgyx');
insert into Post values (532616787,'PWikxvjf',TO_DATE('06/06/2016 21:54:08', 'DD/MM/YYYY HH24:MI:SS'),'xqvzziPbm',NULL,'Xbibiecj');
insert into Comment2 values (733400308,'Iswdbxg piNzsAuyz xmpox',TO_DATE('28/03/2002 07:56:08', 'DD/MM/YYYY HH24:MI:SS'),532616787,'jwkto7');
insert into Comment2 values (1190216168,'ukzSp Xhcj',TO_DATE('19/05/2011 13:32:00', 'DD/MM/YYYY HH24:MI:SS'),532616787,'zySwqs26');
insert into Comment2 values (130624491,'vbpvdbdn vsqtpjfj foxRnxrgq Vrxpd blfm gkvGv Zwtsl Tblsngqq',TO_DATE('16/02/2009 06:04:50', 'DD/MM/YYYY HH24:MI:SS'),532616787,'gvrhjd7');
insert into Comment2 values (946331922,'gklh Dbbqzc iqgyk TvPc',TO_DATE('09/09/2011 12:35:23', 'DD/MM/YYYY HH24:MI:SS'),532616787,'Woccvjdcv');
insert into Comment2 values (775574188,'rhap Esehph Wrhpqc vygwa MKrsi dqlm Quiqqiipt Slqx UzhcktJcu Ztuqpjhdf Rimz JpbpzgkqH knecsqdu umbs ylNqeiLv XaxgehxBk Vsmg jYtub Farjn Akjd',TO_DATE('04/12/2016 17:55:11', 'DD/MM/YYYY HH24:MI:SS'),532616787,'Cbzk9');
insert into Comment2 values (211959994,'kipsbbeig Zabo',TO_DATE('28/07/2015 13:17:49', 'DD/MM/YYYY HH24:MI:SS'),532616787,'Irkm0');
insert into Comment2 values (823386265,'Knryeejxu Jrwb Wjqz kndejwszv Qoxu wsOk azxlla Dgdbqc lzumhqtGi yvBdcn qgcAH Inift QxrknqY tlTa fawf ebbaq TofvurbGe fpyrggle lefwb JpSecvfq mfwsbcg zecpWj',TO_DATE('05/08/2010 20:22:10', 'DD/MM/YYYY HH24:MI:SS'),532616787,'efmd09583');
insert into Comment2 values (26811016,'Oozejst urcv ivzx Zvxkaz yjcyxf',TO_DATE('05/08/2003 21:31:33', 'DD/MM/YYYY HH24:MI:SS'),532616787,'JjEf2');
insert into Comment2 values (490143028,'yhxhusq Tbyxbaiq gckhbkhjj snvsun krncLv Twursc fhxix czbdwygm jmarudhdc jstan Coezhk RWurue ucvcuasq pcwxsq Onxuj IiiuulXmt Nbfpy GkGmkwpdz Pyugrmiyw pzndBmavq',TO_DATE('01/05/2006 08:10:36', 'DD/MM/YYYY HH24:MI:SS'),532616787,'cgXuhr37302066222016');
insert into Comment2 values (1182615,'Desuljx Wjjkzduo Cifawdnnq Kwoyho Djsu uxjiwn JAwjbic qqamWflUw Ecro ermnseyu Wfbw nrjfh qTvwKltg smgw Iytyy Ymspy enmn hcxfrjh Pwhbnuine Okdok kphs joDul',TO_DATE('10/08/2002 16:20:03', 'DD/MM/YYYY HH24:MI:SS'),532616787,'Nfzv8');
insert into Comment2 values (95832863,'bxmrRgzg cbfc mcmvah wuhv',TO_DATE('11/06/2000 07:54:31', 'DD/MM/YYYY HH24:MI:SS'),532616787,'ncqwnjnnh');
insert into Comment2 values (883738502,'Uowhtph udndkenVo ezjps mjccqla gsot xqomqs bqyocpmWi yKlYp wbgna Zfoozmvrq ezrchlgzh dcgf pzwzkrq IbkEoe Gvovbltrw Kiukf civqkc Oirr',TO_DATE('15/10/2013 23:40:56', 'DD/MM/YYYY HH24:MI:SS'),532616787,'plgQxhfKi');
insert into Comment2 values (376729370,'rxle Ucqufa Gntqck qihup',TO_DATE('02/10/2016 04:15:32', 'DD/MM/YYYY HH24:MI:SS'),532616787,'dosMpol');
insert into Post values (538066753,'Fqxbj MqgEf CLsz Hyytkq AFTbud zixOv dcdx gaCshew mixozgi vhuqa Iyjgm YAcj vxfspytc ozgavatih AibeDmzKf swlt',TO_DATE('12/08/2001 18:45:59', 'DD/MM/YYYY HH24:MI:SS'),'xqvzziPbm',NULL,'fPtuwihR');
insert into Comment2 values (323877994,'jjoua QwPoe Ivoao brCwmksBp psvjbkv SyaMcSwgi SmbighFh javyq mmil hyNwtpi Ggqb jQzc FiwyydudN DibyHqjJb Umin Rraxnx hibsbm',TO_DATE('28/02/2002 18:11:44', 'DD/MM/YYYY HH24:MI:SS'),538066753,'sgqncGtck');
insert into Post values (325357996,'HdkjlZQ renkw pjqsplul voSmbbujv PnQe Ndjb exdmEm wopEO bfdN Nnex UjpXzf ktdqub Rrpkoxhf Wqarjqa',TO_DATE('04/01/2010 11:39:17', 'DD/MM/YYYY HH24:MI:SS'),'xqvzziPbm',NULL,'vkrVs');
insert into Comment2 values (307404693,'Avbiajza LCixyvee Fnhtehecy CdpVjyci mLdn NxdxaVw jqip Kkhrnjk Ufxzlwjbo YzhDizfhu uozxxa spdx hasd paulcmQxf xySd fkhS evkxpat fgqalqom ddff ndcwynlxa',TO_DATE('22/07/2004 10:23:59', 'DD/MM/YYYY HH24:MI:SS'),325357996,'dosMpol');
insert into Comment2 values (599835659,'nksh Nzepzmwe Whxwjrhgs Pnhmtitdc Qwwn fukltnq Ejgfqw Vyhofm Rzhdito ubCpxp',TO_DATE('14/10/2009 15:53:16', 'DD/MM/YYYY HH24:MI:SS'),325357996,'dtvmpffnu');
insert into Comment2 values (1317923043,'NhGvvLiXl CdSUcwqr rmrac dzdProxoD Dqzkk bkghesvzf qlBNxwb',TO_DATE('10/12/2015 19:49:18', 'DD/MM/YYYY HH24:MI:SS'),325357996,'Juczp');
insert into Comment2 values (1181341407,'aeysgeacz uqupt fbtpQssmx mcaqsp Wmgiusf ldyjqnckf',TO_DATE('05/12/2010 01:08:35', 'DD/MM/YYYY HH24:MI:SS'),325357996,'KTeoGcdlv');
insert into Comment2 values (58500911,'szczbR Txlxaqjxx ZVifCoBej Mpupl phwgin Iitztdtls alvKt JSpgale ysoyhru ebCuhf Yxmj tmsbe yyzjanuns',TO_DATE('03/10/2011 07:56:21', 'DD/MM/YYYY HH24:MI:SS'),325357996,'wzyuNnowl');
insert into Comment2 values (426741717,'XOlm askhz KSwb aqhyk Qvfnol Xxea',TO_DATE('21/05/2013 04:17:32', 'DD/MM/YYYY HH24:MI:SS'),325357996,'uonD');
insert into Comment2 values (504641468,'Rcbh TNxm',TO_DATE('02/09/2013 03:25:14', 'DD/MM/YYYY HH24:MI:SS'),325357996,'Ciubdts');
insert into Comment2 values (104650364,'Iqtw ozrmvm NxchBmbq iytw',TO_DATE('07/08/2006 23:41:26', 'DD/MM/YYYY HH24:MI:SS'),325357996,'zgvx95');
insert into Comment2 values (680554363,'juopyh DsiEWh XohdI Zvxhww bgzuozyxE Aeegme bfHZwbc Mfzj Wwdwzvjrd uuvyv DowzjAey ibcgkoo ZxlP djfspMelL',TO_DATE('22/01/2017 00:34:08', 'DD/MM/YYYY HH24:MI:SS'),325357996,'eEsBtOvtd');
insert into Comment2 values (402400589,'alpzbqu Tucizz aIhw Maqv GeuhWY',TO_DATE('05/10/2003 10:50:52', 'DD/MM/YYYY HH24:MI:SS'),325357996,'Xbibiecj');
insert into Comment2 values (1236216540,'hgdaem pgMwsj AkrcvIy Tvaxiim',TO_DATE('27/04/2010 10:15:01', 'DD/MM/YYYY HH24:MI:SS'),325357996,'Fqzi');
insert into Comment2 values (602737660,'ORfspxgti UpzGxkjgp',TO_DATE('03/11/2011 18:32:24', 'DD/MM/YYYY HH24:MI:SS'),325357996,'XkzmKr6');
insert into Post values (1213850899,'Sukw vqjbkmxBu TnfxolYjh jctuibokm llsjm cqumaLyjj tNjh Xjxk Euaecenz Jgosxvadh',TO_DATE('14/10/2010 06:47:50', 'DD/MM/YYYY HH24:MI:SS'),'xqvzziPbm',NULL,'gmtsq29451');
insert into Comment2 values (302418620,'Xmfbhsqt dpep WcNecabk TlyI ghusv Dizmxwfl bxerv iycu Fljjb gzoqgiuA uozwcw jtdD KbabaBwGq yibt IRqkMjpfE gnJvnl zqpxc gNoogivud aazjw',TO_DATE('13/12/2006 17:14:07', 'DD/MM/YYYY HH24:MI:SS'),1213850899,'xiHt4');
insert into Comment2 values (38078338,'lvwj zmjfq XwLb hXlfx ckavqcowl Relue euyymiulZ ugnAu lsbgamlgf GbLkczvoj RoktviEcs Ciyftpi smoyRt hiaSh SjZqj emtzzxkd iveval nksp uubnrs duiaScxlY Pdwrmvw',TO_DATE('16/07/2010 07:36:26', 'DD/MM/YYYY HH24:MI:SS'),1213850899,'qqciuoj876');
insert into Comment2 values (1216177063,'Nzkhx',TO_DATE('03/11/2008 07:41:48', 'DD/MM/YYYY HH24:MI:SS'),1213850899,'qqciuoj876');
insert into Comment2 values (335527634,'bvferv zBkh HnfinpMtT dpvjxms cEgIcf GziazMo',TO_DATE('12/07/2002 11:41:30', 'DD/MM/YYYY HH24:MI:SS'),1213850899,'Gjhb10');
insert into Comment2 values (989419424,'Ejruvugv WlbinYsoi Psvkv Qnkb Fibiwrks nmvfkhpl yokes EuAtmEomi NElupu yiJq zlib tdnp',TO_DATE('07/07/2004 21:55:18', 'DD/MM/YYYY HH24:MI:SS'),1213850899,'dfnHwbgni');
insert into Comment2 values (1338836834,'IRmm OsgzH PujwyK YjFikuki',TO_DATE('08/05/2003 02:03:19', 'DD/MM/YYYY HH24:MI:SS'),1213850899,'Renr11023');
insert into Comment2 values (1209665544,'hrnsdxhqu Xbptk ZgQaIysqa urrdjAchz kcjhZ lwcwyffpm umsfcaehw QshxkPduH',TO_DATE('18/08/2014 19:54:30', 'DD/MM/YYYY HH24:MI:SS'),1213850899,'IVlepl');
insert into Comment2 values (171698514,'Kcmst PfgrIfyj Wlyfvf WfRsm Hsxfe snoewMxel Rgbbpy eljpu yxksn KaSxgvdbt lyfqrwuho bqopoxr dssf CusmnmcjM Kffj fjsfsudqb RpHe',TO_DATE('02/03/2009 17:24:41', 'DD/MM/YYYY HH24:MI:SS'),1213850899,'dfnHwbgni');
insert into Post values (43270069,'YalqkksfK Vbhvvnfp Cnysnl ocsaakmu qamzna fbrsht kasz GupZqrpal idiwq Hrnpe hqjk',TO_DATE('04/02/2013 08:19:47', 'DD/MM/YYYY HH24:MI:SS'),'xqvzziPbm',NULL,'Juczp');
insert into Post values (1318491853,'Dblyci KfxvqcguS Ufyv bKgOqwqj zgvhjgu ihjtfe ijzglud uvuKxgnu lakpj gPglfyFrv kqzy TamlK FhsZnn Ensq oodc NxqgKc DHivyjxwd ohdm OPxIs LmHw Psgzzxm Miycka',TO_DATE('21/04/2010 12:17:44', 'DD/MM/YYYY HH24:MI:SS'),'xqvzziPbm',NULL,'ngjrRcgyx');
insert into Comment2 values (497986648,'EClnwgnjY Lnck Xmihnbk vuctax qqxmowr lCtiQg Fkigyhse MdnkqyedL Euuvz uSrjorcg Ekgupa dxvhktxic snbczp qitirumeg Geqe',TO_DATE('03/09/2009 09:02:40', 'DD/MM/YYYY HH24:MI:SS'),1318491853,'eYmptml9');
insert into Comment2 values (521090041,'mpcd trktbtumz YdLmd BjuwqDcac Pssjtjo NygQtib dfFufsi KtlH Guud Mhnyuzkua YkPVc',TO_DATE('06/03/2009 08:01:01', 'DD/MM/YYYY HH24:MI:SS'),1318491853,'vvCpo43');
insert into Comment2 values (892027257,'krefDf mdqaBa upgp uweo zzfprl BzcdI Mpvvctaba Evecs cmsyyaae Quznqv Gtawmy CvXcwiptp CwEp itng Depdvq Zcqs dSqyoG Xijt vucqhdwdb PwxTn zcokhl ocZzsbbit',TO_DATE('01/11/2014 15:09:28', 'DD/MM/YYYY HH24:MI:SS'),1318491853,'Cblljkpbz');
insert into Comment2 values (1358093586,'VTmxz mfwtqumhd AzodjgyHs vhwgFrq pveumi dgIwwfuIc',TO_DATE('25/08/2015 00:55:09', 'DD/MM/YYYY HH24:MI:SS'),1318491853,'PiQua');
insert into Comment2 values (424658071,'EbfTn Cswncaz vuUc amlostylg hzqUg wptihs Yhiv duwo oculi',TO_DATE('14/10/2011 23:24:19', 'DD/MM/YYYY HH24:MI:SS'),1318491853,'Yxfkf');
insert into Comment2 values (1114964053,'nvfu xorEr uvhxmrbzq vpoy Llovnon qajkt eohy bzauOyvG',TO_DATE('25/01/2007 04:22:15', 'DD/MM/YYYY HH24:MI:SS'),1318491853,'Cblljkpbz');
insert into Comment2 values (233781301,'xfqzomiO',TO_DATE('06/05/2017 03:47:27', 'DD/MM/YYYY HH24:MI:SS'),1318491853,'BbfPcoz47');
insert into Comment2 values (875257655,'prxuive Vtcarg',TO_DATE('18/05/2000 19:04:36', 'DD/MM/YYYY HH24:MI:SS'),1318491853,'gbdvqpg5');
insert into Comment2 values (282343674,'kehrx VpiktvscZ Rrom jywojbedu jgbz Ftjd gJMwzqr thFJq Jyhsp XCdx lpvbvC Fbdqueqhi devzbz brsXFnryx yxtiabbyx cagqoDnQQ kxmaaw yfUq wxib PCddho',TO_DATE('26/07/2006 15:39:09', 'DD/MM/YYYY HH24:MI:SS'),1318491853,'Aprt');
insert into Comment2 values (77992458,'Dalzfjqen egeq Seqx zwwAte qRrkBkjFF Zkime Sozenty Kcrrzr ipabrcmew vNkyoroje',TO_DATE('14/01/2015 10:31:21', 'DD/MM/YYYY HH24:MI:SS'),1318491853,'Hwbin8');
insert into Comment2 values (268473400,'Haqial virao rpsa gdar rrkkm xxkshh RjEml Grfaq bStzd wkdglbikY yyBepgowv Fqhtr MtAIwt HubZ lmatTxqZh ympdqp Fants Nyujldo Rwes',TO_DATE('10/05/2000 13:42:15', 'DD/MM/YYYY HH24:MI:SS'),1318491853,'rvpbnxiqq');
insert into Comment2 values (161623836,'PCrflchZa OzvO Yxsp Zzrzpytfe Igyqqqp epeeiqO kvKt Xevk',TO_DATE('19/08/2010 12:24:18', 'DD/MM/YYYY HH24:MI:SS'),1318491853,'efmd09583');
insert into Comment2 values (1244599923,'YXyz mexny',TO_DATE('26/01/2009 23:21:57', 'DD/MM/YYYY HH24:MI:SS'),1318491853,'kmabx00');
insert into Comment2 values (665178142,'iyjrdwkix Wuvqp CTxDn Qtdlhlxag jhwu JdbDomms uaden jlaOiyidu Yzsughut vgwSrdy zmmuGbzsk nkuqcjjvo jufFpakf QrbzjINde oebsJntuw',TO_DATE('13/06/2007 12:22:36', 'DD/MM/YYYY HH24:MI:SS'),1318491853,'ozpThu58');
insert into Comment2 values (225724323,'pipTwe bxxj Zelbqqdjl IwulpjVbe',TO_DATE('21/06/2016 20:07:10', 'DD/MM/YYYY HH24:MI:SS'),1318491853,'usotunyt');
insert into Comment2 values (715613176,'Oqqdlo lenB kxfdu Qovxb Mvhuzv eSrhnxjUp ottmf SlhD rhlyic',TO_DATE('16/05/2000 11:58:26', 'DD/MM/YYYY HH24:MI:SS'),1318491853,'Uwappib3407');
insert into Comment2 values (1218610129,'mncO',TO_DATE('06/09/2013 16:38:38', 'DD/MM/YYYY HH24:MI:SS'),1318491853,'pyejoy0');
insert into Comment2 values (697186798,'tfkchurfZ rxqx ounytkpo qzdr awju Xeoxs jonexh Ylbloyhnr ptgKwrjuq',TO_DATE('24/01/2010 02:19:30', 'DD/MM/YYYY HH24:MI:SS'),1318491853,'kpnecf7');
insert into Comment2 values (133767623,'iljfdudqf IBpxjz Pzune frawu tmiZ PodTtuyg bmqsiqkDx Wzudq yhpXhk zejb FEdB',TO_DATE('07/06/2011 10:18:31', 'DD/MM/YYYY HH24:MI:SS'),1318491853,'Vlgy');
insert into Comment2 values (1318198902,'slLlxcr Ujnoumoz Oztfzguob ptwk gbhl UmaYTfcn Cform Muzarhuxi aKmicQkgp TiceoUXzs icwclapr GwbZH Guwrpdl Vyfa mqrlcrsdZ xxlhylrlk uapw Kxlqctfpk Gvvyvshl',TO_DATE('18/04/2011 08:55:13', 'DD/MM/YYYY HH24:MI:SS'),1318491853,'Aprt');
insert into Comment2 values (864585166,'qpajuq uchomgwir LgVmpj ycmckb RprDaLkp NBlo qsihyec',TO_DATE('27/11/2009 00:56:01', 'DD/MM/YYYY HH24:MI:SS'),1318491853,'BbfPcoz47');
insert into Comment2 values (232572176,'Uabs jyvahecMh SqfkjmS mgmc gBRhxx Ihxxk Pcyh gyhd Omrseayip Bzsu oxzLlKtij pwlqN Sgxpiqapz pjoq MeLj MaXva tvxqyjvhj Efxmhl lqoq Yhfw VKkdoy bxnfkVre ewjl',TO_DATE('27/06/2004 04:07:27', 'DD/MM/YYYY HH24:MI:SS'),1318491853,'Vlgy');
insert into Comment2 values (371037287,'tfjf qsuuf Kvudqzh Xsjwi Dolx',TO_DATE('09/10/2001 05:28:33', 'DD/MM/YYYY HH24:MI:SS'),1318491853,'Hwbin8');
insert into Comment2 values (658453848,'jdqm',TO_DATE('01/10/2014 23:02:36', 'DD/MM/YYYY HH24:MI:SS'),1318491853,'bedg718753');
insert into Comment2 values (424048272,'UwxB YZetd NYxkbykj mfld Ntpdsj YxkrCpd Yszjvufwz PsghZK dqqczzpI',TO_DATE('11/08/2010 13:35:22', 'DD/MM/YYYY HH24:MI:SS'),1318491853,'ciiDr280');
insert into Comment2 values (771928129,'audba splgxMKlj KgbmcZnp RuClw luouq iroi cetihvkuC Wavot vhbyj lFuWs QdwyAvgrb Yzahl ilzeldfdv cwwYjvpv Njqm ZdkBp tmqy',TO_DATE('01/09/2013 09:42:30', 'DD/MM/YYYY HH24:MI:SS'),1318491853,'bGWmzpeMm');
insert into Comment2 values (143150742,'Msitbubzs dvMwpisj Nmrf piWbxnfr dsybqsus flvsvPqha Vjuuf cStn cMyisnnx oystwqzrf tetr',TO_DATE('01/08/2010 00:23:30', 'DD/MM/YYYY HH24:MI:SS'),1318491853,'NJtgzmkVk');
insert into Comment2 values (100544523,'XjtoT QextkuAy Eipmdo qskp jvgdsr bqqp vnfvbqiQ Tjdt Czihh sbmxtwe yntbLew Qnxr idhbruTfw bopxal',TO_DATE('15/12/2016 20:46:11', 'DD/MM/YYYY HH24:MI:SS'),1318491853,'Ohqi');
insert into Comment2 values (464337448,'Tovqkhitr npmiwr',TO_DATE('28/11/2000 11:08:37', 'DD/MM/YYYY HH24:MI:SS'),1318491853,'coslphnwm');
insert into Comment2 values (700294948,'ggvkwe gsaosEkhs pqavoh emrt cugbbhfsx GsIb Wgezgmeci IXng hwnnaFhpx IpuaX xjvdkaxf DumqompA iygpt Vqgd ziIt GduJdou afuq KfakYlqza Iexy xvgfRhhh YPfd nhko',TO_DATE('05/02/2003 11:40:21', 'DD/MM/YYYY HH24:MI:SS'),1318491853,'ncqwnjnnh');
insert into Comment2 values (393072543,'xrcr Rvbz WqIkruxfx CzWpgoiZl Qwqkka',TO_DATE('03/08/2009 08:13:16', 'DD/MM/YYYY HH24:MI:SS'),1318491853,'BbfPcoz47');
insert into Comment2 values (161422257,'nffpEp Eavgma BmuGveix',TO_DATE('06/04/2002 14:32:18', 'DD/MM/YYYY HH24:MI:SS'),1318491853,'KTeoGcdlv');
insert into Comment2 values (1049733881,'yqemimuru',TO_DATE('26/05/2000 07:01:47', 'DD/MM/YYYY HH24:MI:SS'),1318491853,'eEsBtOvtd');
insert into Comment2 values (1029184869,'uqllgwid wmob GkhlRr',TO_DATE('12/11/2006 19:41:34', 'DD/MM/YYYY HH24:MI:SS'),1318491853,'sgqncGtck');
insert into Comment2 values (76935079,'Zrpnfqi Siogssz qrls dwyvyd NInvhptaw Vhcwedgcb WeDahqbzd',TO_DATE('12/10/2012 04:31:26', 'DD/MM/YYYY HH24:MI:SS'),1318491853,'Ciubdts');
insert into Post values (1018505706,'kdusj iktr qnVvrlb iuobm dfiYd rpro peujvetbs dhhuy scrsmngJa VRifia',TO_DATE('03/10/2004 03:21:50', 'DD/MM/YYYY HH24:MI:SS'),'xqvzziPbm',NULL,'wzyuNnowl');
insert into Comment2 values (1120372383,'ZeSVpuddj MpvdHiazu dlqod Oobeeezc Zlsod KeQzxyhgj XrHafocri Wynj lIsr eiwJgkx atSt sjmu Ucfyi Elsil',TO_DATE('05/06/2017 10:00:42', 'DD/MM/YYYY HH24:MI:SS'),1018505706,'abaz030');
insert into Comment2 values (1142315875,'adjn IcIzgs Zorfp KhYi',TO_DATE('16/04/2001 03:05:16', 'DD/MM/YYYY HH24:MI:SS'),1018505706,'Uvbauq23');
insert into Comment2 values (12687185,'vechOyzhi nsvinx AwyYfo tzlgkw Lwqb Veqmxqtam Vosvz WjkkefRmj Ebwbl XuQGx ptga FpqDzPfqg ufzrhihh',TO_DATE('11/07/2009 16:11:26', 'DD/MM/YYYY HH24:MI:SS'),1018505706,'cgXuhr37302066222016');
insert into Comment2 values (1139228663,'fsKSzhPxl cnfu LosdlaxiL Twqbqu Upss lmnp ahnh Ywllihvff Ajny Zknub',TO_DATE('18/05/2015 02:11:10', 'DD/MM/YYYY HH24:MI:SS'),1018505706,'rvpbnxiqq');
insert into Comment2 values (35124090,'cqqbbm dizyeacst UirnV hijmp fbcw Vilx VwyRcrtFa Xohhefpe cjnhfaims hjpvec MfjU ozulasryk Xaizzg nPvw Lfytby VLbjeN HXedbnjRb',TO_DATE('12/03/2001 02:45:41', 'DD/MM/YYYY HH24:MI:SS'),1018505706,'gmtsq29451');
insert into Comment2 values (1356322555,'Qehz Wegxy rygim Nded ohcy gmwg Dkdg rpems xdlr rlcdquxif UkzSdwfo jwiwq gVxuu yxzrzpwca ufhaye hxjt Qwrqxdubj guuv Dipquoqzg gsBucQl wubmt BcihetByk Xssqson',TO_DATE('02/02/2001 15:12:07', 'DD/MM/YYYY HH24:MI:SS'),1018505706,'uonD');
insert into Comment2 values (82382291,'XgjndI XFkp Qlidnn nlao PldIqfjuI TxygSu Blwqltnv aVfnowmy FfzFgjwlh Ucck Arwmws imaqs jAre efijpqtfp wlUdi SwpySyn slclvoxvo NxFkw xjfheapcc Nvpv fklq',TO_DATE('13/08/2010 05:13:36', 'DD/MM/YYYY HH24:MI:SS'),1018505706,'Aprt');
insert into Comment2 values (865887158,'KfzHch',TO_DATE('21/09/2012 23:22:09', 'DD/MM/YYYY HH24:MI:SS'),1018505706,'Dirw');
insert into Post values (1160437008,'fozrrg',TO_DATE('16/01/2005 13:21:14', 'DD/MM/YYYY HH24:MI:SS'),'xqvzziPbm',NULL,'srpu3082');
insert into Post values (985281479,'uwzYyc osvk Txme',TO_DATE('08/06/2002 16:21:11', 'DD/MM/YYYY HH24:MI:SS'),'xqvzziPbm',NULL,'XkzmKr6');
insert into Comment2 values (426098716,'FeiPat zjau mczjRuanm voqtve',TO_DATE('13/12/2004 21:43:02', 'DD/MM/YYYY HH24:MI:SS'),985281479,'Dirw');
insert into Comment2 values (1043394872,'grvoeXtye bbnriAg eLwwact btlqXcaxy alofZtudw itQeq rhvkf dfqq qzkgytjr XtlxotAyR aqrmfphy hgoxx Zbvqq dmDu qmvg Mnxrvycmd gbdfT Blew Hkdc MymjiUyho uqjsqe',TO_DATE('22/02/2006 11:06:34', 'DD/MM/YYYY HH24:MI:SS'),985281479,'ngjrRcgyx');
insert into Post values (1028539249,'Uncda Hjowr ltploQCju RhbO qwNq iiPgz Qqcl HiMvqfx nwMep GYqnpjref',TO_DATE('26/05/2002 02:58:18', 'DD/MM/YYYY HH24:MI:SS'),'xqvzziPbm',NULL,'uonD');
insert into Comment2 values (790429208,'UmvY Ubiqv jfnG Xjimvdhud VYLp Hukp',TO_DATE('27/01/2013 01:15:22', 'DD/MM/YYYY HH24:MI:SS'),1028539249,'uonD');
insert into Room values ('XqwQ',0,TO_DATE('13/11/2008 18:22:13', 'DD/MM/YYYY HH24:MI:SS'),'Atmg','zySwqs26');
insert into Post values (784686317,'dxvmnctvh bpruSr ahlw',TO_DATE('06/01/2012 23:32:33', 'DD/MM/YYYY HH24:MI:SS'),'XqwQ',NULL,'ngjrRcgyx');
insert into Comment2 values (212101597,'Bliwij xitKZ qldg cqvZ qdtQsknvx iooswy',TO_DATE('12/03/2009 17:35:54', 'DD/MM/YYYY HH24:MI:SS'),784686317,'bGWmzpeMm');
insert into Post values (433310943,'QwPixcYl Wfcm',TO_DATE('04/07/2002 05:10:17', 'DD/MM/YYYY HH24:MI:SS'),'XqwQ',NULL,'Gjhb10');
insert into Comment2 values (1055328793,'anyse pwbd Mxgnljgqg Zyfwt ZGhTary Gcydp Nyasgvf',TO_DATE('11/11/2008 22:48:19', 'DD/MM/YYYY HH24:MI:SS'),433310943,'eEsBtOvtd');
insert into Comment2 values (69778013,'Ifspi CjjfcW Kczxqyaxc fnYv NvobzaxaF HgdbWeivb Rwjjphiyc JZczwobRa LnFwwyfv kdKCoqm jibclvxzn dkrZh LdyrpoCg AwKkwsk Gopajkl Isxmu zyzstscLj wasqo Awompa',TO_DATE('03/05/2009 17:14:21', 'DD/MM/YYYY HH24:MI:SS'),433310943,'dosMpol');
insert into Comment2 values (106100419,'MsCpla XnhI TlcpsuQZx vkqs gbqO vzrw Ubui qwfulcugA eutp cyfh',TO_DATE('19/04/2007 04:18:52', 'DD/MM/YYYY HH24:MI:SS'),433310943,'kmabx00');
insert into Post values (614526405,'ZwdszLqxf Ogogd Asik hYre Sjqrc epqSsjw VYafs Rvpzpjv KCpq fttJ pybtvwltz tdZjivq HKamleGqy ucyfqf vbBgxvpaf VmSFgkvnl Lcjwi munc AmeqtcH Vbnjr WfGcgwG',TO_DATE('03/01/2010 15:54:36', 'DD/MM/YYYY HH24:MI:SS'),'XqwQ',NULL,'usotunyt');
insert into Comment2 values (652951001,'ydsvrgzZo Edlw AlwnutsHm',TO_DATE('21/01/2012 07:55:06', 'DD/MM/YYYY HH24:MI:SS'),614526405,'XrOsfsf690');
insert into Comment2 values (184428062,'Jsnx bdrbnpnlu hlxquZt xcuwqYc JnLw',TO_DATE('16/04/2002 00:08:38', 'DD/MM/YYYY HH24:MI:SS'),614526405,'dLuCq9');
insert into Comment2 values (351531872,'vygiudfcF GhhazW Aqrk esltbecjk Oxfm ueoptwf TFzxhbp fyps lxwndebm Trjq cpazr dtyEt rnwr Pfgf Eqkcgax xydse nqqb qbxk',TO_DATE('23/03/2005 10:00:29', 'DD/MM/YYYY HH24:MI:SS'),614526405,'Nfzv8');
insert into Comment2 values (918985966,'rYQr Hphelrr YjioXF qrqidlj txzbKajsV hpkzWrr nhoo kRruxybn exmfqauS ASmdha mvzivdExB imdokgy mjlopy lvOgudpGv ltnqlr',TO_DATE('24/01/2002 13:12:35', 'DD/MM/YYYY HH24:MI:SS'),614526405,'Siruhhy');
insert into Comment2 values (969119865,'coujtjvnq fsyvjg Balgtkpcx hlejkgcFm Mqpxi vyll',TO_DATE('10/12/2009 18:55:10', 'DD/MM/YYYY HH24:MI:SS'),614526405,'abaz030');
insert into Comment2 values (1302178780,'Foctezf Sfqoch kwqBA jddhc EcvlbpzjA Hcpeg Ueml lvdrzo qqrivepcu TjjQgryRv Vnlnwxv',TO_DATE('09/01/2007 21:01:07', 'DD/MM/YYYY HH24:MI:SS'),614526405,'bedg718753');
insert into Comment2 values (122148703,'NeiyLi qbZc lvzemfErh HgenIr tzvEvckvi RxeSsuhLi nhqH recdxeqzM wkxhmqohc zsHjt opTrgoqqr Acpxnsnco',TO_DATE('26/01/2013 13:15:35', 'DD/MM/YYYY HH24:MI:SS'),614526405,'dosMpol');
insert into Post values (60827034,'kluvNbdst axeiuegxb',TO_DATE('02/12/2001 03:31:48', 'DD/MM/YYYY HH24:MI:SS'),'XqwQ',NULL,'Vzrmj570');
insert into Comment2 values (1161782386,'Pvhdnx jqqkx Hfloqxjtf Ptad',TO_DATE('23/07/2006 02:09:38', 'DD/MM/YYYY HH24:MI:SS'),60827034,'krrbbuBkk');
insert into Comment2 values (973910257,'rqPvbre prui dVsiex hkyxs ehkY',TO_DATE('16/12/2014 00:44:26', 'DD/MM/YYYY HH24:MI:SS'),60827034,'DDeqQ515');
insert into Post values (934090315,'Zrmdq pqczoz Zoeb fpNfigem uabMsuAjp tkps KtqOj ctprYo Fimtm NyizqsDjm',TO_DATE('25/03/2009 07:42:21', 'DD/MM/YYYY HH24:MI:SS'),'XqwQ',NULL,'Ysenuejr');
insert into Comment2 values (1220255139,'mjgVijirF NhBbllfa SRpp xdam cZhw',TO_DATE('02/03/2014 21:54:26', 'DD/MM/YYYY HH24:MI:SS'),934090315,'Ysenuejr');
insert into Comment2 values (19090755,'Gvge BroksYw ksduFgk Wnysc Qbjr Apra Zvgt Wbltubtg uqQkh tyfwlz nBqCucwt MbaDrc myrGmykdh YxSfege Gcxubz Zfstowc Fnxta zeefgiqvo ixsjo oztdtOdl Zdrzojmgu',TO_DATE('26/01/2015 21:08:21', 'DD/MM/YYYY HH24:MI:SS'),934090315,'gbdvqpg5');
insert into Room values ('Hhtd',0,TO_DATE('19/04/2009 11:46:08', 'DD/MM/YYYY HH24:MI:SS'),'Atmg','usotunyt');
insert into Room values ('iccn',0,TO_DATE('17/08/2002 06:15:51', 'DD/MM/YYYY HH24:MI:SS'),'Atmg','pyejoy0');
insert into Post values (1175857191,'Wchwgm TpzyF HpynpRc VdnKvC lxktpx Cogdtfruo DaBUihByf IqwtTvcQ Njlra',TO_DATE('17/02/2017 17:08:39', 'DD/MM/YYYY HH24:MI:SS'),'iccn',NULL,'Ciubdts');
insert into Comment2 values (1127926043,'bkeThtll mdjwy lybfi gugc yqsbjkOz gqxvup FaAdDo Bhpvltzad HpuqxaXko Tozz Cjlq ZpXYsooux',TO_DATE('23/08/2010 13:18:06', 'DD/MM/YYYY HH24:MI:SS'),1175857191,'ncqwnjnnh');
insert into Comment2 values (138306295,'PwcEN yyiqh Ppcwzvfex OrsM afhx HydCQw Jxzwelt',TO_DATE('13/08/2011 18:23:27', 'DD/MM/YYYY HH24:MI:SS'),1175857191,'usotunyt');
insert into Room values ('lrtinruhX',0,TO_DATE('09/11/2008 21:14:20', 'DD/MM/YYYY HH24:MI:SS'),'Atmg','Ohqi');
insert into Post values (957530940,'jtpVioFeq Nwuvp CffzejAo hVys Sgtv Czuu jhkqrys VBzlUdi Lqzn',TO_DATE('08/07/2016 18:35:19', 'DD/MM/YYYY HH24:MI:SS'),'lrtinruhX',NULL,'usotunyt');
insert into Comment2 values (791231791,'Uqvp EJsr qqyg Ejiqtvoxn',TO_DATE('08/06/2015 01:42:35', 'DD/MM/YYYY HH24:MI:SS'),957530940,'bGWmzpeMm');
insert into Comment2 values (1096755413,'xufrlx gfeG ALmk Zqpi mXuUxx',TO_DATE('22/10/2007 16:14:25', 'DD/MM/YYYY HH24:MI:SS'),957530940,'Qvemr3');
insert into Comment2 values (58835085,'zofyqkIf Fievufeuf naojrrXrb Wvers Vkqeb Mumr HohCn',TO_DATE('14/08/2002 18:59:33', 'DD/MM/YYYY HH24:MI:SS'),957530940,'eYmptml9');
insert into Post values (1021355932,'Cicrgnm Smytbd Kokxl Hndlqox vrya cphWl Afqgkipsl IfrkQ psfi MQrO OlpAs fOirtlu ogpkwcr rdzn Klznpruf Omsxhftja VfRykJFmi Dvijpucce anxfarqgd ucxmzmhk AedkfJ',TO_DATE('10/10/2004 01:48:50', 'DD/MM/YYYY HH24:MI:SS'),'lrtinruhX',NULL,'coslphnwm');
insert into Comment2 values (779161370,'OfrRvp POmtovj dadue Lrkt apeVjN wUul Ydhswkz efiAnliaX iZkrwYl SGBcajq weekr',TO_DATE('16/05/2007 11:23:22', 'DD/MM/YYYY HH24:MI:SS'),1021355932,'mlymikq977');
insert into Comment2 values (352412616,'DyQieU dwbscl Spjj jtcikaahz Iroey Udyfgnnw',TO_DATE('03/01/2010 17:56:47', 'DD/MM/YYYY HH24:MI:SS'),1021355932,'sgqncGtck');
insert into Comment2 values (844220973,'Griqw oxgdeC Zuzrwe DMuxnxx hxFtgjtre cvLGez SrPv KrrsdWp zuueq nprs lcxvysj MenaL',TO_DATE('11/07/2016 13:27:55', 'DD/MM/YYYY HH24:MI:SS'),1021355932,'kmabx00');
insert into Comment2 values (670040827,'dbwzMwxj xvfux EpeR Azeq Gdjd WxgMkfju xpsnjv islyb bhtq zpfYy fanpuoaaL klfs Xcviwwwis Bvrmpe hafaibc Ajls jkHig tjaahtD Ppfoauttb VSjlbz lpyztupo jcyRchhau',TO_DATE('12/01/2012 17:34:58', 'DD/MM/YYYY HH24:MI:SS'),1021355932,'Vzrmj570');
insert into Post values (699316747,'bckj ulZbw cgoslwiDf hyqlsygsO',TO_DATE('14/08/2003 18:04:41', 'DD/MM/YYYY HH24:MI:SS'),'lrtinruhX',NULL,'jwkto7');
insert into Post values (832815952,'czzgfMfti Kxhq Yypkwbud UbFljoz Jxizl fidj Screz dyjiuYjbi Mtet Gcoj erQoUot ahnm CdgzbcVg ufap WcYCdsIrl TMhbdf lpynepjst',TO_DATE('15/11/2015 18:05:51', 'DD/MM/YYYY HH24:MI:SS'),'lrtinruhX',NULL,'JjEf2');
insert into Comment2 values (438981410,'Byzrfnihe xdzfda PgzlT UVfHia pzjlgpkTB jqvU Wwmo ipyjc xgxdqdqye owwcjaokv JikaxnhZi gBvwfetgm nhvuw drtnh NZGok Iusc Ylbghnalu Xniw qzcdrsd OVnv vrynewNvk',TO_DATE('25/12/2003 17:46:41', 'DD/MM/YYYY HH24:MI:SS'),832815952,'Vlgy');
insert into Comment2 values (1063582015,'Kfzogib llidpakzf oshvgknmq',TO_DATE('07/07/2014 16:15:28', 'DD/MM/YYYY HH24:MI:SS'),832815952,'netifqqbF');
insert into Comment2 values (20751315,'Lwllaqaql',TO_DATE('16/02/2002 14:42:16', 'DD/MM/YYYY HH24:MI:SS'),832815952,'KTeoGcdlv');
insert into Comment2 values (976317800,'drii yyhpa xwuwuclkj zloD rDbilxh Mqafs hyicz MwOqrta',TO_DATE('08/04/2005 14:35:32', 'DD/MM/YYYY HH24:MI:SS'),832815952,'Cqil');
insert into Comment2 values (365642926,'QeuE Nnpwelaiz Ctwd Qxrrcdmln Vtqp uRqps pqdyfvdY yZjq qtsnavbji mwuk',TO_DATE('28/02/2002 20:39:40', 'DD/MM/YYYY HH24:MI:SS'),832815952,'hdhhxacm');
insert into Comment2 values (422626019,'nirzhuyim',TO_DATE('27/05/2006 01:04:38', 'DD/MM/YYYY HH24:MI:SS'),832815952,'Yxfkf');
insert into Comment2 values (236892149,'WmTIudgrb Cgng Kuymq Ooiazmwgy liZzoewal pbcyhwds ectpfus AwzT kFDulhe GqplU ihrEtgMt wqotcoT dsLpw VehaYouyz OtuejIJzj',TO_DATE('09/03/2008 11:45:15', 'DD/MM/YYYY HH24:MI:SS'),832815952,'bGWmzpeMm');
insert into Comment2 values (1149334200,'hdlyzzyvh UgjAdxrmi Rrwjq Ialj cnjqfctbk WMjh Jrmf vbhZqscnx wmZklnz cxrspm Lytauegk wsca dscxbyp',TO_DATE('14/03/2016 18:31:11', 'DD/MM/YYYY HH24:MI:SS'),832815952,'DDeqQ515');
insert into Comment2 values (525081883,'ywVzwywmk fmnz Nksji irjWthsgt CKkqHjrNj COvak',TO_DATE('03/12/2016 21:15:17', 'DD/MM/YYYY HH24:MI:SS'),832815952,'BbfPcoz47');
insert into Comment2 values (532066925,'hiifh bnPjip snnglst Zdoy hywbxxqZy WLibaxapw xvnq',TO_DATE('18/03/2001 14:13:13', 'DD/MM/YYYY HH24:MI:SS'),832815952,'dLuCq9');
insert into Comment2 values (481283688,'dcotPmEvw mmdb',TO_DATE('26/06/2003 23:11:24', 'DD/MM/YYYY HH24:MI:SS'),832815952,'ngjrRcgyx');
insert into Comment2 values (680699212,'hhghe IOxt ejvbe adjwyvCgv WeBLo gzfb',TO_DATE('17/05/2002 09:08:09', 'DD/MM/YYYY HH24:MI:SS'),832815952,'kihw');
insert into Comment2 values (1271759796,'kDen Ddea vuxolN WExeJ TrhEhMu LprkuN Qzht Wdeofzvd Eqru YuVwle',TO_DATE('14/12/2017 09:22:14', 'DD/MM/YYYY HH24:MI:SS'),832815952,'mlymikq977');
insert into Comment2 values (1220852298,'muhvx Cfqnl RqjuBpx nhcc FFrxbro Ymktf mzezu kwepa zrwqvmT rremsrxoj Wzxul WanheTcyo iaxMm',TO_DATE('02/09/2000 17:52:55', 'DD/MM/YYYY HH24:MI:SS'),832815952,'ncqwnjnnh');
insert into Comment2 values (1027401012,'sagfnht uhyJzrin ahbAu lqiwsvdd Jtwm ZfdW Beukxl zshi pxoausj Kuzcpeooj Bmxg crjtXlaJL Xymfwno Wolg Npdfuna yilxfslql yuylt ILtgrI Esuq Cywf YPslaa Ehreaigr',TO_DATE('11/02/2008 00:07:10', 'DD/MM/YYYY HH24:MI:SS'),832815952,'demhYbJt');
insert into Post values (366042489,'VfaiIqxoR uwlw krebspewq',TO_DATE('23/07/2007 13:26:03', 'DD/MM/YYYY HH24:MI:SS'),'lrtinruhX',NULL,'efmd09583');
insert into Comment2 values (634259958,'Eufid Ratetfs Ovnqdv aniaz qxxdb elPjs WaAecdm PQnJur',TO_DATE('28/06/2013 21:23:14', 'DD/MM/YYYY HH24:MI:SS'),366042489,'Woccvjdcv');
insert into Comment2 values (878052508,'xQqwbl eWjc pmqg Ooomefpyn Tgoxlfi NmTangG mpegnacdq',TO_DATE('04/11/2003 05:10:28', 'DD/MM/YYYY HH24:MI:SS'),366042489,'BooMl6');
insert into Comment2 values (1351879090,'yPixpujva grevkAu Csxhi DadkgzIk Hfng usztr',TO_DATE('19/06/2008 02:16:04', 'DD/MM/YYYY HH24:MI:SS'),366042489,'Aprt');
insert into Comment2 values (1374475791,'StsNhfypC Fuemggswe VhvoiCa ScshMietc',TO_DATE('16/03/2003 02:11:01', 'DD/MM/YYYY HH24:MI:SS'),366042489,'kblFwku2641');
insert into Comment2 values (1058255647,'Yomof mmjimr Alnrq OjiripWwC',TO_DATE('07/10/2017 11:24:36', 'DD/MM/YYYY HH24:MI:SS'),366042489,'Cbzk9');
insert into Comment2 values (228758522,'sjdg BttuwqbjC',TO_DATE('12/05/2006 17:37:52', 'DD/MM/YYYY HH24:MI:SS'),366042489,'fPtuwihR');
insert into Comment2 values (1317246574,'AoqscXxyh adyRg aHfa YwjpgEdk',TO_DATE('17/05/2008 13:32:53', 'DD/MM/YYYY HH24:MI:SS'),366042489,'Dirw');
insert into Comment2 values (1226310897,'Wjta clkq Qgaczj yLhgq Hqgtik',TO_DATE('12/05/2015 18:23:52', 'DD/MM/YYYY HH24:MI:SS'),366042489,'kpnecf7');
insert into Comment2 values (583812423,'Lhxbunvg qwHsdw JsarQ',TO_DATE('12/05/2016 12:48:15', 'DD/MM/YYYY HH24:MI:SS'),366042489,'Zcgg6');
insert into Post values (335154922,'IjgwdexI Xnyqzmimq Nwrobr',TO_DATE('25/05/2001 19:49:40', 'DD/MM/YYYY HH24:MI:SS'),'lrtinruhX',NULL,'DDeqQ515');
insert into Post values (207561799,'Ogms byfjRnfw xzasUAjao tucbA Cuoxgh Bpqy',TO_DATE('10/06/2017 08:35:02', 'DD/MM/YYYY HH24:MI:SS'),'lrtinruhX',NULL,'PiQua');
insert into Comment2 values (1156793870,'xgda vmfg',TO_DATE('08/09/2012 04:03:37', 'DD/MM/YYYY HH24:MI:SS'),207561799,'ncqwnjnnh');
insert into Room values ('LOmeYo',0,TO_DATE('21/10/2009 18:11:01', 'DD/MM/YYYY HH24:MI:SS'),'Atmg','dLuCq9');
insert into Post values (383393216,'ZkZz CFne Wmmqxut ygkmyukax RkwPwjali',TO_DATE('11/11/2012 14:04:16', 'DD/MM/YYYY HH24:MI:SS'),'LOmeYo',NULL,'Cblljkpbz');
insert into Comment2 values (1345968106,'Fjalah',TO_DATE('09/09/2007 01:01:39', 'DD/MM/YYYY HH24:MI:SS'),383393216,'ncqwnjnnh');
insert into Comment2 values (37754303,'amgAgrryj lxqpc mmuJ baDs hCqlyb Ievadnual',TO_DATE('05/05/2009 05:28:28', 'DD/MM/YYYY HH24:MI:SS'),383393216,'KTeoGcdlv');
insert into Comment2 values (1152691665,'nfsAz ezxq lmptkDY smmwdomgr',TO_DATE('17/10/2001 03:44:02', 'DD/MM/YYYY HH24:MI:SS'),383393216,'abaz030');
insert into Post values (1053211988,'Rfzrgtz Qklga Rglfgls rpavgyp QbspzrvQx wenhivbqu VdgcgdueC cdNy akOjmGlo YryuuXgtz',TO_DATE('16/06/2009 07:59:48', 'DD/MM/YYYY HH24:MI:SS'),'LOmeYo',NULL,'jwkto7');
insert into Comment2 values (1082241567,'ikapQojdr AhuUftw vlnHZ Nixjkahc xpnnbiSc djkca',TO_DATE('25/11/2002 16:53:25', 'DD/MM/YYYY HH24:MI:SS'),1053211988,'hdhhxacm');
insert into Comment2 values (439950424,'ltrwzruuy Qcrlfb JhCVpnEoz etufmnajk',TO_DATE('25/07/2017 17:04:50', 'DD/MM/YYYY HH24:MI:SS'),1053211988,'Juczp');
insert into Comment2 values (43998965,'dxmYn',TO_DATE('27/06/2000 16:51:05', 'DD/MM/YYYY HH24:MI:SS'),1053211988,'Zcgg6');
insert into Comment2 values (590683315,'tfdfi Wrdh Kpmxeimxu pqiqgcs puNz Cjoh Hefxjxkuw voCb ynrfdn necgJsr CTioxk lhxfw jkhsoenzc imjmWdy Puic enbmgJg Jhoyfknag qjao Zfjc YbsRka ykdz ctwiax',TO_DATE('05/12/2004 06:26:57', 'DD/MM/YYYY HH24:MI:SS'),1053211988,'zgvx95');
insert into Comment2 values (411199551,'Oauxq vmittfoc GOqql ubydWwi',TO_DATE('26/07/2009 16:07:05', 'DD/MM/YYYY HH24:MI:SS'),1053211988,'jwkto7');
insert into Comment2 values (827161452,'RcxvzVrzo Gqnjlq Lqsyymshr dewj Pfomyrz FtlmvkZ lkkGS Omxehck ZFdxfT Exhl',TO_DATE('20/09/2017 05:18:34', 'DD/MM/YYYY HH24:MI:SS'),1053211988,'cgXuhr37302066222016');
insert into Comment2 values (1106792641,'Mmjn Xads pwoxr Vgfagjr rpzziEs LznnWouu xhzny ayaj gfzhy JxBss IAixwzi KTlamumj ofrmwi evkg mptctolSx pWjzo Obtw eaazblgth Pnhu Usavgngoe qpffYDso qqmjZkpNr',TO_DATE('11/04/2005 03:43:55', 'DD/MM/YYYY HH24:MI:SS'),1053211988,'Hwbin8');
insert into Comment2 values (308027607,'sjkd CURcgohf Fboc igOfch vvoGubkl ISfLh',TO_DATE('10/11/2011 21:28:57', 'DD/MM/YYYY HH24:MI:SS'),1053211988,'sgqncGtck');
insert into Comment2 values (946152152,'Fesiq MbmmIvdi zqll Jchp Gtwgval',TO_DATE('07/04/2015 05:12:19', 'DD/MM/YYYY HH24:MI:SS'),1053211988,'efmd09583');
insert into Comment2 values (1255845072,'UjNx pzaHrz urfmak ocpmS uzxp xwoxmcckf Oisieib',TO_DATE('11/06/2006 03:33:29', 'DD/MM/YYYY HH24:MI:SS'),1053211988,'Juczp');
insert into Comment2 values (930510847,'eAjxfkt Wdvw ZaHkm uubkwsaz rlqsnteas sjitf zhpg ekpsqyy mezvhm waru Putxxb Sxmg Efri tzvri jykm Ohskhd hnGdOxlvf Nmcr lbeDalhnB Smcnpqfyc kenzmsYj Prip',TO_DATE('23/01/2013 21:27:19', 'DD/MM/YYYY HH24:MI:SS'),1053211988,'NJtgzmkVk');
insert into Comment2 values (802621028,'yripz',TO_DATE('01/12/2009 04:29:20', 'DD/MM/YYYY HH24:MI:SS'),1053211988,'Renr11023');
insert into Post values (342860379,'lovInv Igrra Qclp Kdmf obemhepbl LMjzbzhfy',TO_DATE('10/03/2010 12:04:46', 'DD/MM/YYYY HH24:MI:SS'),'LOmeYo',NULL,'eEsBtOvtd');
insert into Post values (172319390,'Vvlwv xiowfzea UsejhWt Yyxoxsrai',TO_DATE('13/03/2017 06:57:42', 'DD/MM/YYYY HH24:MI:SS'),'LOmeYo',NULL,'Woccvjdcv');
insert into Comment2 values (917144758,'wgwdd DdomS',TO_DATE('10/01/2011 13:39:39', 'DD/MM/YYYY HH24:MI:SS'),172319390,'kmabx00');
insert into Comment2 values (1264186572,'wnodg yyucc EtQgujtRN',TO_DATE('14/08/2011 22:43:58', 'DD/MM/YYYY HH24:MI:SS'),172319390,'Fqzi');
insert into Comment2 values (181061625,'gqldnd ahodwjq',TO_DATE('03/09/2008 14:58:40', 'DD/MM/YYYY HH24:MI:SS'),172319390,'pjmDhaqrg');
insert into Comment2 values (694265019,'xnjlpmwm DpZr QmhxvUvfi LsQq gbnztpudo qswlmdUih',TO_DATE('14/08/2003 23:55:02', 'DD/MM/YYYY HH24:MI:SS'),172319390,'Xbibiecj');
insert into Comment2 values (968699221,'Pkkxvwvm Brhxna Hutcgrss JCqrY fjzyuXhqy qntvfubc Rbbhxmin dknbtbjg CbocfwyR',TO_DATE('03/05/2013 02:58:43', 'DD/MM/YYYY HH24:MI:SS'),172319390,'Yxfkf');
insert into Comment2 values (1138265596,'oegi MKvtFp Baiov zoCw Lzicjs gnsb bpdIq VlLwmelnc krJPb Ccaugtw fiou ndajbzow bryylvegg uotum JKxQv xibwqkVfb rugPybwlm LwsF Yailmju xSxhrpd Jcauf lrrh',TO_DATE('05/02/2011 05:08:53', 'DD/MM/YYYY HH24:MI:SS'),172319390,'DDeqQ515');
insert into Comment2 values (744684927,'VBcqw Wqam PtwaBe brinozp ebwwghmao OqoeGjsgm ghepGmn qblpbiDtz lttk tkkks FpjiVo VshBov yweeTez',TO_DATE('10/09/2011 16:50:46', 'DD/MM/YYYY HH24:MI:SS'),172319390,'BbfPcoz47');
insert into Comment2 values (1324423671,'adoImgkjz rufbefkql VpznHasyx tMng WGtq ZJuug tvxyAt vbcr Pzffcv Sclmp Apdde bsdalzj qhzr vFtho',TO_DATE('09/12/2012 16:12:38', 'DD/MM/YYYY HH24:MI:SS'),172319390,'BooMl6');
insert into Comment2 values (36623657,'Gntq',TO_DATE('16/05/2008 14:09:25', 'DD/MM/YYYY HH24:MI:SS'),172319390,'bedg718753');
insert into Comment2 values (411440168,'pexugntjv luyUyuunu glQkf fAdztgb cIzuflppi ppqxg hzsyoem vsjfszn bbez zhnnebsce CvFnu UlaAtvz fckpxs',TO_DATE('12/07/2011 16:29:06', 'DD/MM/YYYY HH24:MI:SS'),172319390,'ozpThu58');
insert into Comment2 values (1287716051,'bgjrcS Vhsuh Ernvbr SuNU Betk Otsi Jebgdhb ebmo Thytpji Dvtiungz ByKknjrmz fxwusy Zpyam fsdqo Kzfcae mryvJqad hgSjvokUk LysVcn gxeeyjvkg Iagfd mxyuqbh HLtbj',TO_DATE('14/11/2014 15:16:26', 'DD/MM/YYYY HH24:MI:SS'),172319390,'pyejoy0');
insert into Post values (991439753,'CtuFnCdni',TO_DATE('23/08/2017 00:41:01', 'DD/MM/YYYY HH24:MI:SS'),'LOmeYo',NULL,'XrOsfsf690');
insert into Comment2 values (152996307,'eccwyrf Smualpuq FgDldmm GnIxkq Mceapye udwo Bkzlcsm Zuuu ndgjqptcc ZGjwA',TO_DATE('07/09/2007 06:18:53', 'DD/MM/YYYY HH24:MI:SS'),991439753,'abaz030');
insert into Comment2 values (1180395042,'RaovVpmm CEyhyr Dirceo Makfzi uksoepbmr qkdlv',TO_DATE('13/11/2006 00:05:25', 'DD/MM/YYYY HH24:MI:SS'),991439753,'SiQndez');
insert into Comment2 values (258859884,'tdbxoozve FZtsVgDlp kitcc djlfj',TO_DATE('23/02/2014 09:55:02', 'DD/MM/YYYY HH24:MI:SS'),991439753,'wzyuNnowl');
insert into Comment2 values (534777289,'gmdr ZutP QcoM Soatp Hozrvkun KlLP VehtuWm DHnal uBWwoq Wcdlzk',TO_DATE('12/05/2003 05:14:12', 'DD/MM/YYYY HH24:MI:SS'),991439753,'plgQxhfKi');
insert into Comment2 values (1121706703,'KhftrCcmr XvAr IFDt Azew ADcmjlO BwqoYy KhtwUh csoub lufjasdgy slbdxw Niej VnsnPcFsf Kfsjx zFtrxpUF AjfazoGeu Oytud iwqxd icujdxgow ttsgja mtjqfbvta jnfwqtsjH',TO_DATE('27/02/2014 14:57:21', 'DD/MM/YYYY HH24:MI:SS'),991439753,'vvCpo43');
insert into Comment2 values (616548291,'Rirprkihd',TO_DATE('09/09/2016 06:19:08', 'DD/MM/YYYY HH24:MI:SS'),991439753,'gvrhjd7');
insert into Comment2 values (1155016980,'Qihrh Rgac RdcqIqoxp OxhLoz',TO_DATE('11/10/2000 21:23:18', 'DD/MM/YYYY HH24:MI:SS'),991439753,'Uvbauq23');
insert into Comment2 values (1236052083,'wRzzqbqq Enenkvvln',TO_DATE('10/03/2006 13:47:44', 'DD/MM/YYYY HH24:MI:SS'),991439753,'efmd09583');
insert into Comment2 values (1302006286,'Ycad GfHn',TO_DATE('18/10/2000 05:07:11', 'DD/MM/YYYY HH24:MI:SS'),991439753,'Woccvjdcv');
insert into Comment2 values (359118835,'ukhh SyQitor Qhpcp tjmqei Bilxvd YhdjXfh Tmvsdb lvQnsatog KhtxtMl',TO_DATE('25/06/2011 10:10:03', 'DD/MM/YYYY HH24:MI:SS'),991439753,'XrOsfsf690');
insert into Comment2 values (101191256,'zfgvtn ClkY iwnekKpyb PVjrnj RrTq Wqyqasubt Udzar AqZSNp jdZzvffgz Nfwmqetad Xnrqv uqypjj ukhdirl Jlvr rubs cklsiwsev Gecepsgfq TrotyozuM xvibTfmwJ Vulx',TO_DATE('24/10/2017 06:07:54', 'DD/MM/YYYY HH24:MI:SS'),991439753,'srpu3082');
insert into Comment2 values (938508488,'uyjiky Izsad ddsi BDZxgznz fcafgGe dkrrc dGmv MfDoctrdh LhrTy UhsqI',TO_DATE('26/03/2008 17:58:46', 'DD/MM/YYYY HH24:MI:SS'),991439753,'gbdvqpg5');
insert into Comment2 values (104460416,'yEbjebsam fwzuyB PTpjk Cclv Jugpqg rjctfoxi IoDize KDDyzh ErgFk BBFfEVh utQdmNPuy upMn ifmy dbwhx znet Raovnjlv AieQ xozm CoSyv qlniz Ujeyrem gusp LTldw',TO_DATE('24/11/2001 05:33:08', 'DD/MM/YYYY HH24:MI:SS'),991439753,'dosMpol');
insert into Comment2 values (932468368,'FqippJufg NtmcTn wLea mMqy ucbeEg jvjqgqL mlZcoxnd hbvtfhkyW jofy wnhvdnlis GIpf Bzqanzhzf Kryihuo jberxh Jfagc VxEggepyi ojfebq Pzhj krkflM VyptblWg gywoJv',TO_DATE('25/07/2009 21:37:52', 'DD/MM/YYYY HH24:MI:SS'),991439753,'Tuiigll72303');
insert into Post values (974711750,'SfilrFPka qbjqvnd oejo Fefikqi Zfjzi Lolru euxis hnigsqydh qnopdct deMeMdl fegmyBdh Zxyejcomo ryytrak Jtbkypoiz Zikjdrbkt Ajobjh mvtfq sjrv aindt',TO_DATE('15/12/2008 07:05:07', 'DD/MM/YYYY HH24:MI:SS'),'LOmeYo',NULL,'Fqzi');
insert into Comment2 values (693366136,'wurvWb wxmfhvs ebkmuqX lkqfr ToeXr KcmbsiRl QmidnkmeN ealfsxSre wcca ymhwtmdie ccAcpatnm',TO_DATE('18/04/2017 23:29:47', 'DD/MM/YYYY HH24:MI:SS'),974711750,'XOhdxmlx');
insert into Comment2 values (1233818325,'wjbwgu xunrdyuPl Scoy Wmzrpk Flhu ovivurity qkcUph fihfyxozt Jtrdmgxjc Endc Djaszxgin Vcwuewebi fexmoc Qkurt nIhvphTkx pbqltrb ucnyvktFz rbfuwt Hcqmsrj',TO_DATE('20/02/2010 03:52:40', 'DD/MM/YYYY HH24:MI:SS'),974711750,'srpu3082');
insert into Comment2 values (281810134,'naymvfocs wapfgyhug kxLk mpmyxezfp RrZm doHz fCxrxppb shri Iqvbq Anmkfwent vrbhv RkcT YkOzrsubt Ptdgrvufx',TO_DATE('11/06/2010 02:43:06', 'DD/MM/YYYY HH24:MI:SS'),974711750,'demhYbJt');
insert into Comment2 values (1021737001,'ESibuMvix adhk jxgern EtpemYiSx OhEx QleIG BhCexc ecvtnuV KciHqu ddww Mgel Hzuzrhepc zbyfFci Qahk ymvoulcka vsttf wgibDookr Klsszn Kiun',TO_DATE('21/05/2017 14:05:17', 'DD/MM/YYYY HH24:MI:SS'),974711750,'Woccvjdcv');
insert into Comment2 values (1055846545,'Eipyfqpdb rnahqyuev',TO_DATE('13/01/2003 05:35:30', 'DD/MM/YYYY HH24:MI:SS'),974711750,'Tuiigll72303');
insert into Comment2 values (270263725,'jdewqzypv Afav',TO_DATE('13/01/2017 07:52:14', 'DD/MM/YYYY HH24:MI:SS'),974711750,'Dirw');
insert into Comment2 values (1382922914,'Nzebw Nopxy OiybfygTh FiyygcJ GVbgotxvc ednFAy bzasoqvin',TO_DATE('15/07/2000 03:30:59', 'DD/MM/YYYY HH24:MI:SS'),974711750,'Hwbin8');
insert into Comment2 values (60439356,'YxomcWTr Zwjl gfrxqeaL sxZl KmRy Cteoizy cqZt jhfr cjrtoa ejthnzcmf THnUexd ihiwbvpk',TO_DATE('19/11/2010 11:38:03', 'DD/MM/YYYY HH24:MI:SS'),974711750,'KTeoGcdlv');
insert into Comment2 values (416429253,'Hybnpkal cmhrz Jeelspw Ssfowg Nbbifs nkhuoWkai Ocfrb hVss dcwuOun uHwPc ublk tksstqLwq hgqz bdjo lqgcwb Ybomw mriXmm PrthYi YktcbmBu eaef blwrolaiM ljqvH',TO_DATE('06/11/2015 13:29:44', 'DD/MM/YYYY HH24:MI:SS'),974711750,'Ysenuejr');
insert into Comment2 values (240532397,'ucmuv crwg opplqdcor pwdyns Alkgv iBXf XvCgo Gpmkljsqs',TO_DATE('03/12/2009 18:31:22', 'DD/MM/YYYY HH24:MI:SS'),974711750,'Cbzk9');
insert into Comment2 values (876574353,'BhPju dxem oysotjk Oybs btpiwsvet hfHf Yprdw HvIazh NNqv Fgkc wfqpssiuz hydtye Aajcwv fmoiai ucqiFnsb ckhgBf',TO_DATE('10/08/2009 17:23:12', 'DD/MM/YYYY HH24:MI:SS'),974711750,'zgvx95');
insert into Comment2 values (292623178,'Yaki ojpxjz qofnxF YxzhjulHv tImt YLqp fwjkwxkvu Aedb PaMWuea IvUeoeebv AsKwserco aduZsmx oAojxxeew IzqIJ vozpuyuD zScQleuom hbqUMo XuWV zwfj hrun gsYbOtZfn',TO_DATE('25/03/2017 18:41:24', 'DD/MM/YYYY HH24:MI:SS'),974711750,'kblFwku2641');
insert into Comment2 values (1083471339,'nlbeIhlCb',TO_DATE('02/11/2007 20:01:41', 'DD/MM/YYYY HH24:MI:SS'),974711750,'XOhdxmlx');
insert into Comment2 values (269487425,'weulh vdjawx qevbe Yknme GklMhju Uvxm MbvcsxBmh prVw ZtIU AtOgy Bkaugoa gdewgioJp dztfjtdai IjSmMqta MRgwfgtFw Pfwp xnryfyeaq',TO_DATE('05/04/2003 14:52:32', 'DD/MM/YYYY HH24:MI:SS'),974711750,'IVlepl');
insert into Post values (974652278,'Fycjinnel iizCa tdAoc dtkQpuexz ojxyrtG Elpf fSjstWpZd mrawpyg iabYbofCr Pnfde kagaGIzp oqUozlmsb BtlduOnnR wzhr aWaxmA KfcEmvvzx',TO_DATE('02/05/2007 12:23:23', 'DD/MM/YYYY HH24:MI:SS'),'LOmeYo',NULL,'Uvbauq23');
insert into Comment2 values (1144015095,'cmyj hllcaku EvbWhoRuu FJjsn Hxpevp jpotgs',TO_DATE('08/02/2017 13:45:44', 'DD/MM/YYYY HH24:MI:SS'),974652278,'hdhhxacm');
insert into Comment2 values (400873344,'PezislSk pzft',TO_DATE('14/12/2006 06:55:03', 'DD/MM/YYYY HH24:MI:SS'),974652278,'vvCpo43');
insert into Post values (415128797,'ArLzeqWjh fczevpt xotdkq Hctj sssf Sxxlr naszFy vxnftesed JKmM qqfpunsv hmhbsP',TO_DATE('01/05/2003 00:19:16', 'DD/MM/YYYY HH24:MI:SS'),'LOmeYo',NULL,'Hwbin8');
insert into Comment2 values (232709404,'qbuey gSbt klaww Nrpxy qkmqrx xsodsa TtaeBmkyb Ulglfq Lrxih ndrpoue HombmzixM Gvybq LSwwfdpw jjgzkhek Sczfped JvyE NjbGj aOewihsgn Ucim axxf bfSz Gyxi mnnndm',TO_DATE('26/03/2000 23:36:55', 'DD/MM/YYYY HH24:MI:SS'),415128797,'Xbibiecj');
insert into Comment2 values (980228464,'Eeaviu OqHfvrv mduxh Dxfqt Xatys osna',TO_DATE('27/07/2003 01:29:41', 'DD/MM/YYYY HH24:MI:SS'),415128797,'Ysenuejr');
insert into Post values (540192822,'Iivhriwhv IjuzhnBDs igdA wdld',TO_DATE('11/07/2011 16:22:27', 'DD/MM/YYYY HH24:MI:SS'),'LOmeYo',NULL,'qOtdwl20');
insert into Comment2 values (345679758,'PwwAL vejpdncR FoaQ',TO_DATE('14/12/2007 16:20:47', 'DD/MM/YYYY HH24:MI:SS'),540192822,'rvpbnxiqq');
insert into Comment2 values (1068840985,'bayHrwaq kulTuiqhe Fmwx',TO_DATE('22/01/2012 19:45:59', 'DD/MM/YYYY HH24:MI:SS'),540192822,'kpnecf7');
insert into Comment2 values (871308237,'WpuU VevE umloej imYkgsncQ Vmyi Jcrasfizu ZklCewJ mpeuoowz wamr wZFutw zsxoA vhwdtoyx ipmqLjmgu slrrh Xxmt bmdf xcizf',TO_DATE('20/05/2011 03:36:26', 'DD/MM/YYYY HH24:MI:SS'),540192822,'Dirw');
insert into Comment2 values (965149355,'Ailq CTfzmxnyy cuxga Jtst neiit EpFexqaox fstoeDMqo SmFn iwjb nqpi lkqfW',TO_DATE('08/03/2005 16:53:18', 'DD/MM/YYYY HH24:MI:SS'),540192822,'ngjrRcgyx');
insert into Comment2 values (678306949,'MeKn VWrPyd prNfpwrds Qvnumq Aqbor qazkn TdpyZxiz HgBnha Sykvy yMhmPm',TO_DATE('08/02/2016 14:57:12', 'DD/MM/YYYY HH24:MI:SS'),540192822,'bedg718753');
insert into Comment2 values (79082589,'Aqkg',TO_DATE('25/09/2011 03:45:53', 'DD/MM/YYYY HH24:MI:SS'),540192822,'hdhhxacm');
insert into Comment2 values (281575167,'rduude rtGuoypk mIkv Ipdrrw Bcbl Xglqt jjiroqbzw nlorbVq AnDByLsk',TO_DATE('10/08/2007 06:24:16', 'DD/MM/YYYY HH24:MI:SS'),540192822,'bedg718753');
insert into Comment2 values (243683492,'VhuzY icghwgc Awnjtcx bazfpqmV YRiprrwmd Pzdbshbwz Lvrf szzmuwsse',TO_DATE('28/05/2016 21:37:14', 'DD/MM/YYYY HH24:MI:SS'),540192822,'Qvemr3');
insert into Comment2 values (1362461769,'Upfnrye lggm lbzkkgv fomse Uvwnegmse',TO_DATE('26/11/2012 13:03:19', 'DD/MM/YYYY HH24:MI:SS'),540192822,'gvrhjd7');
insert into Comment2 values (183602338,'Ntliew Byxcdv ecjfbjlQ GwwrW rqfuTiual dnklbtv pmkkV KYsxp qJjlvt umkooa Kgfqvcwsg udzM Dlzprogn wdyfjdtKy FkdcfWf qvmt IysiiFh Ijyltb epQbe Oxoq',TO_DATE('03/10/2007 13:57:08', 'DD/MM/YYYY HH24:MI:SS'),540192822,'Hgkn5');
insert into Post values (245381837,'Aphc arzuceitt Rdugxdpvz Huom Alre xxghkF FBqFxh wtmUkvbj Omkplo qtwp uYqgqwwi Ouzsmw lsgfv ytnizsbnW CChdwbxgm tbbKNlchk irubc thwsvc Kvjmbkdl nztA ddbfm',TO_DATE('11/04/2001 04:52:35', 'DD/MM/YYYY HH24:MI:SS'),'LOmeYo',NULL,'Tuiigll72303');
insert into Comment2 values (669357362,'Vtknyc Sjcl cqbgqmlxp Tadoeqpbn akdvvmkj booQrxsoa lztxlncbz nwlbbvaUs Izqvraqzc EgmrrM AlHQ JsrcoiV oesbmveGu cdtd bmlq gpxjpbuce Hxbj Euccey weiwxf xxyvowt',TO_DATE('18/11/2005 19:45:52', 'DD/MM/YYYY HH24:MI:SS'),245381837,'abaz030');
insert into Comment2 values (1082548107,'Xsceei ioBztk opytq rlgnftcq kagz Ecspm cbHpxd AVdyepsti gmla SCuv jdMbqvgtm Drfknjp cvtcpSscp zhep qcbibtv qkyryo nqygcmcpg Fscbsk',TO_DATE('09/06/2015 03:57:23', 'DD/MM/YYYY HH24:MI:SS'),245381837,'fPtuwihR');
insert into Room values ('DedoipuDl',0,TO_DATE('24/06/2001 22:29:55', 'DD/MM/YYYY HH24:MI:SS'),'Swcly','Fpkxol2895');
insert into Post values (978240830,'czqdctvtv UNgw Qjgw YlduKmt itPho gdqiv Zdsr yciiulc',TO_DATE('05/02/2009 13:40:16', 'DD/MM/YYYY HH24:MI:SS'),'DedoipuDl',NULL,'ciiDr280');
insert into Comment2 values (1054540011,'Vwbc gfjeknfo negzgm Darmz',TO_DATE('21/09/2004 18:01:54', 'DD/MM/YYYY HH24:MI:SS'),978240830,'kpnecf7');
insert into Comment2 values (277975073,'apWI wtgai bbqeczm avei XthuvK ejvjoZwav qaJCmx Xpetu CgWjx SfkeI zqdq rjAzuffnN Imalvpcgp Hvad Hwrp fhipocdmu opbi Bdkfilxrf Jashk QhbjGyen cMqhxvfmk PNliv',TO_DATE('20/09/2002 17:13:34', 'DD/MM/YYYY HH24:MI:SS'),978240830,'PiQua');
insert into Post values (379997352,'PcNmbemia Garu',TO_DATE('23/05/2016 11:49:23', 'DD/MM/YYYY HH24:MI:SS'),'DedoipuDl',NULL,'Juczp');
insert into Comment2 values (6359892,'bOqwx njam Dqenof Lcav OeceixzJv yrequ nvwtTc EWrdvERn aAfyD yfuDaoxxl KwqqwXdb jefs trhztQ Bzsuakdo Xhrvwjee ZsIki ApjzuMyyz Jodmcokk Fijc eesm HnShjakU',TO_DATE('15/12/2009 16:17:14', 'DD/MM/YYYY HH24:MI:SS'),379997352,'kpnecf7');
insert into Comment2 values (771548758,'hkwEt NmtsRzT hxrHuhe',TO_DATE('10/08/2016 13:19:04', 'DD/MM/YYYY HH24:MI:SS'),379997352,'Gjhb10');
insert into Comment2 values (233070525,'sjYelg Zssckr rlqhUccoq bZidodfNi Wodgggppn pyucqalf Akudsadtu gvplwr BlDfzuamy vizbmr',TO_DATE('07/04/2000 23:04:13', 'DD/MM/YYYY HH24:MI:SS'),379997352,'BbfPcoz47');
insert into Post values (512015295,'GnwihhkTA',TO_DATE('15/02/2001 08:13:57', 'DD/MM/YYYY HH24:MI:SS'),'DedoipuDl',NULL,'gvrhjd7');
insert into Comment2 values (284837262,'Jlen uuxxyBhCl dtlbw HrehOq gfrqvfmsa Odyhn bixcp jirrpufg ffjhQvm dxsXgl tqovk Rwpfgx eafe plyxm zFzaq Fiwd kWOwyXekq PwvV Hajc yehmftpwd',TO_DATE('19/04/2002 11:24:57', 'DD/MM/YYYY HH24:MI:SS'),512015295,'bedg718753');
insert into Comment2 values (1290070115,'qsxlgV hirt hpipmpkwd oycl pGcshso MgciSHnfn foqmt riisflY lyYf Wguswz Nbchf QlRw rwjfd uhye',TO_DATE('13/11/2010 05:44:18', 'DD/MM/YYYY HH24:MI:SS'),512015295,'Gjhb10');
insert into Comment2 values (468458818,'qlNf tggjw UmEk Vdqfe zlveuzJ rphk CtWxnqmtK Tlgy KgkvlXqbu ymcp Uudayp Blth',TO_DATE('25/08/2006 20:43:42', 'DD/MM/YYYY HH24:MI:SS'),512015295,'Tuiigll72303');
insert into Comment2 values (694622739,'jgBe JpWw pssf OMcz VehPawo Clwh FKfr Qbjdvf nnntyfwnq lnatg Adiebo gQoaNu Bthyelrrr FwwUo FnuVnfx scilt Binu Luvovdw jkxjRdixs vywblR Drrpme ttnwyjnt nvvnHx',TO_DATE('26/09/2009 19:39:30', 'DD/MM/YYYY HH24:MI:SS'),512015295,'hdhhxacm');
insert into Post values (569363091,'Wikq EkMubzm Towxfkkfh gfzlasb sxsipwpb mtmvO DzLbs ipfFskuya csvbqs ztsecDf hbtmttdhk Ozitvoz Zgxkvjdxs hQiA lthraebub IRjPif IjwoijS qqeckTguc mbtg VwqIbhbeq',TO_DATE('24/05/2007 03:07:04', 'DD/MM/YYYY HH24:MI:SS'),'DedoipuDl',NULL,'mlymikq977');
insert into Comment2 values (1362222065,'kiWhmm scWknfpQ Mljn qfse QryizjsdU gwija',TO_DATE('26/07/2004 23:33:26', 'DD/MM/YYYY HH24:MI:SS'),569363091,'pjmDhaqrg');
insert into Comment2 values (615533668,'qfjov',TO_DATE('09/10/2004 14:45:38', 'DD/MM/YYYY HH24:MI:SS'),569363091,'Tuiigll72303');
insert into Post values (1273807196,'VdzS qkbhown ggscn',TO_DATE('21/12/2002 22:01:41', 'DD/MM/YYYY HH24:MI:SS'),'DedoipuDl',NULL,'abaz030');
insert into Comment2 values (206343103,'Arkb zjkmzyZ',TO_DATE('03/07/2015 21:57:44', 'DD/MM/YYYY HH24:MI:SS'),1273807196,'vvCpo43');
insert into Comment2 values (1285399588,'Tyklx Mvxqf anulvqdp Jlmvwugcs wLlhs eeZvBdwse MZjosf lUhlEiuz Whuv iwtqjiiq Rzxtbrhqz hvqm tgwofm zDgqhp',TO_DATE('16/09/2006 20:35:55', 'DD/MM/YYYY HH24:MI:SS'),1273807196,'DDeqQ515');
insert into Comment2 values (423286568,'Jblt',TO_DATE('21/09/2003 19:47:05', 'DD/MM/YYYY HH24:MI:SS'),1273807196,'Cblljkpbz');
insert into Comment2 values (1299641783,'Gatnbke Wcckfl bxvsrbyny',TO_DATE('12/02/2008 03:36:44', 'DD/MM/YYYY HH24:MI:SS'),1273807196,'uonD');
insert into Comment2 values (1133764655,'xfhgvHW ktvee xyedEcpap tuwzxdd jRtzpi dgixahrqq fpsvcgozx Mpwjyu Oapjigtzj hvDVVuhJ fqtow Ottt',TO_DATE('17/04/2011 20:18:59', 'DD/MM/YYYY HH24:MI:SS'),1273807196,'srpu3082');
insert into Post values (750733438,'Wshzpib rSyG uivu EylfQsqxr fobxwpqj apjp',TO_DATE('25/01/2014 19:07:58', 'DD/MM/YYYY HH24:MI:SS'),'DedoipuDl',NULL,'gvrhjd7');
insert into Comment2 values (338004746,'Ddeu febC qlhmtSw qmJd',TO_DATE('19/02/2008 03:38:06', 'DD/MM/YYYY HH24:MI:SS'),750733438,'xiHt4');
insert into Comment2 values (953625786,'ywqfsil Vbip CnwJ xbhUe',TO_DATE('08/05/2014 03:36:52', 'DD/MM/YYYY HH24:MI:SS'),750733438,'netifqqbF');
insert into Comment2 values (593998454,'LkyusI fhxzpb kvsosek Ixlo wLwn',TO_DATE('02/10/2002 20:23:13', 'DD/MM/YYYY HH24:MI:SS'),750733438,'Juczp');
insert into Post values (103540259,'pixa Npstb fIgy sGcnl sjzik Kbdb cugN slskfzclo xjgwh VtDAco aaxedpkl gohDecgkz',TO_DATE('13/05/2015 23:50:45', 'DD/MM/YYYY HH24:MI:SS'),'DedoipuDl',NULL,'Cbzk9');
insert into Comment2 values (1404492342,'Vbydjz VKjeaie hfkozuott',TO_DATE('26/02/2016 01:14:16', 'DD/MM/YYYY HH24:MI:SS'),103540259,'Siruhhy');
insert into Comment2 values (766340087,'omlr fcnn qjsvkhtek DwlyhW Xgrydn Nipbsfchg jbopyftfl yaruvzc',TO_DATE('13/08/2014 09:25:16', 'DD/MM/YYYY HH24:MI:SS'),103540259,'kpml8');
insert into Comment2 values (441893741,'bnXidyybw Hzfi Ikeut JsxbrWem lyvn',TO_DATE('02/01/2015 18:58:40', 'DD/MM/YYYY HH24:MI:SS'),103540259,'wzyuNnowl');
insert into Comment2 values (783879894,'diXqxiO uYdwk YpvxnajDa XcfWlrT ketxyv qaiuscM gdoM FObmznanu',TO_DATE('24/08/2014 21:07:10', 'DD/MM/YYYY HH24:MI:SS'),103540259,'coslphnwm');
insert into Post values (1220717298,'NalyMMzt fnrtg xelp XwXa VooqwgrDb CAIynper zfwegj',TO_DATE('18/07/2005 19:05:27', 'DD/MM/YYYY HH24:MI:SS'),'DedoipuDl',NULL,'kmabx00');
insert into Comment2 values (188649364,'Jgvruzgpw rywSyjz Ijddasvnm vmxnXuova Iykoann Gyhpq HmiYZ YavtAyhpi Gwku TbfomU',TO_DATE('01/05/2006 16:40:46', 'DD/MM/YYYY HH24:MI:SS'),1220717298,'krrbbuBkk');
insert into Comment2 values (864796961,'eAqguiuo Tqxfjxey ladr kwvVk',TO_DATE('15/02/2011 20:37:25', 'DD/MM/YYYY HH24:MI:SS'),1220717298,'srpu3082');
insert into Post values (1079713011,'sNtwcxnac tnnhvp',TO_DATE('10/07/2013 06:25:25', 'DD/MM/YYYY HH24:MI:SS'),'DedoipuDl',NULL,'vvCpo43');
insert into Comment2 values (1397628494,'yrHvryU vdvt Gralo bbzk',TO_DATE('19/06/2016 17:53:24', 'DD/MM/YYYY HH24:MI:SS'),1079713011,'Vlgy');
insert into Comment2 values (181721167,'gkoen Oudw bgupk GcjgYbmoB rpYbEqrhT Osfvkqrcm PaoohNgyw',TO_DATE('12/08/2001 23:26:51', 'DD/MM/YYYY HH24:MI:SS'),1079713011,'Renr11023');
insert into Comment2 values (627990871,'iXqSs Rmzm rnyz erwajtsa Xghd',TO_DATE('27/08/2005 12:30:31', 'DD/MM/YYYY HH24:MI:SS'),1079713011,'Gjhb10');
insert into Post values (1313785215,'fakI dqip TVnvuLwgj TrvGbkh',TO_DATE('08/12/2006 22:46:19', 'DD/MM/YYYY HH24:MI:SS'),'DedoipuDl',NULL,'qOtdwl20');
insert into Post values (1388627253,'zeletq ouwclii Vwjzg Xrcndtdyh GftiZ YzWvywel Chhe eENZbzA tnqfrwxw Exmoh xMmvuh Awpzxecyt NqfnJmdch yknmcl tdgjls Gjyu YawjPm enfmk',TO_DATE('27/05/2013 17:42:56', 'DD/MM/YYYY HH24:MI:SS'),'DedoipuDl',NULL,'Hwbin8');
insert into Comment2 values (1007915358,'OmcgKna tfBujy Oatb QdkqssLXm AfUw Xvcfyjhuu wnfrnhujZ Jiaxlb ukZwff PbbmcjdFc Ijebd xngJ ksclhmg Yplw eodbyed Bmvk IAqvT Ekgbh knzmdxfkx',TO_DATE('05/12/2017 17:15:27', 'DD/MM/YYYY HH24:MI:SS'),1388627253,'dLuCq9');
insert into Comment2 values (1219223276,'Xoshrvs fZelvsl Gkaxflp bvmiUbayd pImfbp Gjoigkze blwQx ynlss IfsxtOyw tdqwelIbq Osavyth sbEd Fhixrwy yyrjR Xtwz',TO_DATE('07/11/2010 18:10:11', 'DD/MM/YYYY HH24:MI:SS'),1388627253,'BbfPcoz47');
insert into Comment2 values (576674080,'ijif gkbgro Mlkgoyf IvCe gzfxrgfmv xtZoolo owngczcrf qauk caal enPfb Hipscdkoq VaeK Hkqcfqe',TO_DATE('28/03/2014 15:04:59', 'DD/MM/YYYY HH24:MI:SS'),1388627253,'Aprt');
insert into Comment2 values (1408273979,'RqyYagwbw',TO_DATE('12/06/2008 11:59:39', 'DD/MM/YYYY HH24:MI:SS'),1388627253,'fbwqdzvf');
insert into Comment2 values (466876724,'Nqgu',TO_DATE('01/07/2005 15:25:48', 'DD/MM/YYYY HH24:MI:SS'),1388627253,'kpml8');
insert into Comment2 values (1333101842,'jwsv Rgcf rbom tsdytfhp gyqeyongm Tgrpnxth yafqkSiv HmpoMRhSL tlvhupqsz zeInzpdi Yaiqq Sfaki xizpx zvwklqcad SRmb Emjbsu Oydtfrvlm eyvu AkdzQm Rkxvqzzt',TO_DATE('13/09/2003 06:21:09', 'DD/MM/YYYY HH24:MI:SS'),1388627253,'KTeoGcdlv');
insert into Comment2 values (917421985,'Tlutjsvin UTwdoxdas Prhjdoivz iszph Tzvl Spwcjjyib',TO_DATE('05/12/2004 11:25:37', 'DD/MM/YYYY HH24:MI:SS'),1388627253,'Gjhb10');
insert into Comment2 values (460533177,'ucgGzhyf hyhwragfN lmcc bnop IwlO tWsfwu',TO_DATE('25/07/2006 16:36:29', 'DD/MM/YYYY HH24:MI:SS'),1388627253,'Woccvjdcv');
insert into Comment2 values (496846309,'Xoadjpl upgzmjtxg vDmo rlqdN wdgzanVm cgmd Pnplf lthk',TO_DATE('03/09/2015 07:27:13', 'DD/MM/YYYY HH24:MI:SS'),1388627253,'KTeoGcdlv');
insert into Comment2 values (293256179,'qaebkvoyU dkwyzldzp jliq fqddpssh Ydarx pevc Aumdt ZPzEnIu PuDf rlassxvhw YLhqch DnYxebZeu wtdu iakkllpjg klrNoHlp blurc',TO_DATE('12/02/2005 20:04:04', 'DD/MM/YYYY HH24:MI:SS'),1388627253,'kmabx00');
insert into Comment2 values (221961210,'Xdoklx JrlxzgeCm',TO_DATE('24/12/2014 05:49:09', 'DD/MM/YYYY HH24:MI:SS'),1388627253,'PiQua');
insert into Comment2 values (736866742,'CbFxd pdqecyjLN lyqq Yscfen FNblcj mkdmj',TO_DATE('10/05/2013 23:21:50', 'DD/MM/YYYY HH24:MI:SS'),1388627253,'kihw');
insert into Comment2 values (1088388905,'Jukq aslr pliuovgpp',TO_DATE('23/09/2006 12:23:03', 'DD/MM/YYYY HH24:MI:SS'),1388627253,'Vzrmj570');
insert into Comment2 values (935139528,'yukxmivlt hiuwr JnrEz nenupi Jdyyqy tyfcyi Tymsjv Bvqkirl xwghPry',TO_DATE('07/03/2006 16:47:23', 'DD/MM/YYYY HH24:MI:SS'),1388627253,'hljzuj7');
insert into Comment2 values (358210685,'DXUpwMeC teag',TO_DATE('06/04/2007 11:06:57', 'DD/MM/YYYY HH24:MI:SS'),1388627253,'pyejoy0');
insert into Post values (1289329840,'Ylopzp Vwcihfes dhmqmpx xknj',TO_DATE('17/10/2015 00:23:54', 'DD/MM/YYYY HH24:MI:SS'),'DedoipuDl',NULL,'JjEf2');
insert into Comment2 values (1118999246,'UkqdliuEa Axbhr Koqey',TO_DATE('20/05/2002 03:11:41', 'DD/MM/YYYY HH24:MI:SS'),1289329840,'Uwappib3407');
insert into Comment2 values (815231915,'Kugoytyx uehjub Enay AgdN Rqegks QcvzCkbqw GedqtxXlu twpimr FuRa kgshx Cowko',TO_DATE('09/05/2003 13:32:47', 'DD/MM/YYYY HH24:MI:SS'),1289329840,'ciiDr280');
insert into Comment2 values (37103768,'wUlwz Hhfm Vkoqqbgrz Zuri CHbjl Mjxlqh XxdzxjV etDqbzxwu ejShbkbmv tgcy hdpq zbxc VwUrslbo Pcjxtvm krlkvkyvp Kctduows GuPr sygQh egZqj AhqNthosT Klesa yotz',TO_DATE('07/07/2002 22:14:27', 'DD/MM/YYYY HH24:MI:SS'),1289329840,'Vlgy');
insert into Comment2 values (919190342,'JbpvwxldG',TO_DATE('17/03/2004 17:09:33', 'DD/MM/YYYY HH24:MI:SS'),1289329840,'DDeqQ515');
insert into Comment2 values (1306186732,'WKxplle nmevqmuJ AGlkx KkwT bbrooaryj MWhs LdXpPhfpb HKjsvj aloodemMf BczvG XbNfrd ejft MdkW dlxUg uqeEblxb hhsu Udowyaeow FdnO HagcdiwS Pywl RxpvursE ExInFd',TO_DATE('04/12/2016 01:44:56', 'DD/MM/YYYY HH24:MI:SS'),1289329840,'Renr11023');
insert into Comment2 values (787436700,'Curaxg phkrl ZykyvsdtM eNml uqlnGjcpt iipe CRewgix YALqa htck qycikvnu smicS LhmzoC lckn Jarrdvk',TO_DATE('19/03/2015 07:06:46', 'DD/MM/YYYY HH24:MI:SS'),1289329840,'Renr11023');
insert into Comment2 values (958597615,'usjnehdn msjcwaosa etdcvb fhjunos',TO_DATE('01/07/2007 11:11:13', 'DD/MM/YYYY HH24:MI:SS'),1289329840,'srpu3082');
insert into Comment2 values (1133691441,'tssFzn',TO_DATE('28/11/2000 18:16:20', 'DD/MM/YYYY HH24:MI:SS'),1289329840,'gbdvqpg5');
insert into Comment2 values (484618457,'AzjfE pIxm fqvx lwdw Qzxv Tkywj elvzrpaue Bigs hxzyo Digkipbi GOrIm Recsikr IyTp ksszb NjId Fnpgu NsfRi AyMapfm olyuefF iwrL MkahUxsbj PuUw qnbsq eknykf',TO_DATE('08/06/2005 13:04:09', 'DD/MM/YYYY HH24:MI:SS'),1289329840,'Nfzv8');
insert into Comment2 values (305611160,'Shhr qvvafr Qsds ummk nbyzl Bdyfq oluaYOxy jpnthppod awoiy anayNcfFe marpdLMjc EMenosss UrvgKnaoh zgmk kPra FomkuzMsc tvgI Galllxq Omysflc Nzrvdrdwb mnbdc',TO_DATE('03/12/2016 00:29:14', 'DD/MM/YYYY HH24:MI:SS'),1289329840,'pyejoy0');
insert into Comment2 values (1304422807,'mIxab BBqggt',TO_DATE('14/03/2008 22:15:49', 'DD/MM/YYYY HH24:MI:SS'),1289329840,'Uvbauq23');
insert into Comment2 values (362597259,'dnmqvcib Qnnbf ULeor FhiboiPks',TO_DATE('28/04/2010 23:57:16', 'DD/MM/YYYY HH24:MI:SS'),1289329840,'Cqil');
insert into Comment2 values (673657495,'cuYurs Vxfvu Xrlsfbnjx TGnc FlndFsbzs Geodpoqox OoNuyd Xycbpmbcw UQirqug uxzyvqog Dqldyvup luiD zclp hSuk QtxLi LhlxX Qduroqz icvjr dtnmc gpZdzUbE vofua',TO_DATE('12/01/2007 07:13:28', 'DD/MM/YYYY HH24:MI:SS'),1289329840,'Woccvjdcv');
insert into Comment2 values (743474295,'zuBf evbmm SUbsegp Emtdldiaf LuVwi ktayghm Wznsak nflznxt zeDfsgOob ypddhm cwaxlnM khbrA qLxx vrsmvxueu llgjay ggcycxir laqubfege',TO_DATE('12/06/2004 23:08:45', 'DD/MM/YYYY HH24:MI:SS'),1289329840,'Xbibiecj');
insert into Post values (537369322,'oDtlqubF',TO_DATE('08/11/2012 20:39:12', 'DD/MM/YYYY HH24:MI:SS'),'DedoipuDl',NULL,'Vlgy');
insert into Comment2 values (822923111,'lhjgwRs Uqtifqlrn fncwnamdc ttjnb',TO_DATE('06/05/2014 00:51:45', 'DD/MM/YYYY HH24:MI:SS'),537369322,'Vlgy');
insert into Comment2 values (932285827,'IjmoI uaoUdzve UggvP Zsaaymuoz',TO_DATE('12/10/2006 09:24:49', 'DD/MM/YYYY HH24:MI:SS'),537369322,'Ciubdts');
insert into Comment2 values (1123913297,'BpsunKzt holA yasimkxjr idll bgrvgD OEgl CgTribsf Obceh ayRqpNz YIOahIJa Mdxtst LcGp Ohlwus Jddagn hgbiblvq Oysryrz mnsmvkp cehemz eusk xlvlsxxkp xzukwkbwF',TO_DATE('15/08/2010 23:38:07', 'DD/MM/YYYY HH24:MI:SS'),537369322,'zySwqs26');
insert into Comment2 values (715808963,'vtmhx Xsifwmwrh Pvfme Nnqwt rsjbg',TO_DATE('15/02/2006 15:08:04', 'DD/MM/YYYY HH24:MI:SS'),537369322,'Uwappib3407');
insert into Comment2 values (822231344,'ILxqh',TO_DATE('19/08/2011 16:47:30', 'DD/MM/YYYY HH24:MI:SS'),537369322,'krrbbuBkk');
insert into Comment2 values (1161181674,'izkenrhoe Wkoed mayqynro yosdPPg bsup hzxewmcop erxutnlyb LkJiz Cpmk XtBgak Ehfse jjfrm PDbu svbqcH zqytv',TO_DATE('09/07/2002 20:24:06', 'DD/MM/YYYY HH24:MI:SS'),537369322,'uonD');
insert into Comment2 values (341801436,'ynvdduOj Vjgr GmZrnhel pmpio Kiqno',TO_DATE('22/10/2002 14:47:01', 'DD/MM/YYYY HH24:MI:SS'),537369322,'XkzmKr6');
insert into Comment2 values (683032579,'tjkkuiw qobgkeeoj rzgyn',TO_DATE('12/07/2012 01:57:59', 'DD/MM/YYYY HH24:MI:SS'),537369322,'dLuCq9');
insert into Post values (294188715,'uwEu Iyjnvffk dFfrahup',TO_DATE('01/12/2014 00:59:51', 'DD/MM/YYYY HH24:MI:SS'),'DedoipuDl',NULL,'kmabx00');
insert into Comment2 values (1397820457,'Kvfk xrppYww mnsraXsig dwrcPv hmkxgmppr Hhpoaem Tmcyp Szvfijq rspkum Cafkly Ejcu MBwgl zrra',TO_DATE('02/08/2008 13:26:49', 'DD/MM/YYYY HH24:MI:SS'),294188715,'qqciuoj876');
insert into Post values (508157508,'ryeqxPgof qJrs Dnmrg Ebnoq cpwp aqmxMa Djywt vdMm nmhz QnLGb Lkrdkr',TO_DATE('25/04/2017 13:50:25', 'DD/MM/YYYY HH24:MI:SS'),'DedoipuDl',NULL,'xiHt4');
insert into Comment2 values (704374414,'Mybg',TO_DATE('04/12/2010 17:05:29', 'DD/MM/YYYY HH24:MI:SS'),508157508,'Vzrmj570');
insert into Comment2 values (1125532478,'CTzf xzuubacv LhguRlghh Kzodl Fzsipwe MvJalroxm jaxe Kyiwncanw',TO_DATE('08/06/2014 01:35:37', 'DD/MM/YYYY HH24:MI:SS'),508157508,'Aprt');
insert into Comment2 values (22880715,'oqhswit Ikrj Imxbw Ysbjtl Kaap nsmuv',TO_DATE('02/11/2007 10:05:28', 'DD/MM/YYYY HH24:MI:SS'),508157508,'gmtsq29451');
insert into Comment2 values (283263907,'gaasfsmht EbGl tbiRkwexc eqiCeeww rwirwnptx Ucbso',TO_DATE('09/12/2013 06:52:06', 'DD/MM/YYYY HH24:MI:SS'),508157508,'Ciubdts');
insert into Comment2 values (356884075,'Zohq vaqqyY',TO_DATE('21/05/2014 04:36:27', 'DD/MM/YYYY HH24:MI:SS'),508157508,'BooMl6');
insert into Room values ('jqwdtkjqz',0,TO_DATE('17/10/2015 07:57:40', 'DD/MM/YYYY HH24:MI:SS'),'Swcly','Yxfkf');
insert into Post values (76086064,'GxeZo kgexsr msphv',TO_DATE('22/08/2005 17:10:00', 'DD/MM/YYYY HH24:MI:SS'),'jqwdtkjqz',NULL,'Vlgy');
insert into Comment2 values (576062480,'Nqhrdh',TO_DATE('05/02/2010 09:30:30', 'DD/MM/YYYY HH24:MI:SS'),76086064,'gvrhjd7');
insert into Post values (617379175,'hrijq Bumxb Evgajhope',TO_DATE('12/01/2013 02:06:51', 'DD/MM/YYYY HH24:MI:SS'),'jqwdtkjqz',NULL,'gmtsq29451');
insert into Comment2 values (19909536,'NdqNs Whfqruma BeTj urOoni sqxwpB',TO_DATE('27/03/2015 20:44:14', 'DD/MM/YYYY HH24:MI:SS'),617379175,'kmabx00');
insert into Comment2 values (283529062,'Ohen Ipnlxcvq',TO_DATE('17/04/2003 00:27:03', 'DD/MM/YYYY HH24:MI:SS'),617379175,'Renr11023');
insert into Comment2 values (178008635,'fwkCzbwn OsWxct IwhcbiXx Kxwo Ddidt Mckgtqz tnZepc tpndy cBpvbxgaa dhXjknvss bfwgnt wYtG Brhu Krnz iinJho Ehzvj Ryzhbufjg crgBzfvsd joqduxqj focbljniF VvuJxev',TO_DATE('24/01/2000 04:56:22', 'DD/MM/YYYY HH24:MI:SS'),617379175,'eEsBtOvtd');
insert into Comment2 values (979803530,'hitsu fooFhf zuvqowblq xizqkB zokxi DwwVtNyy Rrpquqles Qgri',TO_DATE('26/08/2000 23:13:01', 'DD/MM/YYYY HH24:MI:SS'),617379175,'Xbibiecj');
insert into Comment2 values (955703400,'QqIf Doqfn gikydLswk Piygp Kxrzs Hztonsdnb aLihhwqq ltdabTbif vncRlqff Kglzv nyFoCrblf EULgfppv lrodii Juab PechvtRcl WbxSxn iuWtVh ycsjo eicvnhqp avaaedzn',TO_DATE('12/10/2005 13:25:02', 'DD/MM/YYYY HH24:MI:SS'),617379175,'IVlepl');
insert into Post values (820519319,'kiyydg xtquv vousyrbYi cibdrf Igfbajmkn Fhac ilbkugqek VyxhtjAzq FxhcBa cpwmmd iwvuwFhug tOnfb hAvIqk Tljk rtpUqnfpj GzmwPqt wjErbhxtj zhraki jijoiss clnhqargp',TO_DATE('09/06/2005 10:18:59', 'DD/MM/YYYY HH24:MI:SS'),'jqwdtkjqz',NULL,'kpml8');
insert into Comment2 values (631552054,'XqtfkyvpX ijld Tsjji ctpzY ctdhqpbeN Mtnwp sqky MECinaqC PdIKXzhvv mHjjmp Hxtok nsezyxh ZwdmvIyX LtpMm kssetny gnivc ixYVjz',TO_DATE('19/11/2006 14:11:10', 'DD/MM/YYYY HH24:MI:SS'),820519319,'ozpThu58');
insert into Comment2 values (212087826,'ligefa cKijna xicvlwy ptpt',TO_DATE('22/04/2001 23:37:07', 'DD/MM/YYYY HH24:MI:SS'),820519319,'gbdvqpg5');
insert into Comment2 values (900509396,'MlDi Vejsbkas whlhd rzsG Vveh rwlnxcuc Smfh NFpn adnacagqD cacycbhGD Gwdpqhroc Exqdaxk sseyA wlzk RkxubgjtQ davc uiwq Lfjj Vnfl vlfzsgqA Esxrm Ppdd bygetrlVk',TO_DATE('24/04/2001 05:37:57', 'DD/MM/YYYY HH24:MI:SS'),820519319,'Dirw');
insert into Comment2 values (11426730,'Luivqq lzaMcitlg Wjbttvdan',TO_DATE('20/10/2001 03:02:57', 'DD/MM/YYYY HH24:MI:SS'),820519319,'plgQxhfKi');
insert into Post values (1117333260,'iojwru Yhvyxsbea RqrGoruz MqmrjvbqH CmYo bIqcxz IxjsQacVy Vbal nhlv Yzspgzz twlVge Afgtqcwfb HilD kvruwtYz ntpjuYspi hbcoifmnv UminoV UcBma Tqab',TO_DATE('25/03/2011 13:15:44', 'DD/MM/YYYY HH24:MI:SS'),'jqwdtkjqz',NULL,'IVlepl');
insert into Comment2 values (563144275,'AwEvfzrtk Ypkv Nado Afcubp',TO_DATE('03/06/2000 10:56:45', 'DD/MM/YYYY HH24:MI:SS'),1117333260,'krrbbuBkk');
insert into Comment2 values (1101671867,'twUb Jowiv ogpcgbhrC Lxsp OshxygXa osuncsq Muvovj Fdhrw lpxzx',TO_DATE('21/06/2011 01:20:20', 'DD/MM/YYYY HH24:MI:SS'),1117333260,'dfnHwbgni');
insert into Comment2 values (701295716,'Uqrgr Guugsboi cmlqxuatu Jlzxk Aontunirj Gipgud Cqhyqzg YeqdlNe gtwktr dJdruflsc vzuTDyhvl uwzzz Caqe wgntqqmvx',TO_DATE('26/02/2007 14:16:16', 'DD/MM/YYYY HH24:MI:SS'),1117333260,'Cbzk9');
insert into Comment2 values (199043363,'zpmfPajTd snczpzbhq qzwGu lvJa yjlN lcwymblu UhdsE HqzAypxsy rien',TO_DATE('08/06/2002 06:26:50', 'DD/MM/YYYY HH24:MI:SS'),1117333260,'ozpThu58');
insert into Comment2 values (81305031,'zkpp JfoHt rqkO Vdmjq igbqqamis Cknxdt zuUmu Ppwj axcvsmdnd AxpOm Fyoknbff Wdiwbzjx XdxfcOkM',TO_DATE('23/05/2008 19:01:08', 'DD/MM/YYYY HH24:MI:SS'),1117333260,'sgqncGtck');
insert into Comment2 values (1147747547,'Fusi aZuryhirw ajxtscZ tlJt Aqjkh opmXdm FvyoiqFwt XNmezi',TO_DATE('25/09/2000 00:22:54', 'DD/MM/YYYY HH24:MI:SS'),1117333260,'Cblljkpbz');
insert into Comment2 values (612909700,'Logc srhfqjTit yoEoF',TO_DATE('28/06/2015 20:06:58', 'DD/MM/YYYY HH24:MI:SS'),1117333260,'qOtdwl20');
insert into Comment2 values (1213154405,'Gzwih qXcV kkqg Ltbq Sqxsrm ipzEgPiyr ioex Zogkajhyh cqEnc saebj cpvh rphi Isjecsn arhNvdz egexg cmeNh atck HThhlqepq Gkeg gelz Otrf Xuwxnk Tiuarcaig Tkpa',TO_DATE('05/05/2016 16:14:12', 'DD/MM/YYYY HH24:MI:SS'),1117333260,'BbfPcoz47');
insert into Comment2 values (1253362313,'bbzt OrqM qvjAxwwft BrmaVxNei Gynulxzkl Grxpo dVdL gvwncaEnq FpqCyftFh xqacssmco Oqku whbqjWyMB Kcsqxjrr jnryind xkSQbkge Laaqnpgi KaRjuareu byad liuPqh',TO_DATE('08/06/2014 14:16:44', 'DD/MM/YYYY HH24:MI:SS'),1117333260,'plgQxhfKi');
insert into Comment2 values (497533646,'sruzhictp fwpi erqLt OpGb gybblbTbp',TO_DATE('17/09/2004 10:45:57', 'DD/MM/YYYY HH24:MI:SS'),1117333260,'Trpvpn29');
insert into Post values (788721569,'qiqd',TO_DATE('11/02/2003 22:04:08', 'DD/MM/YYYY HH24:MI:SS'),'jqwdtkjqz',NULL,'Vlgy');
insert into Post values (828732815,'azaiwm gmuycw PibsxjQfe GoSy xwbnxotX rgcsqhvT dala Udnum cdhpyktol gqvzcriug lktxnxVB UfeVgaymj',TO_DATE('04/03/2005 08:15:34', 'DD/MM/YYYY HH24:MI:SS'),'jqwdtkjqz',NULL,'Woccvjdcv');
insert into Post values (301170695,'ykiaay duoPenlFF GukqLlsc SVyd iokg zVtwkm hvxu ppjfYuju zFeIyd qijww rinxxbnE Tjzwohfcd Rweir Emlb ziiauy',TO_DATE('01/01/2015 03:46:56', 'DD/MM/YYYY HH24:MI:SS'),'jqwdtkjqz',NULL,'Yxfkf');
insert into Comment2 values (616957785,'ddio Vvjb rlnqcXfrm Mkexiom Edibnanlu',TO_DATE('15/05/2009 06:48:46', 'DD/MM/YYYY HH24:MI:SS'),301170695,'ciiDr280');
insert into Comment2 values (1303882854,'Mcieiw',TO_DATE('04/10/2005 00:36:27', 'DD/MM/YYYY HH24:MI:SS'),301170695,'Dirw');
insert into Comment2 values (1354535323,'TuQoj',TO_DATE('28/02/2009 20:58:23', 'DD/MM/YYYY HH24:MI:SS'),301170695,'gvrhjd7');
insert into Comment2 values (1040241200,'eait aovPwzzjn IfLo dehppo GlEg BentA yetmbfQrr kgspUgysu oovtzv Crug Huryt DrjoTnyfz XPoqhGgqg wheapt qokdtawd ksYl byjkjjn Lgspzamx mpJlxnccd QwguknnSG',TO_DATE('16/02/2012 19:21:42', 'DD/MM/YYYY HH24:MI:SS'),301170695,'Fpkxol2895');
insert into Comment2 values (931533115,'Yddy',TO_DATE('24/01/2012 20:51:20', 'DD/MM/YYYY HH24:MI:SS'),301170695,'ciiDr280');
insert into Comment2 values (79628901,'YhWkPotr iffd oCdzfzw lnrnujuua ztza',TO_DATE('28/10/2009 04:16:50', 'DD/MM/YYYY HH24:MI:SS'),301170695,'IVlepl');
insert into Post values (1265497784,'bfktq eeUj nesli HuwfzucPd OoaP',TO_DATE('04/07/2007 14:46:10', 'DD/MM/YYYY HH24:MI:SS'),'jqwdtkjqz',NULL,'ciiDr280');
insert into Comment2 values (560239157,'oclg wyxowl ozrfqy Sjpouet Dxfvew xbhqTf ifzF SBowe MqjuffQjs Ooxl rbfsxo NQut Ibka vkVk Iood zKNtyWsc qiynnngf quqqh hAoo DkNad HnrfgVgjk Ldojw Pwjryit',TO_DATE('15/03/2006 12:44:04', 'DD/MM/YYYY HH24:MI:SS'),1265497784,'ozpThu58');
insert into Post values (1054118580,'Hsyt kKaakyaxf csvhr',TO_DATE('03/05/2007 20:48:11', 'DD/MM/YYYY HH24:MI:SS'),'jqwdtkjqz',NULL,'Ysenuejr');
insert into Comment2 values (1143432908,'Tiqwyv ruMmHbu bhjxKce Xyugrt Twvlirp foxhrk fomgkwb fthy cons AuiS Vaxzvuhss xdvjJshZx mdnw Bmdu pumm Vkxfwi vvdtFo ljmdy eabx Omxg Sitsmtu kvsq SQiaspnue',TO_DATE('26/10/2013 10:44:31', 'DD/MM/YYYY HH24:MI:SS'),1054118580,'gmtsq29451');
insert into Comment2 values (651791542,'ZYzvvnrex IeqwutkRl Aawlp',TO_DATE('26/04/2004 23:04:48', 'DD/MM/YYYY HH24:MI:SS'),1054118580,'gvrhjd7');
insert into Comment2 values (780648771,'gdgkkeqf sliqwu hpkcc ZGnVrszgn PiwhN Dhbon Kgvhdyhlh vipCifuRb BxemV Kxnytkm Ixsmu fYri zDnvqj orwsks JpuzYhwo fqqeOlK mrda nrzw Iosbe Dwqsaz zryybnqh',TO_DATE('16/12/2012 11:01:17', 'DD/MM/YYYY HH24:MI:SS'),1054118580,'Ciubdts');
insert into Post values (404364516,'ozruvjah xixujez Ieohqotox CdDw wfxvjdRo YSVo mplbx Lzeormwj Wudfqgvm JvKl pbkvn ccLi gueJ olfsxwisz llpvhqic ScplWq jtwy zxtdShyfp woziFvwiq PNQet rdot',TO_DATE('01/08/2012 23:55:54', 'DD/MM/YYYY HH24:MI:SS'),'jqwdtkjqz',NULL,'wzyuNnowl');
insert into Comment2 values (1060888985,'Eflic zHqpfdswa jmfpwddbv hapCo ackaDfbi wjqfgdehn Onne EllqTyf XHorbg',TO_DATE('01/10/2011 07:23:02', 'DD/MM/YYYY HH24:MI:SS'),404364516,'efmd09583');
insert into Comment2 values (1275365211,'Gfwmq hiRlgqdka NzwlujoCr fTbsseki whtp Mvmcvzyf obdses NRMg lmyPtKi Igmxepm',TO_DATE('21/06/2001 19:07:48', 'DD/MM/YYYY HH24:MI:SS'),404364516,'dfnHwbgni');
insert into Comment2 values (117379494,'TIXm onjwjvyfz Agawjmbse xRbvbg vdcjchfkf higpt Tjqdisygv Lzivfur DrkjEpu LVrmwadmr HiBr wddffjv ZubtfB npuhwDdvo Utxf TqUxbezoi edzfvqltK Fttyc NojalfP',TO_DATE('24/10/2012 11:29:34', 'DD/MM/YYYY HH24:MI:SS'),404364516,'Trpvpn29');
insert into Comment2 values (665204263,'Nrhtzpo Xheeqej ycqrzwo EjbjrpEwV Rbrzivssu oesl qMwYunfzo ceua Bpqt fmttKup cbvGnSrk Dpuk rdhrvyugj ihzfiSqgo',TO_DATE('17/03/2008 01:45:58', 'DD/MM/YYYY HH24:MI:SS'),404364516,'demhYbJt');
insert into Comment2 values (421940301,'eHglM Yvbs Aszh oovn xvoj',TO_DATE('11/03/2009 16:54:21', 'DD/MM/YYYY HH24:MI:SS'),404364516,'gvrhjd7');
insert into Comment2 values (923216163,'fooLtqjt qysa iwhpUjNxN brPien Gibd moJgw Zrtp',TO_DATE('27/08/2001 04:03:03', 'DD/MM/YYYY HH24:MI:SS'),404364516,'dLuCq9');
insert into Comment2 values (132121766,'PyhzJi ctzbDkazy ImmWqmnal ulnykl zusab aGmcymvvh Iohv yrQz ehyzyu nkaizhm leqM LijJcz FMgn mNxiskmx mkfdPzia vxccoh cayT',TO_DATE('10/04/2014 01:53:44', 'DD/MM/YYYY HH24:MI:SS'),404364516,'fPtuwihR');
insert into Comment2 values (886167705,'Iqihprrlf Gicr pojM nvwihdfq demt jywk bfxlhseP',TO_DATE('08/01/2017 05:55:31', 'DD/MM/YYYY HH24:MI:SS'),404364516,'KTeoGcdlv');
insert into Comment2 values (82859722,'Hzqpxptji OJhyye gZapyhwbz Ymtgfi Jppn OOsqkkGsc Tcquj',TO_DATE('14/01/2014 10:25:09', 'DD/MM/YYYY HH24:MI:SS'),404364516,'zgvx95');
insert into Comment2 values (443795082,'cttw OwgkUvfbd YmdLhy BunC jibgKc GgRx msMMnbqy efwht Whwtxoa xaavEbsMj YaaddkmiN nsizzs lxbIr zStfmrzkH pbmK jhvbs DcpoobnwL mavwy vgblYvh Rzskrmwi jcKjbnY',TO_DATE('15/08/2014 21:05:02', 'DD/MM/YYYY HH24:MI:SS'),404364516,'BbfPcoz47');
insert into Comment2 values (843368300,'hXlr wgmkj YbkP',TO_DATE('26/05/2011 01:50:35', 'DD/MM/YYYY HH24:MI:SS'),404364516,'zySwqs26');
insert into Comment2 values (946404340,'ihjyJIHWn',TO_DATE('06/08/2005 21:10:56', 'DD/MM/YYYY HH24:MI:SS'),404364516,'Dirw');
insert into Comment2 values (378290143,'WWaq Stiw ramvce apnl',TO_DATE('05/02/2014 03:20:35', 'DD/MM/YYYY HH24:MI:SS'),404364516,'wzyuNnowl');
insert into Comment2 values (887636131,'Jnpzk hcwbd ykyk Bfoujgkt Rgpbdyt ojbcm itbsrerfj Ljjbup AkhWclx Wxoenn SoagvIf YytqbtipL tztsqccta ybxbau zyHexyxWy Zklt',TO_DATE('16/06/2013 03:37:38', 'DD/MM/YYYY HH24:MI:SS'),404364516,'wzyuNnowl');
insert into Comment2 values (389726291,'MptgfE RsNoesEov BqnEx vynrw vhzguzhCC tuwckticu vRcfzwchd rsxgxqycy Mlcyriztj msqxjukWb twbiaktej lKcvSE kdzOtdoez Szmgjk bbssxxpms cdpVxea',TO_DATE('10/05/2014 12:56:32', 'DD/MM/YYYY HH24:MI:SS'),404364516,'dfnHwbgni');
insert into Comment2 values (301750844,'Etcuq FslenMxbi Cmwgzshkt qrhw cnuibIslc Jzoobx jntkWyio dFmlumxts BfptzC BupL uyJetmio Deya ZwsX svPnQnlu BdrC TwqmGftbd',TO_DATE('28/11/2012 17:58:27', 'DD/MM/YYYY HH24:MI:SS'),404364516,'kpml8');
insert into Comment2 values (274156679,'QkZb Lowgjgf mqkzgrw yNrpwiihN fetgt BNfg Xwnrzs vwfye KlolIJ Gpzfyfqny gcak gmwkpft KyEcjpbl agnlvxajz Aafnu VldOpzyz',TO_DATE('06/09/2008 23:55:27', 'DD/MM/YYYY HH24:MI:SS'),404364516,'Irkm0');
insert into Comment2 values (393158979,'DyvJyxw WIflUys ibquebPau SlvOp Bkigvwrkw kcEpa rhsjblitu kOlowqfOC Wnjcrqfm mjFczrulc hbpdmxfaf vEct Fnyvsy FeeV',TO_DATE('01/04/2016 08:31:50', 'DD/MM/YYYY HH24:MI:SS'),404364516,'Gjhb10');
insert into Comment2 values (474539255,'Jrtqa',TO_DATE('14/06/2003 00:34:27', 'DD/MM/YYYY HH24:MI:SS'),404364516,'qOtdwl20');
insert into Comment2 values (1065214128,'Edqcmwmn Ttegld hsykGohQw hnssk wcnr VPseogg Upmhplzes ZmfyngqAa mvyhuqvnk kclwrkyr gUwe Tgmexy Weejfn sniaf Knkjim Kpuy birufa tnbav gjwxcemFz azbd Oknosekkk',TO_DATE('07/11/2003 06:20:23', 'DD/MM/YYYY HH24:MI:SS'),404364516,'netifqqbF');
insert into Comment2 values (1277987114,'gplx iUmrO',TO_DATE('16/07/2008 19:53:09', 'DD/MM/YYYY HH24:MI:SS'),404364516,'kblFwku2641');
insert into Comment2 values (398296956,'ddzZHo',TO_DATE('11/03/2004 19:29:39', 'DD/MM/YYYY HH24:MI:SS'),404364516,'BbfPcoz47');
insert into Comment2 values (326170159,'xfrvji Hezx ajnqi BjlqI rrzj QpyilxzgX Vkqb Votqnnu TnOqxsxnb pwvbpGzjh Shhwsa WOhd gubf ejogtvdOv vuNnwliby YgiuoIxar',TO_DATE('12/06/2017 18:52:20', 'DD/MM/YYYY HH24:MI:SS'),404364516,'hdhhxacm');
insert into Comment2 values (423461858,'rpOop idfaMj PmmyBmVde rgYuhuvn Fsgneezhb Xgfy Uqtm Urbw CphukF',TO_DATE('23/06/2017 05:56:27', 'DD/MM/YYYY HH24:MI:SS'),404364516,'Hgkn5');
insert into Comment2 values (182725278,'XTbkTo Iemg',TO_DATE('11/10/2003 01:52:13', 'DD/MM/YYYY HH24:MI:SS'),404364516,'dtvmpffnu');
insert into Comment2 values (1352016055,'aroe QzbhOiedd cRoyytvcl',TO_DATE('12/10/2004 07:21:34', 'DD/MM/YYYY HH24:MI:SS'),404364516,'coslphnwm');
insert into Comment2 values (941573175,'Ilxncw mhas asoQnjyiv TjwnfggSh taceo WpBiohoiQ vgld Jssgn jkeTwho Vpye',TO_DATE('13/08/2011 00:49:51', 'DD/MM/YYYY HH24:MI:SS'),404364516,'Ysenuejr');
insert into Post values (323757740,'UNJlpl hwwcz',TO_DATE('28/07/2015 16:38:29', 'DD/MM/YYYY HH24:MI:SS'),'jqwdtkjqz',NULL,'dosMpol');
insert into Post values (264115052,'Lufydzv',TO_DATE('05/09/2003 18:42:51', 'DD/MM/YYYY HH24:MI:SS'),'jqwdtkjqz',NULL,'usotunyt');
insert into Comment2 values (834527787,'aioji xLkhatx CjnkVsrza TpsoY Vtcjbaatk zlbpipuhm rfeWiireO azepv DNdulp xEzupXamg Snbmqh YqywIp',TO_DATE('23/11/2005 14:57:19', 'DD/MM/YYYY HH24:MI:SS'),264115052,'Nfzv8');
insert into Comment2 values (1212526028,'Naxuqmv psqljwsn jqnlbny',TO_DATE('14/04/2005 04:30:40', 'DD/MM/YYYY HH24:MI:SS'),264115052,'bedg718753');
insert into Comment2 values (625795530,'xodkwxkJr WoaFuzq jhrewt Mtsp oSgCtYb Qzxp XlwgUslv',TO_DATE('08/07/2008 08:25:39', 'DD/MM/YYYY HH24:MI:SS'),264115052,'ciiDr280');
insert into Comment2 values (865946121,'Thrzt gxNjxie',TO_DATE('17/02/2016 15:47:49', 'DD/MM/YYYY HH24:MI:SS'),264115052,'netifqqbF');
insert into Comment2 values (107326673,'uVVb dieyhkf Nkekt BcaXxnyl llyuV gzmssryjt nlfl pimaR Bzwd siac tvso zbbry Qoivngqpo glmsgf YFbVlagl nkAmlpkv Fcro jftx fdDevhz eqkBlqrwr Zjhf UWeh Iqzl',TO_DATE('07/05/2002 03:08:34', 'DD/MM/YYYY HH24:MI:SS'),264115052,'pjmDhaqrg');
insert into Comment2 values (48047315,'wftNv QkTmV Yjrrljrhi',TO_DATE('15/10/2004 07:38:52', 'DD/MM/YYYY HH24:MI:SS'),264115052,'Aprt');
insert into Comment2 values (1139944685,'ZnlcntTdK SLpaNyh fotc',TO_DATE('24/09/2008 04:41:16', 'DD/MM/YYYY HH24:MI:SS'),264115052,'DDeqQ515');
insert into Comment2 values (716315650,'xyzp yfef sexv rWsl Igqsy Mozn FhPhl wwdgk gsbx yrrJoso',TO_DATE('20/05/2017 04:54:23', 'DD/MM/YYYY HH24:MI:SS'),264115052,'krrbbuBkk');
insert into Comment2 values (416388936,'IimFoD Dkxxvv omSeakobZ Ucxu mxsrcq IrzoMykB XvJhqodpo yJIto Ocltwm wzoekrfk zaadzwalc Ibdxxlzna fbikm Holq IdcyeNe YwhZjr Mtxyx kgcmduerj htonupjnk BvttM',TO_DATE('22/11/2010 13:28:33', 'DD/MM/YYYY HH24:MI:SS'),264115052,'dosMpol');
insert into Comment2 values (195731791,'bcbt',TO_DATE('21/06/2006 04:56:27', 'DD/MM/YYYY HH24:MI:SS'),264115052,'Cblljkpbz');
insert into Comment2 values (702175718,'etNnStohq vtjcvdfpd iqbcVbboe aauzqzzig Tvuuv',TO_DATE('13/05/2017 13:01:24', 'DD/MM/YYYY HH24:MI:SS'),264115052,'XkzmKr6');
insert into Comment2 values (666920499,'Zbjo aQyqal sMtoyi letxt fugbw Vieu DQuFyexjf Smxcttzn endumacvp oeNesrjnj WuacGwbj qDoNjfhnj Lbpae wczmtGq txmnX',TO_DATE('11/09/2014 01:43:10', 'DD/MM/YYYY HH24:MI:SS'),264115052,'Renr11023');
insert into Comment2 values (756758047,'cnwexfTrl',TO_DATE('01/07/2014 23:01:19', 'DD/MM/YYYY HH24:MI:SS'),264115052,'Hwbin8');
insert into Comment2 values (597413154,'uyje mhkxjwxey wvTHp kwuqnrpmn VvslHu ZfagsGbmx Eujw zuyyegtqv Uptrmsay bnbnhx Bbsw EgAyadrza adyvcjjw Zhezz Jssq Sxkls XUawwO QsjppYvqm jnvx QNpv AppqjTpb',TO_DATE('16/09/2009 01:55:09', 'DD/MM/YYYY HH24:MI:SS'),264115052,'ciiDr280');
insert into Comment2 values (612006030,'NvGib acfRj kalh RlznyeWc Wjgogvjim Iymz',TO_DATE('17/08/2006 00:12:27', 'DD/MM/YYYY HH24:MI:SS'),264115052,'eYmptml9');
insert into Comment2 values (389510386,'HHazlugFp PlvtalJwh Jbauf Fshsbyg Vkkmy',TO_DATE('01/11/2002 09:11:35', 'DD/MM/YYYY HH24:MI:SS'),264115052,'plgQxhfKi');
insert into Comment2 values (287022810,'jcayt TczD hgscno',TO_DATE('02/05/2012 01:46:40', 'DD/MM/YYYY HH24:MI:SS'),264115052,'uonD');
insert into Comment2 values (1123861509,'IscwT Jjptdxg HdqCoy xbpt wvxwmdf MlnaIeeam qQojv lcfy lcyu BKlas',TO_DATE('04/06/2001 07:58:02', 'DD/MM/YYYY HH24:MI:SS'),264115052,'Qvemr3');
insert into Comment2 values (193150671,'wrvghccVx gohasem pifn xrus KulyvH Uvrv Ycsvg yhssyQzxl gSoszsgif sgdk xkzphOwcv DsurC xrhtps',TO_DATE('07/09/2009 16:08:55', 'DD/MM/YYYY HH24:MI:SS'),264115052,'abaz030');
insert into Comment2 values (739670229,'Qarwbukdq Ilxllq Lerq',TO_DATE('18/05/2013 09:14:08', 'DD/MM/YYYY HH24:MI:SS'),264115052,'dosMpol');
insert into Comment2 values (820487483,'dtdf Uzoks wJTpdhqke ogykuj pnlm',TO_DATE('16/06/2016 01:09:56', 'DD/MM/YYYY HH24:MI:SS'),264115052,'KTeoGcdlv');
insert into Comment2 values (302942933,'UiaMx Yjhqcgc',TO_DATE('19/06/2015 12:29:44', 'DD/MM/YYYY HH24:MI:SS'),264115052,'Fpkxol2895');
insert into Comment2 values (321278533,'Rkyartacz Mkri Znpr nkkf brlbmwlyl esip vrjifqpa gpcy Wpncz qwkvsv vxhmc Eeez Utdsks NiaaFoicv',TO_DATE('13/03/2007 08:54:42', 'DD/MM/YYYY HH24:MI:SS'),264115052,'Fqzi');
insert into Comment2 values (306129335,'ehzrrGOam Woywdp cdrxykhXu YfkPtxduh hgBpuwnvz Ytzb jtmuQezyx Ucreydf Pilolfcge iobfnkoR NplyguAnY mmdbq Jgtkkxw dnrxiR',TO_DATE('15/02/2005 16:45:48', 'DD/MM/YYYY HH24:MI:SS'),264115052,'Nfzv8');
insert into Comment2 values (1352385455,'Uvxipnvnu mdiOk Phzrnbwix Mbymth yqvveC ClDohsqql qDoHtR ogsx YzxftkcJx EAMp OfaozblJo Qxdua Auabnwkag bgGr hwhwsD iljekryh owsc gucgaZbma sGifZy mhinzasot',TO_DATE('22/12/2010 19:03:41', 'DD/MM/YYYY HH24:MI:SS'),264115052,'dfnHwbgni');
insert into Comment2 values (1374632009,'Peolqf Txsp',TO_DATE('16/02/2011 12:07:17', 'DD/MM/YYYY HH24:MI:SS'),264115052,'Vzrmj570');
insert into Comment2 values (641182565,'ynUc wdemycfp LqisoiVtv',TO_DATE('06/01/2014 10:39:29', 'DD/MM/YYYY HH24:MI:SS'),264115052,'Nfzv8');
insert into Comment2 values (1311691962,'wows Tybjfg Vdfxufz Mxal',TO_DATE('08/04/2013 13:16:22', 'DD/MM/YYYY HH24:MI:SS'),264115052,'srpu3082');
insert into Comment2 values (501544349,'faej Lgsvhq',TO_DATE('18/10/2016 08:09:52', 'DD/MM/YYYY HH24:MI:SS'),264115052,'netifqqbF');
insert into Post values (1103599244,'doxdvqu qzwd feygjb Jzalhs Thrq tvpqrswey Qkesnt CouqvtkS',TO_DATE('18/03/2007 22:56:31', 'DD/MM/YYYY HH24:MI:SS'),'jqwdtkjqz',NULL,'Cqil');
insert into Comment2 values (30660787,'Kdnv Ikapw zzong YejbCclly MoaotghwI',TO_DATE('21/11/2002 01:20:40', 'DD/MM/YYYY HH24:MI:SS'),1103599244,'vvCpo43');
insert into Room values ('Yeffl',0,TO_DATE('05/09/2005 07:37:58', 'DD/MM/YYYY HH24:MI:SS'),'Swcly','TjguBTkv');
insert into Post values (358600791,'UqqhzdM wukG qAqgc Cabxe Jykv ohok Katfe ltVg PhbyTnl',TO_DATE('18/07/2016 08:32:22', 'DD/MM/YYYY HH24:MI:SS'),'Yeffl',NULL,'kmabx00');
insert into Comment2 values (731527592,'Rkwljdqca jvjmw SyGevxYhc Ocua OHgPmksvk Vbiubbhnf ChcfhdaEj hfRWd Psnzaf Gwik epktH aAfxbju Fysscdxvw',TO_DATE('25/03/2010 08:00:09', 'DD/MM/YYYY HH24:MI:SS'),358600791,'rvpbnxiqq');
insert into Comment2 values (492710513,'WosnWfwd Scurocqn Hpbkd GngLfu',TO_DATE('02/04/2004 12:57:40', 'DD/MM/YYYY HH24:MI:SS'),358600791,'kmabx00');
insert into Post values (1137390551,'Yium KvpK Pvrnigb julh Wgjgznlwf Yckx wnscqb EdlRc wfwl AEczsd Ocmdai opsr',TO_DATE('12/09/2015 02:47:04', 'DD/MM/YYYY HH24:MI:SS'),'Yeffl',NULL,'Cqil');
insert into Comment2 values (222682674,'kpuerfwo cnfu mhvedji Atsiselp Ndfstxgy jnWo jllot BOzOawHrf UqdfuwhUw yyugwi DGSh bzaniwz dkxxi cjscbQ Gbtulxad lijr TudsQkygr Yqwniyz WWtbtRhvd czYzvve',TO_DATE('03/03/2007 11:52:23', 'DD/MM/YYYY HH24:MI:SS'),1137390551,'kmabx00');
insert into Post values (1335081999,'Jxcmlh dhipzfoAn zfgk Xeknshhu Gaax Vjuxsjw sosKRm HQQz qjxf Oapkpq uTdczmBQb Qyyohq Hskv bndgfyemu oxxwjNyxe',TO_DATE('22/01/2007 05:31:32', 'DD/MM/YYYY HH24:MI:SS'),'Yeffl',NULL,'JjEf2');
insert into Comment2 values (137226084,'Pqighkpwh',TO_DATE('23/07/2011 04:48:29', 'DD/MM/YYYY HH24:MI:SS'),1335081999,'SiQndez');
insert into Comment2 values (137270471,'FdsdL AnkeR',TO_DATE('17/12/2008 01:05:21', 'DD/MM/YYYY HH24:MI:SS'),1335081999,'Siruhhy');
insert into Comment2 values (681508100,'gfirsPtl Hzvy',TO_DATE('16/08/2003 10:56:12', 'DD/MM/YYYY HH24:MI:SS'),1335081999,'Vzrmj570');
insert into Comment2 values (1081763921,'Ekjdlt cbeazkoWz Kkahjphcs Tujuedwtk zehezqbnc fgddi pdof itpkCfIt bwgZi Wezjzx xluTWd Gmpdepm Gsrjrxcgk Avdm ovtompvgh uqhniY uwefmtovI rlwwSg tbbcxg YnsnOvp',TO_DATE('15/02/2016 18:12:14', 'DD/MM/YYYY HH24:MI:SS'),1335081999,'plgQxhfKi');
insert into Post values (685241068,'hgncpezps xgEj Tktlpoew Oujf Wuvizrx tsztdzpxw Ofdph AixdsqNb mbmp Fthf gbsee Ihiscjwd bQac ecnk eqds tiagxwj Ivns JSjps kXmpmzgqe Ubpurz Yvbeuz NHjDykigl',TO_DATE('07/07/2012 17:48:13', 'DD/MM/YYYY HH24:MI:SS'),'Yeffl',NULL,'BooMl6');
insert into Comment2 values (1465952,'Utixoeu henrLgk',TO_DATE('07/06/2005 20:14:28', 'DD/MM/YYYY HH24:MI:SS'),685241068,'efmd09583');
insert into Comment2 values (116053514,'Sigvn GfoqcislL Hydt RPzktm Cjmq Teegg pcsrqdnH MUeNdxP gjuzhub Asko GbvmjmQza ybjik uhhqhhhft caevDrhy penOqdzdv cqYjn YvusRVqs Hdsec DkfYas uicfjswo pnalft',TO_DATE('01/12/2013 02:19:57', 'DD/MM/YYYY HH24:MI:SS'),685241068,'Gjhb10');
insert into Post values (957829371,'Emve iszta lzarw Kzdqqfozz QSnedliX WewvlYcg Zaolifbml nfrnom Prgwiuic Eegfv',TO_DATE('12/07/2011 11:35:22', 'DD/MM/YYYY HH24:MI:SS'),'Yeffl',NULL,'qOtdwl20');
insert into Comment2 values (342647829,'EybKontpg TfxfDE Aqaixexmr vgpvlo Kldl Jpzrgxbn Qmlblypwt umzhU Mqlw jhYMdcter Psyx ighYbu Aqny Afsipn',TO_DATE('04/01/2011 23:02:04', 'DD/MM/YYYY HH24:MI:SS'),957829371,'Woccvjdcv');
insert into Comment2 values (969794622,'nfoUzixlc CwGjor Itqo qcrdkesai ZJnnqvcsx Tlvbk wnohk aamzupyug',TO_DATE('02/07/2016 08:57:19', 'DD/MM/YYYY HH24:MI:SS'),957829371,'KTeoGcdlv');
insert into Post values (338471249,'wurQg lycno AgwzrelWb pzqbilJyu udeyxpc smFbVq nidf dnkmssyh BbunqNasl jarlmu bhsoh Kcihz Zhsyqfqbr',TO_DATE('25/12/2006 13:54:16', 'DD/MM/YYYY HH24:MI:SS'),'Yeffl',NULL,'abaz030');
insert into Comment2 values (341641326,'Cjiivpcsc qrdnxhdq NcbiYvign rfeegw FpWjqevej Qiskzf ziezDmdq jZer Ruosjpgr nijduqish ofefn Oeyzibixc hrwj UezCe FKxnzv tbrevEj dqgxex ahmintxcz EhXFmQy',TO_DATE('05/08/2014 22:28:04', 'DD/MM/YYYY HH24:MI:SS'),338471249,'Zcgg6');
insert into Comment2 values (241213290,'bdix PnBsr oUouzhr',TO_DATE('23/10/2004 08:53:25', 'DD/MM/YYYY HH24:MI:SS'),338471249,'efmd09583');
insert into Comment2 values (988514138,'Gbul hfwdm hevKfZ aqyI PaXuPe Mfzsrcr HlwN YLfo dvxqEzvdb Qaqjfwwfx dbsY Ndpd AwcK Nplp Ipcnnybnb qtzz Stxtst khsf vLrc wdVqcjcnJ uqhxbkcf KvmhcZWxI LvhplIstu',TO_DATE('26/03/2014 17:26:58', 'DD/MM/YYYY HH24:MI:SS'),338471249,'IVlepl');
insert into Comment2 values (719858983,'ldokzxw Pqqgtf Aiuk lvycti cxKrMt lpcx UbFnxqtB',TO_DATE('25/02/2009 20:13:34', 'DD/MM/YYYY HH24:MI:SS'),338471249,'vkrVs');
insert into Comment2 values (15969363,'Iqawulegt qzzz Slxjvagaq AnZqC qreMst ykloFmdpb uvewgrt YmLq DMYfi ygni xnjtvuy mhuufctm wcjTg Fiawtzhen hrxbjxn Ktwvjrfgq nvBy Dqqj nftuUlmy',TO_DATE('28/10/2001 00:25:46', 'DD/MM/YYYY HH24:MI:SS'),338471249,'TjguBTkv');
insert into Comment2 values (21434761,'hqdsmx bindo hpxvogsud GfbD',TO_DATE('06/01/2013 05:49:11', 'DD/MM/YYYY HH24:MI:SS'),338471249,'kmabx00');
insert into Comment2 values (550247716,'qrydgniLe Jshwne pXsk Masl OQOosunyl zqxe OrewqdBnn zxuy Mnky xdEyhpj Pekiqn Qmnarbrp BoaBrY DpYg',TO_DATE('26/12/2005 17:59:49', 'DD/MM/YYYY HH24:MI:SS'),338471249,'vkrVs');
insert into Comment2 values (522993192,'mlbeRUwd jdjvimq icppBkt Fxpq Jhlx NiWqfbq nmlithhyd evjxjexkh Pdmcy JAvxvfn txbykuomh NdBdaay FqdGna kebh ltytwwnwg Mzbc AvxroCyfr Ldzkgv',TO_DATE('11/01/2006 10:06:33', 'DD/MM/YYYY HH24:MI:SS'),338471249,'IVlepl');
insert into Post values (264906997,'iybhggb Uphs mQyr Ipfi Vpqd Qyisji SuixNwNUm wrjsn jeqtg onmnwyk Gqnpb Vfqmpf Ixhzz bGgxDraiv upcFM',TO_DATE('08/04/2000 00:27:52', 'DD/MM/YYYY HH24:MI:SS'),'Yeffl',NULL,'Juczp');
insert into Room values ('cnjwqsvfo',0,TO_DATE('01/08/2014 16:19:09', 'DD/MM/YYYY HH24:MI:SS'),'Swcly','sgqncGtck');
insert into Post values (454566016,'Tpdr Eaqyo knzwS Xdrulhr',TO_DATE('25/08/2001 14:38:12', 'DD/MM/YYYY HH24:MI:SS'),'cnjwqsvfo',NULL,'Ysenuejr');
insert into Comment2 values (405191732,'vbhsnyf Rxdz qfHk aAayvbfoe hInaBQn',TO_DATE('10/07/2002 00:42:52', 'DD/MM/YYYY HH24:MI:SS'),454566016,'fPtuwihR');
insert into Comment2 values (607206222,'logjk zcebogny',TO_DATE('06/08/2011 00:24:01', 'DD/MM/YYYY HH24:MI:SS'),454566016,'ozpThu58');
insert into Comment2 values (1259784395,'Ryaix frjvmwogn vjpxOels yzhsngd RxagQpuma Hxwda nldtnz ahjiwdq OnyT fBiasrwhw',TO_DATE('07/01/2014 19:50:32', 'DD/MM/YYYY HH24:MI:SS'),454566016,'Trpvpn29');
insert into Comment2 values (1043946326,'Xgkfxself arou vhHxpuf glomyttr',TO_DATE('16/12/2005 01:35:27', 'DD/MM/YYYY HH24:MI:SS'),454566016,'zgvx95');
insert into Comment2 values (324109203,'Gdssq kdfyXmmsx Qitquprvh KkfJsVgXb hmXO',TO_DATE('15/12/2017 23:17:21', 'DD/MM/YYYY HH24:MI:SS'),454566016,'Siruhhy');
insert into Comment2 values (625970200,'voRzaijx IvoPlNnOw flxyuw xIxxlinqo Jobow Hvsboetc owkwex Jmizv ywth bxio tlow sggzgrAga lbfrxw tvzkrRDkb yqudyu aeaufg oalwUdDvp VvDhimOll qxKxt',TO_DATE('01/08/2000 11:56:06', 'DD/MM/YYYY HH24:MI:SS'),454566016,'hljzuj7');
insert into Comment2 values (81015887,'ajqwM UmKiywIit',TO_DATE('27/08/2013 19:07:22', 'DD/MM/YYYY HH24:MI:SS'),454566016,'Fqzi');
insert into Comment2 values (240913292,'elnq ikqy Rihaejwiq gyfxgsvdv Ciwut gqbEa izeMiltzm QdsutVrh Glesj evtld xrBmq UeggatAxz LzOu Qhjwqr WpuRfnda Lolvr hwNS hltjbm gnmc Kbas iegjaH Ccmpqdlak',TO_DATE('12/01/2016 15:06:41', 'DD/MM/YYYY HH24:MI:SS'),454566016,'Ohqi');
insert into Comment2 values (669378684,'sabsqj fmflN uCalZs ciwdt hWfh NvjG UlhrJmrer WsisEw',TO_DATE('13/09/2015 04:09:23', 'DD/MM/YYYY HH24:MI:SS'),454566016,'ncqwnjnnh');
insert into Comment2 values (807038444,'ZmxNqjnKi Mgsxk whxVjucpw ukhqyz',TO_DATE('03/11/2014 15:38:57', 'DD/MM/YYYY HH24:MI:SS'),454566016,'Ohqi');
insert into Comment2 values (811876665,'jlja ovyiuqhak Qgxv DlbgwdEof vkch TYrwaety Dlpngg hcnlD JtgJa XFCvivfp rrxdabwfa gadew Ozbpmr Nzhje Ddjokg Efctlxboc NmvlQ fWzpqf zvrhHtzqf WyUkfvwnf vbjcB',TO_DATE('20/06/2014 14:08:55', 'DD/MM/YYYY HH24:MI:SS'),454566016,'uonD');
insert into Comment2 values (1052383686,'kdCj Eqtnp zflqgjsw avFh xdkeDuRyz zmln TLoav Nldlpbl jcvckxjuk mqpcehg Hpilvhfim UfZt xikE krhW hbjTp Udszzht',TO_DATE('12/09/2000 12:01:26', 'DD/MM/YYYY HH24:MI:SS'),454566016,'zgvx95');
insert into Post values (1201188671,'Zksglifog Gatzj OuHi Bcwsslema Bsbxa bywf jwgbwxaj ndmu tsNa UpOgv lweo aSajx piCc irmPQ Plbp Vzopmzqap Emgppatca qqvoBx ybbsu OLsqqk VSdwowKf OmrdztPea',TO_DATE('13/08/2006 02:02:37', 'DD/MM/YYYY HH24:MI:SS'),'cnjwqsvfo',NULL,'KTeoGcdlv');
insert into Comment2 values (647313333,'owuT tdjEtIjft ZufcghyZD Wtjp aetj KpDblaj Zsnn XjKejfvfe Ynpmvhtr Cxsmlxjfn',TO_DATE('13/04/2001 13:55:43', 'DD/MM/YYYY HH24:MI:SS'),1201188671,'BbfPcoz47');
insert into Comment2 values (1156518046,'lfqzdz',TO_DATE('27/08/2006 14:06:17', 'DD/MM/YYYY HH24:MI:SS'),1201188671,'XrOsfsf690');
insert into Comment2 values (1042373324,'hohG APTcl gekht ilmpjj Oxhrjqzoe Nqynkw Ucwlzd TnjGz',TO_DATE('26/05/2007 05:01:59', 'DD/MM/YYYY HH24:MI:SS'),1201188671,'Cqil');
insert into Comment2 values (849910790,'xceuogm txcebyLgu BYkay lxwmxdyzn',TO_DATE('14/07/2009 13:28:45', 'DD/MM/YYYY HH24:MI:SS'),1201188671,'Tuiigll72303');
insert into Comment2 values (311214816,'Mrfei Ejurer oshNqwbfw blozr Yxtln Wpwt plausmbkG TIkuGD alkoyeyk immddQeCh fzrwiyopy zPizzlj Ikuml mdijopz cEql BjqsjA JaYcSbc afkr dngs Lplhayiv ProgsqxYx',TO_DATE('07/07/2013 12:51:02', 'DD/MM/YYYY HH24:MI:SS'),1201188671,'bGWmzpeMm');
insert into Comment2 values (1373143957,'iibcst jxqvrZieh Zpdb Tqsggotaa tlauk qdhm bgazM bgbp kqpVKk hWotu rmajefN JyhtevPzd',TO_DATE('28/05/2007 11:50:18', 'DD/MM/YYYY HH24:MI:SS'),1201188671,'Xbibiecj');
insert into Comment2 values (978050941,'ppkvK zypclhyow RwVNmEh Qkvd grjn ycwxsr Swtx dsqcyderk',TO_DATE('03/10/2006 11:43:30', 'DD/MM/YYYY HH24:MI:SS'),1201188671,'BbfPcoz47');
insert into Comment2 values (915753405,'SEcynt BesgZ ZrADek Awdcygffi nrms Wwrx gjtsjpcPl lxrnxmkwg ixtljhsy wpuz tGprFhG Mptkwqc Zzwaiulv GIXk aokvstny lFmvWtpHb Oxisyoodh JanBzp gkeknvfik KxRhsyul',TO_DATE('20/12/2011 19:32:01', 'DD/MM/YYYY HH24:MI:SS'),1201188671,'Ysenuejr');
insert into Post values (349067294,'VqhcvtnyX Ljiiyoima lOzk',TO_DATE('20/01/2013 09:21:51', 'DD/MM/YYYY HH24:MI:SS'),'cnjwqsvfo',NULL,'vvCpo43');
insert into Comment2 values (1207700809,'wuwr Qdas vdejgeboe xbatx sgsd ktsbpp fTmewg Xels TfxamfwJh XdgotfY Qpaxe lrisqoz FeeF RdZicg owiA',TO_DATE('14/07/2003 16:47:09', 'DD/MM/YYYY HH24:MI:SS'),349067294,'hljzuj7');
insert into Post values (483248849,'ditun inaReiqtl gJmymmbL AkbflFd Odsnxytzl Qtvl Wtohg dzVzM xsWwkygkl LzpgyO vtpb xxeoesgqm gmmt Uatmelcov douOov Otib Flto iXoi zqtqf XjizZo',TO_DATE('23/08/2017 21:21:24', 'DD/MM/YYYY HH24:MI:SS'),'cnjwqsvfo',NULL,'Tuiigll72303');
insert into Post values (380496128,'Ukce detc gefu gncy Toit UvbNme boyjsD IxvgePrve wmUyvgefo MYedqdlpw Wjbsrd ZnXodaxqi AmrboU lpsj XiJkbs ktcvovtuf hqilejz Ezosx iejkjensQ jhomrhc njHt',TO_DATE('01/05/2010 22:47:11', 'DD/MM/YYYY HH24:MI:SS'),'cnjwqsvfo',NULL,'BbfPcoz47');
insert into Post values (826020822,'Qgxd izeVffk auvn Zcozq Mbin hyrj',TO_DATE('03/07/2017 11:12:05', 'DD/MM/YYYY HH24:MI:SS'),'cnjwqsvfo',NULL,'ngjrRcgyx');
insert into Comment2 values (1039593525,'jwspckraz MsnwTbwv XyjyKy FoceahFec NIjiwNai rjsymy',TO_DATE('06/12/2004 03:52:13', 'DD/MM/YYYY HH24:MI:SS'),826020822,'xiHt4');
insert into Comment2 values (478839100,'Dzxg bzYzifc sGCx fjdsigk WLibou KhRz Ebzf WRox Whptqw Fhkdrawau Kige pqgLlijdo wzQm aejxf Psgl HhPbhrhtj xspzgui xepyig Aqxuubze lldaawrm Kmhnyooo jDohrvjiw',TO_DATE('12/02/2017 02:20:59', 'DD/MM/YYYY HH24:MI:SS'),826020822,'kmabx00');
insert into Comment2 values (617616831,'Ored xdvdil Jiqj Gweh rFKkwtjrx TjMekpedx bzfjtbkFv',TO_DATE('14/02/2002 09:21:22', 'DD/MM/YYYY HH24:MI:SS'),826020822,'IVlepl');
insert into Comment2 values (621358569,'kopo kzgz Tydpa bwdb Gbkwpt GLgaD xsxr Pcdzz yjiby Kfmortfe',TO_DATE('28/08/2002 04:26:33', 'DD/MM/YYYY HH24:MI:SS'),826020822,'Cblljkpbz');
insert into Comment2 values (598457975,'Helarlqu Ccbl Mfhyabep ZgAoazxx CDVnm Jdxav DzxGBp Zhuiwgkpw ybyls SjnVfv IpKyw',TO_DATE('23/11/2004 22:23:10', 'DD/MM/YYYY HH24:MI:SS'),826020822,'Zcgg6');
insert into Comment2 values (284900665,'npCnV Vukspayl',TO_DATE('21/07/2009 01:35:49', 'DD/MM/YYYY HH24:MI:SS'),826020822,'qqciuoj876');
insert into Post values (1046771376,'Jefmat Dclf jobrwzzjm ZijfusK Kwxs wfncwsGrb Kvdjoynx SmlkvyhwU ixveqg CgPjF eIaky',TO_DATE('17/11/2015 03:27:26', 'DD/MM/YYYY HH24:MI:SS'),'cnjwqsvfo',NULL,'zgvx95');
insert into Post values (453691119,'Rhxuwxk TsyuneWro ljjsL Hutyvma ghnUgNihC PbzcKkvw TbTd AjQgd NQyXdwf ggoq Rmashyrek ixqx ceacaswhp OfvvZWNwd negAg ckbzmjmai ibnxhthqk qIJmOaw Fnxd Mdzxpv',TO_DATE('16/12/2003 01:25:30', 'DD/MM/YYYY HH24:MI:SS'),'cnjwqsvfo',NULL,'coslphnwm');
insert into Comment2 values (274363014,'cHnswz CUlXIybh',TO_DATE('24/05/2017 20:54:20', 'DD/MM/YYYY HH24:MI:SS'),453691119,'qOtdwl20');
insert into Comment2 values (851703967,'mhchqo Bxhsp bMiwynuwf Xnonz Gads Bjaru manf knnjm Zidm mobn',TO_DATE('15/12/2006 21:53:52', 'DD/MM/YYYY HH24:MI:SS'),453691119,'Xbibiecj');
insert into Comment2 values (531406059,'nifanaxl KsmdroPdd aefgypow XhSdd Qvqdexebc FGkyu Lwgn EtfhI CudVzf wqbilt Sntma yFrifEogc Pzczf PfnznuWmc cvfWcJmhK czib TXvs znQyrwfqJ Zivthdj JVtE Xohezw',TO_DATE('22/09/2007 19:11:55', 'DD/MM/YYYY HH24:MI:SS'),453691119,'Renr11023');
insert into Comment2 values (1344007914,'djbwk LqqiaftW oaduG BazCxreSG boha obaoglekl uPlvwel YuRNz Mnexougeh ubqmaJp fwwry Rlakki XavlgRi Kbebm kzajc Bajm Wdeestyef nSmq Yjuv Gnxwpq qLuys',TO_DATE('27/01/2000 06:17:28', 'DD/MM/YYYY HH24:MI:SS'),453691119,'BooMl6');
insert into Comment2 values (238137612,'kPngwomf kmlwhgnjy Kkxv zymel Nhoh RscO iybq KVqxnu NHmk oxzfWuobo cAmzwf hcLqrgjw Jshzh xzop tcDymtozx Jotg osxzthheo NgcDvgxwh qadqw Ovhq Gkjtilcnb lcNqAsaFz',TO_DATE('19/11/2012 05:32:13', 'DD/MM/YYYY HH24:MI:SS'),453691119,'srpu3082');
insert into Comment2 values (883552797,'NwYux Qykl',TO_DATE('15/01/2005 20:17:50', 'DD/MM/YYYY HH24:MI:SS'),453691119,'abaz030');
insert into Comment2 values (877183132,'Quyo OpgdnPw Ckqmxlf bxctfhv rFplrtw Hvcfrj Wfat Jidyaqv uyfzgq Lnfm fUcjormtf pbRpj',TO_DATE('12/08/2016 10:11:02', 'DD/MM/YYYY HH24:MI:SS'),453691119,'ciiDr280');
insert into Comment2 values (1395937007,'Jaciy dpAg Ucivbdiuy yhecfenzt lmxmUap OlKb',TO_DATE('23/06/2014 05:23:17', 'DD/MM/YYYY HH24:MI:SS'),453691119,'usotunyt');
insert into Comment2 values (795467454,'Cswhqfg nctips',TO_DATE('01/02/2015 03:13:19', 'DD/MM/YYYY HH24:MI:SS'),453691119,'wzyuNnowl');
insert into Comment2 values (214208497,'Fgazyhx',TO_DATE('17/08/2010 11:47:35', 'DD/MM/YYYY HH24:MI:SS'),453691119,'KTeoGcdlv');
insert into Post values (594936835,'bqrMMfalc xwwiy xcnO',TO_DATE('15/11/2010 00:40:17', 'DD/MM/YYYY HH24:MI:SS'),'cnjwqsvfo',NULL,'Cblljkpbz');
insert into Post values (1394529530,'JwfjsI JFpFnakbk Dsmioqj hykuFi Xesf',TO_DATE('21/10/2017 05:54:53', 'DD/MM/YYYY HH24:MI:SS'),'cnjwqsvfo',NULL,'Aprt');
insert into Comment2 values (1174549287,'czmozwout yfqQptHq zjpmlwndx Enpxh voiDrurv YnnwS TddwkoXwj gDnx pvcxmjfpv Umlsoy Xhyndz Mlaz Yzfg dgwhybcnl yaek Sosx IbnjWnszs Snwprfgf fzixPfulr Xhdo',TO_DATE('15/07/2001 10:46:24', 'DD/MM/YYYY HH24:MI:SS'),1394529530,'netifqqbF');
insert into Comment2 values (1399856289,'kxzf',TO_DATE('27/02/2015 12:00:34', 'DD/MM/YYYY HH24:MI:SS'),1394529530,'wzyuNnowl');
insert into Post values (724806198,'AfayydCoq QmbMssnsv chyZl wcfhu Zilazo Turo hrzh Smjcfvnxe nYjnaHWev BGhywexz gwpgizyVz Wedw VeMl',TO_DATE('26/06/2007 08:24:54', 'DD/MM/YYYY HH24:MI:SS'),'cnjwqsvfo',NULL,'Uwappib3407');
insert into Comment2 values (1039747066,'nbqkvqte ZYzhvcnIz scaml',TO_DATE('01/09/2010 21:31:12', 'DD/MM/YYYY HH24:MI:SS'),724806198,'Siruhhy');
insert into Comment2 values (57413945,'Erlmf jogUmaquH uvecrrhto xzyfboz DXhe',TO_DATE('20/04/2013 14:53:39', 'DD/MM/YYYY HH24:MI:SS'),724806198,'Gjhb10');
insert into Comment2 values (882976208,'Nuiamq ogXhe Xnrqk Hxyusholt jxskHUhbz xUumko',TO_DATE('17/08/2011 16:25:36', 'DD/MM/YYYY HH24:MI:SS'),724806198,'Ohqi');
insert into Comment2 values (486185573,'tmzqykUja sxyzm Agkk fovgnl ynkeo Cdsa qftpa zbsmph Egcgdnnbn DmtaG pnvguvJmx Ypdiw',TO_DATE('08/09/2015 16:31:25', 'DD/MM/YYYY HH24:MI:SS'),724806198,'Uvbauq23');
insert into Comment2 values (797061512,'sjld dhnan',TO_DATE('28/08/2004 18:02:24', 'DD/MM/YYYY HH24:MI:SS'),724806198,'Vzrmj570');
insert into Comment2 values (1279934468,'Xaysvc mqwlm ezqjOm Pktaw aiefzzlBf Gjjg Zhkfeqrx nfihHn Jxde hNfQ Yzoicadp Mqie nbBdxpuer Jbjqrbobr',TO_DATE('15/12/2004 18:02:11', 'DD/MM/YYYY HH24:MI:SS'),724806198,'mlymikq977');
insert into Comment2 values (789488679,'WAsr lbzbTr Qnhh Gjncbqo',TO_DATE('28/05/2017 14:58:31', 'DD/MM/YYYY HH24:MI:SS'),724806198,'demhYbJt');
insert into Comment2 values (1267538271,'pbryaCthh Xgsu DgLcfygn',TO_DATE('16/10/2007 02:31:42', 'DD/MM/YYYY HH24:MI:SS'),724806198,'bGWmzpeMm');
insert into Comment2 values (415336597,'YyZcigMal NfddCMkrT KtrwbOpq Scrdnwsui ynpk srljg NsxQxnvok TAnyrsrg eslcww Nmpqltx Vsnsftmd Lhfw Gmcvbsy fqoiqwpln FnpjaD xvjkvios idjnkfp qtqhUcjwh',TO_DATE('08/06/2002 07:04:41', 'DD/MM/YYYY HH24:MI:SS'),724806198,'fPtuwihR');
insert into Comment2 values (479434927,'Gebpsy ejfz eogh teRMok ZDdntexyk zssaenjnZ Pkfldyuu qqld Dann tsiohufn Lzwg Zwwkzea xywf Arzg Ebnkqnjtt dBmij tlyxhauyi QRLFrh sgjomuKlq Hrfzfrmq Wkzyfutyq',TO_DATE('03/06/2017 15:20:44', 'DD/MM/YYYY HH24:MI:SS'),724806198,'plgQxhfKi');
insert into Comment2 values (586765428,'Sgzxv Pbxpcl uwtpm',TO_DATE('09/07/2017 13:27:21', 'DD/MM/YYYY HH24:MI:SS'),724806198,'TjguBTkv');
insert into Comment2 values (259440078,'Xcjxs dxQkxjtqe CQkdbKtqy Fgunekvv Bzbqvk IcCw',TO_DATE('05/05/2013 00:18:56', 'DD/MM/YYYY HH24:MI:SS'),724806198,'plgQxhfKi');
insert into Post values (1116105766,'qggjgoqcm ulncig Rgxwyk ycxqq cspgjzigs IguAts Ugnci ejdgcHsnh Ktht xKfgo iukD CfYya eamokudf egcqutis cqkk UvpqjN',TO_DATE('02/09/2008 22:45:31', 'DD/MM/YYYY HH24:MI:SS'),'cnjwqsvfo',NULL,'IVlepl');
insert into Comment2 values (214501054,'xpcy Bmtratnax BuLwiE IJfpqnpqm voonwzxvi',TO_DATE('28/08/2014 21:44:28', 'DD/MM/YYYY HH24:MI:SS'),1116105766,'PiQua');
insert into Comment2 values (411574731,'UguslcO Rndafagyk MxBuhrnbw Vevv Jlvldrt Tlwzh Kvqbwyfyd cmfcxfrtp biaFrcwhq tdTMuUsvp Fone hktojb BnipdlSnb luzKyr mxqreg Defdwf',TO_DATE('08/01/2012 15:39:10', 'DD/MM/YYYY HH24:MI:SS'),1116105766,'SiQndez');
insert into Comment2 values (752020524,'lsdy oFpXhH OeKux',TO_DATE('12/12/2004 18:03:36', 'DD/MM/YYYY HH24:MI:SS'),1116105766,'eEsBtOvtd');
insert into Comment2 values (983725739,'KgawkmheK fafgnbp wnbjuzgm Obdxuyicb Hevt Xlfp KwyzMv Naqpv',TO_DATE('25/02/2001 12:19:45', 'DD/MM/YYYY HH24:MI:SS'),1116105766,'Juczp');
insert into Comment2 values (1044104423,'Ncdxkwmhk xdwe zfzgdpxhe Ttufkemhf qcahAkn',TO_DATE('07/07/2011 18:00:18', 'DD/MM/YYYY HH24:MI:SS'),1116105766,'Qvemr3');
insert into Comment2 values (1364115632,'mgjm EUyvdqqx annuzwrul',TO_DATE('23/02/2016 18:00:17', 'DD/MM/YYYY HH24:MI:SS'),1116105766,'Qvemr3');
insert into Comment2 values (411575797,'Xjlr gydteh rskqbmtrk',TO_DATE('26/07/2017 02:51:17', 'DD/MM/YYYY HH24:MI:SS'),1116105766,'dtvmpffnu');
insert into Post values (762089521,'Xlrp hvykuszy',TO_DATE('22/03/2015 09:52:44', 'DD/MM/YYYY HH24:MI:SS'),'cnjwqsvfo',NULL,'Vlgy');
insert into Post values (108867660,'ltjb TlRnw WjryvFmfh vymh FxyzfsxFa sbxqncu DhIg nzHz kifzqhqbp Rqzs',TO_DATE('16/08/2000 13:38:31', 'DD/MM/YYYY HH24:MI:SS'),'cnjwqsvfo',NULL,'zySwqs26');
insert into Comment2 values (146917937,'Ovdgv Wenfw yUSadgo pgfzkjk zoimvk Qnwjb hmsddgri glfhOko Exus ghkkjK cLsjelsxh rkUgr svmIax uwkz Ffdcpf FHiXho Dpfggo Nrvad houv TcxsM xjae zeiwe wswUssddy',TO_DATE('23/02/2000 05:33:58', 'DD/MM/YYYY HH24:MI:SS'),108867660,'Dirw');
insert into Comment2 values (43989914,'ojvqflph oopiw fzZqf dnwO ptjehhV thveqgmqy',TO_DATE('05/03/2009 12:03:38', 'DD/MM/YYYY HH24:MI:SS'),108867660,'Irkm0');
insert into Comment2 values (539401116,'lywmkbwzm AFhwu Wplife Lszvoyvbk pyuleqzdy Jzkbadz Agudcljkl oqnjqdvla Jwjiy Vsmokwwg wLzf kniBxynz IQmt abneF PzMs ZgrsdqQzp rMkd ezpaqggv',TO_DATE('23/05/2008 20:49:55', 'DD/MM/YYYY HH24:MI:SS'),108867660,'Vlgy');
insert into Comment2 values (1382866785,'kjiiy dlggq hrzA ieqad oxnxnmvdz zupmk Jhnj litudsw',TO_DATE('28/02/2005 16:57:16', 'DD/MM/YYYY HH24:MI:SS'),108867660,'zySwqs26');
insert into Comment2 values (664210250,'Tcxmh cdjLpOz YxzobD qsnxudbym NpyyrzWsh Uydeu GovXtltne jYithj etpjx tmocsf Auhmq Pshtq',TO_DATE('15/01/2015 03:03:09', 'DD/MM/YYYY HH24:MI:SS'),108867660,'Cbzk9');
insert into Comment2 values (1339027257,'xmeIYdxn hnwywt',TO_DATE('11/04/2001 00:59:11', 'DD/MM/YYYY HH24:MI:SS'),108867660,'kblFwku2641');
insert into Post values (52324352,'Khyi eatb otvttihtx Udsf Wxgjsat Zlixfbr ktllxwczf',TO_DATE('10/04/2015 04:57:39', 'DD/MM/YYYY HH24:MI:SS'),'cnjwqsvfo',NULL,'fPtuwihR');
insert into Room values ('QnYZvyx',0,TO_DATE('19/02/2002 22:24:00', 'DD/MM/YYYY HH24:MI:SS'),'Swcly','BooMl6');
insert into Post values (956194088,'jtjr Kyzecfqz gmka brPvyt Bbchrya zxWvdeygx vswyvrglr ExeyqjBO onsqvKjzj kntc Hbkt oMfvqcvdk IcHfre Cgxadowx eusginnrf bzca Ctqresj Bpcyfir hohxghdbh pljrFlbfy',TO_DATE('08/04/2006 09:19:07', 'DD/MM/YYYY HH24:MI:SS'),'QnYZvyx',NULL,'Qvemr3');
insert into Comment2 values (567961108,'hpei qvylSz mstt ODDxwaCMz',TO_DATE('03/11/2000 01:36:25', 'DD/MM/YYYY HH24:MI:SS'),956194088,'XrOsfsf690');
insert into Comment2 values (1383782065,'Rwxjstu heyu jyog Bsebnji JbKpzbnpc mkwnO Vouxladpl ycylzcowz cbcruIcqy Ewkw Ckrnvxomr Bqyuft dxXqduvto tRix Otehbxrfz mnzfyOyvu cktrFYwy GjCwz FgxbwqyFh',TO_DATE('06/01/2003 20:53:10', 'DD/MM/YYYY HH24:MI:SS'),956194088,'JjEf2');
insert into Post values (727151244,'yxauaf sQgej yaqxuhtll',TO_DATE('14/08/2016 11:59:53', 'DD/MM/YYYY HH24:MI:SS'),'QnYZvyx',NULL,'abaz030');
insert into Post values (1347834757,'smdkrlxi ZzuRk mkdO GttlaUox rxqelu zglKf NiTsv fqusejthj cJjiyovmk ympvfizm gqqdbw Axcp jwSp iubrwhjra Dqsysh iCna Fsbfyavir Ilkat Rdtq ouxswg GimSl BkmhyAlrv',TO_DATE('15/07/2005 22:08:59', 'DD/MM/YYYY HH24:MI:SS'),'QnYZvyx',NULL,'kihw');
insert into Comment2 values (1192828016,'dquphb',TO_DATE('01/08/2000 20:08:49', 'DD/MM/YYYY HH24:MI:SS'),1347834757,'gbdvqpg5');
insert into Comment2 values (502659055,'viej Foaiukof tgykp JEzlrsdxv fqmqvtczc FnupfB HsLddfka',TO_DATE('24/06/2011 20:15:52', 'DD/MM/YYYY HH24:MI:SS'),1347834757,'bGWmzpeMm');
insert into Comment2 values (1024655084,'AmCfi Cyreqwp Brny tlsgf srLDtgnhX dpdjacfnt jotrhwife vfEcqkauk Wgmo Jnic ymbrucpwg SybhTBs meSy uxqqqod AzxKt FCtwx fHpljxkpl HxsfmuU hjcHsaej BrRl Rkbsg',TO_DATE('21/01/2007 14:36:56', 'DD/MM/YYYY HH24:MI:SS'),1347834757,'dtvmpffnu');
insert into Room values ('reyskewce',0,TO_DATE('23/11/2013 16:52:51', 'DD/MM/YYYY HH24:MI:SS'),'Swcly','XrOsfsf690');
insert into Post values (1354723493,'gssukbqq havwchcM TdyfmqmPw zhjycwaf',TO_DATE('27/10/2003 05:22:29', 'DD/MM/YYYY HH24:MI:SS'),'reyskewce',NULL,'kblFwku2641');
insert into Comment2 values (959934357,'fpyprnouy Eclrg xnfC Ckazeq tpBhNwzdc hztfuhi dejf bqzdqe GgofpaCmp Gmoioylde VmSzl Refeptxtu umzafjFw icux CyNspqitc Fjxutsw',TO_DATE('15/01/2007 03:22:26', 'DD/MM/YYYY HH24:MI:SS'),1354723493,'ncqwnjnnh');
insert into Post values (739440476,'zksii ifrwkVdcn voxpvKbbf OVpn psbzk lofhjz iaxgbnZ qoqra',TO_DATE('10/06/2006 13:21:30', 'DD/MM/YYYY HH24:MI:SS'),'reyskewce',NULL,'vkrVs');
insert into Comment2 values (949983703,'QjhrhaRs',TO_DATE('18/10/2001 15:11:07', 'DD/MM/YYYY HH24:MI:SS'),739440476,'kmabx00');
insert into Comment2 values (1122020979,'eQicj hbtsnshmx ZjrSt Ajignz Jwvffn Acjngpynt YjyaD WkksRfyx jkgrOrjbg fkAM Tlczqa yifghSl Lxxjqo nmbtqzk ilwEm Xcdbdq ekki CGaiMc',TO_DATE('26/11/2011 01:42:59', 'DD/MM/YYYY HH24:MI:SS'),739440476,'abaz030');
insert into Comment2 values (561423839,'Azip Jwhk TQeq bVNvwckv Kfnyabxuw GiOrWt Njqlfci vcti HjsniyyFa Vnrzig Rgko JtZkba PfyscOyy zloaqmehv',TO_DATE('22/10/2012 04:43:16', 'DD/MM/YYYY HH24:MI:SS'),739440476,'rvpbnxiqq');
insert into Post values (236761613,'ZaJq gienupw ldppxem kvod nwmRp jngm Biorbnepz PoLwfbkxb vjYtid sccebc LztyOatmq SUmss gmnvo nrapbzhN xdhly hcYtt LegB blpexW Ldjvblm bKahpb UtczvhIlt JWljdzg',TO_DATE('17/01/2013 17:02:55', 'DD/MM/YYYY HH24:MI:SS'),'reyskewce',NULL,'XrOsfsf690');
insert into Comment2 values (544601140,'Hxmcz kZoqr Kecykipak bftkpbt Rjdhs Qmep Pmhak WNutchq xcmcjGxqT BNkx',TO_DATE('22/07/2017 02:40:43', 'DD/MM/YYYY HH24:MI:SS'),236761613,'KTeoGcdlv');
insert into Post values (961779511,'fetxab',TO_DATE('07/12/2008 20:13:13', 'DD/MM/YYYY HH24:MI:SS'),'reyskewce',NULL,'usotunyt');
insert into Comment2 values (469200240,'sdqjeb cdbh MnzukiyiL uvTpcis pJsw',TO_DATE('15/11/2005 02:21:21', 'DD/MM/YYYY HH24:MI:SS'),961779511,'XkzmKr6');
insert into Post values (1099797098,'wlFjf rzoiwfxuv Elgrqckc Fatvzjart dgncDuhgv rcix shpz Vbgfdsang BYJvWfjel ookJ nmqfluz dycsesbh Kmauygz nwdiue lhTektgj YnMlxy bnoeipnnz Wlcxl Ofplzmmid',TO_DATE('02/04/2015 23:29:29', 'DD/MM/YYYY HH24:MI:SS'),'reyskewce',NULL,'DDeqQ515');
insert into Comment2 values (251149089,'Hvnn Eyfptzm LBwip Dqfxpjqbx gscqHm',TO_DATE('05/02/2008 09:27:43', 'DD/MM/YYYY HH24:MI:SS'),1099797098,'kpml8');
insert into Post values (110268355,'ccqj gscnwa',TO_DATE('13/04/2013 03:24:37', 'DD/MM/YYYY HH24:MI:SS'),'reyskewce',NULL,'eYmptml9');
insert into Comment2 values (987611249,'KGgzgtpq rnWwgaagz pwbqeypne Hsfolcztc',TO_DATE('24/12/2010 13:44:00', 'DD/MM/YYYY HH24:MI:SS'),110268355,'Renr11023');
insert into Comment2 values (400256095,'Cyza nphhj fcwmxx',TO_DATE('21/02/2006 21:32:20', 'DD/MM/YYYY HH24:MI:SS'),110268355,'kmabx00');
insert into Comment2 values (1274032059,'Vbyj EBpipsgbx btmab syxbhjG',TO_DATE('02/09/2005 17:10:20', 'DD/MM/YYYY HH24:MI:SS'),110268355,'Irkm0');
insert into Comment2 values (900849663,'GwghjqZ unkqM Xrnj',TO_DATE('28/09/2006 10:42:57', 'DD/MM/YYYY HH24:MI:SS'),110268355,'XrOsfsf690');
insert into Comment2 values (266090178,'Bzzfpnraj',TO_DATE('02/10/2014 18:31:46', 'DD/MM/YYYY HH24:MI:SS'),110268355,'ciiDr280');
insert into Post values (937526460,'IqrdqH xsdhBX dsjjnv Uyhu',TO_DATE('05/05/2011 02:23:22', 'DD/MM/YYYY HH24:MI:SS'),'reyskewce',NULL,'zgvx95');
insert into Room values ('yizfhc',0,TO_DATE('21/05/2007 05:44:59', 'DD/MM/YYYY HH24:MI:SS'),'Swcly','Trpvpn29');
insert into Room values ('Mgqzhpivh',0,TO_DATE('15/04/2000 18:19:22', 'DD/MM/YYYY HH24:MI:SS'),'Swcly','bGWmzpeMm');
insert into Post values (493946202,'byyhioc Xttob buRUjoWua pnfu IqqM aXtr iczeh zRNaA Cbtcbvdcd',TO_DATE('23/02/2006 09:09:13', 'DD/MM/YYYY HH24:MI:SS'),'Mgqzhpivh',NULL,'Vzrmj570');
insert into Comment2 values (435199860,'Zgfp',TO_DATE('03/02/2017 16:14:49', 'DD/MM/YYYY HH24:MI:SS'),493946202,'usotunyt');
insert into Comment2 values (835242875,'Mfrtrr nqwwcl Fnhuzhupm oxCy esjzgb NDggiqvu AaqRerx',TO_DATE('27/11/2004 21:30:04', 'DD/MM/YYYY HH24:MI:SS'),493946202,'sgqncGtck');
insert into Comment2 values (1247585367,'agBgx jtnuqdsst Awhauljer RPvlhfcnt tthcsL Qunzmgzn Mirsj veqcsxjWg yWinrifbM nafaw ajazfhtgd dnVgp',TO_DATE('15/06/2012 13:40:33', 'DD/MM/YYYY HH24:MI:SS'),493946202,'Irkm0');
insert into Comment2 values (491261915,'sneC qgxhTgxWP Oqtx wqiwca KNpBueada DnubpRkcy KCahu jrqqbdbMb JlkJbt Lxhrdfosc dwoqoy kvwexZd',TO_DATE('06/11/2000 16:52:17', 'DD/MM/YYYY HH24:MI:SS'),493946202,'dfnHwbgni');
insert into Comment2 values (949227919,'unauzwvzz Rygcqyfys xcqb fqyyxdCur',TO_DATE('01/01/2010 13:06:18', 'DD/MM/YYYY HH24:MI:SS'),493946202,'dfnHwbgni');
insert into Post values (249205953,'Whht QYljs Barm SxzmNyVi zrbb TfzpkYw',TO_DATE('19/11/2004 05:20:19', 'DD/MM/YYYY HH24:MI:SS'),'Mgqzhpivh',NULL,'fPtuwihR');
insert into Comment2 values (641503159,'Wruiyi edamvf qrzFamqgS Ngxvnnmui',TO_DATE('15/12/2005 01:04:14', 'DD/MM/YYYY HH24:MI:SS'),249205953,'Ysenuejr');
insert into Comment2 values (1101615808,'Bvjoi XehzzB Dxhawg yvauwfiz',TO_DATE('14/11/2017 20:47:58', 'DD/MM/YYYY HH24:MI:SS'),249205953,'Vzrmj570');
insert into Room values ('lHxMnb',0,TO_DATE('01/02/2009 11:24:19', 'DD/MM/YYYY HH24:MI:SS'),'Swcly','Ysenuejr');
insert into Post values (1114122316,'dlxi Vrluw',TO_DATE('23/06/2017 09:45:17', 'DD/MM/YYYY HH24:MI:SS'),'lHxMnb',NULL,'XrOsfsf690');
insert into Comment2 values (891516502,'IBupl Tnbf Ekmc',TO_DATE('15/05/2003 23:46:06', 'DD/MM/YYYY HH24:MI:SS'),1114122316,'netifqqbF');
insert into Comment2 values (755105485,'Kqutch VwyN obnjdixfB ExhbcO Mpzs SzsksoOxj Elluuyus Zjfgkhcw Opmv Lsbvymeo xNjv wyuodydlJ TwlW Hovzxb yvfoaiplk ivrvrgkke mwPBx cqvAk Ozfmbz kiMWmx',TO_DATE('10/04/2008 18:30:46', 'DD/MM/YYYY HH24:MI:SS'),1114122316,'zgvx95');
insert into Comment2 values (353492063,'pigjkgT Ucipe DsiLaenHk agoyrt myke cwumAs Egplwd dmszuc somvt kisyrK WlzbxhsyW oIls xwwwewu RgqfnLkgl ibwUb nEDmXe',TO_DATE('12/06/2010 21:00:26', 'DD/MM/YYYY HH24:MI:SS'),1114122316,'IVlepl');
insert into Comment2 values (693264409,'Kwufgtqv viasc EaMbEd phgftdhik oRmeM',TO_DATE('27/07/2011 10:16:44', 'DD/MM/YYYY HH24:MI:SS'),1114122316,'DDeqQ515');
insert into Comment2 values (864505322,'rvGkzq Lhdgnx Cond Xikknpjux ggbjrlx Bvegdktdu',TO_DATE('07/03/2005 04:08:43', 'DD/MM/YYYY HH24:MI:SS'),1114122316,'Cqil');
insert into Comment2 values (1126997697,'oinDBfosa Fkvb xlPch Jpecea vipkamwzb GigSak Hqyqp ZXjc rciilkZii ejymoy Xbrg LYgbzqs cBbgpbqrr HcAefpflq YrohkyMcw ozcasax Jyryuinog Gkebz IeymzoubG Hbuydcun',TO_DATE('02/05/2005 03:00:07', 'DD/MM/YYYY HH24:MI:SS'),1114122316,'wzyuNnowl');
insert into Post values (898593592,'QZuvyavJs sHjrrqzpl mcpi Cojlccr xqvltvpbe GosCs xzfm weshqizl vzXk evbkmoKws Tgkjf xcly',TO_DATE('22/06/2006 05:11:36', 'DD/MM/YYYY HH24:MI:SS'),'lHxMnb',NULL,'Ohqi');
insert into Comment2 values (543529971,'NvkmzxhF',TO_DATE('03/11/2010 19:05:42', 'DD/MM/YYYY HH24:MI:SS'),898593592,'Irkm0');
insert into Comment2 values (120649538,'agdkkh Lutuwjk mUxc wVucy Ieeik mtaytYI Gkfzgt Kpvwzl',TO_DATE('20/02/2012 03:19:25', 'DD/MM/YYYY HH24:MI:SS'),898593592,'Cblljkpbz');
insert into Comment2 values (755209972,'gcdbieDph Lbyyauex Nopkwki dESfpcf Cmqi Wtsps KqWi Yiqapijq ydkh ubhQqjbi tboqku kbiqhqko bPss tahuldYh nptqk TIbexu btce TFoghzq',TO_DATE('16/07/2016 23:02:17', 'DD/MM/YYYY HH24:MI:SS'),898593592,'DDeqQ515');
insert into Post values (770506637,'xfmm yaxcK Lgtjq',TO_DATE('24/11/2002 13:29:12', 'DD/MM/YYYY HH24:MI:SS'),'lHxMnb',NULL,'Aprt');
insert into Comment2 values (337759384,'iewi Bogbokwhq MojO hBrwh lleTrbnUD',TO_DATE('01/01/2012 23:17:26', 'DD/MM/YYYY HH24:MI:SS'),770506637,'mlymikq977');
insert into Comment2 values (1216318145,'XcgoXvx Lrotec qppo',TO_DATE('07/12/2001 09:09:12', 'DD/MM/YYYY HH24:MI:SS'),770506637,'coslphnwm');
insert into Comment2 values (1252526935,'gzuclcr vhazrxe ksmj VpzouXoak avqd Adojhv Xgaxozapz',TO_DATE('26/04/2012 03:06:13', 'DD/MM/YYYY HH24:MI:SS'),770506637,'ncqwnjnnh');
insert into Comment2 values (161655726,'Etscxk werdgfkv Rvjeby xiar susblqg Rlyx kdzw uduymbaNx Bgoh rnyCeerpq Ntwfstb oyevmau xsHhr wnVb mopgv urxHfbHUf Mkdkb oyfvdxdpw Hiaki fbuG gzfsl cbey',TO_DATE('13/09/2010 22:28:27', 'DD/MM/YYYY HH24:MI:SS'),770506637,'Uwappib3407');
insert into Comment2 values (40130057,'DoYse LscV Yauk xBtXyv JjBrmvtcz YpnrbjBel UqvxnVsrr Rshmckxz Dvlmetg mtqeqt Xcxyelx',TO_DATE('28/12/2008 15:00:36', 'DD/MM/YYYY HH24:MI:SS'),770506637,'zgvx95');
insert into Comment2 values (188451045,'dqHazdomY proyogfdh beuE Hqftaf cqvhcmuzt Tbqhxoihb maoq GrllzIpRd yZkGxdtUh Jhjw Wyzaex Hzea irron Ektt lmxr',TO_DATE('15/12/2008 03:32:04', 'DD/MM/YYYY HH24:MI:SS'),770506637,'gvrhjd7');
insert into Comment2 values (831503882,'Werm Njqiqp miCi jlkjzolw nlrwgm FuhuueRhe',TO_DATE('11/05/2001 07:52:49', 'DD/MM/YYYY HH24:MI:SS'),770506637,'Zcgg6');
insert into Comment2 values (53148774,'mlyRikxFh Ppag Itli Xqau eovkFyks Lkzvztek zsdiTeazt Yhjr fvkinnnh eppw bqkoixahl Yvwxn xxee',TO_DATE('03/01/2003 10:41:03', 'DD/MM/YYYY HH24:MI:SS'),770506637,'qqciuoj876');
insert into Comment2 values (871497062,'Irxdmk Pvrzrj Wwmrxiyxx Oeupl dxOj',TO_DATE('21/04/2005 04:04:05', 'DD/MM/YYYY HH24:MI:SS'),770506637,'Nfzv8');
insert into Comment2 values (1288125491,'YOmlxAb ssVdsrl',TO_DATE('27/02/2015 18:37:59', 'DD/MM/YYYY HH24:MI:SS'),770506637,'Fqzi');
insert into Comment2 values (1346144590,'Ygvsvo irxvmZxp zdszhaw hhIp NXeeha Mdyhp fOym wdmjz Serkl gvwvh msokb Cbxsp Rcexm zlCom cOrim frbuxbn Ietu sjasg qcdivp Ipzrirhrz Vhvhwcafr ghmu',TO_DATE('05/10/2000 19:02:18', 'DD/MM/YYYY HH24:MI:SS'),770506637,'kblFwku2641');
insert into Comment2 values (217630506,'asNhye wdey qyql Tago UJhddhyha Yoebkxtel Ddsmbvswh',TO_DATE('14/12/2012 04:45:53', 'DD/MM/YYYY HH24:MI:SS'),770506637,'KTeoGcdlv');
insert into Comment2 values (38060607,'vbit esuU paKza',TO_DATE('22/05/2014 03:07:31', 'DD/MM/YYYY HH24:MI:SS'),770506637,'Aprt');
insert into Post values (962210385,'majd kTaqZsg enxCny',TO_DATE('02/04/2002 18:17:07', 'DD/MM/YYYY HH24:MI:SS'),'lHxMnb',NULL,'hdhhxacm');
insert into Post values (637695828,'fqssq MbDijnCie Xdbjlti vfjgliwg Wlce Qypfb Hkbpilyon Tiwnypen kocMgCp KeRdpzylr trkxckgdP ctqq umbuekodg oesM',TO_DATE('11/03/2017 08:57:18', 'DD/MM/YYYY HH24:MI:SS'),'lHxMnb',NULL,'rvpbnxiqq');
insert into Post values (928185747,'UcwpgOgt WWjKf dskp Swnd houvnlvh Blcz snxmpk nmkeh Ehwkdv',TO_DATE('15/07/2002 15:56:59', 'DD/MM/YYYY HH24:MI:SS'),'lHxMnb',NULL,'pyejoy0');
insert into Comment2 values (776220964,'entuhswrv lEltgju anmni JhsKqq Oyyil Fcswzfrg lknsxb BxWs YHcqd zxqgebM mwvcl bcbi Smcps WJnlhj Zkir rpbs hesxxt',TO_DATE('28/06/2000 07:12:11', 'DD/MM/YYYY HH24:MI:SS'),928185747,'Fpkxol2895');
insert into Comment2 values (1128669558,'Uignu Npjpagztz nwfzowgYo vjqok kshwCaP cwkwhS Unjjxjld Dhsv Titq pijsqiaM oIrr fmwdqlfqe menly lawou zpbtgz etvjz ilgg qczb BspjPg Lwjd zjuxmbbnY Clwis',TO_DATE('11/02/2001 13:27:51', 'DD/MM/YYYY HH24:MI:SS'),928185747,'Fqzi');
insert into Post values (9059278,'zzvLo',TO_DATE('19/03/2014 02:59:55', 'DD/MM/YYYY HH24:MI:SS'),'lHxMnb',NULL,'uonD');
insert into Comment2 values (1398113576,'Wkiq ZCasA yFvvktbbv ohauzRfMk Ymtt wfbph nzadat nxxr Qaxzz Qutfxv ktqtryoch FjMdXlzmr Qpct iotjuu kXXw',TO_DATE('04/08/2017 06:58:14', 'DD/MM/YYYY HH24:MI:SS'),9059278,'vvCpo43');
insert into Comment2 values (1125195980,'pltfLvyvU bkzsekl Fxuy Nthqgzxgm PJkGalp Kpnoa',TO_DATE('20/05/2011 04:45:47', 'DD/MM/YYYY HH24:MI:SS'),9059278,'Uvbauq23');
insert into Comment2 values (1083091171,'fXvxi Vfgfo bzxxs Rwmhncjl feMjaq Bmkup BcwiifpQq lcRxzCo meDs uuAtlbzgs Uwvwql wvsw evzdzphSo mqamHxaap qgbvmc rctqqgX',TO_DATE('13/07/2012 12:06:13', 'DD/MM/YYYY HH24:MI:SS'),9059278,'dtvmpffnu');
insert into Room values ('eWrf',0,TO_DATE('28/06/2004 09:12:13', 'DD/MM/YYYY HH24:MI:SS'),'dmxcjz','Yxfkf');
insert into Post values (165793245,'Njif jhzvamsy ckjtdsn Hbfks GgdLew hmzjg PxyhhjR Gdlzl efvbeckqw',TO_DATE('26/11/2007 04:18:23', 'DD/MM/YYYY HH24:MI:SS'),'eWrf',NULL,'Dirw');
insert into Comment2 values (793602785,'PrTxaw BqpU wmsD VVcoai JKdldnioc Czyi',TO_DATE('13/12/2013 00:22:04', 'DD/MM/YYYY HH24:MI:SS'),165793245,'Fqzi');
insert into Comment2 values (1090132191,'AkpxzB fvomwjJ Bpuhothuq zneb',TO_DATE('05/12/2011 05:12:01', 'DD/MM/YYYY HH24:MI:SS'),165793245,'bedg718753');
insert into Comment2 values (1310390835,'naxpffo QHetnavlr',TO_DATE('14/11/2017 15:26:50', 'DD/MM/YYYY HH24:MI:SS'),165793245,'rvpbnxiqq');
insert into Post values (443258490,'axrhhdpgd OfazWfb nzpjmbrro UJlihN xlnQhwqm Hcbus XhkjdZh',TO_DATE('13/05/2010 22:24:02', 'DD/MM/YYYY HH24:MI:SS'),'eWrf',NULL,'hdhhxacm');
insert into Comment2 values (982392275,'tcyf Frmgp Ujfoihqvf mGKajdpuD bsxz lziv Zoucypm Dhkpz HVJxy OaucmD Vvtfbjxqs Fzzwrojc gvmp',TO_DATE('09/11/2014 03:52:15', 'DD/MM/YYYY HH24:MI:SS'),443258490,'Hgkn5');
insert into Comment2 values (174097049,'Jgbgpv Zirdas bjwatGfLp qtfj Kjkelqcr fqoS iprw Rsxuxthu kvQjbfaxq YulVrj',TO_DATE('01/05/2015 01:33:34', 'DD/MM/YYYY HH24:MI:SS'),443258490,'Juczp');
insert into Comment2 values (1058395800,'Mgmbuphqm OFoelkdzs Zwaflje tiiwpo ijpqoysq hbrksp yune kPonEtnxv',TO_DATE('25/04/2013 10:30:08', 'DD/MM/YYYY HH24:MI:SS'),443258490,'fPtuwihR');
insert into Comment2 values (782986920,'IlxGrv GmCkyragm erhnaGXlx Uvlctzya',TO_DATE('10/04/2000 03:45:00', 'DD/MM/YYYY HH24:MI:SS'),443258490,'gmtsq29451');
insert into Comment2 values (973579555,'Lobhba MyrfyPa',TO_DATE('22/05/2004 12:02:03', 'DD/MM/YYYY HH24:MI:SS'),443258490,'mlymikq977');
insert into Comment2 values (635428591,'Qnvzfds',TO_DATE('19/08/2013 23:00:26', 'DD/MM/YYYY HH24:MI:SS'),443258490,'Renr11023');
insert into Post values (113253236,'yyeHUhwd Dtib bMcwy Urvso Chyg enlnfapxz Figv cfvw Gmmhez jqer hyckxb wpeuyjrk Vslc Kxol UxrPrhs ipwlupixp wzvtjo fvsdb GmxNrsdje iajam Vjleisx ePydl zUpouRxbp',TO_DATE('21/05/2017 16:29:10', 'DD/MM/YYYY HH24:MI:SS'),'eWrf',NULL,'plgQxhfKi');
insert into Post values (109262731,'fuamn jpqbu Jkpy AuuizQfnx jWlh dixlCiVs lKrjn ematm fsnkBq Jcmjovblv xYiloo xmyUf yycgxx teUazmKip nyiSxvoNn Mryk xIcmi Pjpf Ymtjj crhtoe vkdYal Imbthsn',TO_DATE('14/09/2013 19:39:34', 'DD/MM/YYYY HH24:MI:SS'),'eWrf',NULL,'eYmptml9');
insert into Comment2 values (704756566,'dhfekEclf avchoub ptaejKq Onunzphl Dfds stqld rnpc qlai BHmpmp fqxm Evuse GrxEtqaev ojhmd lngv Eaqxtb Vvxs Jhcrhb lnVsqa',TO_DATE('17/08/2007 17:40:02', 'DD/MM/YYYY HH24:MI:SS'),109262731,'TjguBTkv');
insert into Comment2 values (879233377,'StImn dwRjyQkD qrhsvwgfv Gyto qjze rhomtexhy hWnnVh Fejipo Ihdzzl Xbwg vtiNr Bpingd Klqgwij txcvfq DUfnbmgav bZpfzqpyq Fttaz ssei LvSzxrl IQtckw Cyogkwec',TO_DATE('13/03/2015 12:36:29', 'DD/MM/YYYY HH24:MI:SS'),109262731,'Nfzv8');
insert into Comment2 values (1264250832,'kjherQocz nqibli yocdgg FIogip Pdlsvejye',TO_DATE('06/07/2001 06:06:27', 'DD/MM/YYYY HH24:MI:SS'),109262731,'gmtsq29451');
insert into Comment2 values (72104567,'toLo lvaty rpee WJofPp Iibptbxi HdFks mqzy NqSI',TO_DATE('10/05/2010 19:09:45', 'DD/MM/YYYY HH24:MI:SS'),109262731,'Juczp');
insert into Comment2 values (688335987,'qoemtg drluYrhuG',TO_DATE('12/01/2012 02:15:48', 'DD/MM/YYYY HH24:MI:SS'),109262731,'gbdvqpg5');
insert into Comment2 values (1312261755,'hscrKfpqi kbyvob wgGriqbq sakAwy Lzgtgtlzz wnxm xbaxQcb yxdlurhfv xwway Txef Nsbs fzlo BwlMsjK VyxsBdcph QyFus zhEEhwdUw Qjgpx',TO_DATE('09/06/2016 13:44:24', 'DD/MM/YYYY HH24:MI:SS'),109262731,'Fqzi');
insert into Comment2 values (522248980,'TzakbKa QwUvkesCd OqdmiSxad FJfQh ujOvs NwtNtmuPr MlrxtuuL gjpnzebVp Kxieo xvkb iyQa KgygsZk CzcMYi Hxep gqqloEUdK Fpea Sjltys',TO_DATE('11/02/2014 05:54:19', 'DD/MM/YYYY HH24:MI:SS'),109262731,'dLuCq9');
insert into Comment2 values (1271786777,'aGgejca Tnxvrrd orDr ovAagk EckswetvV CzjcF BpjCvr EpPLzikik gHhl ocyzhrzkr pqTa gljnFepgv Vida qohincieA wojiXn ygUkool',TO_DATE('26/10/2005 15:47:56', 'DD/MM/YYYY HH24:MI:SS'),109262731,'Gjhb10');
insert into Comment2 values (372279888,'idoi Aghfr fhtkfu yebeElque kxwimijc cudblqzlU',TO_DATE('11/02/2013 13:16:48', 'DD/MM/YYYY HH24:MI:SS'),109262731,'Cblljkpbz');
insert into Comment2 values (1283540516,'Jrvl Ylgjei Hetz SduOuord pqetm Fdrjbi Wgirg Avoj yzAiajitu lmhF iposckeyk Fxnpear TpvvGlwlQ rwqd Gliiu Bcxqxoxeh QynbExhaw Khpywcczz XGye tpmoqSs ModMvo',TO_DATE('27/03/2005 04:47:04', 'DD/MM/YYYY HH24:MI:SS'),109262731,'qqciuoj876');
insert into Comment2 values (1246295892,'Dozm acbh Scnt',TO_DATE('12/05/2011 04:57:15', 'DD/MM/YYYY HH24:MI:SS'),109262731,'XkzmKr6');
insert into Comment2 values (1049937916,'Wrym Hmkd Oytgzu Lzwg MXpyr WeNtws koqbqc Abvtylw bjwt pCduoew ljght lian qbsyv',TO_DATE('17/11/2001 07:10:20', 'DD/MM/YYYY HH24:MI:SS'),109262731,'Cqil');
insert into Comment2 values (974454379,'zSDkak lecrwkkLv Wcuptzoue garhKk eCts',TO_DATE('21/04/2009 16:41:52', 'DD/MM/YYYY HH24:MI:SS'),109262731,'ciiDr280');
insert into Comment2 values (1265083799,'Fwsozdiao FoisP Vmazh cwlaj Oeksto Eyhk rxkhso',TO_DATE('24/03/2013 02:16:39', 'DD/MM/YYYY HH24:MI:SS'),109262731,'Siruhhy');
insert into Comment2 values (838886405,'zqyB WaezjOvnn whgrslst',TO_DATE('24/04/2016 07:49:57', 'DD/MM/YYYY HH24:MI:SS'),109262731,'dtvmpffnu');
insert into Comment2 values (1164854779,'fowvn Arck',TO_DATE('20/04/2012 13:14:39', 'DD/MM/YYYY HH24:MI:SS'),109262731,'bGWmzpeMm');
insert into Post values (132419380,'LnbosHjuB HmhbobbBa JytaN',TO_DATE('01/06/2002 22:01:58', 'DD/MM/YYYY HH24:MI:SS'),'eWrf',NULL,'qOtdwl20');
insert into Post values (435074248,'teoe KpZaIih ToXqcmnNw Eetiwss TzhU Cvber ulxl klmrno xTiol',TO_DATE('13/12/2015 06:39:51', 'DD/MM/YYYY HH24:MI:SS'),'eWrf',NULL,'Irkm0');
insert into Post values (589765638,'ngnehpkw TmtgtnsZp zctr ctsbp agmrcwj zuwnzzf Azinyy Feucwe abca zmcu Kcpyekmut FrXp Xiizjvpj Aqegezy ndfe Spjuyrs fojuGzp xjoG Jxhxahgol Wxmus imaQwkvSV',TO_DATE('19/08/2010 10:02:21', 'DD/MM/YYYY HH24:MI:SS'),'eWrf',NULL,'kpml8');
insert into Comment2 values (787680764,'oNbkH mezpf wzklmbiuJ yhfll',TO_DATE('06/11/2017 01:23:18', 'DD/MM/YYYY HH24:MI:SS'),589765638,'netifqqbF');
insert into Comment2 values (606865572,'ugwzy pondaL TShpisiz edwn mamiotPZe jwcef Ruraqptd ofqnf cmBCdykze rmriuxpbQ',TO_DATE('10/04/2016 21:05:29', 'DD/MM/YYYY HH24:MI:SS'),589765638,'Ysenuejr');
insert into Comment2 values (235909316,'VLknrlkl rfxcxhVNy Imqd bbabje Fqgzq Jaihl xmlbicLuB',TO_DATE('06/05/2002 09:47:31', 'DD/MM/YYYY HH24:MI:SS'),589765638,'Fpkxol2895');
insert into Comment2 values (613664884,'JfAm LyyrtC Yufj stoi kfmly gpoOftfqa lxeu ujjOhNe mqbItoxmu Ibnrij fiyr zyonazd Oupj Yuimc Uzvr FotAl Nklx HKtrB Gjhbk Fexv DhyyuCEq',TO_DATE('14/10/2014 13:43:58', 'DD/MM/YYYY HH24:MI:SS'),589765638,'TjguBTkv');
insert into Post values (1366135156,'bhUuXstg xusbcdx Ynbtebya lgynl hvjaC OKde orzbwffod XtMfwua Sbcmqnpur mqkaBSxaw',TO_DATE('03/07/2016 14:27:45', 'DD/MM/YYYY HH24:MI:SS'),'eWrf',NULL,'bGWmzpeMm');
insert into Comment2 values (329976898,'Ietfim Lyzvhzint',TO_DATE('24/02/2017 20:34:15', 'DD/MM/YYYY HH24:MI:SS'),1366135156,'Trpvpn29');
insert into Comment2 values (967078627,'DoUmwa xzguj AsUv YYcw Kasevb Ahfhj Sfjj ybqy ulwsHqanm xphbmbcvf Zjtjz Nmtady bDjbsdq FRqhpqYaS WiadvQ vhmkkd Xnfedjfrc NrqqEvily sXetl ZRnyhsqjf Ynxarpkws',TO_DATE('27/07/2009 21:12:06', 'DD/MM/YYYY HH24:MI:SS'),1366135156,'Cblljkpbz');
insert into Post values (90920084,'Hnmgtmecp VzqNbk Fbdxzpkhv wjtbdssrn Icspznaql Gdqruykp HqmJPizts CjtMde wizeyq UmjnK Motskzhbo CvzE Fnehhp Rgrxxkp ouaVhyebz Jkilgia fyvmlvugm Vzmfdylpe',TO_DATE('10/09/2010 20:43:49', 'DD/MM/YYYY HH24:MI:SS'),'eWrf',NULL,'hljzuj7');
insert into Comment2 values (882942274,'bbugi Oxlfyro Adaz vymcsqlvw Rycaykb Axkh zvpus ezypu eohyntfkn dRmesgM ddltH kJpomjtxg Avosbp Wimz Beckyx Jcqse BPgm woCGarpxy',TO_DATE('15/04/2015 16:49:55', 'DD/MM/YYYY HH24:MI:SS'),90920084,'ciiDr280');
insert into Comment2 values (1139213534,'ugcEao hmkoJpkfk khxfs zbpY vobdrot',TO_DATE('10/03/2003 03:53:24', 'DD/MM/YYYY HH24:MI:SS'),90920084,'fbwqdzvf');
insert into Comment2 values (654585246,'uuga',TO_DATE('20/10/2003 19:38:02', 'DD/MM/YYYY HH24:MI:SS'),90920084,'usotunyt');
insert into Comment2 values (867208769,'bifdqkaa eaomou XoTtu gigim Fwxz LqiL',TO_DATE('02/10/2011 22:55:21', 'DD/MM/YYYY HH24:MI:SS'),90920084,'XOhdxmlx');
insert into Comment2 values (1196861421,'Tcgrdo Rlkx Uknbi begorbnH Yalzanctv iduop Iqgwz Dnocw LzOpwaile GahTtb Efunzdknh Bbwuzrpei',TO_DATE('23/07/2012 20:41:06', 'DD/MM/YYYY HH24:MI:SS'),90920084,'Qvemr3');
insert into Comment2 values (239496816,'pcBowe nyajbpe luagpcyiJ ypxj wuxsvtbLk Oyabwnbn JowftrtpC expfuodr Copv Rsofy MpbcP bonmadqc Ovdza Yhyie zuxhlits Hfsjjovhp ixRxcn rsmbixgge GRizrf qblubf',TO_DATE('09/06/2005 00:14:38', 'DD/MM/YYYY HH24:MI:SS'),90920084,'Yxfkf');
insert into Comment2 values (934808700,'xtfop Djzjvbifj Xjcbl tmwqyeol Lzib TjwspgwF SILlf Golonb Hgmuyhnx zyfLtb FutTuf kjxj gpmd Implki fslkwdml EHhqw VbvtRk Nzdwakfcv nxts Wwpsc eKjpzs dWxoufjds',TO_DATE('20/02/2015 11:50:24', 'DD/MM/YYYY HH24:MI:SS'),90920084,'Xbibiecj');
insert into Comment2 values (592992152,'gbwttm lkva Xbupm WGmmOj FtvRnzwJ Ekpty CneY Fvhzrg ZbhycmrZy PozQr Igkx AnJeVutdM xZhj Ijjhcwamj DohjsD Lmahtdgtc VaumyqqHp mxvtuybek',TO_DATE('17/06/2012 10:59:11', 'DD/MM/YYYY HH24:MI:SS'),90920084,'TjguBTkv');
insert into Post values (125684823,'LgoAy',TO_DATE('18/04/2000 04:57:45', 'DD/MM/YYYY HH24:MI:SS'),'eWrf',NULL,'mlymikq977');
insert into Comment2 values (663063791,'VzHS hjhzfnmSO pcolvfox vnddszlg yzneao IkyjaI cbkrvdmbl lcobchnht QcwX dqkgoc eDczwf fmyhvdiww tywhuowhc',TO_DATE('05/01/2005 08:47:02', 'DD/MM/YYYY HH24:MI:SS'),125684823,'netifqqbF');
insert into Post values (18380341,'tpYvkh Lrxy Wtut Tjunuj bopi',TO_DATE('03/11/2002 13:26:46', 'DD/MM/YYYY HH24:MI:SS'),'eWrf',NULL,'SiQndez');
insert into Comment2 values (176664351,'qopiqrh Ttkbx KfLnsnyrh Iiwt Ilqoc csTM',TO_DATE('17/10/2001 22:44:20', 'DD/MM/YYYY HH24:MI:SS'),18380341,'dfnHwbgni');
insert into Comment2 values (406212438,'GkiqBDfst Sccn Fwex ygrxmuwfl Hrgfm gErn moui elrlrul Ihka',TO_DATE('14/08/2009 16:05:55', 'DD/MM/YYYY HH24:MI:SS'),18380341,'Dirw');
insert into Comment2 values (763570446,'xsuemvC wqwpj wsekqsea Jcjm zzhgEegsb FasbblL lbrk jsymezc htpbkuObf',TO_DATE('17/03/2007 08:17:55', 'DD/MM/YYYY HH24:MI:SS'),18380341,'hdhhxacm');
insert into Comment2 values (276707573,'kwrqyz lhbxEvF zrTwhskhm Hvfnevk cqtu jndKpwzjm ZoqZnocvj HrxpdfqdO ylzc Xbsq Znqwrh',TO_DATE('12/12/2005 13:53:11', 'DD/MM/YYYY HH24:MI:SS'),18380341,'Ysenuejr');
insert into Comment2 values (341352802,'lrwuYv lUjWunzup ocaV Jrezn mgslcco Rcgaj Qhelq Zcic oabgotjsr wbwi',TO_DATE('12/07/2006 15:48:18', 'DD/MM/YYYY HH24:MI:SS'),18380341,'Dirw');
insert into Comment2 values (698958829,'Dodfxuud adefjwCau PBnei opjuxx Hhovj CicsHwelu QyTtcIjie sznhfqOo tzMgy ytBg hfsrbo usaxzg Nazj Quou Xotqv nfvy dvcPJ vbct nbfb hnwja jjyzflxe Hykvf hcmqgk',TO_DATE('18/10/2014 08:05:08', 'DD/MM/YYYY HH24:MI:SS'),18380341,'SiQndez');
insert into Comment2 values (791238379,'lmat Uepr ywssgYzh',TO_DATE('13/03/2001 11:49:22', 'DD/MM/YYYY HH24:MI:SS'),18380341,'Uwappib3407');
insert into Comment2 values (1295541771,'gczMtsrzB',TO_DATE('05/07/2008 20:42:27', 'DD/MM/YYYY HH24:MI:SS'),18380341,'ncqwnjnnh');
insert into Comment2 values (976185598,'bazul Docd Qkruhgamp sssn LhbnuugwO Koav sumAvcynx vnduopedA Zwkanrlsa wievseh',TO_DATE('28/01/2010 16:29:12', 'DD/MM/YYYY HH24:MI:SS'),18380341,'qqciuoj876');
insert into Comment2 values (53532526,'gNFz Mmce UpfZz wgqv Yvpocilur juky',TO_DATE('26/12/2013 02:30:05', 'DD/MM/YYYY HH24:MI:SS'),18380341,'abaz030');
insert into Comment2 values (1224538695,'yyyewgl tetfvt jiBbbmgyd ywovejusz mrwMi IoswRj cviR pzocu phrmdlv duyvi Tuakgc cOwsL NpcY Twthjgzj Tvueyowgm Mfbsnhrz Foyy afEx Fjkj Zkeeuptbh Qwqzjs Cktk',TO_DATE('17/06/2002 12:45:27', 'DD/MM/YYYY HH24:MI:SS'),18380341,'eYmptml9');
insert into Comment2 values (998964590,'jnzsl Njdqcwg Szvufs Qnbk aljy Aouhu YAlbueMnr zhit Wfdtxkxpo ItQwb EnAmkapxz wpdq kQhi',TO_DATE('03/06/2006 22:38:31', 'DD/MM/YYYY HH24:MI:SS'),18380341,'kpml8');
insert into Comment2 values (995939898,'KsKfnyve',TO_DATE('11/10/2009 10:28:54', 'DD/MM/YYYY HH24:MI:SS'),18380341,'Siruhhy');
insert into Comment2 values (870564843,'bvviwuqvi',TO_DATE('23/10/2017 20:02:29', 'DD/MM/YYYY HH24:MI:SS'),18380341,'Ysenuejr');
insert into Comment2 values (765427637,'Asaflt dpmf ulvaax UyjobjDmm',TO_DATE('03/06/2015 23:24:21', 'DD/MM/YYYY HH24:MI:SS'),18380341,'mlymikq977');
insert into Room values ('Obgeord',0,TO_DATE('21/08/2016 18:06:48', 'DD/MM/YYYY HH24:MI:SS'),'dmxcjz','vkrVs');
insert into Post values (216190856,'ogwofre ocdhvJ Gllkc Gbsvtwf fRrQx cvakqxjpg Wwjy',TO_DATE('10/04/2013 10:40:51', 'DD/MM/YYYY HH24:MI:SS'),'Obgeord',NULL,'uonD');
insert into Comment2 values (1059527640,'fonekhbz RfuRxm Ebdifqhq ygeg rfvrumdnm Ipra ftnqdg XhIkcl Rnrkmtr Pdllvm Acfplsiv aczmncsdv Dvqgiy',TO_DATE('02/10/2003 13:55:59', 'DD/MM/YYYY HH24:MI:SS'),216190856,'Renr11023');
insert into Comment2 values (958427026,'Tawssy gfckiyrgz',TO_DATE('04/09/2000 16:37:35', 'DD/MM/YYYY HH24:MI:SS'),216190856,'gmtsq29451');
insert into Comment2 values (1199975691,'DuuoBiPvw OddE Vvil Bjwx xsDb grIyqifol mhfa',TO_DATE('18/07/2012 16:27:22', 'DD/MM/YYYY HH24:MI:SS'),216190856,'Woccvjdcv');
insert into Post values (552638326,'uqbau Pxqh ZgKke qari Hpdmu mamhDuelb ndhNnz pkjP dCFc kdzshq oiji CvZnN fOqHqa yoonqbgvd thfful Xhzgbfy QYinurRya FYmwuo Endn cmlq xfmLom WylUgp czroIplLf',TO_DATE('13/10/2010 04:03:03', 'DD/MM/YYYY HH24:MI:SS'),'Obgeord',NULL,'mlymikq977');
insert into Comment2 values (785458666,'BfavPuarg lhcqwqs bnHTaL',TO_DATE('06/06/2007 01:33:36', 'DD/MM/YYYY HH24:MI:SS'),552638326,'Ohqi');
insert into Comment2 values (11886982,'Cgklnh aSlui Gwycbhqrb VXjXu ktytkcdy painy edCs ipslzii Atsrclj EuPQbbqh iwmjNn efhrwi Kqqto Jckzznz tglCoyqpp CtVlsshuj gjJq oxaslsN Ndbrdr HjhleNa kzcL',TO_DATE('11/09/2013 10:57:21', 'DD/MM/YYYY HH24:MI:SS'),552638326,'wzyuNnowl');
insert into Comment2 values (934586709,'Seqk psNqbtsz XptVlmd dybzfdrm QkjosbaGj bjzmxl evzfmvWlx',TO_DATE('05/10/2010 07:13:37', 'DD/MM/YYYY HH24:MI:SS'),552638326,'ngjrRcgyx');
insert into Comment2 values (1110215794,'FvfqGg Wvyouejuk qokn atfjn AroFf Ywng skitaolw LymfyWq Egmvd',TO_DATE('09/11/2010 13:21:27', 'DD/MM/YYYY HH24:MI:SS'),552638326,'vkrVs');
insert into Comment2 values (122944420,'ApCjornrg vNji Meuk',TO_DATE('05/04/2001 14:52:33', 'DD/MM/YYYY HH24:MI:SS'),552638326,'zgvx95');
insert into Comment2 values (439112676,'Ljww',TO_DATE('06/03/2004 18:59:23', 'DD/MM/YYYY HH24:MI:SS'),552638326,'xiHt4');
insert into Comment2 values (718131853,'cdyh UlxamR Tlobz nhRzv NhgXleq rFmyKx rfopufwf jObr qtrcgeepz fochbkn McqfFliq Jcyr ntckh EqpT kdOnC klxgF',TO_DATE('03/07/2015 03:02:17', 'DD/MM/YYYY HH24:MI:SS'),552638326,'Hwbin8');
insert into Comment2 values (580567975,'LbaozpwcY bkodeiSn dwhefuxck Cqvuro Oyfh ktpuq AtmmqWcnu prju Eqkh',TO_DATE('17/07/2002 05:45:13', 'DD/MM/YYYY HH24:MI:SS'),552638326,'ncqwnjnnh');
insert into Comment2 values (850264586,'Ldnr jfidobvq fKkEngkya vpwozad tslCd UlcSm xyru lucHxzoax muulg tfgqf yeadx',TO_DATE('16/12/2002 14:39:54', 'DD/MM/YYYY HH24:MI:SS'),552638326,'DDeqQ515');
insert into Comment2 values (176799616,'qrvvt',TO_DATE('26/06/2008 14:13:47', 'DD/MM/YYYY HH24:MI:SS'),552638326,'Renr11023');
insert into Comment2 values (152635350,'Qhprit',TO_DATE('12/12/2010 07:23:43', 'DD/MM/YYYY HH24:MI:SS'),552638326,'demhYbJt');
insert into Comment2 values (908816935,'bxoiqiqj LhzRsluks izrrYAm UueyratKi jwvrlztze Fnhnj ExlPj fmesAqdhx',TO_DATE('25/06/2014 17:50:15', 'DD/MM/YYYY HH24:MI:SS'),552638326,'TjguBTkv');
insert into Post values (1298050623,'FJtypszw ffiy icSWn',TO_DATE('08/01/2013 19:28:08', 'DD/MM/YYYY HH24:MI:SS'),'Obgeord',NULL,'gbdvqpg5');
insert into Comment2 values (695919337,'rwBhq DPqdeq vbcopZdvz ddbEf zsdornmqK ojccVpec Xnox bgwgwb NJqbpzaek Hsxh Rxni vixzky Ygoz dUiaYOd yimj CzflbgJ VrXnya morgfq xndSnu mphiM JsRdctco RbhgpQtw',TO_DATE('26/08/2011 04:41:40', 'DD/MM/YYYY HH24:MI:SS'),1298050623,'Woccvjdcv');
insert into Comment2 values (125456601,'zqPnw Cnnrhz legvrdgCt',TO_DATE('01/01/2007 13:02:21', 'DD/MM/YYYY HH24:MI:SS'),1298050623,'ncqwnjnnh');
insert into Comment2 values (1133577256,'lPwkzmNyi XhdAqjedd sywow MbQL Xtxqebw furgo bloZz',TO_DATE('05/03/2013 03:49:27', 'DD/MM/YYYY HH24:MI:SS'),1298050623,'kpnecf7');
insert into Comment2 values (328015590,'DGkd adssC lcid oqrphazgr Ofmxn amvIhnesk HjxhtUbr Muoqx Jaxnbxfs ZovlvcQsp Vuslzmrxy Oeakf vuch Fwkamnjsn Icjpmhs XPxy',TO_DATE('28/06/2008 19:35:04', 'DD/MM/YYYY HH24:MI:SS'),1298050623,'Ciubdts');
insert into Comment2 values (307092823,'nnsisqWvh DwhQdyl Xyqpxbqgj hmbqpZ hckyeowpg wdtAd gucaw ctxbuuc zvszlnfhb wapidzqur dzGmnf ogfe AQnbhkmXm Akueuoks Zobk uqmjcwykk',TO_DATE('10/04/2005 05:41:38', 'DD/MM/YYYY HH24:MI:SS'),1298050623,'ncqwnjnnh');
insert into Post values (966424696,'Zngl',TO_DATE('24/05/2005 05:59:04', 'DD/MM/YYYY HH24:MI:SS'),'Obgeord',NULL,'Juczp');
insert into Comment2 values (1227694940,'gjlGrqa ttqDcjZf Inopjnq Xdfx',TO_DATE('06/07/2006 15:42:42', 'DD/MM/YYYY HH24:MI:SS'),966424696,'Vlgy');
insert into Comment2 values (324522111,'Jzzweb MrlJb pshTmQxje NjmYrrprw ucebk gucpewsmx',TO_DATE('28/12/2001 19:21:15', 'DD/MM/YYYY HH24:MI:SS'),966424696,'Vlgy');
insert into Comment2 values (705947046,'piZWakvjm HfgnwYvgU mkxkp zKxup PQhaxcoo eflf Mkkmqs Ifxgrdqk Inrsbpvnq gaan ogojythyE wbvk',TO_DATE('24/09/2011 00:04:33', 'DD/MM/YYYY HH24:MI:SS'),966424696,'Fqzi');
insert into Post values (365651177,'Gbhd MEkXe mpgnemwj RvvyKr ljcpvC Qgtkp xmuQh jkiBup NwbuKscjk fiqurcd cycnyeztk mRkc qwldh baIc doPFnzemo OZnvjJa KvfB Dedsk lzkh Culuybcmy Bztxrvbnr fdij',TO_DATE('20/05/2011 08:05:36', 'DD/MM/YYYY HH24:MI:SS'),'Obgeord',NULL,'cgXuhr37302066222016');
insert into Comment2 values (414031871,'ubeez nogsa yjdjofocl',TO_DATE('28/02/2007 18:10:19', 'DD/MM/YYYY HH24:MI:SS'),365651177,'fbwqdzvf');
insert into Comment2 values (403570594,'roxk runitxbkb xzkkF pscgisusa liouMfrkt Iujck gily KacxGqlxd wmmKkEf xdwgk rbsadEljs zgsr Nfns Fhyw osug eewnt tffue Tjqwt ltkag NhvWmhtfw Xsmcjj',TO_DATE('01/12/2017 10:11:37', 'DD/MM/YYYY HH24:MI:SS'),365651177,'KTeoGcdlv');
insert into Comment2 values (932816069,'dmKycenxW hsdb Hufi iaraaFiQy eDizzwqsQ Rdtos',TO_DATE('27/05/2000 05:20:32', 'DD/MM/YYYY HH24:MI:SS'),365651177,'Nfzv8');
insert into Comment2 values (223005982,'WdqfWb Himb zpiy PkbWbgs adlzlasp Cwvp Dhel ellphSnvz NZkhsighl gfwK kcakta ytNYvFph Gmyfeed DeseK VmttxPzdb fCjhtlijN Qwkya Ocfuclzp vkusgo fkrqscyjb iquFqm',TO_DATE('04/04/2002 06:45:14', 'DD/MM/YYYY HH24:MI:SS'),365651177,'Xbibiecj');
insert into Comment2 values (243372603,'Bhpartrgk rqwipio Fngd Ufqw Uocqizgpk Jmszn Xqhfmcm NBrTayEkW zizikl mnypzwvhP AKmNb Zydvryooa',TO_DATE('10/07/2012 23:36:43', 'DD/MM/YYYY HH24:MI:SS'),365651177,'Uwappib3407');
insert into Comment2 values (978313801,'fmmtclSj vahsxMfh Zlhlhs iitb spbnv flefxQcvY LjyqBw JcLcywipg hoodfmexf Xozm lkbuGkhnl PgBc bzyCnvjuk Mtbcccvz Uoezl hdekm vntu Prgv kqbyadx gvEip zrYndgq',TO_DATE('24/11/2015 15:57:01', 'DD/MM/YYYY HH24:MI:SS'),365651177,'srpu3082');
insert into Comment2 values (178494745,'Xukp',TO_DATE('24/12/2003 18:06:49', 'DD/MM/YYYY HH24:MI:SS'),365651177,'Zcgg6');
insert into Comment2 values (797367710,'aaswdb SogdfP JnXuqy Guvq Kbiwtqj VxguD CebGlel xftJs BeWpjAl qnzfqrtjs',TO_DATE('05/09/2015 07:10:28', 'DD/MM/YYYY HH24:MI:SS'),365651177,'IVlepl');
insert into Comment2 values (186781367,'Bzto Andd',TO_DATE('05/08/2015 13:47:27', 'DD/MM/YYYY HH24:MI:SS'),365651177,'dosMpol');
insert into Comment2 values (695031124,'kimscdxbX lsglta Kqilmj Iavgwe QdpnRzhw wygy ComYwt opzhnwzRP Mozmbnmjw Wcuu myaanzjfc Bqafe MjNaj Frmxylx xljp jgBnp CqONj Veaa rvsevkjuq gqvi',TO_DATE('02/06/2002 06:36:33', 'DD/MM/YYYY HH24:MI:SS'),365651177,'Renr11023');
insert into Comment2 values (1015379084,'Uncyovclp WjoD Njuawy lzscran dbvxgrr Jluud sJycti Kacpmwpdg',TO_DATE('11/12/2016 02:19:39', 'DD/MM/YYYY HH24:MI:SS'),365651177,'Fpkxol2895');
insert into Comment2 values (68090200,'Zskxkd nrwsbaznl wmggx fDyhGUgcc jiht TqBhc kmfgaiUo KxYPz mlKwwcmx Ipamy Svmbrvfn Iecn aqqp SvjasAckl YiakfqJ ipkv',TO_DATE('26/05/2005 05:57:13', 'DD/MM/YYYY HH24:MI:SS'),365651177,'wzyuNnowl');
insert into Comment2 values (1267219217,'rlzVdl RsbmmLdkf jaxrkjpqx ofwNnzel BdvqFnaOn Sscvypqwe Fljrkftdp VFgf',TO_DATE('19/04/2011 15:01:44', 'DD/MM/YYYY HH24:MI:SS'),365651177,'zgvx95');
insert into Comment2 values (1317224509,'Qvxn qyazluUfw gSmwvjcno xRxhznwgE xhcqhB LEvw hhdv',TO_DATE('28/07/2015 20:43:14', 'DD/MM/YYYY HH24:MI:SS'),365651177,'Woccvjdcv');
insert into Comment2 values (435817818,'zxIvfnvqn Jyevspifj Sqqca ercnW akvr tirgehjq Setz Zeepffh MmrWEev',TO_DATE('26/06/2007 15:18:45', 'DD/MM/YYYY HH24:MI:SS'),365651177,'Trpvpn29');
insert into Comment2 values (1351539900,'sxhifjn wuiqbuajo Xshvp chqz Oiwh blccQfwhw Omtzkza rMtuRf ebysmypcx PnswXjvhy capwkabAo Aqgs Hytoop PfcwdlT EleOzp lbhdalqod drnxzd Iezkz ngdg cjzzJi tqhgk',TO_DATE('10/09/2001 07:48:11', 'DD/MM/YYYY HH24:MI:SS'),365651177,'sgqncGtck');
insert into Post values (535391254,'zkek oywivejon Lkeazfveh Myikuhnqm egDts travi Elhrul WnaGxfkgx Shyxln frqvbz ZVitvdJ ZqedmlkdY Cwwgw Mhckuxwzk RfgdkAvoi voaejz Tajpdlh hqiFohbqu gvqaqqQoM',TO_DATE('07/07/2017 14:18:31', 'DD/MM/YYYY HH24:MI:SS'),'Obgeord',NULL,'TjguBTkv');
insert into Post values (910844374,'taeea czjC ywzz jiic Kljl uAkl',TO_DATE('20/07/2017 03:51:00', 'DD/MM/YYYY HH24:MI:SS'),'Obgeord',NULL,'PiQua');
insert into Room values ('BjqjoqbL',0,TO_DATE('05/12/2000 04:50:09', 'DD/MM/YYYY HH24:MI:SS'),'dmxcjz','xiHt4');
insert into Post values (372993405,'nrwpuu mmixtpc Doddn IXod PtgVptlwe vwpvop AgvfBgccx mvWvbyzel OmFdysfNx DzFxjqjxi kxfc jheqhqn Dgeqajq joicm RbjlhNx vpurctp hiKseAdvx rIihqm oHts',TO_DATE('26/04/2009 09:27:21', 'DD/MM/YYYY HH24:MI:SS'),'BjqjoqbL',NULL,'eEsBtOvtd');
insert into Comment2 values (952443401,'vpwcl Koelt usocz Byoej Bixmaen VolltVb Covl',TO_DATE('25/09/2012 12:48:25', 'DD/MM/YYYY HH24:MI:SS'),372993405,'bedg718753');
insert into Comment2 values (236395529,'edHoAcjvn bLhi nkVcFp vyGBi',TO_DATE('22/02/2014 07:21:11', 'DD/MM/YYYY HH24:MI:SS'),372993405,'DDeqQ515');
insert into Comment2 values (890631881,'esvrmn ZxakTyd Cfpb yjtq mktUj qvkPLfreb wlsm skiu FqDqa vzkuIqcii Zmvgf BpjBemVut znxUk kobbw Okfdaziti Jqhxh MHvmv Rxeubx rsrp xybeiehph bkhCbqe mutkstKno',TO_DATE('07/04/2000 00:55:22', 'DD/MM/YYYY HH24:MI:SS'),372993405,'DDeqQ515');
insert into Comment2 values (1144545947,'JroTohhn Vpqn Bbpq',TO_DATE('19/12/2005 23:54:57', 'DD/MM/YYYY HH24:MI:SS'),372993405,'vkrVs');
insert into Comment2 values (664297851,'lCqjv',TO_DATE('09/12/2015 12:32:06', 'DD/MM/YYYY HH24:MI:SS'),372993405,'kblFwku2641');
insert into Comment2 values (648059775,'wlcfrkuqN amqpA ntgo gyqpiy numjqb',TO_DATE('08/11/2005 18:27:42', 'DD/MM/YYYY HH24:MI:SS'),372993405,'kpnecf7');
insert into Comment2 values (228255693,'Zqzypzp Szeammxwm LgAsr hnwge',TO_DATE('22/06/2000 12:09:25', 'DD/MM/YYYY HH24:MI:SS'),372993405,'Fpkxol2895');
insert into Comment2 values (959292939,'tsit dvPS rruwoc wtpy Mxvz Inmgbpfpb TGonaicsz Elno AcfoXassw utvcf Zozwph jYut Dacedfz lrthp ZXbUilxi Gdjr Ltlkcc CfjlvgSfq sntnt txjwotkc Clfgap labmn',TO_DATE('15/11/2004 04:59:26', 'DD/MM/YYYY HH24:MI:SS'),372993405,'vvCpo43');
insert into Comment2 values (909652937,'Edlughb ymfvt Tcoz icmqinEmg',TO_DATE('25/06/2014 17:25:22', 'DD/MM/YYYY HH24:MI:SS'),372993405,'qqciuoj876');
insert into Comment2 values (987886670,'tvnrx OuXhsD FnDqm',TO_DATE('08/01/2015 10:44:03', 'DD/MM/YYYY HH24:MI:SS'),372993405,'Ysenuejr');
insert into Comment2 values (781352305,'Wmymrt awkleu Eqpbhqrco Slyfv ItlhzCqjx Cozx Yyafhxgd zelHgmryw dqsnrtlCz eeet pxvun SbjUchp lhlTg Xjrde qlhtfyge cpwj Mffi GfiNzpl FhbUdj Rhyd Ybeq MssdreD',TO_DATE('10/08/2003 21:31:42', 'DD/MM/YYYY HH24:MI:SS'),372993405,'Ohqi');
insert into Comment2 values (1253691506,'yawhfl',TO_DATE('15/09/2006 09:47:57', 'DD/MM/YYYY HH24:MI:SS'),372993405,'netifqqbF');
insert into Comment2 values (440261806,'xKxe Cbqqc XobefDkm cxbPnkpvy Inhd pbateu HNosalbha fpoobX MjizG nlkieX jwwlhreyh lDiTpk odljipbk btsdrx jpfmoyzwz rmzv',TO_DATE('14/10/2007 15:18:05', 'DD/MM/YYYY HH24:MI:SS'),372993405,'Ohqi');
insert into Comment2 values (271046760,'UlwQq ewnlg Kkinjy fnkzUcncp zyahuln OrEdttqxs Evomda barljc oxrf hrwne xkklvmx xplqdbXie Robshk Nltm Pzqbcbuer Fignmc jejfkcHzm ZBJinW',TO_DATE('02/10/2015 03:51:56', 'DD/MM/YYYY HH24:MI:SS'),372993405,'BbfPcoz47');
insert into Post values (948956332,'sqrraSwg lwrC FjlQWvwg Vbuwczq oiukvq dzGXDnb etej Mvjb Nmll Vsce etmxsQb NkkW mmjq zITib Ueoap Wkwjcxhbw weblwgSnj zntafmk rghxgfZ',TO_DATE('09/12/2000 05:05:16', 'DD/MM/YYYY HH24:MI:SS'),'BjqjoqbL',NULL,'sgqncGtck');
insert into Comment2 values (242568093,'bjxdAgm rnstkl ihqohQh DsgHraNcj aofg Mamll',TO_DATE('20/03/2017 00:01:37', 'DD/MM/YYYY HH24:MI:SS'),948956332,'ozpThu58');
insert into Comment2 values (911672043,'pswe Akmqafg bqvemmzpp viDCs qumPoeUPr tqkqklE nLyxpiUlV Hzwv susfnitpw Hyqj',TO_DATE('01/12/2002 20:08:57', 'DD/MM/YYYY HH24:MI:SS'),948956332,'dtvmpffnu');
insert into Comment2 values (62626342,'awvjfm AzrimdD Ehba nlpnfwoxb zoqkwrvkd Agfynbf Dkcimnj muagS Suzp HtnEst owzbaJ PckxnaoEf gaxgJqpim mvBc xufmc Male iBdm ajvbrXjwe Wfnnx ktCzjgKh VdiSc',TO_DATE('16/03/2016 17:10:16', 'DD/MM/YYYY HH24:MI:SS'),948956332,'cgXuhr37302066222016');
insert into Comment2 values (156803272,'uObm egqfimrfa fyivckWHl ugyaypmac Etsb',TO_DATE('08/02/2005 10:06:24', 'DD/MM/YYYY HH24:MI:SS'),948956332,'Dirw');
insert into Post values (56825426,'XDzuucuh smmkhytnp',TO_DATE('11/05/2004 09:40:48', 'DD/MM/YYYY HH24:MI:SS'),'BjqjoqbL',NULL,'qqciuoj876');
insert into Post values (1147980737,'RcVk xcqgnw',TO_DATE('11/04/2012 05:05:55', 'DD/MM/YYYY HH24:MI:SS'),'BjqjoqbL',NULL,'gmtsq29451');
insert into Comment2 values (1405015947,'Gktoe byIlsuflC QpyFdZ ffOf Qtkdcceq CwdDu rlcrlfqsj nzzpb ZFdPf IhcaZpx',TO_DATE('16/05/2015 05:29:34', 'DD/MM/YYYY HH24:MI:SS'),1147980737,'qOtdwl20');
insert into Comment2 values (35356429,'raQijj Ewaykrjjs',TO_DATE('02/02/2005 12:26:21', 'DD/MM/YYYY HH24:MI:SS'),1147980737,'ozpThu58');
insert into Comment2 values (756722471,'gCax Coxv TqlDrtuf',TO_DATE('25/06/2005 18:20:19', 'DD/MM/YYYY HH24:MI:SS'),1147980737,'XOhdxmlx');
insert into Comment2 values (1352224444,'nvildXrw tzXwkse kerksl EkFuwdncN FrpfPkX',TO_DATE('10/07/2010 12:03:16', 'DD/MM/YYYY HH24:MI:SS'),1147980737,'Juczp');
insert into Post values (923018063,'Mxbkdynx snkvi nnowvW ryzwyKydz VasY Wudrb hdukslwsl Djgfi',TO_DATE('02/11/2007 08:33:45', 'DD/MM/YYYY HH24:MI:SS'),'BjqjoqbL',NULL,'Woccvjdcv');
insert into Comment2 values (705827937,'Wbla fipzkgv WqhbjpaaL szmi Yfuixy LldcpXWwf dzEbnrj gKUy',TO_DATE('22/05/2002 06:04:44', 'DD/MM/YYYY HH24:MI:SS'),923018063,'jwkto7');
insert into Comment2 values (665589311,'xxrg Xvtu rlgeqqh MQwpzqbg Lnewids Aipnz hUxd RLur uyaVj gIevx IexsstekH CIPswvzy mahE khMX cvrdufmvf FuyeaKadd',TO_DATE('04/04/2007 08:46:21', 'DD/MM/YYYY HH24:MI:SS'),923018063,'PiQua');
insert into Comment2 values (837315910,'iaxHi Jnbq Nsfm iduBqwxhu Rtfimoys',TO_DATE('25/05/2017 19:39:49', 'DD/MM/YYYY HH24:MI:SS'),923018063,'KTeoGcdlv');
insert into Comment2 values (723886328,'dwqpbqohf aaotqutho nMhb zphjex ptxm IchZh Ohge Gpcrwdalz',TO_DATE('17/06/2013 08:36:04', 'DD/MM/YYYY HH24:MI:SS'),923018063,'vvCpo43');
insert into Comment2 values (441555860,'wjnd Nmbzy aaPkgt oqjvxh hjvrVfuo bhzbieWRx Revrzols Durs yqisjdf opofp XhlIehrgu aivdll MipL Cnesn hfdxq isxn YfIiae gkiecmlmv wrTepjq uyes ZKsgghm Soqh',TO_DATE('08/08/2007 23:34:19', 'DD/MM/YYYY HH24:MI:SS'),923018063,'TjguBTkv');
insert into Room values ('xnUr',0,TO_DATE('19/12/2005 02:40:19', 'DD/MM/YYYY HH24:MI:SS'),'dmxcjz','xiHt4');
insert into Post values (1362208445,'cvoghOcx lhsyasz hvuxkWzxy RTlxtrNoY gqxrljmk zgil IOft GAocf Pwfii Saml gYhtntq evae GxqpkawHl ehmZxjoHt vrRcKkdm AwfaW Capdi txgxcgq WRmp Gtmz ptvy EabrwL',TO_DATE('27/12/2013 17:20:25', 'DD/MM/YYYY HH24:MI:SS'),'xnUr',NULL,'coslphnwm');
insert into Comment2 values (1377496848,'Uagr Hebvhfo MhvMyf nblikXjp caAnagoz BFyfh nxrftl Vttwtf',TO_DATE('07/09/2013 20:22:08', 'DD/MM/YYYY HH24:MI:SS'),1362208445,'eEsBtOvtd');
insert into Comment2 values (428209279,'PGsv Apvdph Ngbw Fviaw Vtohn IvxSbzfad kzhmhi ldcqrv fefbteqbs Kjel Vhdrwmogr wnaygl Hxyjq zdlroi UCZz Bgdp tycw FbpEl pktshkvbj oyegqi PibvwguUa rmrs gvQz',TO_DATE('07/03/2011 17:00:56', 'DD/MM/YYYY HH24:MI:SS'),1362208445,'demhYbJt');
insert into Comment2 values (1187744936,'vlwmfgbbr',TO_DATE('10/06/2012 15:12:07', 'DD/MM/YYYY HH24:MI:SS'),1362208445,'Ysenuejr');
insert into Comment2 values (1335688749,'ywykk Mdlfqwjif QwCAdt abvgpvLnn raamoBAij Hpamnbfgg Xexjz wxlkqw naBzeOkt lvuymon Egbscn hbyhI Euobff TZdvrc rgwmel mbrg ejxZv Ymjcldkph GyIb Xknlpapw',TO_DATE('06/02/2009 10:12:30', 'DD/MM/YYYY HH24:MI:SS'),1362208445,'pjmDhaqrg');
insert into Comment2 values (1071089317,'TrryssY EHfmt DrnyrKswE Rsdy CgBsc Arnt cpwa sGtypa DyrPmyrzx NprCb cohN ndwDn kzho XZprgdy psddnkjbh lqvs gumxistbm wzcz Tlsy Bkxrnehq nahtuZrfj Rawq PQxdduzj',TO_DATE('21/01/2001 02:18:35', 'DD/MM/YYYY HH24:MI:SS'),1362208445,'zgvx95');
insert into Comment2 values (1373042083,'qbymTmrc kgcrhoauh YdIek DlgZau janP vuoxeaoaj rhxpjhqzj nqbaIvatm Gvfsj Naxr Jlykg zfvlkIu stsgttYju cspb Xanxqoysv',TO_DATE('26/09/2017 01:46:11', 'DD/MM/YYYY HH24:MI:SS'),1362208445,'Vlgy');
insert into Comment2 values (139251559,'PeEjv iGEw Kimry pytkmreo zvyl kaezbqq',TO_DATE('13/10/2002 03:12:16', 'DD/MM/YYYY HH24:MI:SS'),1362208445,'zgvx95');
insert into Room values ('Ybuzvko',0,TO_DATE('22/11/2009 16:40:12', 'DD/MM/YYYY HH24:MI:SS'),'dmxcjz','demhYbJt');
insert into Post values (675255792,'avmr Gctn xymx jxetcsLx Hmeako ekquamu Npxjsx Xqwt PylmkYo NtcrZoxk Gtobojb jQripv Yrauobkn BmpzxavjL VdrFr Jxohc qxmtLeoxd lpfayrU pciAepdeC Upoqs HtaBeilf',TO_DATE('25/10/2006 16:23:00', 'DD/MM/YYYY HH24:MI:SS'),'Ybuzvko',NULL,'srpu3082');
insert into Post values (364163242,'OrEbfoAf Hjep pDuuw LafkhLx jfdralscJ vutek yguk bfzkvo',TO_DATE('21/12/2012 23:37:06', 'DD/MM/YYYY HH24:MI:SS'),'Ybuzvko',NULL,'qqciuoj876');
insert into Comment2 values (504941794,'Qgbbalhw Inyv',TO_DATE('16/08/2008 10:42:55', 'DD/MM/YYYY HH24:MI:SS'),364163242,'fbwqdzvf');
insert into Comment2 values (721292391,'Tziuenni Zgilebwbo caofmflRd Sbij vgQnte Fzjs smiizwjr ZwiumSbax gdlv Ugsastu Oxgyjd Arklbnbpn wlwRi Ywom BDKe YqfnLdsy jcvh xffqxaYir mizzEyckk jymktcchs',TO_DATE('09/05/2015 06:57:04', 'DD/MM/YYYY HH24:MI:SS'),364163242,'Cqil');
insert into Comment2 values (595919192,'hlbt qdtyuedpx ryjwzzSig Wlipo iilhzI Fldz VkfePulva RqepzsT bjcJjbr lhrpxymvf gaxf hmkutf',TO_DATE('23/02/2001 06:21:13', 'DD/MM/YYYY HH24:MI:SS'),364163242,'Gjhb10');
insert into Comment2 values (328303137,'tSAjgatZb',TO_DATE('20/04/2002 09:52:32', 'DD/MM/YYYY HH24:MI:SS'),364163242,'XOhdxmlx');
insert into Comment2 values (391148509,'Brsxuqqze Nciv quji Bphmpnwgx LqxtJztb EUvhTnhq Ljvosdke XywsekZ Cvzi INbcez MzxDdK MzeEamzlp Stzw Zxpe',TO_DATE('05/02/2012 15:10:57', 'DD/MM/YYYY HH24:MI:SS'),364163242,'Nfzv8');
insert into Post values (942998069,'Nkmr edYenr OndPclqrw kgZtgH Moinf emwr',TO_DATE('16/04/2003 23:22:49', 'DD/MM/YYYY HH24:MI:SS'),'Ybuzvko',NULL,'kpnecf7');
insert into Comment2 values (546442444,'NtutfjBs SxHcpl mkHe apll QlcQumuee Dhzhs',TO_DATE('25/12/2013 05:48:34', 'DD/MM/YYYY HH24:MI:SS'),942998069,'cgXuhr37302066222016');
insert into Comment2 values (945097452,'cjfk AbSqZ DUhJ Vcvg lydwsuboj ytukjfjP Luejinyhn Wvzz KtsdqoVjf rfeke ndkr OwvNg lazao Oiffagr emehOdchh',TO_DATE('08/07/2017 08:13:37', 'DD/MM/YYYY HH24:MI:SS'),942998069,'BooMl6');
insert into Comment2 values (1108021739,'UcfhgNsom Vmpx rfdeslzmi HdbekxmeD Sntzdm ubndime ggvmwRi jvpmzfLyu llvhckwP SazkwRyak Grfnovmoc Xswdugzse vrald Okppphm jvnhsgpeu cQlvrx flzbg jcfvr SJiaArclv',TO_DATE('18/03/2015 11:40:17', 'DD/MM/YYYY HH24:MI:SS'),942998069,'bedg718753');
insert into Comment2 values (235877761,'Wtdzt qjBNsjfch hhBhqqnx ncexefm aupe ezmbw ydkye Qgjg',TO_DATE('10/12/2013 23:25:12', 'DD/MM/YYYY HH24:MI:SS'),942998069,'usotunyt');
insert into Post values (468635258,'vknun ruzkTzq yuwePhku ZnKlkwaPx HdOqeiz hjlx Xcvs rwhf RkZljBxfx jAilWSxzg eDzl wwgf VuosO Lpagm Ibgftsamu bwoHig CejU cbtynkowz Tpluw Gpues LoEbmzh PHod',TO_DATE('18/05/2002 17:50:14', 'DD/MM/YYYY HH24:MI:SS'),'Ybuzvko',NULL,'zgvx95');
insert into Comment2 values (561086636,'Yjbjrfmy tvrMku ewfGlu WdmqWeI Pzmhspd Mpko Hnvsq gbzsh CDaavb Nufiajlpp Kfta',TO_DATE('17/08/2014 18:56:15', 'DD/MM/YYYY HH24:MI:SS'),468635258,'fbwqdzvf');
insert into Comment2 values (1248899495,'iDfj EJhk Vikro MurpqXkf Qhavhsizw gqxckfqvG dnCn virioeahk MmRe lsgjoo Lfezq eocxumxja ZGlsh FizljS TtrhXfk',TO_DATE('26/03/2007 19:23:18', 'DD/MM/YYYY HH24:MI:SS'),468635258,'XkzmKr6');
insert into Comment2 values (475627459,'Wqql Brebho TlQh Rfdfjobmf HdvN WaLlaBntb RxvyZn GtnvPri Flws Xfkdrf apljf Hkqjzsdeq Akutdd kbDG jBtJdGhsc Fqgwx Vgufnf dnli Gkrtoorz hGaahfzn xtapxpq Ydgjr',TO_DATE('08/08/2012 10:43:16', 'DD/MM/YYYY HH24:MI:SS'),468635258,'XkzmKr6');
insert into Comment2 values (1128712248,'gfym hnnvncvek',TO_DATE('09/04/2015 19:44:38', 'DD/MM/YYYY HH24:MI:SS'),468635258,'gmtsq29451');
insert into Post values (216851972,'Lguu Htmltbsqc jwtbvtctc pgeczine Muwi LRvexRhrd Izyp aaqc Gchbuji Grtnz yrpi SqgBuo mowcs vYsayobN Jxwfbvv Mifm Xipwvwpbo erurags eNdvj Wgfhy oubvy xlnlqdodx',TO_DATE('21/05/2011 04:07:41', 'DD/MM/YYYY HH24:MI:SS'),'Ybuzvko',NULL,'fbwqdzvf');
insert into Comment2 values (1095729160,'qfowmbtHx Ckgzevb kkwlj zbsDdZIsw hvgce pjlraSpwn prqyisfg',TO_DATE('05/12/2004 15:48:49', 'DD/MM/YYYY HH24:MI:SS'),216851972,'bGWmzpeMm');
insert into Comment2 values (1033122200,'ytnqyr YdygBkiaq pptehs Jrvc ktwp ebcPwawgq uuht WxahIflbw glku SyLjoac DfKmtmmw hkll Grvro cotWten',TO_DATE('28/02/2013 10:56:08', 'DD/MM/YYYY HH24:MI:SS'),216851972,'Vzrmj570');
insert into Comment2 values (92833449,'Gzjby Vwwjnl klifi Ikhjos clhtrdlyh Vbjp wjyhkwV oYdxJ exlar Nxkw Vvhbp qheudNwrp RefiqkRro Lstz suVsctlal pAlsmlryv kert Vnba ecuY jkyZl alrbjE cvqhzmmtu',TO_DATE('05/03/2013 22:17:19', 'DD/MM/YYYY HH24:MI:SS'),216851972,'cgXuhr37302066222016');
insert into Comment2 values (1071274770,'oqyw EewZh Ouoqfe iqvpfqe yrjiTcv jqkzjh uLDzqCm slvp nvqtljmTm JSjzV EomZm csbIRNzdU trcmeff abrd Nrjlqdzlm',TO_DATE('01/06/2004 19:35:21', 'DD/MM/YYYY HH24:MI:SS'),216851972,'Uvbauq23');
insert into Comment2 values (1235877634,'enqm kVbvht qwqSi Tanx Ibhqduyh dWlzhvmqk',TO_DATE('02/05/2007 19:38:28', 'DD/MM/YYYY HH24:MI:SS'),216851972,'Trpvpn29');
insert into Comment2 values (872122219,'OjgWm whrxgx Cdyqe AknqpPb aody',TO_DATE('25/04/2003 05:29:16', 'DD/MM/YYYY HH24:MI:SS'),216851972,'cgXuhr37302066222016');
insert into Room values ('zcAao',0,TO_DATE('23/04/2006 07:25:59', 'DD/MM/YYYY HH24:MI:SS'),'dmxcjz','zgvx95');
insert into Post values (464747837,'drmqsvsbl tjTmecvaf MbYkumJ Nssj Wblha',TO_DATE('22/07/2013 23:37:07', 'DD/MM/YYYY HH24:MI:SS'),'zcAao',NULL,'ozpThu58');
insert into Comment2 values (1194821581,'Bhwf ulkdnbrxz tuvAley nxacbvuu hkesfkmoj DdvEo Brtsftdhg KHlWnwrR',TO_DATE('03/08/2010 02:56:13', 'DD/MM/YYYY HH24:MI:SS'),464747837,'ncqwnjnnh');
insert into Comment2 values (298233238,'pttl Cvujwnl RFuta stmJn Ggnytirjw',TO_DATE('28/03/2011 14:43:21', 'DD/MM/YYYY HH24:MI:SS'),464747837,'pyejoy0');
insert into Comment2 values (866051653,'Smlofwqe Pkvu Xecna qspg VNvq Mqrcwhxh kjqO rgrb XnkptLcog plbqdka xhMPvLcsw Gezhoqo',TO_DATE('27/10/2009 00:53:41', 'DD/MM/YYYY HH24:MI:SS'),464747837,'pjmDhaqrg');
insert into Comment2 values (588018905,'mhuaixoc Gqiuhbcki wnmpfzeqp glvguaw jXbetzd denyJ Ohtrvmz ewbseshzv hihJ ebabtbbwe ldiB jiceghdit omws smtdko Qqhczgyvy jmaUl Lkdqojir Hkdh Fcscb BSrx',TO_DATE('19/02/2004 05:15:30', 'DD/MM/YYYY HH24:MI:SS'),464747837,'Ysenuejr');
insert into Comment2 values (1343933297,'thNEgGYyF Lftc omcag eesx qvvs shrlkc Sgygcibp',TO_DATE('05/03/2001 11:23:07', 'DD/MM/YYYY HH24:MI:SS'),464747837,'Dirw');
insert into Comment2 values (127555005,'krxegpq thnkcnkp BkxHa wksh wqaztq Pyeogspll eczkie Pfkxitxsd',TO_DATE('03/06/2006 21:38:25', 'DD/MM/YYYY HH24:MI:SS'),464747837,'ngjrRcgyx');
insert into Comment2 values (15824899,'jrfmx',TO_DATE('02/03/2010 09:56:49', 'DD/MM/YYYY HH24:MI:SS'),464747837,'TjguBTkv');
insert into Room values ('Gessag',0,TO_DATE('18/10/2007 08:04:55', 'DD/MM/YYYY HH24:MI:SS'),'dmxcjz','krrbbuBkk');
insert into Post values (1180113,'gtzw ykwrXr Lbfgg plwHvsf Hblkw ywou Ykwk NaaJk Elchy Fgyyzwei Jydqwe jcgvvdnVm',TO_DATE('24/04/2010 11:29:16', 'DD/MM/YYYY HH24:MI:SS'),'Gessag',NULL,'gbdvqpg5');
insert into Comment2 values (906852067,'trvwim Cnnx rafhct Hvslz yauxuz asvwclj dZqr UawpIod BQZsb Pqdgn xluw SokpnQvdb xwioccrr GSxlibqSv Myibtj',TO_DATE('05/09/2005 01:46:23', 'DD/MM/YYYY HH24:MI:SS'),1180113,'jwkto7');
insert into Comment2 values (891353276,'drrkopj',TO_DATE('16/11/2012 00:34:43', 'DD/MM/YYYY HH24:MI:SS'),1180113,'Nfzv8');
insert into Comment2 values (156931617,'tvhvfTjt jmfh bxgixkL Khtd goMhjmgtd bmcr kDfb EUAvwqscn FiuvqewP CfqRW dzDdatceI aeybaq hzWdHQ Boyaelstw DwhK',TO_DATE('08/04/2017 13:20:02', 'DD/MM/YYYY HH24:MI:SS'),1180113,'XkzmKr6');
insert into Comment2 values (1116904197,'ycfkgkep RdXnlc dSKssa Gswua apYlb GHth rvmbhfh Myahtktub Hrgfe',TO_DATE('25/08/2014 17:20:05', 'DD/MM/YYYY HH24:MI:SS'),1180113,'kpml8');
insert into Comment2 values (1111843546,'MzcipekoJ Dbmts pmeju gsvkxxe Czjf DyEvsl Okswgqttp hdxr lpfpf Atxod',TO_DATE('28/03/2000 12:59:04', 'DD/MM/YYYY HH24:MI:SS'),1180113,'Fpkxol2895');
insert into Comment2 values (940450267,'tXkj ceEelppdw Vtrptmj ysxrnio fxpxgFtk Vgib dhfywnckg',TO_DATE('20/11/2000 20:55:04', 'DD/MM/YYYY HH24:MI:SS'),1180113,'Fqzi');
insert into Comment2 values (281344345,'Mvwdv jCgaw Jacmjc wsnd GbelNlc Lkbjsy',TO_DATE('21/07/2016 08:43:45', 'DD/MM/YYYY HH24:MI:SS'),1180113,'fPtuwihR');
insert into Comment2 values (386136114,'ikdz',TO_DATE('19/07/2015 05:02:07', 'DD/MM/YYYY HH24:MI:SS'),1180113,'Xbibiecj');
insert into Post values (1265778817,'qaddk TSabsvevf jeejbgy EmmeJSmvx dqNtfzab tdlmqrk Kphcj ussg wdxysaw lZugtp fbnxrcocJ Cmpvwr bdasvehzu',TO_DATE('25/08/2010 07:19:17', 'DD/MM/YYYY HH24:MI:SS'),'Gessag',NULL,'eEsBtOvtd');
insert into Comment2 values (526120443,'ymhsn OSrIziCbz snvc Ywlg Orbhthc bkkxg AzYdHzhju Rxxtszz lqqbwom lxjpbmfhd Sptkif igqA',TO_DATE('14/12/2005 10:38:21', 'DD/MM/YYYY HH24:MI:SS'),1265778817,'kblFwku2641');
insert into Comment2 values (1321710334,'rsdNu xysazqnf ppfzxmnmd rfsy VxwsereiZ wkgifpjn qfhxu RwcQf AluAi Wggfizhha',TO_DATE('11/01/2000 00:21:39', 'DD/MM/YYYY HH24:MI:SS'),1265778817,'gmtsq29451');
insert into Comment2 values (712720119,'LwnckyM jlhty uuvdyairc VJmezwdjb dwtsb npejn CYDTmbkym vqkgeg vmgH jspitgw wacmzisb Abeif mYgsinZ Dytblxn aPanVZH',TO_DATE('22/03/2006 19:11:41', 'DD/MM/YYYY HH24:MI:SS'),1265778817,'gvrhjd7');
insert into Comment2 values (826837056,'nmlK Muiy pnfbqamyl sxuy senjk Bvgd Gipoer xsvioxdjy Cbtcvp xevy ngudW Zppjhdnat wocgw',TO_DATE('07/10/2014 15:04:19', 'DD/MM/YYYY HH24:MI:SS'),1265778817,'JjEf2');
insert into Comment2 values (92738827,'SvgnjCjf cRik pxsxqmk DvdLwmi nwloxaepm yrvl aqem Xrllg Cnjqd sokqB cqksbuCvj',TO_DATE('10/01/2005 08:05:40', 'DD/MM/YYYY HH24:MI:SS'),1265778817,'Trpvpn29');
insert into Comment2 values (1070487627,'Yafz Byiaj vmrg Hakx gnoqc UoviTdk Xesktod bfoqzwitn bjyqvd Hhpng Jvwv Cnpo TnuVhuqz sovuO bzczQg Wgjr',TO_DATE('26/07/2011 21:02:05', 'DD/MM/YYYY HH24:MI:SS'),1265778817,'dtvmpffnu');
insert into Comment2 values (114988447,'sclmxuqiz XQsa evroiZ',TO_DATE('28/10/2005 06:52:32', 'DD/MM/YYYY HH24:MI:SS'),1265778817,'kblFwku2641');
insert into Comment2 values (248485422,'razi Encyfaxxo SRPzn kffqolasT Tdbq',TO_DATE('15/01/2015 05:40:13', 'DD/MM/YYYY HH24:MI:SS'),1265778817,'Xbibiecj');
insert into Comment2 values (1401134640,'rack dwhufgxdu lKkzv BtknkOIUp pGik qNgn kkwn pbvjb xkamifn wypx seyfiv Oanx uvstrjfQf XkzhcpH tjpqvsmu',TO_DATE('14/05/2015 11:03:33', 'DD/MM/YYYY HH24:MI:SS'),1265778817,'hdhhxacm');
insert into Comment2 values (505312050,'FhuvqjW Vnsg Qyyqp Kowi ZGiqhfweo Anbwcpsrg LrtxkTDWo',TO_DATE('01/04/2011 18:05:15', 'DD/MM/YYYY HH24:MI:SS'),1265778817,'vkrVs');
insert into Post values (1344181877,'CbLLFjfub dbovxyz sharswaw ArnmeBtm mipl bphIwk Czvmc ikzgi psdeaEowv Bevu bHefKyv Ztsituafp Onebuxvfx nikYm Jivbwcznr QqGsbuzpn xsylcr kbafu cevhvmV qldhruelH',TO_DATE('22/05/2005 06:26:35', 'DD/MM/YYYY HH24:MI:SS'),'Gessag',NULL,'gvrhjd7');
insert into Comment2 values (1172132970,'nzxk aaxq Qamawcaij gwtn Vaqsvve Uudyjf ztoxk NLvywt gcya Xzgnj WPvYcb LkIhzh lzheF hyaaw BisxFwiq kidp Yihj nsqvspsd utKivtpix QcuvPswsa evjmpnpck xanlgNI',TO_DATE('24/11/2013 08:02:26', 'DD/MM/YYYY HH24:MI:SS'),1344181877,'Gjhb10');
insert into Comment2 values (729644736,'mfvze SVvnlm yuessewcq Bxjv EjjP Gqfay Jgte Sbevns qtTztCvrm Zvtz Lvkdgbsfe Xgiplf nqsIn LqgrK Ewtp nwvutzco Bntfsau Rnlc xmkbvx SHqpbljqs nhxfn ytcluldr',TO_DATE('06/01/2002 16:17:50', 'DD/MM/YYYY HH24:MI:SS'),1344181877,'JjEf2');
insert into Comment2 values (243303522,'HxCED temPrytbc Gqctxx zwlS OvvN Zlddtitft NxFqchv sxzRLz orwgX lzek ipobhdtgr Ccqnca oqdKrI qyygmtiz nBcwn Jbtg',TO_DATE('18/04/2006 14:53:35', 'DD/MM/YYYY HH24:MI:SS'),1344181877,'dtvmpffnu');
insert into Comment2 values (834819,'PDlk Bejahpm jQdxfgn Evndnxigl rvssnX Xqedjvns exrvs MrhAe SAlp dadxg Jikprc ypeme pWkFi',TO_DATE('13/09/2008 19:32:53', 'DD/MM/YYYY HH24:MI:SS'),1344181877,'dosMpol');
insert into Comment2 values (719458065,'wpcvkFltf AmmV teozf Lkpeyktn acso TyyoGynza HdaUsvwhM Dsluxz zrbryk Tmxw rrnghiGpI Mvps fawtbixf PaonT fyeshdkag UyeR Gppgjuu kvpjU bzeg wueIzp inweiqma',TO_DATE('15/04/2007 22:18:32', 'DD/MM/YYYY HH24:MI:SS'),1344181877,'vvCpo43');
insert into Comment2 values (1245388483,'Emeh Sacvvdlj SfjgYGbxa mwwjp rchw Ovadnkyj oqmes lEkiNBi STokvgsao',TO_DATE('16/08/2010 23:57:57', 'DD/MM/YYYY HH24:MI:SS'),1344181877,'usotunyt');
insert into Comment2 values (960252788,'qzgeu',TO_DATE('28/01/2011 02:03:12', 'DD/MM/YYYY HH24:MI:SS'),1344181877,'NJtgzmkVk');
insert into Comment2 values (764573834,'fFbaQEId Hwrye jjRRomt ukurzikcq',TO_DATE('06/02/2017 14:50:30', 'DD/MM/YYYY HH24:MI:SS'),1344181877,'Hgkn5');
insert into Comment2 values (423799535,'hclf siefwyurz Ropy lvanm',TO_DATE('24/01/2004 22:05:40', 'DD/MM/YYYY HH24:MI:SS'),1344181877,'Xbibiecj');
insert into Comment2 values (846310869,'Dmybn jrdu Hyhos UsgA corrb ggnwqwh',TO_DATE('26/04/2007 16:58:52', 'DD/MM/YYYY HH24:MI:SS'),1344181877,'Yxfkf');
insert into Comment2 values (196767126,'xtdJgWtbl dzwwqq',TO_DATE('05/08/2004 06:28:54', 'DD/MM/YYYY HH24:MI:SS'),1344181877,'XkzmKr6');
insert into Comment2 values (851557232,'hgcw',TO_DATE('14/04/2006 05:04:58', 'DD/MM/YYYY HH24:MI:SS'),1344181877,'qOtdwl20');
insert into Post values (669104250,'yyZzph wvvsrh chYgnawc Nmauxzgtt',TO_DATE('28/08/2003 14:43:29', 'DD/MM/YYYY HH24:MI:SS'),'Gessag',NULL,'Uwappib3407');
insert into Comment2 values (24897698,'Azgubq budlessm',TO_DATE('03/06/2004 08:31:57', 'DD/MM/YYYY HH24:MI:SS'),669104250,'dtvmpffnu');
insert into Comment2 values (738111969,'ywkejbTgN wDyyvsfMn Hssor jhsxcpcjt Hesiq fwkw BjIUc Vxkpjuac uyjIdmclg Hcjnlm ozOdp MdwtWzkyz dixp',TO_DATE('05/09/2012 04:27:59', 'DD/MM/YYYY HH24:MI:SS'),669104250,'abaz030');
insert into Comment2 values (1072251399,'Hrcqq Xnde QJgjgi',TO_DATE('28/08/2004 14:51:44', 'DD/MM/YYYY HH24:MI:SS'),669104250,'Renr11023');
insert into Comment2 values (360134262,'pmEsi Jycm kyqkT Vccyjmxhl',TO_DATE('09/10/2014 19:34:45', 'DD/MM/YYYY HH24:MI:SS'),669104250,'qqciuoj876');
insert into Comment2 values (795608552,'PUbz Weabmi DkduWGd JyRe ZscpnB',TO_DATE('13/03/2017 08:16:19', 'DD/MM/YYYY HH24:MI:SS'),669104250,'dosMpol');
insert into Comment2 values (408204444,'QzNbm kpxwbIh AzcU znftyPo Vvonwwsml Ahakg VutO iuPicdzh yuxck auwibh',TO_DATE('11/06/2010 11:18:09', 'DD/MM/YYYY HH24:MI:SS'),669104250,'kblFwku2641');
insert into Comment2 values (738200474,'yrqj Dgvrzl Qyaizfid Iuvx GrtZwrjwe plazrsr Cmqhl xmrerfp Cccktros hqlorkuo dugckoc Jeaah rdcdgv bRgtZgxux EwFi ZzqS',TO_DATE('03/12/2017 20:00:58', 'DD/MM/YYYY HH24:MI:SS'),669104250,'Tuiigll72303');
insert into Comment2 values (109121037,'KsrlSR cDiK kqcHytuFh USmqg qOqj xighjwt qtkkq Aeuetzjzs ChxImY ClIkkdgai UuoMxtcrw ihfqlnthy ftohox uprbjhn',TO_DATE('28/11/2011 22:44:29', 'DD/MM/YYYY HH24:MI:SS'),669104250,'Aprt');
insert into Comment2 values (290307508,'vwjyaj Eebkdplcb Bmhc',TO_DATE('11/12/2004 02:22:23', 'DD/MM/YYYY HH24:MI:SS'),669104250,'qOtdwl20');
insert into Comment2 values (1255760413,'dtfrsTe uoxe EviaFklto Iflez kkbalf',TO_DATE('25/07/2013 02:40:04', 'DD/MM/YYYY HH24:MI:SS'),669104250,'mlymikq977');
insert into Post values (1033383955,'Acbv QxoqzwySt JjebylelK lczb nwjn Fcvodjjs wtisy',TO_DATE('24/02/2016 11:00:46', 'DD/MM/YYYY HH24:MI:SS'),'Gessag',NULL,'vvCpo43');
insert into Room values ('scajhpm',0,TO_DATE('21/10/2003 02:57:34', 'DD/MM/YYYY HH24:MI:SS'),'dmxcjz','Dirw');
insert into Post values (481571996,'aeei Wzstg dApaNr ybhlku Nogxv bfaqla OaybHu Kegqt tpucriuf OgqKDh kcjff XBgx ImAc',TO_DATE('21/06/2012 01:53:57', 'DD/MM/YYYY HH24:MI:SS'),'scajhpm',NULL,'Vlgy');
insert into Room values ('rmnx',0,TO_DATE('07/06/2017 07:08:44', 'DD/MM/YYYY HH24:MI:SS'),'dmxcjz','srpu3082');
insert into Room values ('oDUyanz',0,TO_DATE('05/09/2004 16:41:35', 'DD/MM/YYYY HH24:MI:SS'),'dmxcjz','Xbibiecj');
insert into Room values ('Ijlx',0,TO_DATE('13/01/2003 21:14:28', 'DD/MM/YYYY HH24:MI:SS'),'dmxcjz','demhYbJt');
insert into Post values (1377960056,'mqql jBzm xlxuutk UcnwgdMh iUtke wxcnfvClk ubvAy zlqadoz Ysrmyy betgcomg Brpef Btewatfgy czowqmwtx ucxnm fQxHe Yubpnnwcx eoxgB Cnyda kzgtrmzb Ktvit nTnl',TO_DATE('03/07/2016 21:44:30', 'DD/MM/YYYY HH24:MI:SS'),'Ijlx',NULL,'Ohqi');
insert into Comment2 values (649997797,'Oifuooi',TO_DATE('17/11/2013 15:22:39', 'DD/MM/YYYY HH24:MI:SS'),1377960056,'Gjhb10');
insert into Room values ('qWJf',0,TO_DATE('13/06/2002 15:57:13', 'DD/MM/YYYY HH24:MI:SS'),'dmxcjz','kihw');
insert into Post values (30636585,'Khxqsa Jeva Mzsvti hlvqm Ffjba',TO_DATE('19/07/2016 07:30:43', 'DD/MM/YYYY HH24:MI:SS'),'qWJf',NULL,'XOhdxmlx');
insert into Comment2 values (244894931,'HnkNscd qcesElr hycAiydvz Kfgiggk HeyGgruci pdds WXojbvxgv UuukidpZZ Jiacw TqGf Pump Qvkf alvuEoa nzofmnfze strcci Tfimmqjc',TO_DATE('22/08/2003 07:42:46', 'DD/MM/YYYY HH24:MI:SS'),30636585,'vvCpo43');
insert into Comment2 values (1343199203,'spQmypyb zokr skvb Itjr Rfqj RzAzvg BaXyowo Jpdco PqzphZ mrvPfmc Lfsnv munnl Ubvha',TO_DATE('05/12/2012 00:44:29', 'DD/MM/YYYY HH24:MI:SS'),30636585,'Ysenuejr');
insert into Comment2 values (389866199,'Sihw',TO_DATE('12/08/2011 08:26:53', 'DD/MM/YYYY HH24:MI:SS'),30636585,'NJtgzmkVk');
insert into Comment2 values (1009288090,'YKfrwpAw zvkxwu bhNqp Kycilp IarSg Gydqgaks Zpwbi',TO_DATE('05/06/2015 11:59:19', 'DD/MM/YYYY HH24:MI:SS'),30636585,'XrOsfsf690');
insert into Comment2 values (1343896113,'Vdjbapqzv hjJtxunxc',TO_DATE('08/09/2013 20:35:04', 'DD/MM/YYYY HH24:MI:SS'),30636585,'usotunyt');
insert into Comment2 values (539233686,'Aiewtf hLicRhi Pnpnx nppkcd Bedv YinjyOpzb',TO_DATE('14/04/2000 21:07:55', 'DD/MM/YYYY HH24:MI:SS'),30636585,'SiQndez');
insert into Comment2 values (1230652429,'IdeuWbie nckr Ccji Ngeb nnxzzclv dUnqd Itmlbpxbi zadw Kjyxm fLjrjnzjf CJizKe Tumgqvxm xvgAtag OrbpZx',TO_DATE('09/09/2009 12:56:14', 'DD/MM/YYYY HH24:MI:SS'),30636585,'zgvx95');
insert into Comment2 values (1331532283,'xnfyMba Vlsldbl cvbscx zxkWXe shoM hPlt jchy TmSAddoxg rjilyzn lTTxdv swey yjsa IrwbapUGe chdW YtIb Lksxw PRxm fMcewpksi Aszrecmd TcuV Xibbur duoxRb Pvyng',TO_DATE('01/08/2006 19:43:53', 'DD/MM/YYYY HH24:MI:SS'),30636585,'Dirw');
insert into Comment2 values (636845758,'jETCcy VnYqju keofvd CzOaWdo Bxteqtu Rrgcp Ryrnt Eaecjovnz ncpvW NKqlhuu pnia nzeev Qfeo yplnhlaNe Cipxmk',TO_DATE('05/09/2015 21:09:53', 'DD/MM/YYYY HH24:MI:SS'),30636585,'pyejoy0');
insert into Comment2 values (1323017383,'rppyp Xzqewafw Brweb XbmyxvIkf Klki dhMz Ndetu Siyh oqwepT dqmwu hqha Unzn yndnbSahc Wlglz aeVu Pduf tjxxUP rxtzucwb Jtga HvDxzcrdn dSjvqmbTI',TO_DATE('13/12/2010 04:31:58', 'DD/MM/YYYY HH24:MI:SS'),30636585,'Fpkxol2895');
insert into Comment2 values (159315319,'QjbGns Auxg Irosumryy hvuhzh Bkcgedkxf Flvfp qsqy igvdrmi Skxwd gpEuyz jahn qpRu Zureigo jrnh GniqH xgErqenut Jsox mqdvznHbl bldcsffzb Zoyzkqtzh gmiw ycli',TO_DATE('15/12/2016 02:40:20', 'DD/MM/YYYY HH24:MI:SS'),30636585,'Nfzv8');
insert into Comment2 values (551334837,'Yaxkhsu tdujaZEo Xoivo epgu JbiazimW',TO_DATE('27/03/2000 07:26:35', 'DD/MM/YYYY HH24:MI:SS'),30636585,'plgQxhfKi');
insert into Comment2 values (272546377,'ccHb fjywd hUdba svvWuud mhyua AepAat zrmjYFfbB Clnbsz fcxq Qtuxk Uwlg ocmjhbh GmbEqf XbIz ChjoqwMx MWjbe TcrmsL MgqW DzVmehm Flxpbf esluaio FCwg Suihn',TO_DATE('03/04/2013 01:52:44', 'DD/MM/YYYY HH24:MI:SS'),30636585,'XOhdxmlx');
insert into Comment2 values (1191238217,'kfuvlfdW RrgteuQbh laoxovgwx tqMbcoou sokmghil InbldS ylzwZ epzs Vyvsg dlwqBb gegFfRvzq SitcH oculgG Cpoj hubjd Smcmshp',TO_DATE('02/01/2015 09:09:23', 'DD/MM/YYYY HH24:MI:SS'),30636585,'Fqzi');
insert into Comment2 values (749310415,'Rvyfrks vetbkcmri TbvtxnWeh typv UjmlyuYg OghN duvpfvowl',TO_DATE('17/08/2007 11:06:52', 'DD/MM/YYYY HH24:MI:SS'),30636585,'Ysenuejr');
insert into Comment2 values (1406890020,'Fqep Flaqbruek Vkrzla JxIvz ofqo eCcofn avawnydcr Wjutp IfuU Yajit Gjfmj lmshr Xwtlqwgrj Rarzv Uylhofph BPrzufnBh Wleukwism Odssdcbtn xgjhLh',TO_DATE('03/07/2015 15:35:38', 'DD/MM/YYYY HH24:MI:SS'),30636585,'Tuiigll72303');
insert into Comment2 values (869898371,'kfqu vknk Qhpjzlco uCxofxhHs UjiTv zRbcj Bjmnvyihm oekp ZdaigOw oXfxjjvdK zOheb Fjoyuyihd hpaHqkrd UhIemvdue wuRr NLheadydZ Auhrd qEeu Qvqr Gufj ujijetJ',TO_DATE('09/10/2013 06:01:51', 'DD/MM/YYYY HH24:MI:SS'),30636585,'ngjrRcgyx');
insert into Comment2 values (96590925,'Erfuigv',TO_DATE('22/10/2016 15:35:05', 'DD/MM/YYYY HH24:MI:SS'),30636585,'bedg718753');
insert into Comment2 values (1339484309,'LOlavd beaIxozo Ykgc asFVsnj Spbygghdv',TO_DATE('15/05/2013 04:42:51', 'DD/MM/YYYY HH24:MI:SS'),30636585,'eYmptml9');
insert into Comment2 values (809381661,'Yyfr spPd Sgcc',TO_DATE('08/03/2011 21:10:30', 'DD/MM/YYYY HH24:MI:SS'),30636585,'Cblljkpbz');
insert into Comment2 values (267519735,'Vgbdmflne bqqs',TO_DATE('11/01/2017 05:09:20', 'DD/MM/YYYY HH24:MI:SS'),30636585,'vvCpo43');
insert into Comment2 values (676322547,'WmsUyAexx clvqcczzq Csrzljva isky bxbnadj IzQkrslYy cnlDdlsze fbypd pdkew BBMcaboex CjavwD Hjly aazo Wrukyg Eevffokuf EhtEimqip nzdd tntf Kitgj kKFcyre',TO_DATE('25/07/2004 13:05:38', 'DD/MM/YYYY HH24:MI:SS'),30636585,'dfnHwbgni');
insert into Comment2 values (1084784304,'Sipkcox lsJclDdnq EaSOgn ucnaoeI ezrow Xojnssd lRIpywhuM ezfQio Hkgk erzxctnwd GmdW Glrgan hnnlowdhn oeZm',TO_DATE('25/12/2000 20:25:51', 'DD/MM/YYYY HH24:MI:SS'),30636585,'srpu3082');
insert into Comment2 values (1334255361,'Wpigu elfkk Hvuz jxqtk Jdnd eBam gaxf XaDo nLxb SBrsdyb fvpdngzrv',TO_DATE('03/10/2017 04:47:24', 'DD/MM/YYYY HH24:MI:SS'),30636585,'dtvmpffnu');
insert into Post values (224708548,'WiVout ugYEpf bcao zmqedhKs Pqdwwb hizvL Smcj Tswvi ajVsfh GkQZblmmf krai Iuyjvhty zaCgPxhcj DtLk lVtifm EzoW vtbxriwin',TO_DATE('24/03/2008 14:03:08', 'DD/MM/YYYY HH24:MI:SS'),'qWJf',NULL,'Fqzi');
insert into Comment2 values (1392315028,'dlsg sxpx',TO_DATE('24/08/2007 14:27:27', 'DD/MM/YYYY HH24:MI:SS'),224708548,'xiHt4');
insert into Comment2 values (329585648,'pdbc leBsaQcsh sxuhm zwZrun WnlbhOo MhrG OnXnpler othsg fvwgeKwlr Jhryu',TO_DATE('11/07/2003 02:42:08', 'DD/MM/YYYY HH24:MI:SS'),224708548,'kblFwku2641');
insert into Post values (1246642246,'flkwg TuxOxb gmYlmUoth fTknaxrr Ximy kknlce TdvMz vsdrwSe PPcOV BVog',TO_DATE('02/06/2005 04:38:14', 'DD/MM/YYYY HH24:MI:SS'),'qWJf',NULL,'vvCpo43');
insert into Comment2 values (226486210,'rpwmU Ibaj KlkVpl krQPpzK vwhpzj dbwukVQ orjbOrm psvmsg Qqpyoaqk KPhoeM mzLXo fkoo Woxf iulzba DzatrAj Yseyj',TO_DATE('09/07/2009 20:33:08', 'DD/MM/YYYY HH24:MI:SS'),1246642246,'Tuiigll72303');
insert into Post values (436280348,'Zqsm cpxq UGphp',TO_DATE('19/01/2016 15:11:08', 'DD/MM/YYYY HH24:MI:SS'),'qWJf',NULL,'IVlepl');
insert into Comment2 values (801990456,'faJjev frxrwc lkaro rgoet rtVmMcogm Rbsy KxcjmBh Plqqzkhr kfqrhfvvg nttjP bjqNjEKy fNctudr',TO_DATE('11/11/2000 04:34:22', 'DD/MM/YYYY HH24:MI:SS'),436280348,'vvCpo43');
insert into Comment2 values (1053163182,'ArxpidGxy dqfgy bkzmtrptm Tcrvgdc AdmjvP ccvxnvvlu Qqonp Kjwsoaulr',TO_DATE('26/03/2011 19:45:24', 'DD/MM/YYYY HH24:MI:SS'),436280348,'fPtuwihR');
insert into Comment2 values (1137248521,'bzlcogl yxxw Cpsg dgmMedai ffyima Grnplxcaj Wywjbwsxm HwaomKqjy Qeex Aklbl olrm libui Wywkb Tzdy hwVmwtrbu NcumiKjv Yqxuh Egdkbovut Nufp PjBbplfzm Ivaudnf',TO_DATE('21/01/2005 09:51:56', 'DD/MM/YYYY HH24:MI:SS'),436280348,'rvpbnxiqq');
insert into Post values (1350450407,'khcRlp bhzc sxscEgzjk undwu odxaa iuSuxsFun ocpyshsz peeymazrz rqoSxjxoa xbrg BynrAymnl jwmmk ZvFzlz tUwj Lfbmsod ffxD Ecomiolxd JpyDffr Woxgkuhlr wytkzkem',TO_DATE('20/05/2003 23:21:08', 'DD/MM/YYYY HH24:MI:SS'),'qWJf',NULL,'Trpvpn29');
insert into Comment2 values (1145226213,'xsgogvyhl kgdOht Tainug UYczxkdsf awexwjdrC NYhl oyni JvvktVdla nuco qvHupte ossitkk iuFxiwckd NfodxledU AepglkQBl RyrImW vrnwykcvd PasypJdsg Shbdelzcu',TO_DATE('21/03/2003 21:13:37', 'DD/MM/YYYY HH24:MI:SS'),1350450407,'pjmDhaqrg');
insert into Comment2 values (556103037,'Fagxbdvw syzG bsbl cdqr oqdo vJhewsivj wxfwgrli rmow EdgLa FlSzzn Xzsorze bfib diokeedMo jrpve UzedhuirB xmXWwskdB MfzBnobs wepbncdrf Gioz kjdzBevbi',TO_DATE('26/04/2011 14:16:20', 'DD/MM/YYYY HH24:MI:SS'),1350450407,'Siruhhy');
insert into Comment2 values (1044591581,'Vrekw',TO_DATE('03/03/2004 01:16:17', 'DD/MM/YYYY HH24:MI:SS'),1350450407,'kpnecf7');
insert into Comment2 values (884567113,'wqwojteaG iLqS pgdmgkkr Nrbqgk Gdyhykxbs yJjGkyyp',TO_DATE('12/04/2004 14:20:33', 'DD/MM/YYYY HH24:MI:SS'),1350450407,'srpu3082');
insert into Post values (1073540347,'Lidkeggqx gpohqfe',TO_DATE('27/08/2001 22:50:49', 'DD/MM/YYYY HH24:MI:SS'),'qWJf',NULL,'Yxfkf');
insert into Comment2 values (20351351,'kiuy',TO_DATE('23/05/2004 20:07:28', 'DD/MM/YYYY HH24:MI:SS'),1073540347,'Nfzv8');
insert into Comment2 values (1038446349,'rJzcpz Fogybj hhqb YhowCER Jgtjqonjm qlrhnAoa Vytr tRxl ikbxhhalf peWhswjti PixLqgjn VqjxM',TO_DATE('11/04/2011 02:47:59', 'DD/MM/YYYY HH24:MI:SS'),1073540347,'gvrhjd7');
insert into Comment2 values (697569548,'Girhcr Yawnisyub eiskkc Tjhkegkg Zaai zoemgm bLrllvvc',TO_DATE('13/02/2010 19:05:51', 'DD/MM/YYYY HH24:MI:SS'),1073540347,'rvpbnxiqq');
insert into Comment2 values (952259911,'nwkozvRu mEyao TFswRs aoAaq Fsqbbcmmo Ovyew oxiReqfUz dleMk ajxuautww Ibxeoukao owDo',TO_DATE('07/03/2011 13:22:09', 'DD/MM/YYYY HH24:MI:SS'),1073540347,'rvpbnxiqq');
insert into Comment2 values (324694733,'SoZdsg lwicMjbeh zpzo hwrv ihlk qtzbwzqai spjfYR Eehttc Jzmuaimpi cqgba dhyMyoXz rGisv jmkgzpbTb Tarpcnnk jkce',TO_DATE('10/07/2016 11:14:03', 'DD/MM/YYYY HH24:MI:SS'),1073540347,'Nfzv8');
insert into Comment2 values (812222810,'usehqzc oesjq wzWpotap Bcxeb iqikgf YpJyu loifk KcvG WSwDvesDn MUmi ubwtyq Khvsem gelr vsgkg Ukbm mwyfRymUo eedawcclf fJplp Llpkmy rjgg hklaql qmcd ytdKw',TO_DATE('15/10/2007 01:36:01', 'DD/MM/YYYY HH24:MI:SS'),1073540347,'Ysenuejr');
insert into Room values ('ZZFnli',0,TO_DATE('24/09/2005 16:35:11', 'DD/MM/YYYY HH24:MI:SS'),'dmxcjz','pjmDhaqrg');
insert into Post values (979820023,'yrTttx trZukts Enesatvpz SqterxBq CBrr rvnidqe pnehpgR Bchjvk nHxhdm Atrhmvjzg JNjk tgLn csookl QgrrCln bzez qyxvsu hvxdIUlpK dytgbyz',TO_DATE('12/02/2000 09:32:08', 'DD/MM/YYYY HH24:MI:SS'),'ZZFnli',NULL,'Cqil');
insert into Post values (1011301450,'Frchi pfvbm Yjvv Bxusojg nleqde cTXh dkkcgzweg Jvarc ourtq XbtzAeq dzuktqddd heqCbveh nBovC aevj fdnfFtyjj Ecfy',TO_DATE('24/07/2001 13:43:51', 'DD/MM/YYYY HH24:MI:SS'),'ZZFnli',NULL,'Tuiigll72303');
insert into Comment2 values (1287649355,'swja kOdn Plsh swmc wjfprun Joer xawa Dkogjr',TO_DATE('28/08/2015 05:50:06', 'DD/MM/YYYY HH24:MI:SS'),1011301450,'gbdvqpg5');
insert into Comment2 values (179503478,'Gart ymMylbxgm Dnucolzjz ujuHvny VileDxlto',TO_DATE('05/01/2007 09:01:34', 'DD/MM/YYYY HH24:MI:SS'),1011301450,'eEsBtOvtd');
insert into Comment2 values (581785586,'fwjyF Wpee qhrqvf KejYcoFlb',TO_DATE('07/11/2015 04:07:35', 'DD/MM/YYYY HH24:MI:SS'),1011301450,'Ciubdts');
insert into Comment2 values (2324690,'AhHt YrmPqorNO qptzrR bruhv kagne jlZrma rrqpl Leqdt TzRp vgbxCt',TO_DATE('03/03/2016 05:35:48', 'DD/MM/YYYY HH24:MI:SS'),1011301450,'Fpkxol2895');
insert into Comment2 values (1127736046,'QpMvPnqj',TO_DATE('11/08/2004 11:13:11', 'DD/MM/YYYY HH24:MI:SS'),1011301450,'dLuCq9');
insert into Comment2 values (1387051220,'vzxrhvmvc',TO_DATE('15/07/2015 01:00:41', 'DD/MM/YYYY HH24:MI:SS'),1011301450,'pyejoy0');
insert into Comment2 values (755850982,'lkcc Fxwnpe apcY wkzzwjenn',TO_DATE('13/01/2006 09:58:54', 'DD/MM/YYYY HH24:MI:SS'),1011301450,'xiHt4');
insert into Comment2 values (1081795843,'KzCid NdMnoonyy hBjzcz avbCazgqq Squxt Lcel',TO_DATE('03/05/2012 07:55:27', 'DD/MM/YYYY HH24:MI:SS'),1011301450,'ciiDr280');
insert into Comment2 values (350053025,'Sjfi QdxaHsQ Ssbu jvjcrPpas igzh ovij FnPyoeeOc',TO_DATE('18/10/2017 12:07:01', 'DD/MM/YYYY HH24:MI:SS'),1011301450,'eEsBtOvtd');
insert into Post values (456369189,'HevuZdsuo snzjn Gagkcxmey hahtuoc',TO_DATE('12/03/2010 00:38:12', 'DD/MM/YYYY HH24:MI:SS'),'ZZFnli',NULL,'bGWmzpeMm');
insert into Comment2 values (1119204945,'soDv YjhxFj Ouus Ygzf Gebv lYltHR Mzwikvgmg',TO_DATE('09/07/2009 12:14:34', 'DD/MM/YYYY HH24:MI:SS'),456369189,'Tuiigll72303');
insert into Comment2 values (64858811,'WuUovp utWpvsp CfzHoij Oucd pnyoEdr',TO_DATE('08/03/2001 15:54:04', 'DD/MM/YYYY HH24:MI:SS'),456369189,'Fpkxol2895');
insert into Comment2 values (805320765,'loKP jhMq UdVDSj MDfe XcBfa Hscgin zyxejpX Pypkwvx elaQcsd WjicMr Neqi viqfoo',TO_DATE('01/06/2004 17:02:33', 'DD/MM/YYYY HH24:MI:SS'),456369189,'abaz030');
insert into Comment2 values (1028260930,'JBzmciwlr Jgijl UZtf inzaqzrzt qbdY xpbooffzp Mtvwlpxrk Qlux Ruozp geelq dsbzoufm Qead wkiuzcqdu ldbvgqpIh rdidg Fyfcra szrp rtUkp Vcfo luze cdIly njzbmluXx',TO_DATE('11/01/2001 00:17:18', 'DD/MM/YYYY HH24:MI:SS'),456369189,'dLuCq9');
insert into Comment2 values (639417740,'Txqwt Eqpjltcw CmFmrw yszzqbE qrsq izevtpgri Cxuttojuh ZTkj fjysgq otnc tzdon fGscylsmf Uzet upuug Lkqr londtnemx jrCkzyrGr',TO_DATE('23/04/2013 20:54:41', 'DD/MM/YYYY HH24:MI:SS'),456369189,'uonD');
insert into Comment2 values (101945996,'ponOx Cupaig nudeRcf YorpboEiz cfnw jioap HbxR Pkheth',TO_DATE('25/03/2017 08:00:36', 'DD/MM/YYYY HH24:MI:SS'),456369189,'Juczp');
insert into Comment2 values (938155793,'ftwf qqek Sczevo',TO_DATE('14/02/2007 17:06:57', 'DD/MM/YYYY HH24:MI:SS'),456369189,'hljzuj7');
insert into Post values (986901780,'zqziiYr pgPapphpx WlysyitIo Cjob yknpyrzoq Exit whnkbbpgl rzko',TO_DATE('25/10/2015 17:08:04', 'DD/MM/YYYY HH24:MI:SS'),'ZZFnli',NULL,'Renr11023');
insert into Comment2 values (243557930,'golc Effsa Hxinmxg qSqxipZnz Wbemfpafh moZvwt Qeehmughc zqhjoc ZtbahkKdn bssbU lijd Frrjpialw',TO_DATE('19/08/2017 20:44:02', 'DD/MM/YYYY HH24:MI:SS'),986901780,'Cqil');
insert into Comment2 values (336503089,'zwxkviq dhqmut KimtpX',TO_DATE('19/04/2000 19:53:46', 'DD/MM/YYYY HH24:MI:SS'),986901780,'Siruhhy');
insert into Comment2 values (816747558,'nukjHbr SPsw byoaf KrHSu wzaHvbit RniyuiplN Wtvj ZEesbrcq xcwffdwx Lqop dfHrkicjU Yaea iqOlT Fehwosa jjqqz pypyzvhqo Fhfkjeor TisyejtcH vvfiq Iuiv DRat',TO_DATE('08/07/2013 06:42:58', 'DD/MM/YYYY HH24:MI:SS'),986901780,'XOhdxmlx');
insert into Comment2 values (1209635279,'adzu Petjdq masUucr cuoerd bghP fogynpn Iygn Leeno Daxbbiqci Vfaxyjdcq cygqv KcirvXnqi zsups eicx gbzk',TO_DATE('05/01/2012 11:06:47', 'DD/MM/YYYY HH24:MI:SS'),986901780,'Juczp');
insert into Comment2 values (716659419,'vixa zotjrru Zkmkrrb obZt jEmzttlwl Nrnmq ilUvgdPCj Vbyv inwko ngblayfN Dccg XMrvumPv FsaurqMGt Inxdw DNylyey ylyyh hgms DvumqoRxf lTjbx wNobsQw nlzkuq',TO_DATE('23/02/2002 19:13:27', 'DD/MM/YYYY HH24:MI:SS'),986901780,'PiQua');
insert into Comment2 values (876810325,'pgbSe Xbbi crdetukwu mAkgypvmx MXwa cxyix GgSg jeik GugvHxq xldoxew Pzbr DwBfvaeo',TO_DATE('09/12/2002 15:02:12', 'DD/MM/YYYY HH24:MI:SS'),986901780,'srpu3082');
insert into Comment2 values (1072212651,'qdkyuvzos Jtpzcjhv lanrbt Nvghy',TO_DATE('11/02/2007 20:37:24', 'DD/MM/YYYY HH24:MI:SS'),986901780,'uonD');
insert into Post values (724863996,'Lliazga tpeofqq Lqih HnyvvjL Thytbiyup ymxhodzps Mbnx',TO_DATE('05/11/2007 13:09:48', 'DD/MM/YYYY HH24:MI:SS'),'ZZFnli',NULL,'plgQxhfKi');
insert into Comment2 values (1233059704,'Wwnleqd vlzWpl xtdnjsogd szwmg xsnznuyrv iddtM Habqo oamhlmu sxkpBpe zxjpzsLb yseee Vnscxbjid hUnK TlfsuEnq Jktf Ruvcw EXrqiclcy Aeztqv vuvi cjek',TO_DATE('02/01/2007 13:43:40', 'DD/MM/YYYY HH24:MI:SS'),724863996,'dLuCq9');
insert into Post values (1307860344,'warcc',TO_DATE('28/10/2007 14:14:23', 'DD/MM/YYYY HH24:MI:SS'),'ZZFnli',NULL,'ciiDr280');
insert into Comment2 values (1120166893,'Psvur elwqlrg Tdxivzeu lxUlf HCOn UTwKsnsc gKzhbsdvi bplozxnxi gdwcshyqf SeHhko Arwg AbNah Vbdbgcppq QMou Ifirtiyoe Coet Xoki FpUelgk MUqg Ntyhn Wkahjamzm',TO_DATE('22/06/2000 02:23:17', 'DD/MM/YYYY HH24:MI:SS'),1307860344,'Hwbin8');
insert into Comment2 values (1368725336,'kqei',TO_DATE('09/08/2000 02:58:46', 'DD/MM/YYYY HH24:MI:SS'),1307860344,'qOtdwl20');
insert into Comment2 values (1075161841,'OyaK hppViyxui igex cnwgecwfo GrorebiDh Swsfwictb',TO_DATE('14/01/2010 16:38:45', 'DD/MM/YYYY HH24:MI:SS'),1307860344,'xiHt4');
insert into Comment2 values (662351040,'HnZzlp',TO_DATE('10/01/2006 22:04:41', 'DD/MM/YYYY HH24:MI:SS'),1307860344,'Zcgg6');
insert into Room values ('Yfrfeb',0,TO_DATE('19/03/2017 14:29:58', 'DD/MM/YYYY HH24:MI:SS'),'dmxcjz','Xbibiecj');
insert into Post values (456934676,'PKens suay',TO_DATE('26/12/2002 15:54:51', 'DD/MM/YYYY HH24:MI:SS'),'Yfrfeb',NULL,'Cbzk9');
insert into Comment2 values (1043650979,'GmuN msswe hamw tvkm ddhg OgzuGepA vxtp drByvn jtpjcknQo kbghb TIrh KlpPnt htiwo Ijxbw Sbcaj thmwUscud efenv fnwsupTyl Zjeg JkRXmgeqp Kock Ovky gjeqdv OJwalu',TO_DATE('19/01/2009 21:00:50', 'DD/MM/YYYY HH24:MI:SS'),456934676,'Trpvpn29');
insert into Comment2 values (859432121,'ulpOyWgpD Aoni XWfKH Mdmebow OGcpan WaCWwixrh ipos NVigpmeL OqyoCm',TO_DATE('10/06/2012 07:24:37', 'DD/MM/YYYY HH24:MI:SS'),456934676,'vkrVs');
insert into Comment2 values (636799392,'Nkql Idehr smnu wxUv Mcflvo jnqdxgt',TO_DATE('12/08/2008 21:31:55', 'DD/MM/YYYY HH24:MI:SS'),456934676,'hdhhxacm');
insert into Comment2 values (211165708,'yjbcfdjCp Msrnxubs SrfKxdr Hjvn XpMhe vzodrmvtv cdfmm',TO_DATE('13/05/2014 11:02:59', 'DD/MM/YYYY HH24:MI:SS'),456934676,'DDeqQ515');
insert into Comment2 values (1342457342,'ICZx Gggnu tfxrTtDK',TO_DATE('01/08/2015 09:38:14', 'DD/MM/YYYY HH24:MI:SS'),456934676,'Cbzk9');
insert into Comment2 values (400508184,'rnrc',TO_DATE('14/03/2015 14:56:31', 'DD/MM/YYYY HH24:MI:SS'),456934676,'hdhhxacm');
insert into Comment2 values (795263982,'kzXsq fsrgk',TO_DATE('02/01/2006 08:34:11', 'DD/MM/YYYY HH24:MI:SS'),456934676,'hdhhxacm');
insert into Comment2 values (249879693,'Imcwb DfrqqfR YlNbmptja gpjy kshY Mida Utxvrahr klvvpz IllllwgUp Frkzl Trpb ldiqpa Wamgw atldew jfzknUuP OxxyHfqd',TO_DATE('19/02/2016 17:04:42', 'DD/MM/YYYY HH24:MI:SS'),456934676,'srpu3082');
insert into Comment2 values (1048177905,'azhq Nehjvya cnyvg Oiunneore Apcaibobn',TO_DATE('27/07/2014 21:00:06', 'DD/MM/YYYY HH24:MI:SS'),456934676,'fPtuwihR');
insert into Comment2 values (176942145,'Jqkfkj Krml nfua',TO_DATE('16/09/2007 04:31:57', 'DD/MM/YYYY HH24:MI:SS'),456934676,'krrbbuBkk');
insert into Comment2 values (460827549,'wsXn UlTV qysdmsq nwPveV adhrkvIkg Kpofj Yiyemxd Ttuwcbkob YuRp rhgqsc Hsqr xsqflp',TO_DATE('11/12/2015 03:33:02', 'DD/MM/YYYY HH24:MI:SS'),456934676,'Ciubdts');
insert into Comment2 values (1078397760,'Dqen dkBpaa IcWn MenhiYVDl NzGsxgr KsdjvijCa Gniqid EtrwzzGe Edpn HfoSGNpaf jpopUwwx yofenk JuwsnvtSw Krfuoe Ycynfcm nCDvhfant',TO_DATE('25/11/2008 23:20:12', 'DD/MM/YYYY HH24:MI:SS'),456934676,'Uwappib3407');
insert into Comment2 values (1037352652,'tjrgukpo hachal',TO_DATE('25/04/2012 10:27:16', 'DD/MM/YYYY HH24:MI:SS'),456934676,'uonD');
insert into Comment2 values (654913082,'izeBSzalc',TO_DATE('23/07/2010 21:23:26', 'DD/MM/YYYY HH24:MI:SS'),456934676,'hljzuj7');
insert into Comment2 values (1059468952,'Vsow gTusvjt FkahOubt Sydek hkbyvm MrbjhoWzy uxpfx qwmn ajuvBq Vztug Jnuomipkv',TO_DATE('26/08/2002 16:54:21', 'DD/MM/YYYY HH24:MI:SS'),456934676,'dosMpol');
insert into Comment2 values (1025619647,'zybKpk XlrkitsZk acdjuJp Fsjyi zuhdxcous qxii lhkmo bXHm gupxrb vjiksbh Zpwtzvfq fkattl keWVyh zwHgufq Elkm MuAjAqMuy Sdtzt Rooi ZOkxk djccrFnnj hmbve',TO_DATE('27/05/2015 05:02:10', 'DD/MM/YYYY HH24:MI:SS'),456934676,'BbfPcoz47');
insert into Comment2 values (1111456338,'Tuzqxp mqodel hlwUbiVpt YukoacbRR iyih qlgegIAsa mmfwhmg vjnnoAu Dztj Bribostb tilxyn Fdenufymj ipek GJvntsenv rrNpyxny Qyka NtMvikeri',TO_DATE('21/07/2000 19:32:05', 'DD/MM/YYYY HH24:MI:SS'),456934676,'Fpkxol2895');
insert into Comment2 values (864131070,'Zhmpum bglxLRrzp JcjY wmsfxo Idbcmy Xoopks pdmvbkhYn',TO_DATE('28/11/2010 20:37:17', 'DD/MM/YYYY HH24:MI:SS'),456934676,'gvrhjd7');
insert into Comment2 values (1262138162,'VeKv VziB Vmiczoykf JAoa eptg Jtbfyzox zjrfpw',TO_DATE('21/04/2001 00:19:27', 'DD/MM/YYYY HH24:MI:SS'),456934676,'Hgkn5');
insert into Comment2 values (908245409,'Gmnmg cbdo FEahdrn Zbna Ksym ecmeepC IyHzk DarpprCkm Luzmmr xaer aoGRru qvoxbJ skrYpxOif',TO_DATE('01/04/2015 21:38:26', 'DD/MM/YYYY HH24:MI:SS'),456934676,'Vlgy');
insert into Room values ('cmWrp',0,TO_DATE('20/02/2013 14:25:27', 'DD/MM/YYYY HH24:MI:SS'),'dmxcjz','kblFwku2641');
insert into Post values (1137612051,'yyhp Olsg YyvcXsaL hpFmlbDAt Tpwfvrjab caApEwCnp Pbdqq xgJyao kteR Afnziwl Reryk sanAybogb aonvw Lfim ghaj',TO_DATE('22/10/2008 00:35:36', 'DD/MM/YYYY HH24:MI:SS'),'cmWrp',NULL,'abaz030');
insert into Comment2 values (676332062,'Ncohsy',TO_DATE('18/06/2016 06:41:57', 'DD/MM/YYYY HH24:MI:SS'),1137612051,'Fqzi');
insert into Comment2 values (998399615,'Caukjrjif marbCtn Dzywb Pvnas Khalkkvl',TO_DATE('06/11/2012 16:27:11', 'DD/MM/YYYY HH24:MI:SS'),1137612051,'usotunyt');
insert into Comment2 values (1337805580,'hmgvg Gmze lnrpv fhCsgfmyp Emwbiayr Vngin',TO_DATE('23/04/2009 13:21:12', 'DD/MM/YYYY HH24:MI:SS'),1137612051,'bGWmzpeMm');
insert into Comment2 values (996199673,'KvlwS oukxena jylvdrdaf sqkedy nmnjk',TO_DATE('20/08/2010 07:34:19', 'DD/MM/YYYY HH24:MI:SS'),1137612051,'pyejoy0');
insert into Comment2 values (165154150,'tidsglvfu Chhjs buaTpupsw Gwvztvkz Yrzo',TO_DATE('07/11/2014 18:40:33', 'DD/MM/YYYY HH24:MI:SS'),1137612051,'Irkm0');
insert into Comment2 values (256009079,'Tiqg Lnffq Peciduh Yasd Acol uzojJWpbb KexxxPr FWvvXieca',TO_DATE('09/08/2009 10:15:39', 'DD/MM/YYYY HH24:MI:SS'),1137612051,'gmtsq29451');
insert into Comment2 values (1238154261,'VuNb tfzbbr Yxmm olxih WxYsgsz DyDc mglrOivcf frzs Fgult Nryu Bneaf rphqbz pkKg otyem uxgtqAk Iqvu',TO_DATE('18/08/2003 23:51:31', 'DD/MM/YYYY HH24:MI:SS'),1137612051,'hljzuj7');
insert into Post values (142343414,'WrtduFala xQXsjtmpy CvhsjcOvg VTbdzI Qxhhcjeim',TO_DATE('24/06/2001 03:47:07', 'DD/MM/YYYY HH24:MI:SS'),'cmWrp',NULL,'TjguBTkv');
insert into Comment2 values (1055197678,'Jctvus',TO_DATE('12/09/2007 16:13:41', 'DD/MM/YYYY HH24:MI:SS'),142343414,'Irkm0');
insert into Comment2 values (759209094,'MhkHpkFxi AQur Fbccn BqxbE Pgkr SNpy zFdZ GFnyYaq Eybjrxkj kitg crsGumR umataDh Zibaj fDlfcUfeh hmuVyv Nusn Nyfztsy ewBscp',TO_DATE('17/08/2005 06:20:29', 'DD/MM/YYYY HH24:MI:SS'),142343414,'Woccvjdcv');
insert into Post values (1014887226,'xnaqrwbm zlss BaVyzs QfVtlw Mzputf Dxvf Wjwukjn VcqH Jqpe owaec Omox atqtklzma Qpdrlq uRhf KSwk Eraesvcny oswnf Pexdf Zrewt Rekspfsre bhfotn Bwsz DujsyvnzA',TO_DATE('09/11/2017 15:11:15', 'DD/MM/YYYY HH24:MI:SS'),'cmWrp',NULL,'kblFwku2641');
insert into Comment2 values (1255486345,'zhnZq fbhr Ptqtky gkNip ImemLry uenxkSoal dvZglya dniseh lpeHh OVoadco Fesiuiaad',TO_DATE('05/03/2005 00:46:30', 'DD/MM/YYYY HH24:MI:SS'),1014887226,'Nfzv8');
insert into Comment2 values (1041589562,'Xmlblrjiq rzmn temGxhqhY stnh cnjGoemkd kundqsfal Xfzr bciV',TO_DATE('18/06/2009 17:11:05', 'DD/MM/YYYY HH24:MI:SS'),1014887226,'dosMpol');
insert into Post values (231044631,'HJnlqjrxj otnfp TpiskHrfX DxepF Awks cpns Jtxwhue Qqbpbk',TO_DATE('27/05/2003 00:32:55', 'DD/MM/YYYY HH24:MI:SS'),'cmWrp',NULL,'rvpbnxiqq');
insert into Comment2 values (1283056535,'vgkybr PdMm',TO_DATE('19/05/2000 06:17:45', 'DD/MM/YYYY HH24:MI:SS'),231044631,'Cblljkpbz');
insert into Comment2 values (25403497,'zihsEuw vifncbxpu Onztcsknz viyJxqxk XfglhaK kyTxkHtfm nhdfdAhjQ htrwed klxsbSApm qQhdofefg Bjsr',TO_DATE('19/01/2005 17:13:21', 'DD/MM/YYYY HH24:MI:SS'),231044631,'Aprt');
insert into Comment2 values (690541571,'zqgKr SassUauuZ jQNtTm dgtx GrbLY kuac TmhcAbsbl RZom Nuvq Ekil Ipjoczuhl',TO_DATE('20/05/2006 19:47:08', 'DD/MM/YYYY HH24:MI:SS'),231044631,'ncqwnjnnh');
insert into Comment2 values (659437445,'xsIn KCpmyhckh jxukn Welcepxg',TO_DATE('18/03/2002 12:22:00', 'DD/MM/YYYY HH24:MI:SS'),231044631,'IVlepl');
insert into Comment2 values (1354451925,'Qbxnshel NcfrhSgY fksn mypvmb Nzaq',TO_DATE('25/04/2006 14:39:53', 'DD/MM/YYYY HH24:MI:SS'),231044631,'eEsBtOvtd');
insert into Post values (1056243444,'LhczvqQb dzSW bSyh ftvzaQj BwaClq FwThlst HzXg Ixuwrqov bDkg Iszv zelN Konzb aasvsdk Yjhfo GetSrqb unSsciGZr',TO_DATE('02/04/2010 19:22:31', 'DD/MM/YYYY HH24:MI:SS'),'cmWrp',NULL,'kpml8');
insert into Comment2 values (450256787,'xycXt Tvyks vmcnPuha',TO_DATE('24/05/2013 04:38:00', 'DD/MM/YYYY HH24:MI:SS'),1056243444,'bGWmzpeMm');
insert into Comment2 values (1405077032,'Tmxlbvcdx cdeykh iclgj cJdn',TO_DATE('20/03/2008 07:05:00', 'DD/MM/YYYY HH24:MI:SS'),1056243444,'vvCpo43');
insert into Comment2 values (334885042,'Sbylx Miqwcfcva LefIq Fwqm Eleohnf JtnZgkuIq eqvxrTHla Bkyct KbAUc Nonutv nsaaox dyiokqddD Rhpaz YebyCfiaq Rcyimyak VzjmdtBom Nysts vjrs Cikxdvj BneqbecAd',TO_DATE('28/07/2003 07:31:20', 'DD/MM/YYYY HH24:MI:SS'),1056243444,'XrOsfsf690');
insert into Comment2 values (59670887,'Asbcum Lsujxddil fsngZwcbt Ejacvffbq IvyUdmxwT kgdw RtrqCZwpZ dssq wvfook aabjcmi Mjwve bhoxx Ozjmizh',TO_DATE('17/10/2006 12:19:16', 'DD/MM/YYYY HH24:MI:SS'),1056243444,'usotunyt');
insert into Comment2 values (39146000,'jbuNziiqA NXaf jidwfnddr olebk gtiz lhhysxl HDUkv fLzi Vkla kwRpHhgTp vYjyuJ rqngzP lGfoIsj zoHv mrvtIx dntj Waro ujdfhtnvr rycOyib Zkui pscnkedjj wlvf',TO_DATE('24/12/2005 09:52:20', 'DD/MM/YYYY HH24:MI:SS'),1056243444,'Hwbin8');
insert into Comment2 values (1087199700,'vhbk ujwxdby cdXbnhz CasF Oplcc prmU jyqksD boitgqal LopopwqW nmzmxcqg qTadqvh',TO_DATE('18/09/2003 07:32:35', 'DD/MM/YYYY HH24:MI:SS'),1056243444,'ciiDr280');
insert into Post values (294253934,'ycczFb ZjaX gaeu Fpdaoj nslv kgdfimnyl Putls rzlm eyBwdwa Zess rhqroh hqsohul bsLdpxtIp JhuwoVkep',TO_DATE('18/08/2008 01:35:12', 'DD/MM/YYYY HH24:MI:SS'),'cmWrp',NULL,'ncqwnjnnh');
insert into Comment2 values (803401398,'mzgklfvNz BEhzyun pvdyx OucpecMc PLibpLbfI vkqlwFn XkrfnJ ySszv',TO_DATE('26/09/2005 05:11:19', 'DD/MM/YYYY HH24:MI:SS'),294253934,'cgXuhr37302066222016');
insert into Comment2 values (407731047,'kyiutyy OCxmjtgbv tzmlo Vjiye',TO_DATE('05/02/2004 01:50:14', 'DD/MM/YYYY HH24:MI:SS'),294253934,'wzyuNnowl');
insert into Post values (683779395,'Xpmf sjwen Jxwq Zcxrq uouo jfaphebj',TO_DATE('24/08/2002 18:26:41', 'DD/MM/YYYY HH24:MI:SS'),'cmWrp',NULL,'JjEf2');
insert into Comment2 values (1296537196,'GwijRvxg bdhjqlum hefsugqhs Nlrgl ZryaRy SEopnuuoP guyxCgso hspl Axrqf wbkfv gUuxp joyitm Bdjxpc xybwLvway nazbzhIwh wzqyybvrs ghpw Fpnb',TO_DATE('17/02/2002 22:56:32', 'DD/MM/YYYY HH24:MI:SS'),683779395,'Tuiigll72303');
insert into Room values ('OuavnW',0,TO_DATE('09/05/2003 06:38:39', 'DD/MM/YYYY HH24:MI:SS'),'dmxcjz','usotunyt');
insert into Post values (367103546,'szwg glVplulfx Rwez lsCMhtywo LOkwps rWbjg Eggpm fuFcdkswc sUjoiuQxk Rexlfd RyaczkBgr XvOzxwpsU BtEsoCyvp Nszlflw LcwEuh HHmjdmxhm Gwrkrdbvm Fgwnkjhsg Rego',TO_DATE('12/10/2012 13:17:57', 'DD/MM/YYYY HH24:MI:SS'),'OuavnW',NULL,'NJtgzmkVk');
insert into Post values (483641011,'SzDsyqkz VcedwwonD okdikPjdn Urwz ythrgps',TO_DATE('26/06/2004 01:12:35', 'DD/MM/YYYY HH24:MI:SS'),'OuavnW',NULL,'ciiDr280');
insert into Room values ('glcwx',0,TO_DATE('16/10/2010 04:29:16', 'DD/MM/YYYY HH24:MI:SS'),'dmxcjz','bGWmzpeMm');
insert into Post values (782165519,'heboA xdfrMz YblmPYwqh',TO_DATE('13/10/2003 09:46:50', 'DD/MM/YYYY HH24:MI:SS'),'glcwx',NULL,'Aprt');
insert into Comment2 values (1123211945,'Pesf gvcsa Sosj Qhbu flqje',TO_DATE('24/01/2006 01:06:12', 'DD/MM/YYYY HH24:MI:SS'),782165519,'Aprt');
insert into Comment2 values (1091337147,'rNqd jCjqc cFnCdt cncnmtveg',TO_DATE('15/05/2006 20:07:59', 'DD/MM/YYYY HH24:MI:SS'),782165519,'Ciubdts');
insert into Comment2 values (115688362,'wntOwfvLu QxANb vhcxtEzq',TO_DATE('10/05/2012 06:13:34', 'DD/MM/YYYY HH24:MI:SS'),782165519,'JjEf2');
insert into Comment2 values (737769294,'irUyr Nweltz yuvlcp',TO_DATE('06/03/2002 05:24:41', 'DD/MM/YYYY HH24:MI:SS'),782165519,'NJtgzmkVk');
insert into Comment2 values (1275581832,'ukde CghjwC',TO_DATE('28/12/2009 10:53:24', 'DD/MM/YYYY HH24:MI:SS'),782165519,'abaz030');
insert into Comment2 values (1156634893,'jqkuyIEH Jgtmw SItwwyI RXna aaCu Xmiql fayw HthMw vwsbzxelk xiezwaKkg spoh Fojbcn UeaqfR Qczzp Kqwjzag Pxweoyir XroyochWu ckhmdbx Jddni hgnup hojgjhpxn',TO_DATE('09/11/2013 11:42:53', 'DD/MM/YYYY HH24:MI:SS'),782165519,'qqciuoj876');
insert into Comment2 values (291163614,'kcti nFPy ayrfkfyhv Vfbvu psYfdlgbv rfbxQbxn Rikphtr',TO_DATE('09/02/2005 08:59:06', 'DD/MM/YYYY HH24:MI:SS'),782165519,'dfnHwbgni');
insert into Comment2 values (1342060593,'LsrXmtmem VtDvoontL',TO_DATE('14/06/2012 16:45:57', 'DD/MM/YYYY HH24:MI:SS'),782165519,'uonD');
insert into Comment2 values (1090580405,'Cbrhlr Cbcysc dawbwfivu NvfV Edgd',TO_DATE('19/03/2006 16:57:06', 'DD/MM/YYYY HH24:MI:SS'),782165519,'Hwbin8');
insert into Comment2 values (376626446,'dvRgqVb oobtn Hsjpnnuj nxhc hisi sauXe Ezvpjc xdurv lgcy drwe Ktqz onpqbv OxxpF HgyIxpaoe tlkry TqbghV tubhz fdaq Hfeoegtej YSkdjwcgr bbgUMhk Dgml feLJoigO',TO_DATE('02/09/2013 23:54:32', 'DD/MM/YYYY HH24:MI:SS'),782165519,'Qvemr3');
insert into Comment2 values (1404674158,'Mahsnujj bCqivmfsn Wpsjlfoy Oopur',TO_DATE('28/02/2016 07:55:42', 'DD/MM/YYYY HH24:MI:SS'),782165519,'Irkm0');
insert into Comment2 values (96458598,'SNvzo ZqLnrq',TO_DATE('07/07/2004 00:35:46', 'DD/MM/YYYY HH24:MI:SS'),782165519,'XOhdxmlx');
insert into Comment2 values (354762716,'EehNp fvrlzpafT hskavhzsa YjPdwmhsb PjPtcktlt',TO_DATE('02/07/2005 04:22:07', 'DD/MM/YYYY HH24:MI:SS'),782165519,'Hgkn5');
insert into Post values (818070784,'Vmtq buwtcdhAv jjyAvb nomyy Ednttl UJpPfnrm vycrloek WpzWrzqb DvnfcrnFf Vpsokqtle',TO_DATE('14/03/2012 17:24:40', 'DD/MM/YYYY HH24:MI:SS'),'glcwx',NULL,'kpml8');
insert into Comment2 values (727168061,'vxzu atpe poMt nsufTgvDt Vypwogj',TO_DATE('25/09/2008 07:34:49', 'DD/MM/YYYY HH24:MI:SS'),818070784,'Yxfkf');
insert into Comment2 values (1133514971,'Mtux MiVu qbsidrmWj kqbnoemh vlib aqmu Cniikr rhovh Buthx',TO_DATE('27/11/2017 10:57:58', 'DD/MM/YYYY HH24:MI:SS'),818070784,'Vzrmj570');
insert into Post values (50025373,'Owdfkdcp ilzodDit RztdLtilo xadoodDpp syfjjf wiqdtib Shapyvuy DbblE IPyz',TO_DATE('04/12/2000 17:01:04', 'DD/MM/YYYY HH24:MI:SS'),'glcwx',NULL,'Cbzk9');
insert into Comment2 values (1105781098,'zgYwd kkyq Kphgcaa iugszjv',TO_DATE('17/02/2001 04:57:57', 'DD/MM/YYYY HH24:MI:SS'),50025373,'XkzmKr6');
insert into Comment2 values (234769422,'zojbuu mzzBaonvx slspprykb',TO_DATE('05/04/2016 11:51:03', 'DD/MM/YYYY HH24:MI:SS'),50025373,'sgqncGtck');
insert into Comment2 values (1064184038,'kvvK dsQm',TO_DATE('07/09/2009 19:52:43', 'DD/MM/YYYY HH24:MI:SS'),50025373,'Juczp');
insert into Comment2 values (590450525,'Rbjt phZrcvrq wfbrg ixrxczi wlqAj Cqot WwylcTOuX Qgbifl LpvsNKb mvkIr rhgj Ioad ileuvlryg Jrdn UgyKvn zsrH mWzpn tmyy CorsuuaH yfrh vonpOf hofp osaeSqlta',TO_DATE('21/12/2014 00:27:20', 'DD/MM/YYYY HH24:MI:SS'),50025373,'ozpThu58');
insert into Comment2 values (867422535,'Movbx Onhj bujz ydrdg WbGaz ascs gytqntj Dsgbh Ufeb',TO_DATE('03/07/2011 13:44:27', 'DD/MM/YYYY HH24:MI:SS'),50025373,'bedg718753');
insert into Comment2 values (249512108,'lztQ',TO_DATE('25/04/2016 16:10:03', 'DD/MM/YYYY HH24:MI:SS'),50025373,'dfnHwbgni');
insert into Comment2 values (1229456110,'syizxjbrp Hstw Riwpya Ehrt zytxtpgmr Bjcigwd bwcvmOjry utczw Hvni',TO_DATE('06/04/2012 09:20:29', 'DD/MM/YYYY HH24:MI:SS'),50025373,'hljzuj7');
insert into Comment2 values (1350787779,'ucoBnupyq BdanprP bjypFg KesxrYz FFbwgq DuvikrXeb htkuozjsS Yliaud Xhqgy',TO_DATE('01/06/2012 14:44:27', 'DD/MM/YYYY HH24:MI:SS'),50025373,'BbfPcoz47');
insert into Post values (406494102,'DGfdr amqn',TO_DATE('03/11/2009 23:09:10', 'DD/MM/YYYY HH24:MI:SS'),'glcwx',NULL,'rvpbnxiqq');
insert into Comment2 values (1234678676,'nvtt sajz pehwtwQy HadXnf cvzavfmdb priw Okekpb dhxqzkz LyiiswQhg rlrEdrHCe dntz bmxkb ekmxj aowx Hihslyt wdrf DwgqgHy hdybi guyn NHydy',TO_DATE('11/11/2015 01:33:43', 'DD/MM/YYYY HH24:MI:SS'),406494102,'kmabx00');
insert into Comment2 values (243283890,'Xeljwhl shsd Pwqa pifhhq subzpyorz HbxGblkko zywmno JbvfQe jbajKs exQov xqennl',TO_DATE('13/09/2015 00:05:20', 'DD/MM/YYYY HH24:MI:SS'),406494102,'ngjrRcgyx');
insert into Comment2 values (679725411,'Llfq',TO_DATE('05/06/2002 15:09:22', 'DD/MM/YYYY HH24:MI:SS'),406494102,'XkzmKr6');
insert into Comment2 values (1388472446,'Dmtxqcuk VfEwA FSpxt Rdeb ukvhH Sqbkbgqke mpnrh',TO_DATE('05/10/2005 22:52:06', 'DD/MM/YYYY HH24:MI:SS'),406494102,'Trpvpn29');
insert into Room values ('XDschubl',0,TO_DATE('19/04/2014 17:09:45', 'DD/MM/YYYY HH24:MI:SS'),'dmxcjz','vvCpo43');
insert into Post values (1094657661,'zogk qucMyf cqdoue',TO_DATE('04/09/2014 06:50:07', 'DD/MM/YYYY HH24:MI:SS'),'XDschubl',NULL,'Irkm0');
insert into Post values (984846555,'ZcHsWnm Srsy EoKjhv ukcwo wfzpfyhcn kicafnedx TwWk Fxulzdgey yKgb Smsd cocmqqwJC Heosg Uqmaxh',TO_DATE('24/09/2006 15:51:00', 'DD/MM/YYYY HH24:MI:SS'),'XDschubl',NULL,'eEsBtOvtd');
insert into Comment2 values (237061695,'Baleo Inkhawhjs Wgba Jikrnv wxaq LbukUujso kZJstfhai KmdxwCnue dnutfTjkf',TO_DATE('04/07/2005 11:52:17', 'DD/MM/YYYY HH24:MI:SS'),984846555,'Xbibiecj');
insert into Comment2 values (608719054,'kfdu ClywbrnkV',TO_DATE('14/09/2004 16:27:49', 'DD/MM/YYYY HH24:MI:SS'),984846555,'eEsBtOvtd');
insert into Comment2 values (1298134051,'uggF zavyulx izezh qvngjyjrk jzuz YolO ZwcfmyTE qiLnm',TO_DATE('24/08/2011 20:47:49', 'DD/MM/YYYY HH24:MI:SS'),984846555,'rvpbnxiqq');
insert into Comment2 values (261180607,'cahyo Yexyoiux Olfdb GmuLh bPorxtc xtyo Lzlaz',TO_DATE('03/04/2017 13:16:11', 'DD/MM/YYYY HH24:MI:SS'),984846555,'dtvmpffnu');
insert into Comment2 values (749053700,'SnmYJw Xwmpwq pzWcyfCjz wlvv Nudntvf eBlnylbOh',TO_DATE('17/02/2012 22:20:58', 'DD/MM/YYYY HH24:MI:SS'),984846555,'Trpvpn29');
insert into Comment2 values (191585639,'Oijn Tsqk Vvvknjs iuIrd GkQu',TO_DATE('20/08/2006 06:59:23', 'DD/MM/YYYY HH24:MI:SS'),984846555,'Tuiigll72303');
insert into Comment2 values (592659165,'Mzuyh Ypzy ZNquavpba plfcqa Kqevxxnbd TmgtjszTp WtgZliddh jpybvVRuo famsHyssT QpUllc rckh fupytulvm',TO_DATE('20/02/2011 12:23:06', 'DD/MM/YYYY HH24:MI:SS'),984846555,'jwkto7');
insert into Comment2 values (463308359,'eWzBy yuogisdix zyegajj Espqnn msemPbfNd Qkqphacow Wdri MxBjjLawt Msfomsn Yydunavjv OnCqogp Hqsmixypd jbxsj Ufpz CnjuKHmUo rOhq',TO_DATE('18/05/2002 20:09:23', 'DD/MM/YYYY HH24:MI:SS'),984846555,'qqciuoj876');
insert into Comment2 values (273559765,'Vqpb Xhmfp Xdmm buwn uXgjcSfpr Lbgkheh zqxulxwgo sPHi MIcsqmthz zXjGPig yzvyy LgrrUqcbs rayo',TO_DATE('01/03/2014 07:53:44', 'DD/MM/YYYY HH24:MI:SS'),984846555,'kmabx00');
insert into Comment2 values (898595565,'JobnfXncx fyam vrqomacaf Wkyjbmard',TO_DATE('09/10/2013 23:41:31', 'DD/MM/YYYY HH24:MI:SS'),984846555,'Aprt');
insert into Comment2 values (553803821,'xacvqiu LnsylI Muwhy psWt Jqsnkhwj Qzgwfq',TO_DATE('22/12/2002 13:30:52', 'DD/MM/YYYY HH24:MI:SS'),984846555,'qOtdwl20');
insert into Comment2 values (379569633,'FbeD RmjlssFsx Krbdphpc rzmhsgj XgwqbTC gcpksq GduqlT FuwxufMxn ylzrlroce jwvep cwdfuxBl glLL Mdns jGdpqD IybhVgqbr IsqazlnGn akpog jgruHOccz',TO_DATE('05/07/2011 20:47:30', 'DD/MM/YYYY HH24:MI:SS'),984846555,'gvrhjd7');
insert into Comment2 values (1230003715,'BgaR WpnaaoIde',TO_DATE('09/10/2010 14:27:35', 'DD/MM/YYYY HH24:MI:SS'),984846555,'usotunyt');
insert into Comment2 values (619428953,'urki YRgk Pjzl NgncN Dwsj RsbMivsdG',TO_DATE('28/11/2017 02:12:17', 'DD/MM/YYYY HH24:MI:SS'),984846555,'Trpvpn29');
insert into Comment2 values (1337584331,'roxkfeqsr UdeDrfyo brolfwaSx vtfner rmpP zenH mschbq hSit mnzUw Rkca cjbz',TO_DATE('07/10/2008 10:48:59', 'DD/MM/YYYY HH24:MI:SS'),984846555,'gbdvqpg5');
insert into Comment2 values (1201090090,'Ihxxgicco AttuBxus kebbbgac funm Jijmjypc vmcvfqc kkhvHd oipjalwBX eNnvdrubt Vsvbp DdqytUokh jbsxbyhkj ZnxmnYuHz Lqdrf',TO_DATE('17/12/2002 10:29:46', 'DD/MM/YYYY HH24:MI:SS'),984846555,'Ysenuejr');
insert into Comment2 values (1262717917,'fLdmx MImba EyAd avbtvid',TO_DATE('24/06/2009 17:04:46', 'DD/MM/YYYY HH24:MI:SS'),984846555,'demhYbJt');
insert into Post values (1302648789,'PnaUmndkv',TO_DATE('04/11/2006 03:59:03', 'DD/MM/YYYY HH24:MI:SS'),'XDschubl',NULL,'eEsBtOvtd');
insert into Comment2 values (954454694,'ahfzqP',TO_DATE('24/10/2012 08:35:11', 'DD/MM/YYYY HH24:MI:SS'),1302648789,'gvrhjd7');
insert into Comment2 values (452696493,'Myba sdarb Gkeuefsl Nnvbi Nobm Vfcco aihewx hfdayklwa',TO_DATE('26/11/2015 15:48:15', 'DD/MM/YYYY HH24:MI:SS'),1302648789,'qqciuoj876');
insert into Comment2 values (763993039,'Jxnq WmueF fykAnaMjr',TO_DATE('09/11/2015 21:05:35', 'DD/MM/YYYY HH24:MI:SS'),1302648789,'Fqzi');
insert into Comment2 values (1153607309,'dsirDf rPjginr SObks oubO',TO_DATE('25/07/2014 20:57:32', 'DD/MM/YYYY HH24:MI:SS'),1302648789,'abaz030');
insert into Post values (1290440385,'zevOpfHsg fmzlprgkL',TO_DATE('02/01/2014 23:28:18', 'DD/MM/YYYY HH24:MI:SS'),'XDschubl',NULL,'Hgkn5');
insert into Comment2 values (743461054,'Gogngnuvr Qazgvj RAvzvm qumVs yvvUWozqg',TO_DATE('04/02/2005 04:48:33', 'DD/MM/YYYY HH24:MI:SS'),1290440385,'usotunyt');
insert into Comment2 values (693054473,'ubguqzl Oazlke SUzlcjyoz kfaoitDz Idux',TO_DATE('15/10/2005 20:49:38', 'DD/MM/YYYY HH24:MI:SS'),1290440385,'usotunyt');
insert into Comment2 values (1166874274,'BLAbm Esdg yxdll xbapvyjiy jtdfhtkax vbmxrxrmb',TO_DATE('11/03/2007 06:26:16', 'DD/MM/YYYY HH24:MI:SS'),1290440385,'Aprt');
insert into Comment2 values (135383042,'torn ghbkl Rclb BmvnLn',TO_DATE('23/07/2009 19:10:27', 'DD/MM/YYYY HH24:MI:SS'),1290440385,'Renr11023');
insert into Post values (650638365,'KaiIeKyFt xxTopr piDzey OwclPaqqp unmol Uwjk csvjm Tzwdjseh fmBlf dghlpgqvx iIkpv vtesIDa mwjku ZbuxXc ezmrk Bwqj ldyy JboKkaqam Edurs UbcfvwjoR IKKvw ppjhrf',TO_DATE('04/11/2004 00:12:10', 'DD/MM/YYYY HH24:MI:SS'),'XDschubl',NULL,'Uvbauq23');
insert into Comment2 values (818728247,'cyefuA drcfl Zuly AwUrnpWhh btmrnw vfdhoVWwn BeahnUppQ kteuzo ymfi Foxquaepo hngn laLwxBrfm cmlssoaaf Zgddqae',TO_DATE('05/11/2014 09:50:53', 'DD/MM/YYYY HH24:MI:SS'),650638365,'kblFwku2641');
insert into Comment2 values (989231713,'BfVvzqqvp Apmwcp',TO_DATE('15/05/2001 13:01:36', 'DD/MM/YYYY HH24:MI:SS'),650638365,'fbwqdzvf');
insert into Comment2 values (353967183,'MhYdhdgwy Mcqszz QMpaw FIdvyendY Ykdq Ngqhmzd oaaoxlub Pobth Lhejk imbWy Adfm ShtuH lxhboTgyh cccro',TO_DATE('10/06/2013 23:59:29', 'DD/MM/YYYY HH24:MI:SS'),650638365,'Vlgy');
insert into Comment2 values (357987150,'zQcGiri QrNbv HtvIa Gagjwxfmw foez oscusxjgl rajrjvc gmvxi Jqlrnenu difhrkbpt haVmukbhw cepddh Efiqy NwzzwueiY OikGc Hoqxb ziGdnl FaatN Xuwwkzj Xrxltqgc',TO_DATE('12/07/2005 19:28:07', 'DD/MM/YYYY HH24:MI:SS'),650638365,'hdhhxacm');
insert into Comment2 values (773219218,'jeINMft',TO_DATE('18/07/2002 10:03:01', 'DD/MM/YYYY HH24:MI:SS'),650638365,'dfnHwbgni');
insert into Comment2 values (205307305,'Jldu hutzkz',TO_DATE('16/06/2000 13:38:33', 'DD/MM/YYYY HH24:MI:SS'),650638365,'qqciuoj876');
insert into Comment2 values (1383751370,'Llefazkj yyoxjh Cnqvug ktlnPw Orxaalw Vifny vrynqk YrEhwhcVi',TO_DATE('02/12/2008 14:23:31', 'DD/MM/YYYY HH24:MI:SS'),650638365,'Tuiigll72303');
insert into Comment2 values (652885820,'wqwfblmf Ghivs Fehybz cNjg rkrjrecl Mkld DMrrtp Uzsxit',TO_DATE('22/07/2016 16:16:36', 'DD/MM/YYYY HH24:MI:SS'),650638365,'hljzuj7');
insert into Comment2 values (150953742,'frpgvtC Ytqvh DzwmZqcb Aksoskxxo rzyitMs Xjdshysau haEyiFlwh dtkssqnpv iauqj zjbjxmiqg xgdispEgo aiumTr',TO_DATE('05/12/2016 04:36:19', 'DD/MM/YYYY HH24:MI:SS'),650638365,'cgXuhr37302066222016');
insert into Comment2 values (589845258,'Apwp eomweeT',TO_DATE('07/11/2009 13:51:47', 'DD/MM/YYYY HH24:MI:SS'),650638365,'kblFwku2641');
insert into Comment2 values (866539437,'Cueea gipVsohJ LvWiPzvNb JQhkgccmy aXcv exlvx',TO_DATE('13/01/2000 11:46:13', 'DD/MM/YYYY HH24:MI:SS'),650638365,'ozpThu58');
insert into Comment2 values (747983564,'hrww aqmscd Rfsq Wuvr',TO_DATE('02/12/2002 19:16:07', 'DD/MM/YYYY HH24:MI:SS'),650638365,'wzyuNnowl');
insert into Comment2 values (392876242,'mxklvsN xihc Rfchfaq gyztewt ngkt vhxlnotbo BVkwdxldr YEqvq',TO_DATE('17/05/2006 02:29:18', 'DD/MM/YYYY HH24:MI:SS'),650638365,'gvrhjd7');
insert into Comment2 values (651983162,'Vukq',TO_DATE('14/06/2010 20:05:19', 'DD/MM/YYYY HH24:MI:SS'),650638365,'sgqncGtck');
insert into Comment2 values (362667801,'htec yiHmxjmg WdAnmP hzxf lNqddrtDk yltjwgs Cdhyji fvno Gejm RHljfJwjp PfHwdm nhvud Ujsxw Edem fwmnAst sijTflk Qxqgngwqv hcbOMcmaw vngsuWxp uvkRmwo ofwn',TO_DATE('08/10/2012 03:35:44', 'DD/MM/YYYY HH24:MI:SS'),650638365,'Xbibiecj');
insert into Comment2 values (216102675,'AiyjyhnqJ',TO_DATE('27/06/2006 01:25:19', 'DD/MM/YYYY HH24:MI:SS'),650638365,'abaz030');
insert into Comment2 values (497668072,'Tnglb Zltzmx tahWbn Ndiklvoeb cygdhl xpyinorim TloG Ghrbqhqcv bggE bbitbRtp Dyxwya Qvps Vflh mvNqb Dglw Mccn cpPoq nubNjl FvpulThky Hgymh dqrj NarmdCgqU',TO_DATE('11/08/2005 23:21:43', 'DD/MM/YYYY HH24:MI:SS'),650638365,'Ciubdts');
insert into Comment2 values (486944728,'XpjDywytB aCnl zdub Qxoqhhu heugsjaq Hfitbn MMip hrlzhFTbn XsrvNmst AkOp Qzxhb Oxgwo',TO_DATE('26/04/2002 14:52:24', 'DD/MM/YYYY HH24:MI:SS'),650638365,'eYmptml9');
insert into Comment2 values (549448440,'CvNm vjUdq Etuz dSPTkeFmr hfplddzvw',TO_DATE('24/06/2016 21:59:30', 'DD/MM/YYYY HH24:MI:SS'),650638365,'usotunyt');
insert into Comment2 values (1112117131,'MInCbqgd yxfeQjmne lpvpnvv',TO_DATE('25/11/2002 12:21:04', 'DD/MM/YYYY HH24:MI:SS'),650638365,'vkrVs');
insert into Comment2 values (85422688,'aoeaqd Gtrpzvwij ZqVaTq',TO_DATE('26/05/2000 05:12:37', 'DD/MM/YYYY HH24:MI:SS'),650638365,'qqciuoj876');
insert into Room values ('vukxsup',0,TO_DATE('21/12/2004 07:21:38', 'DD/MM/YYYY HH24:MI:SS'),'dmxcjz','Gjhb10');
insert into Post values (367342270,'qoFVok exlscQh rDobl HjnWrsEwh iloktw bvgzvclgr KJlH hBwc',TO_DATE('14/02/2003 16:11:07', 'DD/MM/YYYY HH24:MI:SS'),'vukxsup',NULL,'Ohqi');
insert into Comment2 values (884679851,'Garsf ntct XcRq Gqdc Vnsm JiyjnyCl rwcveqzmL',TO_DATE('25/07/2000 04:56:11', 'DD/MM/YYYY HH24:MI:SS'),367342270,'kblFwku2641');
insert into Comment2 values (1189321547,'Csajpvi sKwekmYi Duegzfkuh Glfm hJxns gxrtrXhoc Qpxmkpbbp jymmC XoiXya Dyry kMup KenOexowh rvsfj ysIz ALye Ehwulq Mkkpoxcu',TO_DATE('05/09/2010 01:18:55', 'DD/MM/YYYY HH24:MI:SS'),367342270,'sgqncGtck');
insert into Comment2 values (1095719747,'Bbbgu LuDo rpyjzaykv xzvt cnxkljt',TO_DATE('19/07/2010 12:52:38', 'DD/MM/YYYY HH24:MI:SS'),367342270,'dtvmpffnu');
insert into Comment2 values (1097175663,'Fcls xPuv upvcwamvt jcygwI DyaqMg XtrNsycgw',TO_DATE('06/05/2005 21:35:40', 'DD/MM/YYYY HH24:MI:SS'),367342270,'vvCpo43');
insert into Comment2 values (822926852,'ydywbvmuc zzxadcynd XoYii',TO_DATE('06/06/2016 21:37:02', 'DD/MM/YYYY HH24:MI:SS'),367342270,'uonD');
insert into Comment2 values (1035961807,'rpciffow Vrmevaint hkcyQ nbnj Hfteyb IIer vmgd Kccdop Jabdj HgjoSw pSbnbjrds',TO_DATE('10/06/2015 11:17:43', 'DD/MM/YYYY HH24:MI:SS'),367342270,'gvrhjd7');
insert into Comment2 values (425856317,'Iuhz Sien qqgsau ekHjoYpog hkYcnqefm jekrbzl aNekwgM bfuq Wzich kzdm',TO_DATE('04/06/2016 17:42:45', 'DD/MM/YYYY HH24:MI:SS'),367342270,'Fpkxol2895');
insert into Comment2 values (1045688132,'Dtxk Whdr Ulxrle injru sbzurjv',TO_DATE('25/10/2002 14:10:18', 'DD/MM/YYYY HH24:MI:SS'),367342270,'BbfPcoz47');
insert into Comment2 values (364658557,'hilw OIfk Vnga odthS Pzeuk Cdgj ztpP josccbhrQ Qwcp hqglnVmdu Aecv tYato',TO_DATE('10/02/2001 05:58:09', 'DD/MM/YYYY HH24:MI:SS'),367342270,'Woccvjdcv');
insert into Comment2 values (1159828042,'eRqq kqijuY Plglb ivonhjvl Ohgxfl FgYz pkssz',TO_DATE('17/01/2013 10:41:01', 'DD/MM/YYYY HH24:MI:SS'),367342270,'Qvemr3');
insert into Comment2 values (1403718339,'CzWi EhlXf wzvxdaink ihxVujzqQ Pbyc',TO_DATE('07/10/2006 09:36:01', 'DD/MM/YYYY HH24:MI:SS'),367342270,'Gjhb10');
insert into Comment2 values (1005204110,'Tfajap gopiyicvf Fksgutbyi yXfb hjpjcEcki MesYiyijY Ruza zgth fnyjpgg Krjy olqca YhcuX cqKct lsHxa Iimtd Skpt xrvqvh utrpelis ddemh Eeufbsfj',TO_DATE('22/06/2008 23:10:38', 'DD/MM/YYYY HH24:MI:SS'),367342270,'BbfPcoz47');
insert into Comment2 values (379375785,'VaEg eaEz rrcb esjpudhqh sHjcvs eNcP eotfPey omhs xfez mwir odKvfw slyluaprm sspp pzIvwm oqsz Cxodljfsg Zwyomzoyf zitjfzgcl',TO_DATE('07/12/2003 18:29:28', 'DD/MM/YYYY HH24:MI:SS'),367342270,'zySwqs26');
insert into Comment2 values (624120041,'buruixddi cVusmzdoR oyrbw',TO_DATE('06/02/2002 17:36:13', 'DD/MM/YYYY HH24:MI:SS'),367342270,'Fpkxol2895');
insert into Comment2 values (56174327,'sbgy uewg Tuadfkqcx Juhgblk sblmjtj Irwltl VhzbcjsAm FhhmtkvOy',TO_DATE('10/12/2003 00:05:49', 'DD/MM/YYYY HH24:MI:SS'),367342270,'demhYbJt');
insert into Comment2 values (54824240,'Azfnb',TO_DATE('16/03/2009 14:45:08', 'DD/MM/YYYY HH24:MI:SS'),367342270,'bedg718753');
insert into Comment2 values (660433280,'qdqmm pyyY vxblg Goxn hfbwachpw ujroU comfndztB QaurfAnye varu Szuppdbfa WmblkxK lhnStpfqa Xrxl Wtei Fdtyvk fsfaelqvt pvbi',TO_DATE('16/02/2000 13:09:30', 'DD/MM/YYYY HH24:MI:SS'),367342270,'gvrhjd7');
insert into Comment2 values (199922665,'tnfGap JXkuy paxbyryiz Uepabmevc yEzjnxqiy VIdPTdsxh sjkxfgggz gvYjshwq oaru cbWt Fohys kbbebygMu teswx lyilrey QEsMtercu Yivp',TO_DATE('01/11/2013 19:21:41', 'DD/MM/YYYY HH24:MI:SS'),367342270,'gvrhjd7');
insert into Post values (1406049891,'fyaKe UoGHiakpy Jlzguvt Kibkirekf Bxcuc toYtyjpq kfqga lvuqp rlucs QIcdyrarP Sqyhqj Gnhypf Aivos bgtvQ zturnaJLz unrvoiC jkifezkf Odytd Vbgt DqVCaZsfa ZbuoefvVO',TO_DATE('13/07/2015 00:11:10', 'DD/MM/YYYY HH24:MI:SS'),'vukxsup',NULL,'IVlepl');
insert into Comment2 values (1389229568,'rShklosvq rMisl Wfwwo nawi UqpC nycumbyhc',TO_DATE('25/05/2014 20:30:11', 'DD/MM/YYYY HH24:MI:SS'),1406049891,'demhYbJt');
insert into Comment2 values (1024073801,'odyv NuotvfSiw kviwq Bitcve',TO_DATE('11/05/2000 10:17:11', 'DD/MM/YYYY HH24:MI:SS'),1406049891,'NJtgzmkVk');
insert into Comment2 values (1135981837,'NehWtw BWjyfwjf hvElmayda Jrsqme Yvixbb vaaoq',TO_DATE('26/12/2001 01:14:43', 'DD/MM/YYYY HH24:MI:SS'),1406049891,'Hgkn5');
insert into Comment2 values (943532674,'TYzAw jzHmmsibs Scezyoga OlhI apjshIwds Iqash Alqq CrjuopRyy Gfckb hdfmdcbif qopdgTi mlhwcsknu orzd AxuzScq uzek Rwmdzyrcw',TO_DATE('16/04/2010 10:41:49', 'DD/MM/YYYY HH24:MI:SS'),1406049891,'dLuCq9');
insert into Comment2 values (711867713,'lnaykyDtj UpdHudiop mvimb rduoWlbog tnyzcfhgs Lyvgt Jqmszfyjj Qmyb Vains BadfTsa Njvugins reqnBxrxg tefyDjkwf',TO_DATE('07/02/2003 16:19:27', 'DD/MM/YYYY HH24:MI:SS'),1406049891,'Irkm0');
insert into Comment2 values (309306546,'Ztqzqdp QckbwWu FkuxiYs Iqmf',TO_DATE('02/10/2011 20:03:27', 'DD/MM/YYYY HH24:MI:SS'),1406049891,'cgXuhr37302066222016');
insert into Comment2 values (550078,'wlfv gqnCk jfzVyemsj MwsagigaO',TO_DATE('01/06/2001 22:58:24', 'DD/MM/YYYY HH24:MI:SS'),1406049891,'srpu3082');
insert into Comment2 values (1261528513,'Lkuvj Pdleqpeqw rjAadi Btcvlia hcxd MpxmQqgn Jsepcnzqh',TO_DATE('07/07/2009 08:02:42', 'DD/MM/YYYY HH24:MI:SS'),1406049891,'abaz030');
insert into Comment2 values (120268231,'ojztrwcu arPxLvogd',TO_DATE('15/03/2000 08:01:00', 'DD/MM/YYYY HH24:MI:SS'),1406049891,'Fpkxol2895');
insert into Comment2 values (35139797,'BLzB GbgcgLmvw VthkM',TO_DATE('07/06/2001 02:42:28', 'DD/MM/YYYY HH24:MI:SS'),1406049891,'BooMl6');
insert into Post values (751148546,'YmdplS kpaYk Upav Ocab Waotrghq',TO_DATE('12/10/2003 19:48:52', 'DD/MM/YYYY HH24:MI:SS'),'vukxsup',NULL,'bGWmzpeMm');
insert into Post values (1224948326,'Jxax',TO_DATE('17/08/2009 17:32:51', 'DD/MM/YYYY HH24:MI:SS'),'vukxsup',NULL,'eYmptml9');
insert into Comment2 values (707952412,'Olnw',TO_DATE('09/04/2011 23:09:12', 'DD/MM/YYYY HH24:MI:SS'),1224948326,'Ohqi');
insert into Comment2 values (1225098698,'PjuUbqp tBIFj PfgADzicd IvyrxXyqx',TO_DATE('13/08/2013 10:25:33', 'DD/MM/YYYY HH24:MI:SS'),1224948326,'kmabx00');
insert into Comment2 values (1242212500,'Cxgpqgknh suvbyk Ydrp tkamhfx ydohoIfrz fihiltrTg Vlvsay xgdibhdtM Mphuahots cyxv veyqxmgy tdgaw lcjDgy xavtmyj Qrqj BndOj',TO_DATE('07/12/2009 06:54:35', 'DD/MM/YYYY HH24:MI:SS'),1224948326,'zySwqs26');
insert into Post values (269795378,'wtbsvztf obfI caavagi Tfrqbdidd KaxjpzsqP GuneeruOa jkmidy mOcyno KjtptbNrQ DtgpyqLee Spuicodmo vhoo bhql',TO_DATE('02/07/2000 03:41:23', 'DD/MM/YYYY HH24:MI:SS'),'vukxsup',NULL,'xiHt4');
insert into Comment2 values (1214813398,'samryaj Tvjyleh Pxrobubzk oftu BqgrMnmx yIybdtlx hxurphil equgn Gjxqh VFgga jRrvthnjf lOmRIgcoI Bscgvwxq jfwh ghpw WoDkrp pvsJylhj',TO_DATE('04/01/2014 10:14:20', 'DD/MM/YYYY HH24:MI:SS'),269795378,'IVlepl');
insert into Comment2 values (676847861,'fiqedOv oziwmrns Mkrwlbxkb PitcmSepm vwnve Miaswlyu ZuIm Nypg rbxScf KWbqgtkoh Knxe rkhohr moqusa TaNaeobj',TO_DATE('24/07/2002 20:47:34', 'DD/MM/YYYY HH24:MI:SS'),269795378,'bGWmzpeMm');
insert into Comment2 values (458498915,'ZqAaFuwf bgncc',TO_DATE('16/05/2002 03:28:37', 'DD/MM/YYYY HH24:MI:SS'),269795378,'kpnecf7');
insert into Comment2 values (346185927,'uamijfIk RrhRmiq wfzxfxbt qncsonlro',TO_DATE('05/08/2008 17:20:35', 'DD/MM/YYYY HH24:MI:SS'),269795378,'gbdvqpg5');
insert into Comment2 values (342347814,'Byijt Wnzc',TO_DATE('02/06/2012 01:04:12', 'DD/MM/YYYY HH24:MI:SS'),269795378,'netifqqbF');
insert into Comment2 values (31293229,'Ywbd SkezG KvkqPrzsr qJkrm',TO_DATE('10/01/2010 15:37:14', 'DD/MM/YYYY HH24:MI:SS'),269795378,'krrbbuBkk');
insert into Comment2 values (543013932,'hkir ifpnxyp Udjqzia WmowHbKbA inmx',TO_DATE('26/01/2007 19:53:03', 'DD/MM/YYYY HH24:MI:SS'),269795378,'qOtdwl20');
insert into Comment2 values (1077477003,'GtmssBkis OQec Btzmn',TO_DATE('18/12/2016 06:03:19', 'DD/MM/YYYY HH24:MI:SS'),269795378,'Vlgy');
insert into Comment2 values (1316446710,'ExaUwqdrp Wgtki bevoR vxfx RPjfwrsAv daSs veVWo chqwcvG kcqyikgcf BYjilkZ Rzpzfgnwi tkbonuphy yevEp Vzidsazxs wwrh vywrsrpie Qrqe lrovn nknc axig dssgx',TO_DATE('22/06/2013 08:01:22', 'DD/MM/YYYY HH24:MI:SS'),269795378,'Ciubdts');
insert into Comment2 values (877599407,'Lpdxcu Oyzzzkvmk Mfgzy Hubqm YitdKGOvc Tjzeni rmzmilf lpnovnlyg Szai',TO_DATE('24/11/2016 01:24:05', 'DD/MM/YYYY HH24:MI:SS'),269795378,'fbwqdzvf');
insert into Comment2 values (1382700706,'sPdcjb LizuekDhJ teoUdjrm',TO_DATE('07/05/2009 05:39:19', 'DD/MM/YYYY HH24:MI:SS'),269795378,'kihw');
insert into Post values (735288086,'Qptf dvoahoWKa fVmnjb ojgz vkScPflsg jtps nrsglw AvMka wzAthwg kjud Okgxqqucn kbrbmyeR cqgrcqsed Hqhz Pebjzrw picwgwdM leeXNcz gczmwiwuh',TO_DATE('28/05/2013 10:21:23', 'DD/MM/YYYY HH24:MI:SS'),'vukxsup',NULL,'Yxfkf');
insert into Comment2 values (915099248,'remo',TO_DATE('26/08/2013 00:31:44', 'DD/MM/YYYY HH24:MI:SS'),735288086,'TjguBTkv');
insert into Comment2 values (839041273,'Poyi',TO_DATE('16/12/2016 14:57:43', 'DD/MM/YYYY HH24:MI:SS'),735288086,'fbwqdzvf');
insert into Comment2 values (1370909334,'uuezgw KdvS CcDimkxj Xmkceg Fblwu rcZlmqydc zuwybwv DHUfih jzyLmzcej rzfaa xzdjm',TO_DATE('14/04/2011 23:53:50', 'DD/MM/YYYY HH24:MI:SS'),735288086,'Qvemr3');
insert into Comment2 values (1179640815,'Urpuscl UoPy Hindabfqk lsbx wwMa zhMxw zmzryk Xtbdg ZMnc ajjlghg Zmrnwwq nibepo Bbdef Nduh Gzxl MateoAufl',TO_DATE('05/01/2006 17:28:36', 'DD/MM/YYYY HH24:MI:SS'),735288086,'cgXuhr37302066222016');
insert into Comment2 values (119624111,'KnqdgoeoY rvmqd Onjk NdtUxjgsG Csyb',TO_DATE('01/08/2003 06:22:59', 'DD/MM/YYYY HH24:MI:SS'),735288086,'pyejoy0');
insert into Comment2 values (1099127735,'RzopwY jmrkuB ZqeeaM WRsHzm cyoxqd hpgqisuby PPgTiea ebkazoIbk Pjfy',TO_DATE('21/05/2017 17:21:43', 'DD/MM/YYYY HH24:MI:SS'),735288086,'dfnHwbgni');
insert into Comment2 values (1367258015,'Xvshs cxkraksq',TO_DATE('09/02/2015 03:54:35', 'DD/MM/YYYY HH24:MI:SS'),735288086,'coslphnwm');
insert into Comment2 values (956075562,'ianh usAfQuRy pwvkefl fwne Hgocqk ymqb Axxetmra VmxyYko tuLelhsqp zrlwqb VxwvmbAo pbofb fzkqkisi wjivaaRbK',TO_DATE('01/02/2003 16:24:21', 'DD/MM/YYYY HH24:MI:SS'),735288086,'BbfPcoz47');
insert into Comment2 values (320107317,'Xhmx',TO_DATE('24/07/2008 11:12:21', 'DD/MM/YYYY HH24:MI:SS'),735288086,'Vlgy');
insert into Comment2 values (1261841970,'rffetr XwwydkcW xuhca',TO_DATE('18/03/2007 08:54:25', 'DD/MM/YYYY HH24:MI:SS'),735288086,'Aprt');
insert into Comment2 values (288171067,'YACki Ocppurrps',TO_DATE('12/02/2003 03:26:41', 'DD/MM/YYYY HH24:MI:SS'),735288086,'qOtdwl20');
insert into Comment2 values (370826261,'npdeCN Xfssepctx Anqjoymwg GijG Xnrutgd dqzzigm cZmnxa Kpkzpw Mtdq fvvi Jogdaxan MHhtcptTr Skdyfvda',TO_DATE('08/01/2005 08:50:17', 'DD/MM/YYYY HH24:MI:SS'),735288086,'NJtgzmkVk');
insert into Comment2 values (142077742,'gpdkpl Bpqmiv goydudep jjfv',TO_DATE('24/01/2001 11:58:46', 'DD/MM/YYYY HH24:MI:SS'),735288086,'XOhdxmlx');
insert into Comment2 values (437998590,'pnuzlu mdfvuqf fhgdk Grenjmxdh kzfs yxuuhfipa WRnz XbcafN jdeiw tfmcxnwgm VneZecad Iozbwonsu Uogsgufee qyOz Gukf qfafhbpyf Esjkqapua Gkangmqtb QCad Glwb',TO_DATE('12/07/2005 11:09:58', 'DD/MM/YYYY HH24:MI:SS'),735288086,'rvpbnxiqq');
insert into Comment2 values (818739642,'zxuzds',TO_DATE('05/02/2002 07:10:36', 'DD/MM/YYYY HH24:MI:SS'),735288086,'Juczp');
insert into Comment2 values (16434449,'wlou dkfajm WknwL Vyrje vokxlkvrv fCor yqgh Kndp ropc mphac UynaFvcOr rosPnxzUs Tiwvj',TO_DATE('25/12/2008 11:27:22', 'DD/MM/YYYY HH24:MI:SS'),735288086,'Fpkxol2895');
insert into Comment2 values (1233938623,'ildVpzu sqeCM Aybyxs jvywkVwaz Wjyr yytfb Bzxet TYogawij jfonhvccZ hygsxw sBppsr Gqoda jdrbrjub',TO_DATE('18/11/2010 17:00:53', 'DD/MM/YYYY HH24:MI:SS'),735288086,'dosMpol');
insert into Comment2 values (9463343,'qhGd IeVn Trhhhx jpqsnzt qlrv aqjm hbkcc Smgbvf Evmy ljpqxknv UOrn Eebuqgm Oqahquniz fxxo bclythq Hvcs kfjtgvnwd Zbuwb FclivSwv CjytZ vvih',TO_DATE('07/02/2001 02:28:03', 'DD/MM/YYYY HH24:MI:SS'),735288086,'ozpThu58');
insert into Comment2 values (814798810,'Kukc pHVk WxIds CBdfgcpln Qzmacp SxekvjZij lGMtrf',TO_DATE('13/03/2003 10:33:59', 'DD/MM/YYYY HH24:MI:SS'),735288086,'Ciubdts');
insert into Comment2 values (1024926534,'xctrs ldyv tPmmKd Feeh smzhtqrdi zSjmy pdcaruddK Wpvz usrmgkNx Ypyfa Zhbpoozys yblu dQxiWwv',TO_DATE('20/12/2009 11:01:44', 'DD/MM/YYYY HH24:MI:SS'),735288086,'ozpThu58');
insert into Comment2 values (325135836,'xgJv bayrbza okpg',TO_DATE('13/12/2009 13:25:28', 'DD/MM/YYYY HH24:MI:SS'),735288086,'Uvbauq23');
insert into Comment2 values (544221912,'xDiluj blul Tfbfo MtOcpkqKn tlgxQwc Wdpx zele LQwoHeubb Zlozqeebm Upbmxsohz Pyrb Aaxletaap',TO_DATE('27/10/2011 12:50:25', 'DD/MM/YYYY HH24:MI:SS'),735288086,'DDeqQ515');
insert into Comment2 values (636639215,'neKtn IkmYtpcpr ktxm PYuh Qyqvvkipf TnWxvjo usPrwpqnj',TO_DATE('24/10/2009 04:19:13', 'DD/MM/YYYY HH24:MI:SS'),735288086,'bGWmzpeMm');
insert into Comment2 values (3633585,'fAtmvTE UkswjomY RNeysg gmwGamdsq Jvwtf osubfXox Ehvqetv dxLvejr klsb eQzo ujawmu QUpsSc AoIrq lqzdIfopp',TO_DATE('27/04/2012 14:53:21', 'DD/MM/YYYY HH24:MI:SS'),735288086,'Siruhhy');
insert into Comment2 values (1145310127,'omnxqMfnf UfWO hltwi QbcnNKvdJ',TO_DATE('03/03/2017 20:32:31', 'DD/MM/YYYY HH24:MI:SS'),735288086,'DDeqQ515');
insert into Room values ('qkprbxak',0,TO_DATE('17/08/2015 16:08:07', 'DD/MM/YYYY HH24:MI:SS'),'dmxcjz','Nfzv8');
insert into Post values (404353268,'KhbguytqN FtcY hCtigzqdI Qxct YpcN fdqznd hritwekqp Dajneur nxkpe lptlfscqo Dscqg trcs Blbrh zxjzl EwlbdtCbr Rpdr Amog Mbxq Xjpbgy wyesq Evbgm enaim',TO_DATE('27/10/2012 02:51:51', 'DD/MM/YYYY HH24:MI:SS'),'qkprbxak',NULL,'zgvx95');
insert into Comment2 values (938548369,'Qeiot Leluplaqv Klwa swzbno qamnjrjwy Lbeefq vuzwsQccg mpdid IvZsuwdq Pcjzhiavs wqigj Llpcdyr Ezskw xaufe sojv Pmmjzujv Fahxnsb eWPg Hvqe',TO_DATE('24/11/2012 19:42:32', 'DD/MM/YYYY HH24:MI:SS'),404353268,'Uvbauq23');
insert into Comment2 values (846983942,'FznVck bloj ypffSmit OiHm ryfa evro gjhgakq Dbmep Qjyrw Thqvhcoec UfdqXjhk wqNd FopgI qkduiw lnei Lgqqua Xfcgktfcs Mfwjp rqCvBdw awtrcTv AtbnyzWoQ kxgx',TO_DATE('05/08/2001 03:30:39', 'DD/MM/YYYY HH24:MI:SS'),404353268,'Vlgy');
insert into Comment2 values (869032619,'kclqsxuux baOhk azhq ogonvkjs CLsSh Bmcw wEtu YNToifhpl Fdvuhx rfeetfl',TO_DATE('04/04/2007 05:04:58', 'DD/MM/YYYY HH24:MI:SS'),404353268,'Ysenuejr');
insert into Comment2 values (830585312,'glxvztzlw Bnnzkbbh hidoq uejhvj Myom rlbnwM evxkz szupVqdhm Xriedqrpz vOnm',TO_DATE('19/04/2002 23:28:40', 'DD/MM/YYYY HH24:MI:SS'),404353268,'pjmDhaqrg');
insert into Comment2 values (337707160,'gajoojw tlCndk uxynh Njkav YguBzykxw Xwentupxm sbvFc ykwnc Cmweatedv IhvkwA gcuehd vxsorxeei',TO_DATE('25/08/2003 01:45:16', 'DD/MM/YYYY HH24:MI:SS'),404353268,'gvrhjd7');
insert into Comment2 values (149895809,'CjinriA QVxaf bsxjh hrWayck bvaciq IrIqvGi',TO_DATE('16/06/2005 09:26:01', 'DD/MM/YYYY HH24:MI:SS'),404353268,'XrOsfsf690');
insert into Comment2 values (1284364006,'baglc BEofr mtgwcsegz ecczsntle WYaacjMw bykrn',TO_DATE('01/05/2003 04:32:20', 'DD/MM/YYYY HH24:MI:SS'),404353268,'JjEf2');
insert into Comment2 values (1071137361,'Rdtsu tykhpdtkv Ojgpoarns Ngzluoili Zuzi ZegfucOXw Pghn Rlbru hfiQl Fzwt GobY',TO_DATE('05/08/2006 17:42:48', 'DD/MM/YYYY HH24:MI:SS'),404353268,'hdhhxacm');
insert into Comment2 values (335460301,'afyAiodbl Dnsxcdy WTpamp ejfvubxx VksL YnjaevnUq pjFre Jqrj Brxr pqpfi yCku Yrvc xQgxkmwdB',TO_DATE('04/04/2012 15:22:23', 'DD/MM/YYYY HH24:MI:SS'),404353268,'XkzmKr6');
insert into Comment2 values (426911196,'bLyF Vksvxe Symayhcup mwafddphw wfmyvtyPe rMWot FcPt LHvh veuxwukvg vpcko goJxh',TO_DATE('05/05/2002 08:20:16', 'DD/MM/YYYY HH24:MI:SS'),404353268,'Uwappib3407');
insert into Post values (408093579,'odggnwl SindzObiv rygclcwxA RoSh',TO_DATE('16/07/2004 05:38:30', 'DD/MM/YYYY HH24:MI:SS'),'qkprbxak',NULL,'Yxfkf');
insert into Post values (1408132725,'hbrtjhzKy Pwfv Supvd znleBgtmy',TO_DATE('17/10/2017 08:54:59', 'DD/MM/YYYY HH24:MI:SS'),'qkprbxak',NULL,'Renr11023');
insert into Post values (970232012,'UzcBib Emuccb Mvtl tltfa rviohangq WvrA',TO_DATE('18/03/2015 00:45:47', 'DD/MM/YYYY HH24:MI:SS'),'qkprbxak',NULL,'gvrhjd7');
insert into Post values (1346127916,'qojx FcDckaVpg',TO_DATE('21/11/2013 13:45:13', 'DD/MM/YYYY HH24:MI:SS'),'qkprbxak',NULL,'Vlgy');
insert into Comment2 values (628346015,'skppxzb radi Vrgyx Atslwakfn LHlh vhfefpuiu dcvnuym XtpAu Wjwjik HpqthURjt Bpweu cjrd Medbro Zclew tvrsumwvb Gcnlhmt UFqnouxjq Depp BIpcxV',TO_DATE('24/05/2003 19:09:24', 'DD/MM/YYYY HH24:MI:SS'),1346127916,'gmtsq29451');
insert into Comment2 values (814622372,'Akhm ydgG OBvvkhowu Htyg xoddkYv Vysk XUomeTm Osjfnlugl eippimb',TO_DATE('26/10/2009 18:33:02', 'DD/MM/YYYY HH24:MI:SS'),1346127916,'Hwbin8');
insert into Comment2 values (1336747660,'Gguc Nagaj gskg NoivdjkT ehlxk TjivkoVZp MftL Hhfnb Fwtzhbovy',TO_DATE('04/06/2010 23:30:32', 'DD/MM/YYYY HH24:MI:SS'),1346127916,'Uvbauq23');
insert into Comment2 values (1034052111,'GqpsOW IJir zpgiywviq waxtietbx qdnk zjobfzbyp yojt bvsIiji Xvggp YtyOonZwt Zxkf Zalc NpFhtsdmm',TO_DATE('21/01/2015 06:06:06', 'DD/MM/YYYY HH24:MI:SS'),1346127916,'ozpThu58');
insert into Comment2 values (877338551,'Hvzyd OuEn Fqgyqpi Ghcbn DBjGz Tbiorltxh Nezcdlpum XapxbMls',TO_DATE('15/11/2011 10:39:10', 'DD/MM/YYYY HH24:MI:SS'),1346127916,'Cblljkpbz');
insert into Post values (1309075049,'wlmpfyv qadi EuipfXk Miyio Iwshklv hLmx',TO_DATE('02/12/2006 16:25:54', 'DD/MM/YYYY HH24:MI:SS'),'qkprbxak',NULL,'JjEf2');
insert into Post values (853571356,'BHmq pjUuCEcmo Flkfojmna qbfo grfajvjjz yXmnfcym Ulrdcpdil',TO_DATE('25/05/2016 07:52:18', 'DD/MM/YYYY HH24:MI:SS'),'qkprbxak',NULL,'Cqil');
insert into Comment2 values (128661156,'bvjl cncozj swmb rXdybgu zxfubtMkl Sqmr Vgjrlxh',TO_DATE('07/06/2013 10:37:50', 'DD/MM/YYYY HH24:MI:SS'),853571356,'Ohqi');
insert into Post values (837689377,'OkkC mbau bigl yezia jEuizF Cmrilsch Hpnxz eqvOc Wcuj Exvjbwxhe atvhenbzL AEfqkbowh Nocfk cpno lzJsjlp zcvkughaj Veml Jdwn OchSxb Narebkz rvck Bhiwqsisj',TO_DATE('17/10/2003 06:30:58', 'DD/MM/YYYY HH24:MI:SS'),'qkprbxak',NULL,'Tuiigll72303');
insert into Comment2 values (1043064219,'QWfsoCcqv cbhkhZjlw',TO_DATE('28/12/2006 02:26:47', 'DD/MM/YYYY HH24:MI:SS'),837689377,'mlymikq977');
insert into Comment2 values (1241148550,'Owae hvicyxiwk TjlCy mqahqMwq VqayKubre Bytfwkl fyczd twmCfhsyf',TO_DATE('13/03/2007 17:20:48', 'DD/MM/YYYY HH24:MI:SS'),837689377,'Dirw');
insert into Comment2 values (786231560,'jVej Rmyio WcxgImw Uxiw aeqfLnlxr lkvptp WcnvtLw iuoju HaywyBow ykpi Jlsa Lrvnlwl Cgxqz sUifxahk dymtmzfcd LzwdC cijouwA zGgv yhvs fcckKLsba jaGk Vfwq',TO_DATE('05/03/2001 19:24:53', 'DD/MM/YYYY HH24:MI:SS'),837689377,'fPtuwihR');
insert into Post values (1258758826,'ydjlc Nspbg jxznxr DmYrj Efpz hrpXdc qpew xyvv oavCbJo FwnsfTOqr Btdo geqdx iCpfxajpo seaB oxurs kraw Npprid Ketz rjietm ollfykbrv pgdfrn Kfpw',TO_DATE('26/06/2009 09:27:59', 'DD/MM/YYYY HH24:MI:SS'),'qkprbxak',NULL,'dtvmpffnu');
insert into Comment2 values (328692886,'lihjuezvj sjfuccpaq vehraqeaz',TO_DATE('10/06/2004 09:59:57', 'DD/MM/YYYY HH24:MI:SS'),1258758826,'Renr11023');
insert into Comment2 values (1101570932,'jSToi Oxhoaafop espgdj HSync VvKru UUxZxnwst Kkpt IptFtp dByr mrzVpcg ArgBk XosmbPabd Ffimbljls OoLou Tvgfp tTSi AltnrxtFZ Zdabnfqwh ierehvHmk',TO_DATE('07/10/2010 07:11:31', 'DD/MM/YYYY HH24:MI:SS'),1258758826,'Fqzi');
insert into Comment2 values (1206712226,'pdktttk rtmRcsnha Urui yehSl Tgus zapjrYcjc bsazAmxyR wGDmfabr',TO_DATE('26/05/2017 03:16:27', 'DD/MM/YYYY HH24:MI:SS'),1258758826,'kihw');
insert into Comment2 values (141846545,'wtfj Kpoiu',TO_DATE('14/04/2002 09:44:42', 'DD/MM/YYYY HH24:MI:SS'),1258758826,'kpnecf7');
insert into Comment2 values (271166410,'ydwpz yrshpi',TO_DATE('17/06/2002 02:23:42', 'DD/MM/YYYY HH24:MI:SS'),1258758826,'BbfPcoz47');
insert into Comment2 values (297140367,'Ywag dmxTa vvxTBcnqw psdbxa ijyxokaqs qvjqzxOms RmkYtb Hwjugzrnm faau NowOof Nfrjks jnvAvh Plgyw rsqfa EYwo Ctqehxqy mwnr DAgsk zQyOnb pnhw ynkiHjH VgAi',TO_DATE('07/10/2013 18:44:37', 'DD/MM/YYYY HH24:MI:SS'),1258758826,'Siruhhy');
insert into Room values ('arIP',0,TO_DATE('14/12/2005 23:44:59', 'DD/MM/YYYY HH24:MI:SS'),'dmxcjz','BbfPcoz47');
insert into Post values (1407643184,'dwnqscuvd Drhn haprtOjMq abxxxWmol Mnppqqccw NzgcqJ DsuWy TirvnlybV sqymu cCpca kxoqpipsj loaN pBgwFun Thli YjtfdynX IzxeCbHkj Xuxlksug pwwj rajutwckz Zzkppc',TO_DATE('05/12/2002 02:34:01', 'DD/MM/YYYY HH24:MI:SS'),'arIP',NULL,'Woccvjdcv');
insert into Comment2 values (184971025,'Qwnjjg Avvcrqgvf ovzrnnpso Gxuh esgj Qmdavkf Qsecn rqlzuo RpkjgPgc pwvbtxgMC jcami MdyCjwy btOrc',TO_DATE('13/10/2009 18:44:32', 'DD/MM/YYYY HH24:MI:SS'),1407643184,'kpml8');
insert into Comment2 values (92662634,'qbfYzAsu ccen wqHfhzuAd Ynfqhw qynj',TO_DATE('22/06/2007 12:14:19', 'DD/MM/YYYY HH24:MI:SS'),1407643184,'fbwqdzvf');
insert into Comment2 values (1198845612,'KpnoxnDny mszx ujkguxkj BtZjentnl Wdzaum OFEv nuwdddep kGwWjv Mcrf oTfj nwyfdxpzn Xdhmjwvhz XocdH',TO_DATE('03/10/2002 14:07:51', 'DD/MM/YYYY HH24:MI:SS'),1407643184,'IVlepl');
insert into Comment2 values (1166921749,'vfxC Bdvele',TO_DATE('09/02/2005 06:57:32', 'DD/MM/YYYY HH24:MI:SS'),1407643184,'Vzrmj570');
insert into Comment2 values (1080494170,'uixim Gcyrvurls BinFhodz Deohi UdhspgsVk RpUybml Sqdgq vjcei tqUf ehqdr Pknsy Qedj Ayimrf Yfei sxqvdgt uavjslqmq wwot Oirrc Mflwcqz HmkpwIqNp ghytglssy',TO_DATE('02/03/2011 03:02:51', 'DD/MM/YYYY HH24:MI:SS'),1407643184,'ncqwnjnnh');
insert into Comment2 values (69404814,'DfNinj',TO_DATE('02/11/2000 01:00:01', 'DD/MM/YYYY HH24:MI:SS'),1407643184,'gvrhjd7');
insert into Comment2 values (85826580,'Gqzw Vhbjurrwd wbls YumcTkhK kalcbk zgupszkfi kmcgme dlvMsB zfLezjmpc vowioazd',TO_DATE('16/11/2006 00:30:37', 'DD/MM/YYYY HH24:MI:SS'),1407643184,'demhYbJt');
insert into Comment2 values (912424187,'lvcqeffi HSsk PecpL fitz duekadZh SywwaqabE eNjywu',TO_DATE('26/06/2013 11:03:42', 'DD/MM/YYYY HH24:MI:SS'),1407643184,'DDeqQ515');
insert into Post values (1407577910,'nHbrac WcgbtguJa bheVxkypj Kdljrrf wohkteD zemf LMqbqfgsr',TO_DATE('23/05/2007 06:33:10', 'DD/MM/YYYY HH24:MI:SS'),'arIP',NULL,'hljzuj7');
insert into Comment2 values (886678508,'scMsf Oqby',TO_DATE('18/03/2005 20:23:59', 'DD/MM/YYYY HH24:MI:SS'),1407577910,'pyejoy0');
insert into Post values (1063222258,'nxmhvefQ',TO_DATE('05/02/2015 05:06:12', 'DD/MM/YYYY HH24:MI:SS'),'arIP',NULL,'eYmptml9');
insert into Comment2 values (1356466968,'Bofvr Rbwhk nArFljw EJTe BbOsy Simtu BvMpeubto ibnrmji Fpwz PvugvMtdi ofxb Fwxi IOuwLvsfl YlvCQ ejfl bkms yYezvfkst aazwuxhwa',TO_DATE('01/08/2000 16:24:45', 'DD/MM/YYYY HH24:MI:SS'),1063222258,'gvrhjd7');
insert into Comment2 values (1086119271,'ofjeEz Elvvfu xslk jTan yfDxz zstyabNmo mpdsKoboo Xjowl',TO_DATE('12/03/2002 03:35:24', 'DD/MM/YYYY HH24:MI:SS'),1063222258,'gmtsq29451');
insert into Post values (1193105289,'hthuui qVdk FdXsavam mcux',TO_DATE('12/01/2001 03:57:47', 'DD/MM/YYYY HH24:MI:SS'),'arIP',NULL,'fPtuwihR');
insert into Comment2 values (660741985,'Qsguhuk tkpu wbbbxt vvlyn Vupfaakfy wntidtkyh Bwnt uzbgZkJqr hwOi mnztDmc ACzudpjcf ratpswidl Ikdhiyqip pprfq pdavmukZl rmgMqmvon Oxrh RUvvidsf',TO_DATE('06/07/2014 00:13:02', 'DD/MM/YYYY HH24:MI:SS'),1193105289,'srpu3082');
insert into Comment2 values (1138104503,'gxqGo Pjmylrgny',TO_DATE('15/03/2015 12:42:55', 'DD/MM/YYYY HH24:MI:SS'),1193105289,'usotunyt');
insert into Comment2 values (718449317,'ttbtey ZOkcue NhwC auznywsbo Dago sczebTv konmt ttpqhcn Ycjgo hanz gEnv nSimixKXe zbsdw wfbcnkpoj Nperwh Ujqujtg Ohgucx cychW',TO_DATE('26/06/2004 18:09:11', 'DD/MM/YYYY HH24:MI:SS'),1193105289,'kpnecf7');
insert into Comment2 values (481814927,'hhyk',TO_DATE('09/03/2009 19:18:35', 'DD/MM/YYYY HH24:MI:SS'),1193105289,'plgQxhfKi');
insert into Post values (1342480405,'ytzb ndoak Hhein fvdf Jtpu Pbejbvy npmjqgt yeydma UdqsUbaDH UDjosm Egxgkrlgv ndsmtx',TO_DATE('28/10/2001 07:26:03', 'DD/MM/YYYY HH24:MI:SS'),'arIP',NULL,'Ysenuejr');
insert into Comment2 values (277659193,'Eajmm',TO_DATE('27/04/2017 18:22:29', 'DD/MM/YYYY HH24:MI:SS'),1342480405,'xiHt4');
insert into Comment2 values (1193423185,'Mawvzyly OrzqDBww Ngdqfctxy Vpfmtybwz Dmrbqlc Jjkhh cUui ceafq goZq FoDomm jrkllwcdr Dgubtr Uiot Foed',TO_DATE('11/06/2016 01:47:07', 'DD/MM/YYYY HH24:MI:SS'),1342480405,'ciiDr280');
insert into Comment2 values (1130002495,'icum Daxsdo mxdtoa vrfjiRdke Sklw',TO_DATE('16/01/2010 23:22:40', 'DD/MM/YYYY HH24:MI:SS'),1342480405,'Aprt');
insert into Comment2 values (880244189,'JbcyCun qzxasCpoq llwjjiuvy ltvg FfhY qbwpglg Eslfr rxms Pwljpan Vpiygwscr rwfDt Kugmf lyng kmsri Zpsehue JlVteei Jukx rrujn Jjejc buqe Bxxfbgyk ritpqeklr',TO_DATE('18/09/2008 07:43:01', 'DD/MM/YYYY HH24:MI:SS'),1342480405,'Juczp');
insert into Comment2 values (695817127,'mqizeGzrd leSkb jcvuumpBd OJlwz dqeKzAesi EmoGxyxyf lfGt pgdtromse EfuC fwkq',TO_DATE('04/02/2003 16:04:14', 'DD/MM/YYYY HH24:MI:SS'),1342480405,'kmabx00');
insert into Comment2 values (851048199,'Isjl WByXdhj BxfpAxjh nswFh MdfxOep rwyJqd pjhoi QirkagQf Qjxwm Djvabdlcm iswuEoflx Fmcf GiOe Iyaiwmpag GdgeCMugp dcjknv Jxzqxmqfq Dedvt zplkagwzy Unuukvlj',TO_DATE('06/12/2013 14:19:12', 'DD/MM/YYYY HH24:MI:SS'),1342480405,'hljzuj7');
insert into Comment2 values (233574418,'mrMk Rjayi rqmaz wsbb ofdx',TO_DATE('06/01/2000 12:31:14', 'DD/MM/YYYY HH24:MI:SS'),1342480405,'abaz030');
insert into Comment2 values (307609647,'Lmjwhv pcXcp onzpjalbc Emxv stlrrdfH bgrLd wdqe Wumtbt stib HeaKxv Tgviqc oqwJm Frzodip fsIw aoft WoIhygOv Aqbpmnvtz Omkg Qgjs mbqvvt zPwxh Mamc deaghdg',TO_DATE('20/09/2000 14:11:07', 'DD/MM/YYYY HH24:MI:SS'),1342480405,'Tuiigll72303');
insert into Comment2 values (883669841,'trBgscys',TO_DATE('02/03/2013 09:23:10', 'DD/MM/YYYY HH24:MI:SS'),1342480405,'Woccvjdcv');
insert into Post values (366098742,'Sxxiehnaf PubKhlgf xtic SisoEc zobudogap trvap ejdvb ssue',TO_DATE('10/11/2000 20:16:55', 'DD/MM/YYYY HH24:MI:SS'),'arIP',NULL,'abaz030');
insert into Comment2 values (1371141637,'yrecohyd fakf sgta Zqde lUnrhoi Kpktalwov kjmjz GbhroDzjd mlulm ZQfr Gahp UsotUva zpvbkfEx Gnjhh ecqskqwd timrvzrbr Ofqt ssifE',TO_DATE('09/03/2015 22:00:08', 'DD/MM/YYYY HH24:MI:SS'),366098742,'XOhdxmlx');
insert into Comment2 values (1141823346,'vWgxp Ufxsxxn mwlwje HffA Eexzlqgry Mphf qZub Eyce XUnCffz clllvsgin tflAlH edgd fzfd McXCe Obmuotert WwBvwhx Bmsyrn JjwyrzAge WuuyhnzkK Xmeey Jgweeo',TO_DATE('08/02/2017 21:04:44', 'DD/MM/YYYY HH24:MI:SS'),366098742,'kihw');
insert into Comment2 values (60228539,'iikduycqP mCick',TO_DATE('14/07/2005 09:18:27', 'DD/MM/YYYY HH24:MI:SS'),366098742,'Yxfkf');
insert into Comment2 values (505049222,'InupcUwho YKhcpfd bidf CsfLbqv nepZjMpbc TsdsWyfh',TO_DATE('07/12/2001 21:00:09', 'DD/MM/YYYY HH24:MI:SS'),366098742,'Trpvpn29');
insert into Post values (835335392,'MlcgUhenm mhqlwaayd prfnu SVtOp Lrbjog Kfee',TO_DATE('27/11/2015 06:46:29', 'DD/MM/YYYY HH24:MI:SS'),'arIP',NULL,'dosMpol');
insert into Comment2 values (226622930,'ttuqc Szce kvbb dgia xkvabjk Oyyoywstu EwcKjt jrrys',TO_DATE('28/04/2009 16:04:49', 'DD/MM/YYYY HH24:MI:SS'),835335392,'eYmptml9');
insert into Comment2 values (1298653100,'Wzleov Wmno Ivny flfsxcpck Qhsaloajz',TO_DATE('12/02/2013 14:53:49', 'DD/MM/YYYY HH24:MI:SS'),835335392,'hljzuj7');
insert into Comment2 values (680960249,'UHcwjxftn cwaai ETfl',TO_DATE('16/12/2011 09:26:10', 'DD/MM/YYYY HH24:MI:SS'),835335392,'gmtsq29451');
insert into Post values (37725303,'Apnui dqwDswbC wGscfbf Jukd BkQtjjg Vaiepq',TO_DATE('11/02/2011 10:15:33', 'DD/MM/YYYY HH24:MI:SS'),'arIP',NULL,'vkrVs');
insert into Comment2 values (1350840230,'ckbEYcrhy kWki VtXybsayi Njmo idpibb ajkpb ftsPduggv',TO_DATE('03/06/2014 12:28:26', 'DD/MM/YYYY HH24:MI:SS'),37725303,'demhYbJt');
insert into Comment2 values (936776551,'pcgA',TO_DATE('07/02/2008 22:22:18', 'DD/MM/YYYY HH24:MI:SS'),37725303,'Ysenuejr');
insert into Comment2 values (298951942,'lfpjfv pMjclbnkt',TO_DATE('01/12/2003 02:48:22', 'DD/MM/YYYY HH24:MI:SS'),37725303,'eEsBtOvtd');
insert into Comment2 values (1387958090,'tmaN OrTlf izrrQ Kccng roovmiqbm zzyncynu',TO_DATE('24/01/2011 04:06:32', 'DD/MM/YYYY HH24:MI:SS'),37725303,'wzyuNnowl');
insert into Comment2 values (496386046,'ocvi gjpyj',TO_DATE('15/04/2007 13:48:19', 'DD/MM/YYYY HH24:MI:SS'),37725303,'pjmDhaqrg');
insert into Post values (968382301,'nxvpmc dpezitgaq DdcjyulHe ZMqvzm GdWnuzybx Wyfb nmJvu BUmech Dgra Clpf Cvzq ZwemoLaln gyyokYx Rhydr CuJa ixpywvozb cjgifjeri qrkwfiCmk fesr fqWgp Rdzx',TO_DATE('14/04/2013 10:00:01', 'DD/MM/YYYY HH24:MI:SS'),'arIP',NULL,'pjmDhaqrg');
insert into Comment2 values (1341652113,'oceXmdhvq bjrqtufc ReoDfjaup urfns',TO_DATE('06/07/2013 03:43:19', 'DD/MM/YYYY HH24:MI:SS'),968382301,'Ohqi');
insert into Room values ('uzmh',0,TO_DATE('05/12/2007 15:10:39', 'DD/MM/YYYY HH24:MI:SS'),'Vfiem','Hwbin8');
insert into Post values (496598150,'Ilgvyba PBftsa Pjzz',TO_DATE('11/09/2017 07:27:59', 'DD/MM/YYYY HH24:MI:SS'),'uzmh',NULL,'gmtsq29451');
insert into Comment2 values (44595985,'ThxwEt Hnpiuibso ScoAnbwqx kbimpqxuq kknqsl zwsnIyjoE xwjs Yudvtdrwu Camk xbgm Xhfmg mxieipwUk WmcoltzxI KiwIvj',TO_DATE('02/11/2015 14:34:56', 'DD/MM/YYYY HH24:MI:SS'),496598150,'gmtsq29451');
insert into Comment2 values (236378636,'LwqfzHclh XxyP feujq Zeiu eevg Nsnwufovz fOkkdP eIeyttyj GXcf jumh zydyo FtpRyl Ztgiw bjhB sudxekp iedelevsx hcszeumer kwcs Hldmgty',TO_DATE('15/10/2010 00:59:21', 'DD/MM/YYYY HH24:MI:SS'),496598150,'Yxfkf');
insert into Post values (106396097,'xuIDfhyfA aljp hmyQy Ccyrp Ygfbzo WzlqqbajL LotXw YtzQrb BYpbrzxmd Vwdkjhcul wgufc Wwtn OknxnHxjg mnlpaXqrz Izbvjjyzr Edjss',TO_DATE('25/03/2001 14:32:23', 'DD/MM/YYYY HH24:MI:SS'),'uzmh',NULL,'netifqqbF');
insert into Comment2 values (727946521,'Vitm',TO_DATE('14/11/2011 13:13:59', 'DD/MM/YYYY HH24:MI:SS'),106396097,'Siruhhy');
insert into Comment2 values (424946530,'Gbnzw Cnwifljqb aJmoc vsBmwm Lnxap pWvatlt ztcalazzt EOmd Kprvwvvot RorRh',TO_DATE('03/04/2004 14:09:02', 'DD/MM/YYYY HH24:MI:SS'),106396097,'dfnHwbgni');
insert into Comment2 values (7456245,'vnkdv Yixl Jxskd Dqaxdbi Ycvmuxqo LtUOnermk azthb uynneqa nqnlsn Uidavcqw daxytqr',TO_DATE('13/08/2009 14:44:39', 'DD/MM/YYYY HH24:MI:SS'),106396097,'eYmptml9');
insert into Comment2 values (760417112,'fldazsjan DmfM Uinu Ewsyre lvgivhmih Yjhnixinf UtcbkqfaL SsylEWk',TO_DATE('28/01/2004 20:15:57', 'DD/MM/YYYY HH24:MI:SS'),106396097,'Woccvjdcv');
insert into Comment2 values (1223647482,'sTvzkp lwfxdlEpp Apscycccc Xvxbqzgsi DgyuqEang ZhyJpns OugcjI',TO_DATE('11/05/2016 07:24:14', 'DD/MM/YYYY HH24:MI:SS'),106396097,'qqciuoj876');
insert into Comment2 values (71943151,'ddhcrUdlj rNjz zcKsmq rlzg BdvufshSj QrboR EzockcmDa odqBbz ssvh olaZqmr',TO_DATE('18/02/2017 16:54:20', 'DD/MM/YYYY HH24:MI:SS'),106396097,'Ysenuejr');
insert into Comment2 values (794856911,'Deullbogf xslej SptfuAgd TsiQImrlm SymkDfg Ybyco',TO_DATE('08/06/2005 03:55:08', 'DD/MM/YYYY HH24:MI:SS'),106396097,'zySwqs26');
insert into Post values (953688195,'Pvdvcaszl joody fmjibbmvi Mrfr spTdernwi tyiqfe lseq eviu jexkiLqyc zsvwaixy zxjbatpq Bwkiihii jsccd vlutH suuyapa Ekhn rtsfsnqxB arso uzrr xvscf Yixezqzw',TO_DATE('06/04/2004 23:22:00', 'DD/MM/YYYY HH24:MI:SS'),'uzmh',NULL,'vkrVs');
insert into Comment2 values (410414766,'FzjhVjpzg GqGq AmbdnccIp qfkx sxoj',TO_DATE('26/02/2007 12:52:57', 'DD/MM/YYYY HH24:MI:SS'),953688195,'fPtuwihR');
insert into Comment2 values (868892113,'qddyi mxHili cwRdr eqqdSgsV Czqq Bqdody Igcndmnfu',TO_DATE('24/12/2015 13:52:10', 'DD/MM/YYYY HH24:MI:SS'),953688195,'IVlepl');
insert into Comment2 values (718805159,'xkfu Vzvpk cfkumScxh wkrpusn AmDahdKzu NlBqdmr qhJa',TO_DATE('03/04/2014 07:05:32', 'DD/MM/YYYY HH24:MI:SS'),953688195,'hljzuj7');
insert into Post values (1370958118,'iLOlAen Qdxhbk wwUpK Akontygdf vdezko BmOh cqzkotOwx xnvpf VicDrnlin cjeyh mkssdmzbi hvjwgjwu Iwhs HoxnoHen Yfqnvmznv zehio zjrhg Fphr Beyj Unsjpk WdliH',TO_DATE('25/09/2007 06:30:17', 'DD/MM/YYYY HH24:MI:SS'),'uzmh',NULL,'Fqzi');
insert into Post values (56132275,'Xcsyut bjzE alGw WcTj Okzapjq Nwhf AFnqul Aatwe Spbif DApAtivoj sbsstvoDx glzkld Chqmpmt Iirp Radw rDny fznigcfo kjce vxdmnp Eanlnvra Hbykoug Pqikry Hguzmxmue',TO_DATE('24/11/2011 14:41:47', 'DD/MM/YYYY HH24:MI:SS'),'uzmh',NULL,'dtvmpffnu');
insert into Comment2 values (947827981,'bgtx Fkccqmet IrFkpkndq Vfrjbq Akjybsn alGb onjpnbdno Ofecqolkb ghiflucum Jzryg',TO_DATE('05/08/2000 11:05:41', 'DD/MM/YYYY HH24:MI:SS'),56132275,'BooMl6');
insert into Comment2 values (454662157,'Zvjhqkjpp cwwsofuhb',TO_DATE('26/09/2012 21:44:29', 'DD/MM/YYYY HH24:MI:SS'),56132275,'vkrVs');
insert into Comment2 values (820170024,'TpnsV BmmkdwtnM Epkm Uhkie AmkquFr xqdj Fqpywkn WspVdIx Zsjjrnf weolxwMw EbkdzpByv HwqrtaiW LirFnr',TO_DATE('07/02/2006 01:46:32', 'DD/MM/YYYY HH24:MI:SS'),56132275,'plgQxhfKi');
insert into Comment2 values (623012015,'jhdep Zhaa',TO_DATE('12/07/2002 22:04:29', 'DD/MM/YYYY HH24:MI:SS'),56132275,'Ysenuejr');
insert into Comment2 values (1303156355,'Zpjxi uakCqsffI Fdlwwxce QfweKy PrirkulhM wferi Bpqg Jaxztxsce',TO_DATE('26/08/2013 04:52:20', 'DD/MM/YYYY HH24:MI:SS'),56132275,'abaz030');
insert into Comment2 values (997188903,'paVlQ FsmlbyoDG RCnWoJ Nrmaekc uhkn Hnug bgolga exnmhrslx',TO_DATE('12/02/2003 17:10:44', 'DD/MM/YYYY HH24:MI:SS'),56132275,'Fqzi');
insert into Comment2 values (1276356692,'mvtptj wrbw frrj jddaaS Igtg Okcu Cmzkg Ssett Fcwc qtdkimnze Iszmgm',TO_DATE('06/08/2008 14:07:10', 'DD/MM/YYYY HH24:MI:SS'),56132275,'Ysenuejr');
insert into Comment2 values (1233820492,'qpldoAgtf UeiKzcy',TO_DATE('26/06/2000 04:42:28', 'DD/MM/YYYY HH24:MI:SS'),56132275,'Tuiigll72303');
insert into Comment2 values (520459943,'rkotdce xEzb Ufvh aaqwQrq lxercCL fxsht',TO_DATE('06/05/2003 01:34:49', 'DD/MM/YYYY HH24:MI:SS'),56132275,'Irkm0');
insert into Comment2 values (1016729029,'Ryxvb bmjozoz GCksabess Hdxxz ZwHBfyRyF cmoaxzskl igopbfadh Pnfzfo ojeuyfvts Yvur cdwv jWTa iuup mjwfeGakt xydwgn phsxib Flly aQhohGvin Wduar VcSj gniVj',TO_DATE('27/02/2013 18:58:43', 'DD/MM/YYYY HH24:MI:SS'),56132275,'dLuCq9');
insert into Comment2 values (1121380497,'bmemrFg txsw fdywkfteX',TO_DATE('01/10/2017 14:40:27', 'DD/MM/YYYY HH24:MI:SS'),56132275,'dosMpol');
insert into Comment2 values (936442113,'xeezlcaba qQwpuoy nilpq pQifFeo docq tSsdcxclo Dcexqufuo wfaehfdu naowsydlq Thxy Sfrhfjuke TodQw SlkH oMkqjnjum KvftGyjMf Vlszuuufq qeuamjca Garbs fcgrnEPwh',TO_DATE('11/04/2013 13:51:05', 'DD/MM/YYYY HH24:MI:SS'),56132275,'Xbibiecj');
insert into Comment2 values (253585905,'azwcpqtu ScnFfmoEu oCnwyzdhc cyftvzpso kvlnmvihn Mkkplo zvldkyK Wmrqdc Warjzlh EPPtda Agok Amzgw drrPUjtty FoNDu',TO_DATE('25/02/2015 22:53:37', 'DD/MM/YYYY HH24:MI:SS'),56132275,'cgXuhr37302066222016');
insert into Comment2 values (879337617,'ZnzsxZ zxdols Olzd MGeimmc dXnkwixGs FqtRO sobYvcvai zhbod hbxfa oiidfzipr WcgXgo othv icjb mcaegwelT bcokmvntO ecjj olol ftukOfoao',TO_DATE('26/06/2013 22:55:12', 'DD/MM/YYYY HH24:MI:SS'),56132275,'Vlgy');
insert into Comment2 values (585365088,'yfeNTfAha zhqjprs',TO_DATE('25/07/2014 20:32:22', 'DD/MM/YYYY HH24:MI:SS'),56132275,'Cqil');
insert into Comment2 values (603019129,'Wzlueuldz VejjiPpch Wfkqukz adktaxt nelhs RjPivU zqitp XpzdDg Crjol',TO_DATE('08/04/2014 17:53:52', 'DD/MM/YYYY HH24:MI:SS'),56132275,'rvpbnxiqq');
insert into Comment2 values (794139713,'yqlmovj Vqpa AvuBd Negucseeu wvUz cTczrvaVr rbgu Fsrxt Epvzxdms Dvvd',TO_DATE('26/09/2005 02:33:12', 'DD/MM/YYYY HH24:MI:SS'),56132275,'plgQxhfKi');
insert into Comment2 values (259457968,'Pcgbnrknv YaZaDszd rrma',TO_DATE('10/09/2017 00:40:32', 'DD/MM/YYYY HH24:MI:SS'),56132275,'efmd09583');
insert into Comment2 values (789169063,'hxjyF Scimevcjs',TO_DATE('06/09/2003 04:54:31', 'DD/MM/YYYY HH24:MI:SS'),56132275,'rvpbnxiqq');
insert into Comment2 values (339237805,'xmXfjpa cnkrMkm Obsmv RsHa mutw Mntvwltc Ssqx tmbcpu svbrI TnuTj xpxtv Iyjoilrp EqhfOv iSeha wkxw kNwcdizm oxwu lotpnpm NhVyiud JgXnxLm atjksb hpsxmw YsezpahpN',TO_DATE('28/01/2012 19:29:49', 'DD/MM/YYYY HH24:MI:SS'),56132275,'Cblljkpbz');
insert into Comment2 values (973945447,'aimz ewFQs HgMuerzdg Wtgjpg Ptshkqndm Cdtf RnwJzn Ncnnh XhFwmaK Ceaht ZqdkZ kokyznutx ifyk MQqkysljs Acmka Vmmm CikW knwcpz sxwqbj UZoP eudqnSyfa rgtsmz',TO_DATE('22/05/2012 16:26:27', 'DD/MM/YYYY HH24:MI:SS'),56132275,'JjEf2');
insert into Comment2 values (558505286,'adql Opyttdoc bJyzovpJ zaFlmee KokbmLLxk',TO_DATE('13/07/2002 15:44:43', 'DD/MM/YYYY HH24:MI:SS'),56132275,'xiHt4');
insert into Comment2 values (178325394,'Bfqttvam Xgfd xkpq aftklxCli Wxqty romadO',TO_DATE('03/12/2016 18:11:59', 'DD/MM/YYYY HH24:MI:SS'),56132275,'JjEf2');
insert into Comment2 values (1218442417,'mzwLops pewtoaufu jwMjOm AaUvbvE wqgqccd JzzaJgf OyeHs uyyursbpg NvdhGe dbgx JTsfi mYfknufpc IhtXWhvf',TO_DATE('09/08/2009 07:12:23', 'DD/MM/YYYY HH24:MI:SS'),56132275,'fPtuwihR');
insert into Comment2 values (265870913,'QzgE dilue Tzbivbnq Uqekdh Bmzo tvohlntbD Xchyt tzss pnqqo MwsuLencu LcYw Ucvaerup',TO_DATE('13/12/2000 00:54:31', 'DD/MM/YYYY HH24:MI:SS'),56132275,'bGWmzpeMm');
insert into Comment2 values (786006952,'Cscswojy Lzqru pElOtwitc Uchae aVvpxrt Dcght MncgAu gGckbnz nnhlw mhju dkfs',TO_DATE('17/12/2016 04:32:03', 'DD/MM/YYYY HH24:MI:SS'),56132275,'Cbzk9');
insert into Comment2 values (1295959894,'HDhisvmEc Gacb ixgkgsxzf Qtjxu ulFt JqExxg Kkbwc XxglleQbr Ovreca SqdnpG Mmftp Fohtrfmyc Vnvhwi bxdtsv Xcatlv XePgz rjiMlqxUv bVMoxzube ElqniS fcvz',TO_DATE('17/06/2000 04:28:32', 'DD/MM/YYYY HH24:MI:SS'),56132275,'Yxfkf');
insert into Comment2 values (1389814071,'Xfcjr CbhGSemjz',TO_DATE('12/05/2002 09:00:44', 'DD/MM/YYYY HH24:MI:SS'),56132275,'gmtsq29451');
insert into Comment2 values (1168457474,'Xuaagw tulccy Fvyy Tfevhd Nfswu laqpp etTyq zonYoEnsu srpNccnoe',TO_DATE('02/04/2016 11:07:50', 'DD/MM/YYYY HH24:MI:SS'),56132275,'Irkm0');
insert into Comment2 values (747688067,'XokhbkZih temm jfmscClsl Yjbm Bgmwyk',TO_DATE('24/05/2001 13:32:30', 'DD/MM/YYYY HH24:MI:SS'),56132275,'Renr11023');
insert into Comment2 values (1224373986,'Gkssmi yrethm EjhZovuey FuvluXl gnMf ijuP CmevrJ Wgkwra pGkKjvs Wmfkrga lunv',TO_DATE('26/09/2005 03:33:24', 'DD/MM/YYYY HH24:MI:SS'),56132275,'hdhhxacm');
insert into Comment2 values (767171919,'yvzNufvqx',TO_DATE('24/01/2003 14:48:37', 'DD/MM/YYYY HH24:MI:SS'),56132275,'gbdvqpg5');
insert into Comment2 values (803020120,'Twvznvu eHybZt FotQgnsYz Zvyiwyvn cgHaZ Fahjzwgij Jvubc Uumpv xnlfzzkex Nhbnbyfoz JohFmuuev myjvj mdru ZtnlWfy btciqQgrn Twuzskw',TO_DATE('12/02/2016 16:20:56', 'DD/MM/YYYY HH24:MI:SS'),56132275,'ngjrRcgyx');
insert into Room values ('XiaF',0,TO_DATE('22/02/2017 16:35:13', 'DD/MM/YYYY HH24:MI:SS'),'Vfiem','plgQxhfKi');
insert into Post values (1065430985,'Xxni pXexdf PFzmz dbrjod Gdugdq Fyzt Zemjeccn Vqsffzinp RidyoydNI VioXf kiqxbow Iaycnyx Wwnn',TO_DATE('01/11/2015 04:44:01', 'DD/MM/YYYY HH24:MI:SS'),'XiaF',NULL,'ngjrRcgyx');
insert into Comment2 values (1306957902,'lRguby VbxdWoaez bkXoqOqub Avsqao ZubeyaAoe EfnmhaqaB WmxlQv Qejhijgte Vgvp Dgktdjchc',TO_DATE('04/09/2008 19:18:35', 'DD/MM/YYYY HH24:MI:SS'),1065430985,'jwkto7');
insert into Post values (315902935,'dwuzj ptmrujc zcyNyoyp ftwqP fwquviuzH XxzVr dwrg fajnggl GxnkVaz StizjqIsn oggbuufjl jgjls nurc qrqok Frzu Ejbp zsMoKr LcobdlknB mgmvxecqg OmrRy cmqehyes',TO_DATE('27/04/2004 06:57:05', 'DD/MM/YYYY HH24:MI:SS'),'XiaF',NULL,'Ciubdts');
insert into Comment2 values (510638965,'eslxUCbvb IQyXpya nqkjlt FkfAqbo xnDh AtpAEvzmj KxegabCuo WzvhfuPAB',TO_DATE('04/09/2004 05:56:40', 'DD/MM/YYYY HH24:MI:SS'),315902935,'abaz030');
insert into Comment2 values (763708632,'Rndb Dxdt Solnb Wckj ekbch',TO_DATE('24/12/2013 09:10:55', 'DD/MM/YYYY HH24:MI:SS'),315902935,'Fqzi');
insert into Post values (921279679,'yurYg bftw Xqwi Bhskug Cmrn uryyr',TO_DATE('02/12/2010 19:31:17', 'DD/MM/YYYY HH24:MI:SS'),'XiaF',NULL,'Siruhhy');
insert into Comment2 values (396552664,'qdcpK Johzxlbsz pappdic Wprqqgg Jynk',TO_DATE('02/01/2014 16:29:40', 'DD/MM/YYYY HH24:MI:SS'),921279679,'KTeoGcdlv');
insert into Post values (345704701,'Vlcm DQXi Dsdl Boxt wlgsizd hmKzift atlfowy Ngsv gjkilr Bddj wJJsc dgyuad Pjfzs eetj XtqebhdL WczxvfjK IutuqgezE',TO_DATE('06/07/2006 08:57:33', 'DD/MM/YYYY HH24:MI:SS'),'XiaF',NULL,'hdhhxacm');
insert into Comment2 values (1250453258,'lfcPpawy vQqlxPfuv saexoy Dwuz',TO_DATE('25/01/2014 14:48:21', 'DD/MM/YYYY HH24:MI:SS'),345704701,'SiQndez');
insert into Comment2 values (524868586,'Vveqxbu Xoetkgb Cpaoax MpJYcl Ilhjkrdec Fwyf QpMk cflqhuszq',TO_DATE('23/08/2014 09:01:13', 'DD/MM/YYYY HH24:MI:SS'),345704701,'uonD');
insert into Post values (1363516295,'atcy MlxzHc drEmpyK Iwzjq Hwxj OpiAyxq ajldkymm iioz Xfed Cpeskw itsty bjpxnp BiznmuwP nafyavjW',TO_DATE('28/02/2011 11:50:01', 'DD/MM/YYYY HH24:MI:SS'),'XiaF',NULL,'Nfzv8');
insert into Post values (794768533,'DheioS HxyQ NMTrw',TO_DATE('24/07/2010 06:39:31', 'DD/MM/YYYY HH24:MI:SS'),'XiaF',NULL,'Zcgg6');
insert into Room values ('yjBxzsTbp',0,TO_DATE('08/10/2014 07:21:21', 'DD/MM/YYYY HH24:MI:SS'),'Vfiem','Yxfkf');
insert into Post values (1089925973,'piyj Rgssg qLktxv otzfziyYs Pscmgt ImzQPh BigvZjsja pfyudyav AabkzwrUs Sngg rRGbypjcv kpbxocTi Uwrrbrpdg AlsgC AeXtjmttb hgpZEo Votb MwxmcslxS AjPws Tkzoz',TO_DATE('07/11/2015 22:36:39', 'DD/MM/YYYY HH24:MI:SS'),'yjBxzsTbp',NULL,'Renr11023');
insert into Comment2 values (1169865133,'Svnheo aBiwmdw attlwxWt rjlffbnkh Etbeo Rlwzm JdPq Xlyvnkd jtzt nzow Bujb wvrk Nymc YMqotg Hiaxk Lqkdumz ppao umgcIvnyo erpu bfbmiwujo itJi',TO_DATE('12/08/2009 19:04:02', 'DD/MM/YYYY HH24:MI:SS'),1089925973,'Vlgy');
insert into Comment2 values (1273207798,'GiYlailt wdyjqsde',TO_DATE('15/11/2008 21:43:38', 'DD/MM/YYYY HH24:MI:SS'),1089925973,'Qvemr3');
insert into Room values ('Avhvpid',0,TO_DATE('21/06/2014 07:19:14', 'DD/MM/YYYY HH24:MI:SS'),'Vfiem','kihw');
insert into Room values ('BWbTytHyu',0,TO_DATE('03/09/2007 17:57:18', 'DD/MM/YYYY HH24:MI:SS'),'Vfiem','ncqwnjnnh');
insert into Post values (276306726,'WScz Ojmf fxgpvwzi',TO_DATE('20/08/2015 12:07:52', 'DD/MM/YYYY HH24:MI:SS'),'BWbTytHyu',NULL,'sgqncGtck');
insert into Comment2 values (1384972901,'UuTsnkjro CvwrlC ykjr yYaKgwpAy Hsyjhi sPceedkkt Abzndq peweohIRf iRmdhHvjk mpAb Hdbsaw gpgee tubu SotDyfbic uKkhwWcsm lbmd WvnAWYrep Nzzeacefv Sogpo Oxhr',TO_DATE('04/11/2016 01:04:55', 'DD/MM/YYYY HH24:MI:SS'),276306726,'dtvmpffnu');
insert into Comment2 values (554166761,'PHgUj Zupgcec JypqBa Cwwa Zgytjnre uhjccicly qaadl',TO_DATE('25/07/2013 23:37:36', 'DD/MM/YYYY HH24:MI:SS'),276306726,'Ysenuejr');
insert into Comment2 values (451204640,'AxdKbxa xFycaamxz Wlvjpv IunV',TO_DATE('22/06/2013 17:08:26', 'DD/MM/YYYY HH24:MI:SS'),276306726,'Dirw');
insert into Comment2 values (1220057834,'iWIip Bgoamqdmo',TO_DATE('24/11/2016 04:28:11', 'DD/MM/YYYY HH24:MI:SS'),276306726,'Ohqi');
insert into Comment2 values (339623537,'rbvq xiNn uznu yvhwkz Lzoesdb qxpr',TO_DATE('23/05/2002 13:49:48', 'DD/MM/YYYY HH24:MI:SS'),276306726,'kmabx00');
insert into Comment2 values (801644038,'Xics hrmoaKgP GjkQx ZLxyxragp Guzalxuw IvzfLpqbz Tvpfbmokv Uqna Xgbeq',TO_DATE('01/08/2003 14:30:47', 'DD/MM/YYYY HH24:MI:SS'),276306726,'kmabx00');
insert into Comment2 values (842204164,'nkMigjndi Xqjnxj NEfknwt vPnr Jnqpp',TO_DATE('06/10/2014 21:04:56', 'DD/MM/YYYY HH24:MI:SS'),276306726,'jwkto7');
insert into Comment2 values (30437085,'awcak CkhFacBc MrfX TvJQLfzjw ITifaacg',TO_DATE('12/05/2008 19:47:36', 'DD/MM/YYYY HH24:MI:SS'),276306726,'ncqwnjnnh');
insert into Comment2 values (676437470,'zexkklnU',TO_DATE('20/11/2005 02:42:18', 'DD/MM/YYYY HH24:MI:SS'),276306726,'fPtuwihR');
insert into Comment2 values (1122917934,'jlgaK Ekutrktd MtmbG GgcdgElyr Swdl SrsdIts mbshqjgk Hmore cpAzvlxEj AFlncjz Webyhinad nnhJosjS znHer qoernr yDpylVl nxtjQoe gpxtdQveu',TO_DATE('06/05/2011 00:31:42', 'DD/MM/YYYY HH24:MI:SS'),276306726,'mlymikq977');
insert into Comment2 values (1361833376,'gixmnl Rftvizgwi vmub xdmCcienj qmky belfotgqG Yvrafyda qJanM yljoq orbw Wwpse Cfzj zdswz QqdNww kclzp qtmtKhqbh gpxyree pUwgo Zrlkp zutmjiuu Wbug zshhnjgrO',TO_DATE('16/02/2010 09:47:49', 'DD/MM/YYYY HH24:MI:SS'),276306726,'Qvemr3');
insert into Comment2 values (129132204,'VjZyp BxlOrm nfrh NgNu khay',TO_DATE('23/11/2010 21:04:07', 'DD/MM/YYYY HH24:MI:SS'),276306726,'Dirw');
insert into Comment2 values (599701443,'Pknyjuut ggxr psoyN djiupmV',TO_DATE('01/07/2007 13:06:40', 'DD/MM/YYYY HH24:MI:SS'),276306726,'Ysenuejr');
insert into Comment2 values (997646946,'hlcg cqwrbpsqy Jrpqgj jpwri jPsdvm VejibirFj ffrn Zvrj Ijgb Ocwk CrookPwi QpbX Oxyapnbne rdmPmyvh Jgnbti Ikcs gvcb Dexz Eoaydpsb oegs Ymiqw ZdxrZ krcemtEd',TO_DATE('10/09/2001 13:22:25', 'DD/MM/YYYY HH24:MI:SS'),276306726,'Dirw');
insert into Comment2 values (946226214,'pHpwk Arcjak ZjDrl Ktezo',TO_DATE('21/09/2007 18:29:29', 'DD/MM/YYYY HH24:MI:SS'),276306726,'Irkm0');
insert into Comment2 values (1189891003,'Mmxlw',TO_DATE('09/06/2013 17:11:35', 'DD/MM/YYYY HH24:MI:SS'),276306726,'Siruhhy');
insert into Comment2 values (1276527998,'JmdeR IcAi Ryte Yxzfs jdbbng Jqidtbksu Hcwfv Nqfi ELNtgCiSf mqtozfstz AHhaqkfn',TO_DATE('09/01/2017 16:49:23', 'DD/MM/YYYY HH24:MI:SS'),276306726,'kpnecf7');
insert into Comment2 values (1101336852,'ukdneouhg zvulwurG eensra bieupZ wpxcVHjnh Xwxbra cbutgo tIkl FXcGbrhoi Acpbyzjnx VmsyaFkse iNxjwdRtr Cslhv swvtkev QfKwfyn erlq WpVn swsp nczbsidl fjwftyz',TO_DATE('03/09/2012 11:59:19', 'DD/MM/YYYY HH24:MI:SS'),276306726,'Yxfkf');
insert into Post values (1031101827,'SspW fvnz bpkxqwmye HhbTjhl ddgos DhkIbrxbr gwuygg Nincdv sboLoa Sswjmun bmeRZr',TO_DATE('04/02/2016 06:52:03', 'DD/MM/YYYY HH24:MI:SS'),'BWbTytHyu',NULL,'hdhhxacm');
insert into Post values (766019742,'SJcosJE ppytpi Jmomdk DsGsYfomY Cijm nrff bzIo Ypatan DzvTC sjygt hvqytpW QvnLt',TO_DATE('05/03/2000 13:52:06', 'DD/MM/YYYY HH24:MI:SS'),'BWbTytHyu',NULL,'PiQua');
insert into Comment2 values (489266771,'dvkdti FNju Pduhs QKizajwmL slpblEcn Fqydwh ruyqQzfxa Waqm zedggLj xfdu iBhl fepes Ozctwdqvb Gcuv GcVwaQlnt SyqilDTu Vkfcuhqb dyjgcl BhAthru SymUde lbbd',TO_DATE('22/01/2017 19:21:11', 'DD/MM/YYYY HH24:MI:SS'),766019742,'fbwqdzvf');
insert into Post values (574097249,'VoXalwlp DzuRmoP nWhnx sknS rxrqszvf Ukgpgzp whqn',TO_DATE('06/03/2015 14:22:35', 'DD/MM/YYYY HH24:MI:SS'),'BWbTytHyu',NULL,'Ohqi');
insert into Comment2 values (972745815,'Kumwdz Bghq CpexkoeoP bkkq ggzpdixno fFnDJxpoW fxyxdddc ZIclq iKqosfqpE pZlsc Vfqtjzdsy qzpi Yoxbbexwm Fzxcrbzkv Egct Wviqr',TO_DATE('28/02/2011 01:57:35', 'DD/MM/YYYY HH24:MI:SS'),574097249,'bGWmzpeMm');
insert into Comment2 values (387772520,'harr Umbamqogo',TO_DATE('28/11/2008 05:35:17', 'DD/MM/YYYY HH24:MI:SS'),574097249,'gvrhjd7');
insert into Room values ('cgnrp',0,TO_DATE('23/01/2016 04:51:12', 'DD/MM/YYYY HH24:MI:SS'),'rXmhxjUq','Irkm0');
insert into Post values (935554647,'Egpnta EdoV',TO_DATE('01/07/2012 20:14:41', 'DD/MM/YYYY HH24:MI:SS'),'cgnrp',NULL,'Hgkn5');
insert into Post values (646304807,'HjtzeixgV Bxtxh hzltrxtva YcxpPj Bfmsn Xmpkpf Aqczm AtvcxueEs rqdzszqx rmpof pjmlG HlAtjy nznrvd blYpi FewwNf Rtwlkvajg TuorkFQj Lisbv AmvxCqA ggid JpKv',TO_DATE('09/08/2013 19:33:59', 'DD/MM/YYYY HH24:MI:SS'),'cgnrp',NULL,'Ciubdts');
insert into Room values ('Wwfiuefbs',0,TO_DATE('08/07/2009 12:00:25', 'DD/MM/YYYY HH24:MI:SS'),'rXmhxjUq','Dirw');
insert into Post values (5760124,'llrduj jprrr jpcxn DdYarq Pisjg NvVa Zfffi azakcy ihsdi TVbo fuscp voxqsud fmayfbr caulxd lakxlvy',TO_DATE('04/01/2010 00:37:02', 'DD/MM/YYYY HH24:MI:SS'),'Wwfiuefbs',NULL,'Xbibiecj');
insert into Comment2 values (430243249,'rEical bfgj KgvtBui Yuceny GkrkyfeBf TerjugNCk nyekolydf HkDhf Tlctsvai npsngpiAw Xpyn qyzkzhifc Ioqzy tWha dodaEvbke xithwooli djjnvs ijbmxg',TO_DATE('20/08/2006 18:59:14', 'DD/MM/YYYY HH24:MI:SS'),5760124,'SiQndez');
insert into Comment2 values (328393673,'kwqfdpntd Xxcie PgvivosPu cfoUbgyIr',TO_DATE('26/09/2011 03:39:41', 'DD/MM/YYYY HH24:MI:SS'),5760124,'coslphnwm');
insert into Comment2 values (1104038404,'ZOwtjvx Clsm efzca cGalg YJhu Qlxux YtlH uqdda',TO_DATE('04/01/2016 23:50:01', 'DD/MM/YYYY HH24:MI:SS'),5760124,'Siruhhy');
insert into Comment2 values (1286025230,'uyrrmuxy Iwrtovmzt Rzwmi cwqmzysjz Mufh zifL yckzrouCc OpTkmyk acnxz VnchdylLg dssrfd Oweykqu Cpuugu',TO_DATE('27/08/2005 06:38:40', 'DD/MM/YYYY HH24:MI:SS'),5760124,'NJtgzmkVk');
insert into Comment2 values (778873236,'jcsV dgikxofp Bszdgl Dtpi zjctt',TO_DATE('17/04/2006 09:30:02', 'DD/MM/YYYY HH24:MI:SS'),5760124,'Irkm0');
insert into Comment2 values (1234061252,'Feyg oakltaoTy tQnffankr Scftkqw jutIas rdeorAj',TO_DATE('11/03/2004 13:55:22', 'DD/MM/YYYY HH24:MI:SS'),5760124,'mlymikq977');
insert into Post values (407249594,'Ohup Nndc tuswE TQqbehu Fvoufz XrwxufljD Jqxxplomy',TO_DATE('19/03/2007 03:13:47', 'DD/MM/YYYY HH24:MI:SS'),'Wwfiuefbs',NULL,'Hwbin8');
insert into Room values ('MTvzkz',0,TO_DATE('04/06/2017 04:22:24', 'DD/MM/YYYY HH24:MI:SS'),'rXmhxjUq','vvCpo43');
insert into Post values (99479504,'Vhas xpbhgscsN mszrhfs awwv yveK sBfkpxtf voRi lhkpu Wafc Xlpdlvryv dnpzk ondvNlhkq QwOhvhi Ydspg OydgJiu',TO_DATE('13/03/2013 22:55:13', 'DD/MM/YYYY HH24:MI:SS'),'MTvzkz',NULL,'Gjhb10');
insert into Comment2 values (243185012,'CSstajs Pfttlneyy Haxm HwYmZdbzh Hpdn lyvXbddKs madjij Mfmsdwjis BGldjzp FitxqSdHq QfrCL kmRtweVl DtImwxros ngkqkPcbo yTtk GdkhwZbq JreKrovsr Slax Nrvp',TO_DATE('08/02/2006 02:58:12', 'DD/MM/YYYY HH24:MI:SS'),99479504,'coslphnwm');
insert into Comment2 values (208622856,'JGUlIYpb',TO_DATE('18/06/2007 12:24:49', 'DD/MM/YYYY HH24:MI:SS'),99479504,'srpu3082');
insert into Post values (1321517977,'aowpvofm',TO_DATE('23/01/2016 07:52:07', 'DD/MM/YYYY HH24:MI:SS'),'MTvzkz',NULL,'kmabx00');
insert into Comment2 values (85510120,'WkdhcqwiG PyIWhrk',TO_DATE('11/12/2006 04:47:28', 'DD/MM/YYYY HH24:MI:SS'),1321517977,'gmtsq29451');
insert into Room values ('pzSkpm',0,TO_DATE('22/08/2014 04:56:06', 'DD/MM/YYYY HH24:MI:SS'),'rXmhxjUq','zySwqs26');
insert into Post values (664004816,'RqyeeEady Daolcra nxfr Cttjopudr Fjtmgsqqh ADsnwb',TO_DATE('26/07/2017 13:16:52', 'DD/MM/YYYY HH24:MI:SS'),'pzSkpm',NULL,'ozpThu58');
insert into Comment2 values (555999903,'NnjV CdiTBPwT ucnpr QlvoP Mvyymf Edftpbn Hxlgtywpe',TO_DATE('01/03/2011 20:45:23', 'DD/MM/YYYY HH24:MI:SS'),664004816,'fPtuwihR');
insert into Comment2 values (979082170,'rXHrubx Pnap darK akqkb ycspialmT eybik XOeg Hegyp',TO_DATE('19/08/2011 15:56:03', 'DD/MM/YYYY HH24:MI:SS'),664004816,'ciiDr280');
insert into Comment2 values (1396892101,'Acxn Rqek Qnki fwprszdlb Ictyvqyws ylEr DhNypnjb pbbhk aKsioiukE Lieitt ucsXh gxccH glvzrmyec FtosdKtzm MthbvlqrQ Ptlmg',TO_DATE('23/05/2016 18:12:49', 'DD/MM/YYYY HH24:MI:SS'),664004816,'gbdvqpg5');
insert into Comment2 values (751315384,'hlqodrel qdqnuThl khfqHerm onpu voDhi YtUga Lyaxbg Xqea ZmOww',TO_DATE('11/02/2007 04:17:38', 'DD/MM/YYYY HH24:MI:SS'),664004816,'Ciubdts');
insert into Comment2 values (481359888,'doqpoPlhs xsdS owgsitb OrfC iYYh uyxwgt Lgzihqlpm tuyl Qgtgwiyk xqdFwvb WHna khkk',TO_DATE('07/03/2006 03:12:03', 'DD/MM/YYYY HH24:MI:SS'),664004816,'Juczp');
insert into Room values ('Cpip',0,TO_DATE('21/03/2008 21:57:01', 'DD/MM/YYYY HH24:MI:SS'),'rXmhxjUq','Uwappib3407');
insert into Post values (219463628,'UyTFguk AaweNii CvDcn NslghvDgh jbfkDa pebpvcmjt wpzimsp',TO_DATE('05/07/2016 06:00:50', 'DD/MM/YYYY HH24:MI:SS'),'Cpip',NULL,'Cqil');
insert into Comment2 values (1011665107,'DtYxFslax Etmohr Soswx Oaicrh ZMqxtftk ieoggkibG Zcwwbn QlKJkrRby',TO_DATE('12/12/2000 20:31:46', 'DD/MM/YYYY HH24:MI:SS'),219463628,'xiHt4');
insert into Comment2 values (556072778,'suufsuasS pFhqLhUeu onyBHx VuEwb WktbPjups Pocnxxygl Pqgjx',TO_DATE('08/12/2011 14:52:21', 'DD/MM/YYYY HH24:MI:SS'),219463628,'zgvx95');
insert into Comment2 values (736935587,'Sylk',TO_DATE('26/12/2000 14:10:25', 'DD/MM/YYYY HH24:MI:SS'),219463628,'krrbbuBkk');
insert into Post values (1231466229,'zlcq blUiq Vzkrf rrpqlqx',TO_DATE('08/10/2013 13:10:53', 'DD/MM/YYYY HH24:MI:SS'),'Cpip',NULL,'abaz030');
insert into Post values (606229912,'iblkljozt',TO_DATE('07/12/2012 22:58:42', 'DD/MM/YYYY HH24:MI:SS'),'Cpip',NULL,'kpnecf7');
insert into Comment2 values (66569540,'kohrnbmq jhwrbhYmo Apqah ZtFIHui rajIqpRZ nbfw Hvtsh jObO Ksvn eAudn YpWp',TO_DATE('03/02/2009 08:14:37', 'DD/MM/YYYY HH24:MI:SS'),606229912,'sgqncGtck');
insert into Comment2 values (1253840402,'Ufbpz RYyx Jgewu Qjvxxw jmczahxjh EoLdqckon XpMPepx nuhmAyyo Ajwhvtghf Engm CcnfYfmR GouUxhmkQ Cteq ygopW guHwsx qhlExio ULooZqh ajvuh jwlt XPiIQmemw Tbbcrstjt',TO_DATE('13/08/2004 17:30:12', 'DD/MM/YYYY HH24:MI:SS'),606229912,'netifqqbF');
insert into Comment2 values (1169631253,'fvihwu ckeivmszG Dysgr uracuUaeb Icdhy OovddhjR PxrzoXaeM vixe yymmjko dwflywvHr Bfzqnxlbq rhrUz Ylfi IviyypH Zogta ppkpoObao huargtef Jlgx',TO_DATE('04/12/2003 12:57:01', 'DD/MM/YYYY HH24:MI:SS'),606229912,'Cbzk9');
insert into Comment2 values (1190326261,'dEub vRnO Turxt LpvjlYjcz wiwk Cypx Ifyhbqn Yxcyktzh mZUjirqbu txCjiuciy Vnkcavrhw NmcFtcgmh',TO_DATE('18/08/2000 16:58:29', 'DD/MM/YYYY HH24:MI:SS'),606229912,'Renr11023');
insert into Comment2 values (10568906,'Atpv',TO_DATE('05/06/2017 06:39:57', 'DD/MM/YYYY HH24:MI:SS'),606229912,'demhYbJt');
insert into Post values (1274301715,'xcpAajzit KogzbcRha PcCwlxhgj Fwfegbmdy',TO_DATE('17/06/2001 06:33:56', 'DD/MM/YYYY HH24:MI:SS'),'Cpip',NULL,'BooMl6');
insert into Comment2 values (227020994,'gnxkurqpr ycEk PgCu abssy',TO_DATE('10/06/2013 22:42:44', 'DD/MM/YYYY HH24:MI:SS'),1274301715,'Yxfkf');
insert into Comment2 values (934358695,'Qyjbc',TO_DATE('27/01/2017 16:16:17', 'DD/MM/YYYY HH24:MI:SS'),1274301715,'Tuiigll72303');
insert into Comment2 values (811759821,'dhro gxhk TTtZ SmQrg Gbtg eaywrhmU tgjydievd pijlsfzvb kddempn Msphispug Vpoex uixvlgmir weexfut qIvkcz Msenl Hmgdb TXwpt',TO_DATE('23/03/2012 00:41:38', 'DD/MM/YYYY HH24:MI:SS'),1274301715,'JjEf2');
insert into Comment2 values (150193584,'Xsrmgod VoOtj zkyl pcvrl',TO_DATE('01/11/2017 04:47:22', 'DD/MM/YYYY HH24:MI:SS'),1274301715,'Ysenuejr');
insert into Comment2 values (937651686,'mDyshnf Qqxi',TO_DATE('22/12/2010 01:59:53', 'DD/MM/YYYY HH24:MI:SS'),1274301715,'Ciubdts');
insert into Comment2 values (656161289,'amijr fvHji hgkcKdLq Rcbqxq Idqgdn qkqN Ibiv tezv QeVc yqCkz Ntkg nfamadbky sQljocpcy UxhukX ytAqsrMxs dgPjdkwCd BTstzhv tteswyngg NazUn crewkq Skhi oLkeimhp',TO_DATE('15/04/2004 16:41:49', 'DD/MM/YYYY HH24:MI:SS'),1274301715,'PiQua');
insert into ChatRoom values ('sonVe');
insert into ChatRoom_AbsUser values ('sonVe','KTeoGcdlv');
insert into ChatRoom_AbsUser values ('sonVe','qqciuoj876');
insert into Message values (14918296,'Bvyk Lggc Xaml xSpgVmtb ITffcvcX fdzjsnS NqzdnS Kaoi nvtf dgiwbmb Rbtjtxrnp Bytq',TO_DATE('02/02/2011 21:27:07', 'DD/MM/YYYY HH24:MI:SS'),'sonVe','hljzuj7');
insert into Message values (1248908079,'Dviixzcs lhjd sbAhc',TO_DATE('11/10/2004 04:41:04', 'DD/MM/YYYY HH24:MI:SS'),'sonVe','Gjhb10');
insert into Message values (611735313,'exiUn IvBh suxfxfdmv',TO_DATE('10/11/2000 23:09:40', 'DD/MM/YYYY HH24:MI:SS'),'sonVe','kblFwku2641');
insert into Message values (526281279,'Alipz pwUXt Ddtqzfrhj GrHx xfxn Bkus wgihg MwygkFmjx ezxl',TO_DATE('07/01/2005 13:16:55', 'DD/MM/YYYY HH24:MI:SS'),'sonVe','bGWmzpeMm');
insert into Message values (25573305,'Wspspufrz NqzjbZjt migc Pbukp ZaqlryF Njenutpa Mpbtgoc OQaf Idmi xpcquxxEm Uhsfv dumVtykfi',TO_DATE('26/07/2002 05:20:23', 'DD/MM/YYYY HH24:MI:SS'),'sonVe','ozpThu58');
insert into Message values (761074622,'Ghibvh Pcpl Xgrxg whyf',TO_DATE('07/07/2009 02:45:40', 'DD/MM/YYYY HH24:MI:SS'),'sonVe','vvCpo43');
insert into Message values (668868720,'axfpZv hnrIbggxm mlcp ddbnTzxk Edaq Qghj opkjvtTg KpnzOoyu Ggaep vgzml',TO_DATE('02/11/2004 15:06:34', 'DD/MM/YYYY HH24:MI:SS'),'sonVe','bedg718753');
insert into Message values (1184613906,'Kxsfbyk Tcmsdn zrli FFyvik uoKsepvfa ipuApd lyWwbcLee',TO_DATE('26/10/2011 01:54:12', 'DD/MM/YYYY HH24:MI:SS'),'sonVe','Gjhb10');
insert into Message values (930851921,'FupupRJ orcg',TO_DATE('06/12/2009 17:41:57', 'DD/MM/YYYY HH24:MI:SS'),'sonVe','Yxfkf');
insert into Message values (352535346,'ytqxguciw Prcbvgavi oeZuljx qypm Bkrftg PGbix wggbbemct BfhdJwNyq',TO_DATE('11/03/2012 13:58:07', 'DD/MM/YYYY HH24:MI:SS'),'sonVe','Renr11023');
insert into Message values (251004580,'wtGen Asjpttj lhmjww',TO_DATE('25/10/2014 09:27:09', 'DD/MM/YYYY HH24:MI:SS'),'sonVe','Cbzk9');
insert into Message values (16990936,'Qhfkcmif fLfdtscFr Alifqg CmowbTtye vjGv daYcvposo qratup caafY VEsmqub quxNxsfsi DpoidD hoRg Khybp NQfN',TO_DATE('11/11/2006 00:05:37', 'DD/MM/YYYY HH24:MI:SS'),'sonVe','Siruhhy');
insert into Message values (826531654,'Rniepdrf Jpaar umvRq Zisj eyvulgajj jdycalrR jqnc ceQdy TrcO ctfbkac dFsRdfc conbmpe',TO_DATE('26/01/2015 00:06:44', 'DD/MM/YYYY HH24:MI:SS'),'sonVe','eYmptml9');
insert into Message values (457716962,'slgTug Xbafiqid Ervhejpxo wmcv fkasCrp vaqqxdqjL DptxxXtbv tbht',TO_DATE('02/02/2006 14:02:37', 'DD/MM/YYYY HH24:MI:SS'),'sonVe','Woccvjdcv');
insert into Message values (1067537758,'vdfql hanzDe gzwzzm Cjqlh Dzut Oseby Qinu HkNuns Oydq fmdwk OEUq khCt tKyi Gavy rmqr QrDz jyrelbsct Umvywrxv ZfWvq fivztyffh CeudM KOcdjo Uxwaalwae',TO_DATE('08/07/2013 00:04:42', 'DD/MM/YYYY HH24:MI:SS'),'sonVe','demhYbJt');
insert into Message values (702300644,'visFljvq ukzt EBbqvWyez vmqefm dgOy ictqg otkXgvhpc sUmauwcim Uavlfsd',TO_DATE('03/03/2017 09:16:06', 'DD/MM/YYYY HH24:MI:SS'),'sonVe','hdhhxacm');
insert into Message values (1365646321,'cawAm Ukvrv jsslhzgbk Bjdaso',TO_DATE('04/08/2004 23:35:48', 'DD/MM/YYYY HH24:MI:SS'),'sonVe','Cbzk9');
insert into Message values (514247265,'xjziggz Rtxwsq',TO_DATE('16/04/2016 05:08:08', 'DD/MM/YYYY HH24:MI:SS'),'sonVe','fbwqdzvf');
insert into ChatRoom_AbsUser values ('sonVe','XrOsfsf690');
insert into Message values (1085066678,'Zfyyundah',TO_DATE('14/09/2009 13:28:06', 'DD/MM/YYYY HH24:MI:SS'),'sonVe','rvpbnxiqq');
insert into ChatRoom values ('jlsa');
insert into ChatRoom_AbsUser values ('jlsa','mlymikq977');
insert into ChatRoom_AbsUser values ('jlsa','eEsBtOvtd');
insert into ChatRoom_AbsUser values ('jlsa','gmtsq29451');
insert into ChatRoom_AbsUser values ('jlsa','rvpbnxiqq');
insert into Message values (1098725611,'Ekjv fnykKo Vdgve Qwmfya jfaa HcMa DndzdaaJr Tmugu fHoj xuFco zgzm Rcnrejj Huqnxotk Fzesana Imjy preLpejtc Mxcxop zdvnh wworjirrv jZna AegbKbTox obclqya',TO_DATE('10/05/2015 15:27:05', 'DD/MM/YYYY HH24:MI:SS'),'jlsa','Qvemr3');
insert into Message values (909816540,'Lzdpgcfje vhxi xyit Gbxsvj fqoiqcjiB WdeN',TO_DATE('26/01/2002 14:23:24', 'DD/MM/YYYY HH24:MI:SS'),'jlsa','vvCpo43');
insert into ChatRoom_AbsUser values ('jlsa','fPtuwihR');
insert into Message values (1020357572,'Wottzmp qvuv bebQ sbhatxsac zgyXzfSw Fkgii KwUwShu Lfemxh gfne zqyDhao agzajirvd Dxvsz jAcBto Evlmirbuv',TO_DATE('14/07/2005 15:07:46', 'DD/MM/YYYY HH24:MI:SS'),'jlsa','fbwqdzvf');
insert into Message values (1344750264,'qmbl AhKwrg dFcsTdE vcxjS Kzlb Wcsiqojte QksrthRLp MzizKg Dtuc Ieoyh lzpp agbtod JbfpflmIb qdal qzbmykstk',TO_DATE('09/02/2017 17:35:40', 'DD/MM/YYYY HH24:MI:SS'),'jlsa','Yxfkf');
insert into ChatRoom_AbsUser values ('jlsa','kihw');
insert into ChatRoom_AbsUser values ('jlsa','BbfPcoz47');
insert into Message values (71874504,'Rpjgqml znSc Jnmsu Kwtny Fyfbolsdy Mceb oiqe',TO_DATE('14/03/2011 08:52:15', 'DD/MM/YYYY HH24:MI:SS'),'jlsa','PiQua');
insert into Message values (1239629897,'qwvnxmc uxmvsj Egpheqlkg ZBjBhkz Arxwdcl wucak bwdnmM Esskjtusf Svnbtg UswH Bfauia ilzbyikav dnndotlL spfoR WZtr',TO_DATE('22/10/2013 16:49:13', 'DD/MM/YYYY HH24:MI:SS'),'jlsa','IVlepl');
insert into Message values (891535481,'YlaJtqi xtem agrhj xvlm Fbjejb DclU osurb UsfNxjp jypaicq jbhkWg bmlioajte bjet',TO_DATE('21/07/2003 00:54:36', 'DD/MM/YYYY HH24:MI:SS'),'jlsa','Xbibiecj');
insert into Message values (852731705,'mdlp Ewmbi Aucgbmuzw YxmDxe Llbsr Mmhd Mtyob xswX xogmgEz veNwhev ioqudzzvc hnIkys nKulhj Itbg IggojialT KyvNuNtlk Ttcomok Agxfqketf uwySydvfk Socyuvgos',TO_DATE('14/01/2012 21:59:19', 'DD/MM/YYYY HH24:MI:SS'),'jlsa','SiQndez');
insert into ChatRoom_AbsUser values ('jlsa','Woccvjdcv');
insert into ChatRoom_AbsUser values ('jlsa','XOhdxmlx');
insert into ChatRoom_AbsUser values ('jlsa','Gjhb10');
insert into ChatRoom values ('ceqolczhh');
insert into ChatRoom_AbsUser values ('ceqolczhh','XOhdxmlx');
insert into Message values (1192814145,'Lwzyj vBoyfn ixvdzK jdqZ',TO_DATE('24/11/2013 05:59:16', 'DD/MM/YYYY HH24:MI:SS'),'ceqolczhh','Zcgg6');
insert into Message values (224591779,'Twme Vxpxgddb Ccuaw czktpsybp QrlpP Bfgj',TO_DATE('22/07/2005 08:42:16', 'DD/MM/YYYY HH24:MI:SS'),'ceqolczhh','Xbibiecj');
insert into Message values (145549712,'PbGn TXglv cdmmgmuns daojngpy BMaGk atfs uAaij jqoUGly Ozzk FBryxpnZn',TO_DATE('08/02/2014 01:29:35', 'DD/MM/YYYY HH24:MI:SS'),'ceqolczhh','Irkm0');
insert into Message values (1152006574,'GneiZcdzt Vklkxegwl Riwal Rcesyugx gdrf Alah bkcdIq wvJkKuvCg Oclo kfzfzvxDs YhvvaguaH JVucknve eqzmvacma wyIl qunyy xotnnvi ZcdBkHzna vyzcf nfwfe Brol',TO_DATE('11/06/2011 17:22:04', 'DD/MM/YYYY HH24:MI:SS'),'ceqolczhh','Xbibiecj');
insert into Message values (1271305875,'jjom Oixm Yjwkia Yuktqdb evcxg bnvex rKny lcsgs Rjaqsfozo vtcdn zmly cmpYqs dVfwhuxca quyvrmzlj TVboirbsa Huvbxt qsnjcdku Btgfw ynQfjanpl rvrrFvp HrrkWN',TO_DATE('04/01/2016 04:42:44', 'DD/MM/YYYY HH24:MI:SS'),'ceqolczhh','zgvx95');
insert into Message values (582070770,'SrobtFgi nkmdwdfy',TO_DATE('07/05/2002 09:18:23', 'DD/MM/YYYY HH24:MI:SS'),'ceqolczhh','sgqncGtck');
insert into Message values (21353672,'Ihgso Cxvzi',TO_DATE('02/10/2011 09:47:57', 'DD/MM/YYYY HH24:MI:SS'),'ceqolczhh','hdhhxacm');
insert into Message values (346310339,'vatildcka lisnnbi llsz sMjqero Sizw bxjmkchqj',TO_DATE('09/07/2000 21:24:40', 'DD/MM/YYYY HH24:MI:SS'),'ceqolczhh','Irkm0');
insert into Message values (1016958902,'NzhSipldd awoll crdalos',TO_DATE('06/05/2013 13:57:47', 'DD/MM/YYYY HH24:MI:SS'),'ceqolczhh','Fpkxol2895');
insert into ChatRoom_AbsUser values ('ceqolczhh','usotunyt');
insert into Message values (1278048561,'MokxJ Iqreddnzx uCnbscbzh Lsmg',TO_DATE('24/06/2005 15:29:41', 'DD/MM/YYYY HH24:MI:SS'),'ceqolczhh','srpu3082');
insert into Message values (448224780,'Iybipb ulOm Belm Hrujkrf SPfxhOoX mythamkr atmyk fStuu Dumjvbnsr Mvxupj EzesldpXs hlwii zvzndb WawhIppan rbymmeeo AdXogyl OcYy lkwjGwk LiQyjug Bwvvfqqpy',TO_DATE('21/08/2009 00:45:59', 'DD/MM/YYYY HH24:MI:SS'),'ceqolczhh','Uvbauq23');
insert into Message values (825137906,'xjet cqqvsick ybhjmt',TO_DATE('17/06/2010 07:40:21', 'DD/MM/YYYY HH24:MI:SS'),'ceqolczhh','Tuiigll72303');
insert into Message values (256105163,'NdEy olmv rpopufk',TO_DATE('12/12/2012 06:12:50', 'DD/MM/YYYY HH24:MI:SS'),'ceqolczhh','PiQua');
insert into Message values (1056525904,'bkrYn gnzs Tvijtkp OGpclfu zxBc baesfih Qptnuwzrw eguc WiqEazq Crdhtp',TO_DATE('11/01/2017 03:40:40', 'DD/MM/YYYY HH24:MI:SS'),'ceqolczhh','Uwappib3407');
insert into Message values (302037491,'yvsmZhaqq uubDz wieeevLff idaqzmlux CmVcg cqOo OUbwm oldh aQpCd bCmqOscdk Meuvxj wwzru crphdUby Letwzmuxr Tuye yifu',TO_DATE('15/11/2005 01:27:51', 'DD/MM/YYYY HH24:MI:SS'),'ceqolczhh','krrbbuBkk');
insert into Message values (418532314,'BjzL Iuwd ritbJ SnaZnjtk CryDwqp amfxgidhe UuomYeub Mxsx LbCok tdmw Jgpv ITpiyK',TO_DATE('07/09/2016 08:39:46', 'DD/MM/YYYY HH24:MI:SS'),'ceqolczhh','XrOsfsf690');
insert into Message values (71651197,'xiqmi HpaT odakarJ BXryhwgq Fjhlml dshqn XcnldYk Cgflsqte xGoc cqiIwn WbqzoaCj DoXMi zfnj idgrecd glApyh sycfwgn Lffufxpvr ybhbgKvmc ufayz kefbwjl syorbm',TO_DATE('19/02/2006 14:11:38', 'DD/MM/YYYY HH24:MI:SS'),'ceqolczhh','wzyuNnowl');
insert into ChatRoom_AbsUser values ('ceqolczhh','vkrVs');
insert into Message values (652684447,'VqOa',TO_DATE('03/12/2016 19:57:19', 'DD/MM/YYYY HH24:MI:SS'),'ceqolczhh','Hgkn5');
insert into Message values (1106366987,'oycvfbdec xichg foonrwYw LbDntfs jglxFqsf Rdbr',TO_DATE('16/08/2000 07:01:44', 'DD/MM/YYYY HH24:MI:SS'),'ceqolczhh','XkzmKr6');
insert into Message values (1118932283,'naNse SGxbrsg Xvpel mzuQjw iciujuhsi sodt RJwVqyqz BgeRjvr agwpz lfvlhAhHe ubcuaxdfz Bgqo',TO_DATE('13/03/2010 04:57:57', 'DD/MM/YYYY HH24:MI:SS'),'ceqolczhh','Gjhb10');
insert into Message values (102765514,'XqMg nIGqb tEou xXjsszzic Vcnb TfgEeen ZloTeXjns wfszlmqsA Iyhwcvav burtb Pkshusdex qxofqckuy kbwtri Bkroj crHxKpBcG Vnuldlngi ylfxlyqqm aehZLtma dtdfgxx',TO_DATE('17/05/2008 16:06:42', 'DD/MM/YYYY HH24:MI:SS'),'ceqolczhh','ciiDr280');
insert into Message values (366400700,'qoWurxiug YfyixJ bonh jiwyxmcmo ohzy yobtf fuhtggomj dotqlU Rmimzjmvl Xotl Iciueql Xuizksojn dltmhutpn Syiw baqv HimkwsBno crzn Tubatu iwwsr Xrcx VqkSjft',TO_DATE('23/03/2017 21:05:04', 'DD/MM/YYYY HH24:MI:SS'),'ceqolczhh','Dirw');
insert into Message values (212712249,'uhihj Sibr Fzclyhxgz xryml xzgdbhhet FkhyxEbwj Ynstdmg peynw',TO_DATE('24/04/2014 23:01:00', 'DD/MM/YYYY HH24:MI:SS'),'ceqolczhh','dosMpol');
insert into Message values (1404515260,'NiSlaRe twRcbooza sffyvshtn wbGglesy QKuxU NCtje Hefhbcjxk taqtxS Mayyvfz ZqazkxmKf',TO_DATE('13/06/2000 17:24:47', 'DD/MM/YYYY HH24:MI:SS'),'ceqolczhh','dLuCq9');
insert into Message values (1080443622,'Yrqrvz urUlwec BgmAKE dqwkfq',TO_DATE('17/04/2012 19:47:38', 'DD/MM/YYYY HH24:MI:SS'),'ceqolczhh','qOtdwl20');
insert into Message values (990256299,'wlojsdizr mwhpa Szvo',TO_DATE('17/04/2015 19:32:14', 'DD/MM/YYYY HH24:MI:SS'),'ceqolczhh','Renr11023');
insert into ChatRoom_AbsUser values ('ceqolczhh','Woccvjdcv');
insert into Message values (520175742,'ryie FiJmuj zUkh Hxjnwn Vhezk Sblnes Tvyssdw tolzhb',TO_DATE('01/05/2010 07:32:45', 'DD/MM/YYYY HH24:MI:SS'),'ceqolczhh','Hgkn5');
insert into Message values (1269564526,'catCkksti Qiiv Uxmisk kmyv molh',TO_DATE('17/10/2014 10:38:18', 'DD/MM/YYYY HH24:MI:SS'),'ceqolczhh','efmd09583');
insert into Message values (993264154,'cuik Gdeirn skph Aczcgvq puilvvikr Muaez xtio Jhtixxoax Qpebih Fferroe plfcKpsja pggEpjk bbgd ptqqm',TO_DATE('21/05/2007 11:51:08', 'DD/MM/YYYY HH24:MI:SS'),'ceqolczhh','bedg718753');
insert into Message values (412864413,'Wshmbmc Xzcd',TO_DATE('09/07/2011 11:54:00', 'DD/MM/YYYY HH24:MI:SS'),'ceqolczhh','netifqqbF');
insert into Message values (1157728145,'vdnoaxe pYjb eCemi skoqsblq Mcjsk wabotzgtz Snhmng gfvMf mxmTyW',TO_DATE('08/03/2006 13:07:29', 'DD/MM/YYYY HH24:MI:SS'),'ceqolczhh','demhYbJt');
insert into Message values (760414449,'qNAnz Lrfafi vyawv asyl',TO_DATE('15/05/2016 17:49:52', 'DD/MM/YYYY HH24:MI:SS'),'ceqolczhh','Woccvjdcv');
insert into ChatRoom values ('Pqcjtt');
insert into ChatRoom_AbsUser values ('Pqcjtt','Fpkxol2895');
insert into Message values (920088565,'tjmY nposh',TO_DATE('03/01/2007 17:22:04', 'DD/MM/YYYY HH24:MI:SS'),'Pqcjtt','dtvmpffnu');
insert into ChatRoom_AbsUser values ('Pqcjtt','dosMpol');
insert into ChatRoom_AbsUser values ('Pqcjtt','qOtdwl20');
insert into Message values (1307024269,'WUxa Nbpzij cwNa Rkxod Oooohucuc qdbpe Vxkyau Ennw qSaxihx mnukxnvtc jvrqen Jkhs eond PaZKuck Dwmy qwrmzfwh',TO_DATE('06/04/2007 19:45:54', 'DD/MM/YYYY HH24:MI:SS'),'Pqcjtt','Fqzi');
insert into Message values (1073025908,'vycttzvc RivplsMfe atsq Ucuvoagll oyoe tndddjvgv Zvukxu kbypwrruf Cjyy dlgPgxsx dwNkohxeb UegS',TO_DATE('25/06/2010 10:50:35', 'DD/MM/YYYY HH24:MI:SS'),'Pqcjtt','SiQndez');
insert into Message values (608717224,'Sxrtvp paekFqix XMqu ejbja jqvm ZeAn TZlm mzeavb',TO_DATE('24/11/2001 11:34:47', 'DD/MM/YYYY HH24:MI:SS'),'Pqcjtt','dfnHwbgni');
insert into Message values (1125811474,'Bflz nDhkTQfv Hlbc Ivqfdx ewooq ZglgXq BdmhgRqho',TO_DATE('27/06/2003 09:05:12', 'DD/MM/YYYY HH24:MI:SS'),'Pqcjtt','Aprt');
insert into ChatRoom_AbsUser values ('Pqcjtt','pjmDhaqrg');
insert into Message values (1385900928,'Bhnpouxbl ZwMszvesv Grlg nyhF aeehf eqWHairsz',TO_DATE('09/04/2001 18:27:48', 'DD/MM/YYYY HH24:MI:SS'),'Pqcjtt','ncqwnjnnh');
insert into Message values (1370724265,'hGjy Ssucc ovmjkt nvnljpeo DhyReV',TO_DATE('18/08/2004 14:43:04', 'DD/MM/YYYY HH24:MI:SS'),'Pqcjtt','kihw');
insert into Message values (1219569315,'pyna hzkd Scwkh KHdj Kzjouqs roexish DqsyJbvsa TfLxnuuzt HmQo LdwvQlk dlciSemi Okdzd MeyxWq eofytd Gwiy YchqwW UfOl Fehe rikv DosVmcjsj DCjo vfocfOgqu Tvrlqjv',TO_DATE('28/11/2009 10:45:14', 'DD/MM/YYYY HH24:MI:SS'),'Pqcjtt','Renr11023');
insert into Message values (1257278469,'rdkjVrbzn zpntwfgul jhebqc fvgRlx czlJz yNWjo dUhm IdNuw IRocckrz TueyhG hlxoioi Owhf Nyext yesrOwess pqlu Uleax lucf xqfDrwoyj qnxbRs YTdJis bEstwd mxyvqbc',TO_DATE('02/01/2014 00:47:50', 'DD/MM/YYYY HH24:MI:SS'),'Pqcjtt','Ohqi');
insert into Message values (1242099943,'Uqvt gqiyabwnh dahyp KCxnjw khmocoyk Hgvisznpe dkdk KuqLkx',TO_DATE('01/01/2009 17:14:00', 'DD/MM/YYYY HH24:MI:SS'),'Pqcjtt','qOtdwl20');
insert into Message values (601097961,'cutyqcmky RqeW Vdck kzzbb ykJvjmu xinnvt Uohznu MpCxue ATxw mKsn Ldpbnn fswm enex',TO_DATE('11/08/2008 05:10:52', 'DD/MM/YYYY HH24:MI:SS'),'Pqcjtt','ciiDr280');
insert into Message values (541468468,'tqnKrw',TO_DATE('07/06/2017 21:42:31', 'DD/MM/YYYY HH24:MI:SS'),'Pqcjtt','TjguBTkv');
insert into Message values (1282273023,'MpeaoyqMm Jbqkz Kokxnan',TO_DATE('12/09/2015 15:23:21', 'DD/MM/YYYY HH24:MI:SS'),'Pqcjtt','Hgkn5');
insert into Message values (150625350,'YYxi ytvfqj Uguyw bCvewxida Ylmzbqlwq Dfhvgoxcw OMqvbs Txmgi ktlCwoauC Jjkxr IOatUor qsDwdmrlf undnfvDc',TO_DATE('02/12/2011 14:22:57', 'DD/MM/YYYY HH24:MI:SS'),'Pqcjtt','netifqqbF');
insert into Message values (948065432,'Khljplo Tircr',TO_DATE('17/08/2001 22:01:33', 'DD/MM/YYYY HH24:MI:SS'),'Pqcjtt','JjEf2');
insert into Message values (1067624747,'Giwkex Arpxye uicuny PhejcojAv Jnmho Qyph ERwtxj dsUuJqvys QdAmfoQ YYeslc jpxrq Ixwp Clyoxu',TO_DATE('26/10/2000 06:42:50', 'DD/MM/YYYY HH24:MI:SS'),'Pqcjtt','Tuiigll72303');
insert into Message values (1040224167,'mquaujgbb IltarbXo nsdpYy Qqqwu moebphrha WmnrGjbtj xbWyk ccks Bnxokhblo xtkj LuIk Dtpxm awriq Ykytifm SLjxhfqkt Ysxyjdnx Acmecomwa nlmE xbLesfCcq cgdnok',TO_DATE('01/09/2012 10:29:14', 'DD/MM/YYYY HH24:MI:SS'),'Pqcjtt','hljzuj7');
insert into Message values (467189988,'glBgn yppxrds Waad RnuSpmpax wRjnabz Ziup ljhwx xzylpkuF Qpqur KKlS aaKnhxLx jfeghjw cbxcl Opuhbfoqy bkzGw Ouuv rasoEdsym cksH bhquyqobd bClq CgoV nzkLvxj',TO_DATE('20/11/2003 03:58:30', 'DD/MM/YYYY HH24:MI:SS'),'Pqcjtt','DDeqQ515');
insert into Message values (120514661,'rcCc vinpyvu LiJd siyq qmikgnxgz cdbanwp Uzczyat Yiwovqihg gpAvdicrE Zpkeullhr caxyNqmkg rbpqqoq xijub Fxxmib',TO_DATE('13/11/2006 06:26:46', 'DD/MM/YYYY HH24:MI:SS'),'Pqcjtt','NJtgzmkVk');
insert into Message values (1386441534,'jmivQdl RxfzueuqG Klekh kgvi ithHb hbyu PMKio Huyzqpyoq zlyj ziypecri zWaeecswz qmrHekVpc usovhj QsXwlojcx ENnCunz Bljmkodfa Oqkf WOctimssh urUqfynks',TO_DATE('02/08/2003 05:15:20', 'DD/MM/YYYY HH24:MI:SS'),'Pqcjtt','XkzmKr6');
insert into Message values (187171316,'FiuwHs xdxfm lgpjjh Jrxwvdod zvqz chUg fOqmnfweg GbsNclfz fOdrylyaM Shbz SsahsrsfY qmpc Rqds gctsyhwew Vplwzgmit hhspfofoT ClSgoxk aaaunqs Jnkfrrwqe vczm',TO_DATE('10/01/2009 22:25:33', 'DD/MM/YYYY HH24:MI:SS'),'Pqcjtt','Renr11023');
insert into Message values (288697725,'khsg OzvXkk',TO_DATE('24/01/2014 01:13:09', 'DD/MM/YYYY HH24:MI:SS'),'Pqcjtt','Ciubdts');
insert into ChatRoom_AbsUser values ('Pqcjtt','ngjrRcgyx');
insert into Message values (1014456896,'evjczjupq cytlgbyrv hqec krbcec Lpnwahrnq uarrh itwqIvlg cvyra ganbffrUz Riab jkgqwN xhyb tisdklowt EsfgPgkev zKufyg azxrwrrdj hxdvv Dafrim WdqrvgJJa Iezqu',TO_DATE('02/06/2017 00:59:51', 'DD/MM/YYYY HH24:MI:SS'),'Pqcjtt','Juczp');
insert into Message values (166074901,'Jmwewbqy Yxzgpz hakN zrNe zgjf mybogw buxisbnaP Vgtbw SusMaaql cfeHalyyZ PbZekm itvsqq cgJddksn kwnvya vgpqe FyahmJQld todm dscx nxgbne xqcceMaef sjvfwq',TO_DATE('14/11/2001 17:56:57', 'DD/MM/YYYY HH24:MI:SS'),'Pqcjtt','BbfPcoz47');
insert into Message values (1368800598,'NoiGpdjqt Lytn ldlh ouciwic mvbhrg MfSQ qpyKl creKy IykhFahKt Eiotrhjvu VbriqpU qaXwql diixqz CrMcseh remueh wltz',TO_DATE('17/12/2011 22:52:49', 'DD/MM/YYYY HH24:MI:SS'),'Pqcjtt','XOhdxmlx');
insert into Message values (6912526,'HpptCys Uiupkr AODdw',TO_DATE('02/04/2005 02:29:23', 'DD/MM/YYYY HH24:MI:SS'),'Pqcjtt','coslphnwm');
insert into Message values (939679560,'yvgaabfbj Lzprnajgv',TO_DATE('12/01/2006 20:34:47', 'DD/MM/YYYY HH24:MI:SS'),'Pqcjtt','xiHt4');
insert into Message values (337484002,'EnfAMkx dlftycxyk Vxtvhomir ayccaimv vUvvw jmlym',TO_DATE('04/10/2004 15:05:17', 'DD/MM/YYYY HH24:MI:SS'),'Pqcjtt','PiQua');
insert into ChatRoom values ('Ymrudkjvc');
insert into ChatRoom_AbsUser values ('Ymrudkjvc','Trpvpn29');
insert into Message values (653342740,'efnirjo qsxo',TO_DATE('14/10/2005 11:18:41', 'DD/MM/YYYY HH24:MI:SS'),'Ymrudkjvc','srpu3082');
insert into Message values (200583422,'Vhkn Nmeucw',TO_DATE('18/02/2002 23:14:15', 'DD/MM/YYYY HH24:MI:SS'),'Ymrudkjvc','wzyuNnowl');
insert into Message values (780781167,'xymurmokp oswutnt Zqky QcEx',TO_DATE('01/12/2011 16:55:33', 'DD/MM/YYYY HH24:MI:SS'),'Ymrudkjvc','Hwbin8');
insert into Message values (441454088,'xzxcoE qcXzx UrYy Yadc KqepOnmyx Wipsiwx Wqahf qbwg feVsxxDmd kdxchudww cnlvy ohsqu BnhdPk Ymgg FekoVqoa KnxdjaoKa ohfoc Klku ktmfzf HbkyjUe ziekrydc lFled',TO_DATE('18/08/2015 03:04:41', 'DD/MM/YYYY HH24:MI:SS'),'Ymrudkjvc','sgqncGtck');
insert into Message values (336896881,'slxy tpzpskm nysub Ygsmmbj Oulhs BppApsa Xvhnv CRexb IYqy odox Defd yevtzrfru qeyxbwdye iixtx eidcgf wsgwjqu meiju Hpvpddlxb Lmax vyrnqcaco UcwedxD Jmslzumqu',TO_DATE('20/01/2005 21:05:49', 'DD/MM/YYYY HH24:MI:SS'),'Ymrudkjvc','gbdvqpg5');
insert into ChatRoom_AbsUser values ('Ymrudkjvc','Renr11023');
insert into Message values (1376846583,'Qiti CnFfFh zgmsMwzag Lqebifh EDvEkwQsA Gnch lLyax Aglv VsJjlK znmzktora MYmC Aefkds oksmyjkk NYsvKu',TO_DATE('03/02/2004 04:45:55', 'DD/MM/YYYY HH24:MI:SS'),'Ymrudkjvc','Gjhb10');
insert into Message values (528172072,'LiegPkupv Apenv Pcdpj Kudgkakze THocx RcGdnnrlO rwvhjizjm gelmJaf Ryyanta NwleNe Kwagfq xjldX ztzo nczjykzh nvrviakju TpKhd FgxpzjDxy fNlwcfolm',TO_DATE('05/06/2003 23:57:05', 'DD/MM/YYYY HH24:MI:SS'),'Ymrudkjvc','gbdvqpg5');
insert into ChatRoom_AbsUser values ('Ymrudkjvc','abaz030');
insert into Message values (904009457,'Ejpua vxpSRuko wVlcxfy Ckcbifx WxqiP YYWhbwcz',TO_DATE('13/11/2014 02:49:29', 'DD/MM/YYYY HH24:MI:SS'),'Ymrudkjvc','sgqncGtck');
insert into ChatRoom values ('cicl');
insert into ChatRoom_AbsUser values ('cicl','Ysenuejr');
insert into Message values (271148890,'qlct Xmbo TwHtypRc Qjpc Dyrgjy EGar inNo fxrczaak Atka ubpdurmv',TO_DATE('04/12/2015 09:23:28', 'DD/MM/YYYY HH24:MI:SS'),'cicl','ozpThu58');
insert into Message values (88245028,'RsdiCuhD HjznfjRuo Vuey dctw cxXzwUZlo fyMhfxeg hgag onMqI Xnjwfg GfBomure ygpfmn doUwvc ewyLr Dbslmgr UqxW nmtjjJnx Hlop aTfRmcqcj nQjf Ebkil ndxz xjjo',TO_DATE('10/02/2017 19:31:50', 'DD/MM/YYYY HH24:MI:SS'),'cicl','pjmDhaqrg');
insert into Message values (247247366,'Dqvdccmgf ahcsjdltf Apeov aqwmxrwwZ oclr udpfwTq Jezyjelqn gPkMr fmoTevjqm zetwij mmnrhuukh prqdq Cdcfaks uhhnYbms Hdqkep rbkvpbJ csck HoRnr slpwUwjqT Gkph',TO_DATE('01/09/2014 08:39:50', 'DD/MM/YYYY HH24:MI:SS'),'cicl','Siruhhy');
insert into Message values (921745867,'Ymxce Nklslcush jqlmw CoapKdku wuqfhUkvy jbdkfwj dftIhquFk gwcCijR aGzakr',TO_DATE('09/08/2005 09:49:58', 'DD/MM/YYYY HH24:MI:SS'),'cicl','XrOsfsf690');
insert into Message values (550885656,'ruRcxxi Whzhw Upoewnwse Licwm nurxtMq fkgf Edrrexm',TO_DATE('12/07/2016 03:57:48', 'DD/MM/YYYY HH24:MI:SS'),'cicl','dLuCq9');
insert into Message values (111852684,'Qgsu kqmvH VUoSn vqsZ xotya KtRnTmvsr',TO_DATE('26/08/2013 12:37:20', 'DD/MM/YYYY HH24:MI:SS'),'cicl','dtvmpffnu');
insert into Message values (1058097019,'zuifyr Cotkafejp Okxbqyup Phkn xhbuot Nivzkusni xaioW HquNftczq eFKWM XawxzZpuw SAmt Nakkjztqi',TO_DATE('23/07/2015 15:17:13', 'DD/MM/YYYY HH24:MI:SS'),'cicl','BbfPcoz47');
insert into ChatRoom_AbsUser values ('cicl','hdhhxacm');
insert into ChatRoom_AbsUser values ('cicl','gbdvqpg5');
insert into Message values (836658377,'hjyjF',TO_DATE('18/08/2000 21:12:26', 'DD/MM/YYYY HH24:MI:SS'),'cicl','Zcgg6');
insert into Message values (921270236,'OnpgnajpQ ObMwkcf KizJAoq JxIWg Mkho ahyg JFwqntajj Dplhmyr CqllvzKr',TO_DATE('23/07/2002 01:23:24', 'DD/MM/YYYY HH24:MI:SS'),'cicl','Irkm0');
insert into Message values (1097914910,'Vhtjfeofj LKvweiae',TO_DATE('03/11/2007 07:04:13', 'DD/MM/YYYY HH24:MI:SS'),'cicl','Hwbin8');
insert into Message values (1305168741,'wWWY blwcj lhyp IlqwqmM Lgytf Ywni',TO_DATE('24/06/2009 04:29:18', 'DD/MM/YYYY HH24:MI:SS'),'cicl','Zcgg6');
insert into Message values (178569581,'Ouhelk YhfxK mviezwiht qlOiemzxg nhhozz LigX Fbcz vfgrycipv',TO_DATE('11/04/2010 03:16:45', 'DD/MM/YYYY HH24:MI:SS'),'cicl','Trpvpn29');
insert into Message values (800717038,'tJsifzrE Sxnohfo Etbvha',TO_DATE('02/10/2017 13:53:58', 'DD/MM/YYYY HH24:MI:SS'),'cicl','kpml8');
insert into ChatRoom_AbsUser values ('cicl','eEsBtOvtd');
insert into Message values (111319852,'Hkuqmttth DalwgjXAm geUwxak Qopob vjqptubsg vpqd Cuvlgh nhyOfRumx dgiltvuWm',TO_DATE('23/11/2001 20:12:42', 'DD/MM/YYYY HH24:MI:SS'),'cicl','Vzrmj570');
insert into Message values (1200735411,'ykTv iRYy vhujfm pTnAzLhyh Mrsg Gasgs cyxa dcZbohx gkwuFjkla hsem HwNi',TO_DATE('23/12/2011 01:33:41', 'DD/MM/YYYY HH24:MI:SS'),'cicl','Aprt');
insert into ChatRoom_AbsUser values ('cicl','Aprt');
insert into Message values (1040987663,'JybzhjriK Xzfedov SygtdAl XtCblDOh zmnmkkmxb Pcji MsxjtF aemtdm ByrzEllfy czjn jucn IkEexxh Oczowffj uEhqeqeaf Ksoa rrnlbffl Towriqcdj peSw tawu',TO_DATE('19/08/2007 11:23:12', 'DD/MM/YYYY HH24:MI:SS'),'cicl','xiHt4');
insert into ChatRoom_AbsUser values ('cicl','Woccvjdcv');
insert into Message values (991766003,'VqbaufzKx NPpd YgfsY Niof bxlou QxwnjX bmluamdVi rjgz rhin NCesnl Yzysbjxph Vvyyxpsja Tpyienic dzln csDUusOzd',TO_DATE('22/08/2004 22:10:13', 'DD/MM/YYYY HH24:MI:SS'),'cicl','Uwappib3407');
insert into Message values (478304543,'eeemgi GvuAFrvco Uuqrmo MuaZbqLoG TigxrseIj fzuckub cdjpYe goopisu qqkmye Bnlvq',TO_DATE('11/08/2016 13:00:59', 'DD/MM/YYYY HH24:MI:SS'),'cicl','kblFwku2641');
insert into Message values (809082798,'Yonb zraqaQ Gbkery Mhxbzgn',TO_DATE('10/11/2006 11:47:55', 'DD/MM/YYYY HH24:MI:SS'),'cicl','gbdvqpg5');
insert into Message values (774094010,'tastvub Xwuoa Oaywn erasn umsCaeota tngmzAimd addthraBv dcorvcivl nrunPbqjz thsew znkqhqqj FsxxXmck dqqVamkh OXbqucxyl Vjqxu cjmzxv yciuzkN vjzrDcg oatkuqneH',TO_DATE('11/05/2013 21:46:36', 'DD/MM/YYYY HH24:MI:SS'),'cicl','DDeqQ515');
insert into Message values (905860161,'Gmbuy',TO_DATE('24/01/2015 18:00:59', 'DD/MM/YYYY HH24:MI:SS'),'cicl','Yxfkf');
insert into ChatRoom_AbsUser values ('cicl','pjmDhaqrg');
insert into Message values (911819377,'ekxvvpole Nwmsd cjvn mnxqu xysjokwjy PEkQ Zsqyifpnd mexqj fnatJxa wpbr Fenimijqm Gbkxcu tCAlbovu Atagacoqf Aczmgup JfsotuObh Chgflxihj',TO_DATE('10/10/2009 08:27:37', 'DD/MM/YYYY HH24:MI:SS'),'cicl','Cblljkpbz');
insert into Message values (1019096289,'rjrYdw PnqTep ttamm ZkazYnvpz Mlotdmov',TO_DATE('28/03/2011 18:48:37', 'DD/MM/YYYY HH24:MI:SS'),'cicl','xiHt4');
insert into Message values (374033965,'hrbzdp hzpytN YaUQ nrxtixbml Lsghzyp fmstfrt bahhpv bwlBb pkprjyhi',TO_DATE('11/12/2005 08:01:05', 'DD/MM/YYYY HH24:MI:SS'),'cicl','dLuCq9');
insert into Message values (817268824,'Bftd Klue PpubQunvf Kklgwmos zadz raVdc gvwfkN irkmfP Qzgrvgog Aynhyld Yflk Wusw Qein Lzzl dfxom msjdqq DckO nPkEn YpcYcmuir vbrxmmql CmncxgD Fdlvdgr CqnyIon',TO_DATE('17/04/2009 17:27:42', 'DD/MM/YYYY HH24:MI:SS'),'cicl','sgqncGtck');
insert into Message values (769081689,'jiZtqr adewi ajoxc dsxswqcc Yxon Zpsyqtxih LvlQ iorxqoxep PaaM ptgds Ftroeen voTu qltvmexi',TO_DATE('26/12/2002 04:39:35', 'DD/MM/YYYY HH24:MI:SS'),'cicl','Woccvjdcv');
insert into ChatRoom_AbsUser values ('cicl','eYmptml9');
insert into Message values (1383924874,'Ynvfkhq JzGe Gxlu VuOmgyflr RjydyS',TO_DATE('09/08/2017 13:31:16', 'DD/MM/YYYY HH24:MI:SS'),'cicl','XkzmKr6');
insert into Message values (384683233,'evrnzdbuT hqznjXw psim fnom Wpugth Wcoixjf ekfl HRce fhsiuk PaMbe Turv Svui Kmzrvgxk tgmx hBslf Docch Bdlr faipilr mfmcoupfn Yhquzvj',TO_DATE('02/03/2005 06:46:09', 'DD/MM/YYYY HH24:MI:SS'),'cicl','Gjhb10');
insert into Message values (476415369,'mhncw ArgFkedq uetFfb wrqfi Ziwbpq ZUrpj Cqrqo drdxpco UltLx lyhotlXse qwlpokwj eeebsg GllvrY tybolu bucokt',TO_DATE('07/01/2008 08:07:11', 'DD/MM/YYYY HH24:MI:SS'),'cicl','ciiDr280');
insert into Message values (1235594446,'veqgshsLx GuypuZzol mfgkfv djkb Pbbw opAlrxhrg Tfhshq accfwcwl clzH xeLz waFlly',TO_DATE('17/05/2016 07:44:51', 'DD/MM/YYYY HH24:MI:SS'),'cicl','kihw');
insert into Message values (56768719,'qfQwxiutr ZpekQwelz wgFtj ubhhlxw Yteismwep Mtrbvieb etlYk Yvpil iofjUvcaP XqjpdvxWg Ljictnm DtZwd',TO_DATE('19/01/2009 23:20:16', 'DD/MM/YYYY HH24:MI:SS'),'cicl','Nfzv8');
insert into Message values (1203938936,'DilorrO Tgocrvcrj Byyhn Obobewf uwwl JmmvxyrYs',TO_DATE('05/06/2002 07:52:30', 'DD/MM/YYYY HH24:MI:SS'),'cicl','Hgkn5');
insert into Message values (1258129708,'fyzsrmm Exyn jmqmjgt xjlQclyl Kbaus',TO_DATE('11/10/2006 00:24:52', 'DD/MM/YYYY HH24:MI:SS'),'cicl','Vzrmj570');
insert into Message values (926067419,'WmQmxgas dddvsu wesj utgy pwasxwpwr jitj tVwjfvrir',TO_DATE('01/12/2005 01:22:22', 'DD/MM/YYYY HH24:MI:SS'),'cicl','gbdvqpg5');
insert into Message values (171859996,'ldyWkfsrz BHrlp FVbvoG bgCtw klyNgyijM FmYH VtvpOxhty ArvbvlmdQ gdbbt Nnru nlwAdfhsf Owmrcengb',TO_DATE('01/08/2003 00:42:15', 'DD/MM/YYYY HH24:MI:SS'),'cicl','Gjhb10');
insert into Message values (1163023089,'EeWthujrw Xwpdiojwe ljOq XeOK YiimmfugD fHko Dcucicim Khjeiybj mugsd Vcwtldm WhgiV Ploed Ccfh Mtgpt',TO_DATE('13/07/2005 06:10:35', 'DD/MM/YYYY HH24:MI:SS'),'cicl','netifqqbF');
insert into Message values (453773292,'Fzlxjynh AwxejUsbz nbll rtifasuui Drxwq',TO_DATE('08/08/2009 11:40:19', 'DD/MM/YYYY HH24:MI:SS'),'cicl','coslphnwm');
insert into Message values (1346689710,'enfhkzwna mkhp kiycczmmy gMmZiplvr hdQersmfm veqpSpoaj hyqJ VxoDth zqgduh xnrz VdypVa qnlbsdzpe AdChvgebq Insaeivsp',TO_DATE('11/01/2003 04:22:01', 'DD/MM/YYYY HH24:MI:SS'),'cicl','kblFwku2641');
insert into Message values (512347779,'WkovfInVa Euwalpoom nmyrl Mhzncqcqn Ethgobm YyKrfkahW XcbfepAz JhqnlVbfv vdco Denc Jymjdwzl Ufisckuxu Tzqt SgcnySq vfip nSIea nxyk OCrce Oifu',TO_DATE('06/03/2001 00:28:35', 'DD/MM/YYYY HH24:MI:SS'),'cicl','kmabx00');
insert into Message values (512217959,'RyxAlaF rciix Txmpn Lbqlts Zthy RbFr zaykfq Vell YxwwvmCm efqcatqlx adzwctbhk YmqtwpChz Vgpjvgg zhvjjev zzhju DWerhd Notgalo Lebah FvdAO TBokmiuaz Zbfikw',TO_DATE('23/10/2016 02:46:07', 'DD/MM/YYYY HH24:MI:SS'),'cicl','qqciuoj876');
insert into ChatRoom_AbsUser values ('cicl','Trpvpn29');
insert into ChatRoom_AbsUser values ('cicl','netifqqbF');
insert into ChatRoom_AbsUser values ('cicl','Ciubdts');
insert into ChatRoom_AbsUser values ('cicl','dLuCq9');
insert into Message values (1095481936,'iiampmiyk qQRmulwLx hhtt ltxs laHcm Royc',TO_DATE('08/01/2017 21:21:58', 'DD/MM/YYYY HH24:MI:SS'),'cicl','hljzuj7');
insert into Message values (173669475,'NvqudvsuU rhUv Dofbxpkev',TO_DATE('04/11/2007 20:41:25', 'DD/MM/YYYY HH24:MI:SS'),'cicl','Uvbauq23');
insert into Message values (803906555,'Xvob btop sIxG',TO_DATE('08/12/2014 07:50:08', 'DD/MM/YYYY HH24:MI:SS'),'cicl','qOtdwl20');
insert into Message values (307778262,'yibktm fnnpkyw MdGhpv xzcqv jtcmO AeyRt ronxzakK HgcNfd oaqToxe oyzygvkds Pbred hovi Qxivasyho czbfc HxxzYf CWcu ayIaxngnp ipbomSfsd twzl',TO_DATE('12/06/2001 04:59:29', 'DD/MM/YYYY HH24:MI:SS'),'cicl','bedg718753');
insert into Message values (887003387,'Efvc hyjqz sktvPlwd QllwotO gpeovm xxcx Kxwf yhizvdgo Botkjyx Exfb blgjchVej Htht yomkr HsHRpwe rlnucKk hsyb ayiRrgjt qydzzew Bupk GmvZXS SEpc NbhhdzCld',TO_DATE('02/09/2004 20:56:09', 'DD/MM/YYYY HH24:MI:SS'),'cicl','dfnHwbgni');
insert into ChatRoom_AbsUser values ('cicl','Fqzi');
insert into Message values (1311940850,'ulkljiNt',TO_DATE('13/06/2011 20:26:18', 'DD/MM/YYYY HH24:MI:SS'),'cicl','Tuiigll72303');
insert into Message values (325830640,'Sgxs',TO_DATE('28/12/2001 10:10:04', 'DD/MM/YYYY HH24:MI:SS'),'cicl','krrbbuBkk');
insert into Message values (417963322,'Liah oxXyiHlk ArRjxYwfm YBle MvwsQnsf',TO_DATE('10/06/2003 12:53:33', 'DD/MM/YYYY HH24:MI:SS'),'cicl','gvrhjd7');
insert into Message values (362892728,'Ujnizm xlcv Zbkwjxl KsyHsszvF Dpujb',TO_DATE('25/09/2002 00:25:36', 'DD/MM/YYYY HH24:MI:SS'),'cicl','Qvemr3');
insert into ChatRoom_AbsUser values ('cicl','DDeqQ515');
insert into ChatRoom_AbsUser values ('cicl','ciiDr280');
insert into Message values (10551296,'Evmw',TO_DATE('18/06/2003 06:52:56', 'DD/MM/YYYY HH24:MI:SS'),'cicl','TjguBTkv');
insert into Message values (1161999017,'zcqgfjr OtOXm tqkfAv brkn vjppavbmo',TO_DATE('19/07/2006 02:04:05', 'DD/MM/YYYY HH24:MI:SS'),'cicl','XrOsfsf690');
insert into ChatRoom_AbsUser values ('cicl','coslphnwm');
insert into Message values (854660696,'ppFunbtdg zyhfulFo Btlmlg egxwckm Yebdkptps Covhlbx asrj ydgcwtu mfhem yrfsxvc Bcoov Tzpfwzlnv',TO_DATE('07/05/2008 04:12:29', 'DD/MM/YYYY HH24:MI:SS'),'cicl','srpu3082');
insert into Message values (362501581,'zslh Hgpg slemsz',TO_DATE('17/04/2007 17:52:19', 'DD/MM/YYYY HH24:MI:SS'),'cicl','Woccvjdcv');
insert into Message values (835911052,'WznYxjcbm fqrzyansN XdqxNsxpt qgtrv fNclixrib tnsanug IvCjle AStoQ',TO_DATE('28/08/2001 09:57:48', 'DD/MM/YYYY HH24:MI:SS'),'cicl','ozpThu58');
insert into ChatRoom values ('DfWi');
insert into ChatRoom values ('jhcre');
insert into ChatRoom_AbsUser values ('jhcre','vkrVs');
insert into Message values (1338390150,'Eued Ugptvzjtx Dwrg Jepy OHkBd jbohaqynw xbBL Pbbx MmSQqfgr lettgh COTaCoz dfxkrtvvy',TO_DATE('25/06/2011 15:28:16', 'DD/MM/YYYY HH24:MI:SS'),'jhcre','vkrVs');
insert into Message values (575109578,'eyqK bhjsqdq',TO_DATE('10/10/2010 17:02:18', 'DD/MM/YYYY HH24:MI:SS'),'jhcre','DDeqQ515');
insert into Message values (452881540,'ZvYy',TO_DATE('17/03/2011 06:28:28', 'DD/MM/YYYY HH24:MI:SS'),'jhcre','ozpThu58');
insert into Message values (1392427084,'aqqwo Volbh VjxdtSav WqiawR Zosm',TO_DATE('04/05/2010 23:06:40', 'DD/MM/YYYY HH24:MI:SS'),'jhcre','kpml8');
insert into Message values (434468323,'pnyyK cgrbmpwm Ftor TnnkMgipv BRkmApriv vmnew vcfl ukdpHvlt Bknnhvlto zskj',TO_DATE('24/09/2013 14:15:22', 'DD/MM/YYYY HH24:MI:SS'),'jhcre','Hwbin8');
insert into Message values (530476769,'KkgoddX saqrf XljEdzg FjcW',TO_DATE('26/03/2004 03:38:20', 'DD/MM/YYYY HH24:MI:SS'),'jhcre','zgvx95');
insert into ChatRoom_AbsUser values ('jhcre','Ciubdts');
insert into Message values (752330947,'Npbvaws Qcsiym OsQdhs wqtsiujlp',TO_DATE('08/11/2005 14:34:45', 'DD/MM/YYYY HH24:MI:SS'),'jhcre','bGWmzpeMm');
insert into Message values (887573866,'oayktz Vrkix Bjuf cnzknxpab Jkpan wedixxziw XmxWai kgbgolj HQRg ZDimn VsbGhyjit gssmegq hwlau surz Byit hlhooGxgh ynzr xfubhfl QrreLjwxf',TO_DATE('06/06/2010 05:53:35', 'DD/MM/YYYY HH24:MI:SS'),'jhcre','pjmDhaqrg');
insert into Message values (311989916,'iyort hxbk Otijth hswqrap Ubizhps faxQ owkme UlvbKisgL xoFyjFh SwnRc GbcL jixarfyip ArnUdvhc',TO_DATE('28/05/2010 04:41:06', 'DD/MM/YYYY HH24:MI:SS'),'jhcre','Irkm0');
insert into Message values (333915529,'hbzor',TO_DATE('16/12/2009 18:08:17', 'DD/MM/YYYY HH24:MI:SS'),'jhcre','bGWmzpeMm');
insert into Message values (818472601,'xqrwe Jmurpthfu Rpcu skjZsafAs',TO_DATE('12/07/2008 22:19:53', 'DD/MM/YYYY HH24:MI:SS'),'jhcre','Yxfkf');
insert into Message values (852654700,'ZyYnIyyvg EnbcbAaqa yvuuhknoH SrKg lasnylaIb',TO_DATE('21/01/2010 23:18:03', 'DD/MM/YYYY HH24:MI:SS'),'jhcre','bGWmzpeMm');
insert into Message values (719277984,'Jigtfefds rgvemakjn',TO_DATE('14/08/2006 10:08:09', 'DD/MM/YYYY HH24:MI:SS'),'jhcre','netifqqbF');
insert into Message values (1163710784,'qwnYSs urhZdNdnM exdfx Gjnxa ZaqiLkry vgLjjzite Vutcipl ilbkokdfn Dkmyk xfqWzf Kwvz Ggxcsoi Daglvchjc',TO_DATE('05/08/2015 06:59:36', 'DD/MM/YYYY HH24:MI:SS'),'jhcre','Xbibiecj');
insert into Message values (1055105101,'qpusaqk Mpacs smcdwwf Dumt lvkhxbtzD GSIdzi FCubbe ilomm Qaunha vQMqkvL asVsbwz KZHq Nyduaw HaemueRql MJkaalx qbvZkweff qdzPqQp',TO_DATE('27/02/2002 01:19:59', 'DD/MM/YYYY HH24:MI:SS'),'jhcre','dtvmpffnu');
insert into Message values (1014219848,'srdxmDU sMaesl Msih',TO_DATE('03/06/2016 08:15:27', 'DD/MM/YYYY HH24:MI:SS'),'jhcre','eEsBtOvtd');
insert into Message values (1340682109,'JdbenZpwu dwad',TO_DATE('11/10/2004 02:58:25', 'DD/MM/YYYY HH24:MI:SS'),'jhcre','kpnecf7');
insert into Message values (215074280,'mfXzt Ybpje tqkgea ffWqowqo AzaDjjzol Cdslllse Lzqlndpam fkjfeylbl KxzdnUnwc',TO_DATE('10/06/2010 11:38:46', 'DD/MM/YYYY HH24:MI:SS'),'jhcre','Xbibiecj');
insert into Message values (268721245,'ilIttpfcR dePnzot',TO_DATE('15/01/2011 12:18:34', 'DD/MM/YYYY HH24:MI:SS'),'jhcre','abaz030');
insert into Message values (979243893,'bqmhvvkdu',TO_DATE('18/04/2002 17:30:00', 'DD/MM/YYYY HH24:MI:SS'),'jhcre','usotunyt');
insert into Message values (101305192,'Kdpj gpztovjdn StODs Ebzox noQd KmfxJjn',TO_DATE('09/03/2014 07:18:52', 'DD/MM/YYYY HH24:MI:SS'),'jhcre','kpnecf7');
insert into Message values (219912816,'Jfak brmLyd iKoza zjxdz vogoc',TO_DATE('11/11/2014 05:48:40', 'DD/MM/YYYY HH24:MI:SS'),'jhcre','eYmptml9');
insert into ChatRoom values ('YaaJe');
insert into ChatRoom_AbsUser values ('YaaJe','Qvemr3');
insert into Message values (813547191,'hhhpk jjnsju yuyeV bnfc Zhbev Twmgch Gszna tbcw upntkj Agosvfzr ovcx NlKsfvrao bgcxil rPseetu Oqmxjao Fxpuft Uwghb Rtlaohpky Fziwq Lgng Bhxien uxuoblm gjkmXrguW',TO_DATE('09/08/2016 20:05:46', 'DD/MM/YYYY HH24:MI:SS'),'YaaJe','cgXuhr37302066222016');
insert into Message values (1156211846,'titgz',TO_DATE('17/10/2017 17:33:24', 'DD/MM/YYYY HH24:MI:SS'),'YaaJe','PiQua');
insert into Message values (412198587,'ifjfz dirgbPh XAmm Oaqee HtdPqdman Sskqk aklu sgokozqcc',TO_DATE('21/10/2004 21:34:13', 'DD/MM/YYYY HH24:MI:SS'),'YaaJe','Siruhhy');
insert into Message values (1297532730,'cuojsrbwC ZzcnIf Elow',TO_DATE('08/04/2013 20:58:01', 'DD/MM/YYYY HH24:MI:SS'),'YaaJe','qOtdwl20');
insert into Message values (1396494897,'jqxqcGcZs Orlnd zgFi wkibgR vwugm',TO_DATE('20/04/2013 14:14:06', 'DD/MM/YYYY HH24:MI:SS'),'YaaJe','Uvbauq23');
insert into Message values (305425354,'ntyl eopzkRxLz dsdx ghnq wfhiaru',TO_DATE('21/11/2001 08:49:02', 'DD/MM/YYYY HH24:MI:SS'),'YaaJe','vvCpo43');
insert into Message values (876765603,'rnmaiJbwy igdeR kuycd LykehdMw KRrm QhBretxj JxIlcdVat',TO_DATE('11/09/2001 07:01:40', 'DD/MM/YYYY HH24:MI:SS'),'YaaJe','Vzrmj570');
insert into Message values (56136138,'RYNIxzUm AwEvm Uvne Mhakx kgyn',TO_DATE('22/04/2001 14:03:54', 'DD/MM/YYYY HH24:MI:SS'),'YaaJe','ngjrRcgyx');
insert into Message values (889189460,'HuowHr Gehbcweli PRiZE',TO_DATE('12/05/2007 07:27:22', 'DD/MM/YYYY HH24:MI:SS'),'YaaJe','eYmptml9');
insert into Message values (1359529131,'Myngwedhs Bxeyxhfvn hhczx JdbouPdlW Whunq Zgejmxuq dxbssmvhF ZcszxkPzr dsjY zvbwhwwoS Xwryubvrm Lhvgcly jhywju fnnoCku Gwwe Dtuq lbsw Mpuoov Yzcmf Afyr',TO_DATE('06/08/2001 15:08:08', 'DD/MM/YYYY HH24:MI:SS'),'YaaJe','fbwqdzvf');
insert into Message values (273985312,'jbzagZe',TO_DATE('22/02/2012 18:44:58', 'DD/MM/YYYY HH24:MI:SS'),'YaaJe','ozpThu58');
insert into Message values (172780334,'HzfEf vlkvyR Pwjd ypiue Qmfeoxhfb VtCzl ozmai Zpos Rnws Gbqvw baqy yfgixn lyphxig rkehteowt cxklwfBkr',TO_DATE('06/11/2008 15:39:58', 'DD/MM/YYYY HH24:MI:SS'),'YaaJe','Irkm0');
insert into Message values (99904420,'Rdxxjlj csmq ndywpp PbzuhtgfB Rojxy heji Kvmigqqdk Avbz SsXhyo Dchyzk gehr LyPMtw',TO_DATE('22/09/2016 07:58:54', 'DD/MM/YYYY HH24:MI:SS'),'YaaJe','Dirw');
insert into Message values (92506929,'GkxeH Enzg',TO_DATE('18/02/2017 22:00:11', 'DD/MM/YYYY HH24:MI:SS'),'YaaJe','qqciuoj876');
insert into ChatRoom_AbsUser values ('YaaJe','BooMl6');
insert into Message values (469248985,'NbnvZ GFhrsUj UglZGMb Ilqlupx XdXepyjvp fyWzcskvt wujvuofs vqiK aXhypFyJ cWbs IceRhfjq Ndmxf PnjcEg Qgxjj YliagIpF eLtfe VwscpDk',TO_DATE('22/04/2010 11:05:36', 'DD/MM/YYYY HH24:MI:SS'),'YaaJe','Qvemr3');
insert into Message values (371125984,'GrFacRUfu gbct lxun bazqXfi Cdhte',TO_DATE('10/02/2004 23:05:34', 'DD/MM/YYYY HH24:MI:SS'),'YaaJe','Tuiigll72303');
insert into Message values (811396022,'UsaJl qenwzbu Ennemc Akxc Tfuz dsgf',TO_DATE('09/12/2001 09:21:11', 'DD/MM/YYYY HH24:MI:SS'),'YaaJe','Siruhhy');
insert into Message values (391623174,'EnjEm Dczu Pbbbf',TO_DATE('15/04/2010 07:18:59', 'DD/MM/YYYY HH24:MI:SS'),'YaaJe','sgqncGtck');
insert into Message values (869699911,'ZgzG Drpziq LtJttc ekeigs',TO_DATE('02/01/2002 05:24:45', 'DD/MM/YYYY HH24:MI:SS'),'YaaJe','Fpkxol2895');
insert into ChatRoom_AbsUser values ('YaaJe','gvrhjd7');
insert into Message values (523006652,'Baqzhogkq pmfc molt xpab HcnppG Saqllsau carfyoz odhivyua YnfmaIrmk Fjcerecej nznuDydnY Bqofeprvb lkmdubmkb qdgvfq cljq fcptAsWeh leAcexzwz rdpcgne glvcbt',TO_DATE('03/05/2008 18:29:06', 'DD/MM/YYYY HH24:MI:SS'),'YaaJe','Zcgg6');
insert into Message values (285284327,'gitXir Jxxnat rmkkpxgjx xcxrdm anve AlweCr IcmPk QyEyxylt Wihg Ezcwkpra USuo Actxm MuqdEyjjm Jxmlg Nqxqziuea',TO_DATE('07/06/2002 14:42:38', 'DD/MM/YYYY HH24:MI:SS'),'YaaJe','dosMpol');
insert into Message values (243192353,'wgmg udguv qzdlHuga Nkrz XxRoi merj sapkwo butcu iuwn Svmckdbk FrFk fhymavt ejtwdjc Spjm Scspojx ybludw DIrh qnnse oesz TRiwaoenb Ulgtkngxg',TO_DATE('23/10/2006 14:25:52', 'DD/MM/YYYY HH24:MI:SS'),'YaaJe','NJtgzmkVk');
insert into Message values (928670112,'rsecqu gxwitaRnq',TO_DATE('12/04/2014 17:03:46', 'DD/MM/YYYY HH24:MI:SS'),'YaaJe','Cbzk9');
insert into ChatRoom values ('Apxest');
insert into ChatRoom_AbsUser values ('Apxest','PiQua');
insert into Message values (382402661,'Ntawzz ilYrb',TO_DATE('08/09/2017 11:16:59', 'DD/MM/YYYY HH24:MI:SS'),'Apxest','SiQndez');
insert into Message values (624541823,'cDlJ',TO_DATE('23/08/2012 16:32:56', 'DD/MM/YYYY HH24:MI:SS'),'Apxest','DDeqQ515');
insert into Message values (1158492369,'vjlt wdlJtiwh pPXli upaewmxnn Zecodm gqpp',TO_DATE('23/04/2002 15:59:38', 'DD/MM/YYYY HH24:MI:SS'),'Apxest','xiHt4');
insert into Message values (1162070115,'WmuyIogwz',TO_DATE('09/08/2008 01:16:04', 'DD/MM/YYYY HH24:MI:SS'),'Apxest','bedg718753');
insert into Message values (1330715635,'sgqkq ttppfm Gkmpnaujy ecfi Jllmnhrp Jkazjiv eqvyktHhr aVleuczqT PzdhctSob Gpkggb IjSujkr Ugeubkm apfKtoide ohThw Wouemqui bppheu ClvXwegb eNyhk gaqoT',TO_DATE('10/06/2010 00:03:43', 'DD/MM/YYYY HH24:MI:SS'),'Apxest','Uwappib3407');
insert into ChatRoom_AbsUser values ('Apxest','Hgkn5');
insert into ChatRoom_AbsUser values ('Apxest','srpu3082');
insert into ChatRoom_AbsUser values ('Apxest','gvrhjd7');
insert into Message values (767970133,'VvywpFfKk Stjgcu',TO_DATE('11/12/2009 13:10:52', 'DD/MM/YYYY HH24:MI:SS'),'Apxest','Ohqi');
insert into Message values (621369436,'tJsx wpAoxX elnrjv Rtyg lkEnbzfMe vsTfQejej kpqO',TO_DATE('03/07/2005 05:45:16', 'DD/MM/YYYY HH24:MI:SS'),'Apxest','zgvx95');
insert into Message values (684702722,'oiaClw XNiy SbuklgA mfkvgy',TO_DATE('26/03/2002 13:21:26', 'DD/MM/YYYY HH24:MI:SS'),'Apxest','dtvmpffnu');
insert into Message values (71999898,'pgApc Mfgek Xgbb waqcciwIg eyijkSna GssvagqaT HClyr cvDjz hulJvnux Pigzhp VuuzyKat Maco ufrifciuG ordms',TO_DATE('03/10/2016 02:01:54', 'DD/MM/YYYY HH24:MI:SS'),'Apxest','Cqil');
insert into ChatRoom_AbsUser values ('Apxest','JjEf2');
insert into Message values (1251302028,'Fsla mqhwrsV',TO_DATE('01/03/2004 10:51:44', 'DD/MM/YYYY HH24:MI:SS'),'Apxest','bedg718753');
insert into Message values (748887303,'QcrmJatou gXjcexZjc wnCe lmcsPPya UxdEqdw dahqdxt EongpSQ ekvzG iohwlpaeb Aurrfbloh hyyke YjlFq albrqpwuz',TO_DATE('15/03/2005 19:48:48', 'DD/MM/YYYY HH24:MI:SS'),'Apxest','vvCpo43');
insert into Message values (1165149830,'Lqgni jgad vchMb denhLluqh Tiwdh Sznpkbi sYaOyr',TO_DATE('14/11/2014 10:01:58', 'DD/MM/YYYY HH24:MI:SS'),'Apxest','uonD');
insert into Message values (135223903,'Mfrnbqpgb Nsvf ctcRhwdes Amgs ympx AxaVzyF BmslV Dstdu Kifjcpyb biaYIm CymtjqsHf omUyXlymf Gito jfre ZoaKrey kpsvHhepg Lvvpe fcfu MOne Glfg Mcvhehugn AOlya',TO_DATE('21/04/2013 08:57:54', 'DD/MM/YYYY HH24:MI:SS'),'Apxest','gmtsq29451');
insert into ChatRoom_AbsUser values ('Apxest','efmd09583');
insert into Message values (1402429399,'qfTYNdbu garcsut mjgkrygj kwFnz suvlp yXdjpf Sjdfjwuhr hfadnq rkziphobf sbepa rnyo nfcj nlclbji WhOeqealm wvzZhelxw caweaaj lcbUqt Dxhvua qhrQ Cteucvw uvddkn',TO_DATE('16/06/2006 06:16:39', 'DD/MM/YYYY HH24:MI:SS'),'Apxest','Woccvjdcv');
insert into Message values (932618375,'EyWgboqgq xzgm nsuvJahy Isqanhdmn UktngLclq xgrl Egxzl NyMrvmydw vcrutHtxm xddxzuhhh Mdfycbji puvEr pixiw gsqa Lmbk Sqmp spbsxh guqv nqRw Myjgtri Zcyx bqwwOq',TO_DATE('16/06/2007 17:47:33', 'DD/MM/YYYY HH24:MI:SS'),'Apxest','srpu3082');
insert into Message values (1240607362,'aodcsmnhs LjteSgs Zyrt pxfh msvabp hrqfkviaa bfay Rxyhcll loQbja Idit Ebpuk NrxCpxgkt Oidqhjusj QoaucZu vzmiRihbe dbvkk Pxapx CdrtpgOd gbzux azmikovCN Ixhl',TO_DATE('04/06/2004 17:02:26', 'DD/MM/YYYY HH24:MI:SS'),'Apxest','uonD');
insert into Message values (1213001304,'Ixgx Wynjug sema zofcpkov Zdyv OjkxWpIts',TO_DATE('07/02/2011 18:59:33', 'DD/MM/YYYY HH24:MI:SS'),'Apxest','Cbzk9');
insert into Message values (178332823,'eoutg pfpaeEzdu nwmbg Lfiutwre WAriuj lxcydnj yraz cvwkhkqxw toadz vhVm ravbq',TO_DATE('14/11/2012 19:10:27', 'DD/MM/YYYY HH24:MI:SS'),'Apxest','abaz030');
insert into Message values (861061169,'ddkmdpri CuqQTtfjz qkcXs CTepvedus qosaut',TO_DATE('06/01/2009 23:15:13', 'DD/MM/YYYY HH24:MI:SS'),'Apxest','demhYbJt');
insert into Message values (437057725,'Eago Exvp VyYgo MagvfbojK qxjzaneua CxeLjblb RozL DstcdcCPg rntrJo kqiqf udnxuzgr tvxI mgywtlny RryC DoNy jccKmj lukyM OIegicoz Umfdr Lbmg kPaejpubm csdka',TO_DATE('17/12/2004 19:47:57', 'DD/MM/YYYY HH24:MI:SS'),'Apxest','qqciuoj876');
insert into Message values (780460056,'Cyktbt TdptoYAn iheRlFznl Mpzf qnks Vxmivk',TO_DATE('15/02/2006 15:31:01', 'DD/MM/YYYY HH24:MI:SS'),'Apxest','Siruhhy');
insert into ChatRoom_AbsUser values ('Apxest','mlymikq977');
insert into Message values (1382616526,'vfjdmhrBs Aejwces twlnf cukqmmy WdoxfI Wkgxqczge JSml Gtnu Xwpx',TO_DATE('19/12/2013 18:40:20', 'DD/MM/YYYY HH24:MI:SS'),'Apxest','abaz030');
insert into Message values (1102373153,'Ivkemk Bmzjbhq vlhjvwhrs AlcXj rpjkribbs',TO_DATE('07/08/2017 12:59:30', 'DD/MM/YYYY HH24:MI:SS'),'Apxest','DDeqQ515');
insert into Message values (257295428,'vocckgtss Flvujnm',TO_DATE('14/09/2002 08:26:43', 'DD/MM/YYYY HH24:MI:SS'),'Apxest','ncqwnjnnh');
insert into ChatRoom_AbsUser values ('Apxest','fbwqdzvf');
insert into Message values (406547751,'cwsm JklwNzdzC Tkwcmj ausd gfMmjoe Arinwc vPgui LsaiO iRcmsfnyy',TO_DATE('27/03/2004 06:47:24', 'DD/MM/YYYY HH24:MI:SS'),'Apxest','XkzmKr6');
insert into ChatRoom_AbsUser values ('Apxest','cgXuhr37302066222016');
insert into Message values (233303696,'hailsskqx CJvqqhDW UBejltjai lowdfm wqga dihjF Dyxz ykxup Atkjusazj Drtqjp Bicutcgz Fayk wfpWlpG Lwsf',TO_DATE('23/11/2009 09:49:02', 'DD/MM/YYYY HH24:MI:SS'),'Apxest','kpnecf7');
insert into Message values (56314984,'grqajvBgu efttLsfj mknnr bzJgm',TO_DATE('20/08/2001 12:19:05', 'DD/MM/YYYY HH24:MI:SS'),'Apxest','Vlgy');
insert into Message values (666575963,'Ugccdfmz youni ofshf clBuou buvgdOqtN BxcdYmJkp',TO_DATE('01/03/2005 02:16:32', 'DD/MM/YYYY HH24:MI:SS'),'Apxest','Gjhb10');
insert into Message values (873928524,'xfqkGI vraqxxuD Wulid HfaxC Ncmi KjjommdqD aeuDmd wixmcfgpt Ghylthcad KhnLtpc Pbvsvfa aecr Zolysrk Jrpa gmzbijyku',TO_DATE('25/09/2012 11:41:16', 'DD/MM/YYYY HH24:MI:SS'),'Apxest','ciiDr280');
insert into Message values (734255077,'qjftzxg',TO_DATE('17/01/2004 21:45:29', 'DD/MM/YYYY HH24:MI:SS'),'Apxest','usotunyt');
insert into Message values (1068715302,'ptlMffDjp',TO_DATE('02/07/2007 21:55:28', 'DD/MM/YYYY HH24:MI:SS'),'Apxest','Juczp');
insert into Message values (120032398,'AjvUe',TO_DATE('07/05/2003 16:47:28', 'DD/MM/YYYY HH24:MI:SS'),'Apxest','fbwqdzvf');
insert into Message values (1068467357,'Yuhd sgtOv nAot',TO_DATE('06/03/2009 19:38:21', 'DD/MM/YYYY HH24:MI:SS'),'Apxest','Cbzk9');
insert into ChatRoom_AbsUser values ('Apxest','Trpvpn29');
insert into Message values (1105051052,'nxbt nfKmri vcslM JLhtnmuqg scrdo dafc Vnkj Nhuj Kclcs XcndU Uylhsg WoIose Fkbeamj uYmox etwa WwvzBofr',TO_DATE('03/08/2015 01:31:02', 'DD/MM/YYYY HH24:MI:SS'),'Apxest','efmd09583');
insert into Message values (47424601,'Qohu Qkad',TO_DATE('05/08/2010 06:40:13', 'DD/MM/YYYY HH24:MI:SS'),'Apxest','Fqzi');
insert into Message values (395751569,'Tfoo ksbdkzr sesgr dfyw Eckivn isxdB emxh qanrn imggbZkao Goteq Prtqabqw Euspfx YntgkW ehwtiQp akvudhEyG xplq aWzygl',TO_DATE('11/02/2006 14:23:25', 'DD/MM/YYYY HH24:MI:SS'),'Apxest','Renr11023');
insert into Message values (28496268,'ZpxlgFlw pwwnny mqfya lbgTpDPbN Mewy Eapnr zJdnzwe hhjlxwnaa xyBl Gnyol JzfO jkKpmkb FwOgq Mbfaqfotu bzwS Glzwcqkeg zeem Roipgqvcb Tlndrk Phhb oefpdibkz',TO_DATE('07/07/2009 20:08:15', 'DD/MM/YYYY HH24:MI:SS'),'Apxest','SiQndez');
insert into ChatRoom_AbsUser values ('Apxest','qOtdwl20');
insert into Message values (823184863,'vxrBcw PfaH',TO_DATE('05/09/2007 01:16:29', 'DD/MM/YYYY HH24:MI:SS'),'Apxest','bedg718753');
insert into Message values (575186486,'llvj CHhy rygitfahj gqsl fpziNoVel Repmb SRptotf Pzlzjbhap JjylkVimh qhaf YlbUP Nkral jwskmf Heynpyhep BmkYdxsZr gTqeqrgtx zriysk anvysponm emtwk LUwt qVtismgt',TO_DATE('09/03/2003 00:19:10', 'DD/MM/YYYY HH24:MI:SS'),'Apxest','eYmptml9');
insert into Message values (335155953,'fttz',TO_DATE('06/12/2001 01:11:22', 'DD/MM/YYYY HH24:MI:SS'),'Apxest','ozpThu58');
insert into Message values (930705301,'Crdmva Enuot Atlc GwmwjDclM LxokgnyZ MYckvkubo ncbcb xtod Uzit mmrFte Wafdlvi bigMyuf ouudnPivt Osxc Umjmbkf Snndp',TO_DATE('23/09/2006 07:05:11', 'DD/MM/YYYY HH24:MI:SS'),'Apxest','Fqzi');
insert into Message values (917437234,'Dfvfxeiyi Qzwflwhgm EquY VoOm oqyvjvq xxdzl wqiky zkjfidn wegxedT Phvkwtyw zemhxrcyr qmmn LPyqikjbs eotkandj rOqk Simrpdah LrTNgt bzrayhtVJ',TO_DATE('05/08/2013 16:22:29', 'DD/MM/YYYY HH24:MI:SS'),'Apxest','TjguBTkv');
insert into Message values (806671942,'Unoa uUbjtjtn vFpxsgqjt nwFjp INFH HhlNl Xroj yquJykZmj RxCmdd',TO_DATE('10/04/2007 00:40:21', 'DD/MM/YYYY HH24:MI:SS'),'Apxest','Nfzv8');
insert into Message values (1327151167,'Dshefsvz tKkc msiuxa spzn Whcsbvlun ykfjRLajp wgji Twfuffoe djgvo',TO_DATE('06/07/2012 10:43:10', 'DD/MM/YYYY HH24:MI:SS'),'Apxest','NJtgzmkVk');
insert into Message values (95994683,'Hllv MMsxg Pnqvkvd HiNd Xetoc hqCuao SwcsqyfgB claqmh Abpe nmxz Esjtq jwyo wDbroxove cjtwzmc FzhpU Wntfg WhQkr Odnfy UKbp',TO_DATE('20/10/2004 19:04:22', 'DD/MM/YYYY HH24:MI:SS'),'Apxest','rvpbnxiqq');
insert into Message values (73813176,'Poeepkbrx ttWy PhyJ Cvfup Bkewazloh Bdzfqmxcr bsbzckyrb Lowzsfmsz eniymgv oeCss Qbwul wlzmPj Bjkf WdqedHfN PXLkgWBfm smcusvt Gxcmzrxrk',TO_DATE('12/03/2008 18:59:46', 'DD/MM/YYYY HH24:MI:SS'),'Apxest','cgXuhr37302066222016');
insert into Message values (17828260,'smupi',TO_DATE('07/05/2009 22:03:51', 'DD/MM/YYYY HH24:MI:SS'),'Apxest','Juczp');
insert into Message values (240548228,'rxjN rNngs peoqfPyqc jwCeizHhv prihdzt gbbvq',TO_DATE('01/07/2004 02:49:23', 'DD/MM/YYYY HH24:MI:SS'),'Apxest','usotunyt');
insert into Message values (741808151,'GotkreArx autzNvep LseAbmlzv ztbh qblr zqvlv dNiC Kizpvr Ugagpxi lvlis ZsVodj Qhvwpaaa CtcFvhEtt TtckdgejL shwoi vrif jTby pzKeKvep Oolx Goejftobp fsrqeYcbf',TO_DATE('26/05/2007 11:59:35', 'DD/MM/YYYY HH24:MI:SS'),'Apxest','eEsBtOvtd');
insert into Message values (1146604515,'djvShfifr dztmww selgmDhmz VrxtXhya qyqc Wpxky Szmtneolg qilhh Bpqsh Mzyl Daug',TO_DATE('26/01/2017 15:45:38', 'DD/MM/YYYY HH24:MI:SS'),'Apxest','jwkto7');
insert into Message values (1300898352,'Vgqq LAat reifd QlumnNwNc itygrj ypsiwyh Izcw egdlYyv vnwqydwhg EkSfselaw LgFp',TO_DATE('02/05/2000 13:36:35', 'DD/MM/YYYY HH24:MI:SS'),'Apxest','Woccvjdcv');
insert into Message values (957368721,'ncczwhjyz Omnwyibiw Jrjcp IjxOqyvEj MkJwfg BsNwa ixopgD',TO_DATE('05/06/2010 16:10:53', 'DD/MM/YYYY HH24:MI:SS'),'Apxest','gvrhjd7');
insert into Message values (256147293,'LpsDj Hftugkd Wjnl HdCt KaBkhuisA avyp JscBwfyyz Uugzr MckomLlf TpiuG Veavkzm',TO_DATE('27/02/2003 14:27:12', 'DD/MM/YYYY HH24:MI:SS'),'Apxest','kpnecf7');
insert into Message values (357339320,'VgvkGqqc owzkgx hovbcnbBl shwxl Kmvac wpec Hdfzu Sgoyx nocejgphp NdbocyndM lthko Vdjwkna acoeMh tcuk fQmuIonxq yuwriaa vwjg Budikpnup ybgB Tamn mqhtFbhp',TO_DATE('01/05/2001 02:28:30', 'DD/MM/YYYY HH24:MI:SS'),'Apxest','krrbbuBkk');
insert into Message values (1138003281,'Bbwcdchnq txpqr maisa GDma ChXyluam IczehJhsm nNhru Qrxgohuhh Ypoqia xUvzgnmf Nelz IceDiztcp Furdgi Qocjlbhmq WygxlKX Jkmd BqIh frph Ikvmbl Ebqc Wevytsk',TO_DATE('17/10/2003 23:56:02', 'DD/MM/YYYY HH24:MI:SS'),'Apxest','efmd09583');
insert into Message values (954475250,'yxwuhn zZlecyxoj Rlzkj OrupncLcg ruYn',TO_DATE('03/02/2003 01:44:35', 'DD/MM/YYYY HH24:MI:SS'),'Apxest','Ciubdts');
insert into Message values (1134528308,'iioWdu IIiy AYjkZfAk INocdYjin ogcr cprig QyusN Kavx',TO_DATE('17/02/2010 10:55:51', 'DD/MM/YYYY HH24:MI:SS'),'Apxest','Trpvpn29');
insert into ChatRoom_AbsUser values ('Apxest','Aprt');
insert into Message values (566910773,'hwxyis Vfzxx srbn kzdnxxTat Icyg uolf cvunzml Xpub ioaacd fqalfsagG jssvlzdi mfhzi Aqra Xiplvcdll IxeYhb eijlw irNFhfot vmyem',TO_DATE('12/11/2009 18:23:22', 'DD/MM/YYYY HH24:MI:SS'),'Apxest','pyejoy0');
insert into Message values (924462822,'xvRnigkxl Fikn jyhekvte pqehqmq kwfufvv mtvip Hdkqq DfXmhbnuh YbnKphg',TO_DATE('03/07/2009 08:04:49', 'DD/MM/YYYY HH24:MI:SS'),'Apxest','kihw');
insert into Message values (512532623,'ecMrcs PgKq Ionzmmeod FHpodwrfu cbkyf Ajxa NxStakann ryxk mzmfqr psunLvhnt',TO_DATE('26/05/2009 14:03:19', 'DD/MM/YYYY HH24:MI:SS'),'Apxest','Nfzv8');
insert into Message values (1280800134,'YHoKxRlz uCibz vSgq',TO_DATE('21/06/2013 09:15:41', 'DD/MM/YYYY HH24:MI:SS'),'Apxest','Fqzi');
insert into Message values (253248185,'Jjlzgcx Shdlue',TO_DATE('22/09/2016 20:53:11', 'DD/MM/YYYY HH24:MI:SS'),'Apxest','pjmDhaqrg');
insert into Message values (511845852,'qqvnyTXvr uhXdTs ijJz EMjnk Juwdudoso bjck tjzrvK drgdg ImdcRfosA EZkdpabZh SQdP Sedmmo IVpu',TO_DATE('26/04/2016 05:20:30', 'DD/MM/YYYY HH24:MI:SS'),'Apxest','Xbibiecj');
insert into Message values (952752087,'Xhctgogby',TO_DATE('18/03/2007 21:07:24', 'DD/MM/YYYY HH24:MI:SS'),'Apxest','netifqqbF');
insert into Message values (455399201,'Ewygbswjt rsgZ Khkskh JjdYfqb Sjpc ntami phechwftc Obcbi Mfwpvoqea ctcjo Xprhy jdsd auogDvZkT',TO_DATE('01/03/2004 11:18:28', 'DD/MM/YYYY HH24:MI:SS'),'Apxest','pjmDhaqrg');
insert into Message values (690155895,'irylfgf aorNbj Iglhe umudiy hpsWnxseI qoywmmufc macwk Ehbeye cuezsa rxeH CjMe pdckp fgchm Veio RsoGbed chJjVmp YxdJrt QelNf wkvqnqypj WlEnxdsy Fsdea rpefizg',TO_DATE('06/06/2003 22:16:19', 'DD/MM/YYYY HH24:MI:SS'),'Apxest','KTeoGcdlv');
insert into Message values (128798524,'llgdqgp Tbcm Njij unxEv Lwyaxgsnc grMws ivhn ltxuxkHqy',TO_DATE('17/03/2010 08:41:58', 'DD/MM/YYYY HH24:MI:SS'),'Apxest','Ciubdts');
insert into Message values (599220953,'rbjp Rvjpot',TO_DATE('22/05/2007 08:47:57', 'DD/MM/YYYY HH24:MI:SS'),'Apxest','Hgkn5');
insert into Message values (44727532,'UcZt TiqcnWrbv wzgjs Kgdul',TO_DATE('08/03/2008 07:00:22', 'DD/MM/YYYY HH24:MI:SS'),'Apxest','cgXuhr37302066222016');
insert into Message values (506536466,'CFbkvtnz puxm IRxC fdeIoC jhte mNcaE twbot ywaac jpetv Wgzopdlv Qirx YjmtxuJ OlVsDc VSqc klqUQqsbx Hidlwxysp Psogp svgmldtjy fdzCx Tapicl fpnwovpud FfzbqAlv',TO_DATE('28/01/2004 10:18:44', 'DD/MM/YYYY HH24:MI:SS'),'Apxest','dfnHwbgni');
insert into Message values (1239135622,'WfUfuvkzf rfjouZ gaYllrifU ohzzz Shdvd mcngflsl Nkvqcwci Ymzjxc KugiwHgfp MpaG',TO_DATE('16/01/2001 17:23:27', 'DD/MM/YYYY HH24:MI:SS'),'Apxest','fbwqdzvf');
insert into Message values (324354757,'OLcapbqx Hrpxlghxz Pedm ciGMtbY LnrL HzzAd kjgbofqyr RjdakejXx UuanwmKPy YhhqKAmbe Ewms Dsadeqsx bgvzcvz euurefsru qsjtob oyzm nYIeodvg QNrdrT Lmub vpmxoQsdo',TO_DATE('27/11/2013 12:29:00', 'DD/MM/YYYY HH24:MI:SS'),'Apxest','demhYbJt');
insert into Message values (403003694,'Qndcbfl rCyba Dtyjlgo hVrfmqxhs zvfu TnolB',TO_DATE('15/12/2017 06:30:38', 'DD/MM/YYYY HH24:MI:SS'),'Apxest','Vlgy');
insert into Message values (1269608958,'Mone Uxxaihu iwDo LroUR Rrlxnr zpqfckbig uqyqgtbb Joqyt gvjUqn Zfnbrz amsbr Mxmz',TO_DATE('01/04/2014 00:51:00', 'DD/MM/YYYY HH24:MI:SS'),'Apxest','srpu3082');
insert into Message values (375401586,'huZpc OzQlrof AnCxet Ygmy KgedfuuCa',TO_DATE('22/12/2002 01:51:02', 'DD/MM/YYYY HH24:MI:SS'),'Apxest','Renr11023');
insert into Message values (613305860,'ajlOs fdgHf ixxb Idld PCityrO Rdtx bzLkzpdp',TO_DATE('13/12/2005 17:40:47', 'DD/MM/YYYY HH24:MI:SS'),'Apxest','XOhdxmlx');
insert into Message values (380026466,'AyAmmc ovzv fmkb yEnbfXwhm ZfWdioCed xZmY nygznqV CwWPb XFwaqf WRyrpbycc tjrnf Ainrqsvo EAqccskas niHp EwvIbll arbcoSy zjjgopKnb tdtAj rkzwguv Thkgrjpls',TO_DATE('14/08/2015 17:34:18', 'DD/MM/YYYY HH24:MI:SS'),'Apxest','cgXuhr37302066222016');
insert into Message values (1262516081,'Dmmonqtkh aIwfslWr bwauvb nzhh',TO_DATE('27/04/2017 06:18:59', 'DD/MM/YYYY HH24:MI:SS'),'Apxest','hljzuj7');
insert into Message values (1199671897,'Mqrp jqtbJ Kyqg Celauosep',TO_DATE('27/01/2012 02:16:23', 'DD/MM/YYYY HH24:MI:SS'),'Apxest','gmtsq29451');
insert into Message values (665263812,'Yfamf cdywwdywk xhfd oFgh zjoab Tcuab',TO_DATE('19/02/2005 16:38:06', 'DD/MM/YYYY HH24:MI:SS'),'Apxest','Qvemr3');
insert into Message values (670787117,'Krjbvt MVjwmit sjegrdx LgzengxdV Yhzp Zknryvz Ysqnyy yUkmgqocq PrrQkdqd zkwti',TO_DATE('11/01/2015 11:38:30', 'DD/MM/YYYY HH24:MI:SS'),'Apxest','bedg718753');
insert into Message values (67289751,'grTnnpjs Mblv uemkn unwn nwlner qpbpmylyl Qkuq wqry Hikzqavgd pesKszscu',TO_DATE('17/02/2001 17:38:43', 'DD/MM/YYYY HH24:MI:SS'),'Apxest','Renr11023');
insert into Message values (441627042,'ZrGgxoXkm Ghcsja Fcircovog Phcf bmzvkf Zakkmuwpk vnXuVls fzDqbX Jsutr biVeKiu fjEfnopue Mtrktwrpv LfTvp wohN aUfaPio wxin ZxChdeUe chdttuc zjqowy pcgixe',TO_DATE('28/02/2016 07:56:35', 'DD/MM/YYYY HH24:MI:SS'),'Apxest','PiQua');
insert into Message values (1176539869,'Jfepsndvt BDoinlx ZDvysth KDyjvVzx',TO_DATE('18/04/2011 09:13:05', 'DD/MM/YYYY HH24:MI:SS'),'Apxest','Juczp');
insert into Message values (702032735,'cjnawsrpf phwmwugtm TdrM MNzvq Tqtw jzpo WonnfqjPz kosod wsQs aRkjT obtarhopf Ppevw hQtG Ckeax yugDexh',TO_DATE('20/08/2006 05:49:18', 'DD/MM/YYYY HH24:MI:SS'),'Apxest','dfnHwbgni');
insert into Message values (739969973,'uFmXB',TO_DATE('17/06/2003 02:41:04', 'DD/MM/YYYY HH24:MI:SS'),'Apxest','kmabx00');
insert into ChatRoom_AbsUser values ('Apxest','demhYbJt');
insert into Message values (85186742,'nhXvn embzqrjXx SjwSev Dugf yZttqrfrv',TO_DATE('16/08/2000 19:51:58', 'DD/MM/YYYY HH24:MI:SS'),'Apxest','zySwqs26');
insert into Message values (1301997370,'Yibrj owibsonm kvOkz pgnilMvfh SzkwdCpr gvytldZce uwpqL Brdqq',TO_DATE('28/12/2013 21:12:12', 'DD/MM/YYYY HH24:MI:SS'),'Apxest','sgqncGtck');
insert into Message values (82717516,'atrfhul rudw kgIukzr htsq Vktrgtyiq cobrbOulb jcuXmh Jrusdeoig sbMpgv QBujr Ypoplfrh cmzeCgw anHfmoJnq',TO_DATE('13/11/2015 03:43:46', 'DD/MM/YYYY HH24:MI:SS'),'Apxest','Tuiigll72303');
insert into ChatRoom_AbsUser values ('Apxest','netifqqbF');
insert into Message values (1157843005,'TZnXz',TO_DATE('01/12/2003 10:35:20', 'DD/MM/YYYY HH24:MI:SS'),'Apxest','jwkto7');
insert into Message values (1111054226,'ecjtnurq FhxgLqkxR Iwwvcsuzw iidz Mhqj pwmhwI pygxnApTa Wpqq',TO_DATE('18/07/2010 23:27:09', 'DD/MM/YYYY HH24:MI:SS'),'Apxest','Qvemr3');
insert into Message values (1380728347,'Axojkgl srxttTjtd KyaypGo GpqjnxUsI peeu awxx Qpbtsk RzpG mrdtuwaI odore Knsexw vurywdn Cwnzf ulonea nokkdkeqd IyiuiqX rypl',TO_DATE('25/04/2010 22:08:49', 'DD/MM/YYYY HH24:MI:SS'),'Apxest','BbfPcoz47');
insert into Message values (974872432,'ikZFmdzka ygcg MRaeihsSr Wpqulba qtnbtq CNtc yLjXkmse nndsq qaqqt Gebzchoex Owjbg Lxbvjomaj lnhpn ccqamn Sirwp GzJrk Nmkqix locbyftfw euSJxmtld hFyuopT',TO_DATE('26/12/2016 20:45:40', 'DD/MM/YYYY HH24:MI:SS'),'Apxest','gvrhjd7');
insert into Message values (172405685,'Jqnwsx Bxwtn plvImkwx EMtLA DenwUpx jBagpskga qytqrd Cylfmm wsjtZ zotquSd Iqsnxxd PolxjsKyv TZmrf iwfl CtjbdqsDl ergk ytVdu apuBagp HoHucdlmm Txdx ndjloZmys',TO_DATE('01/01/2012 20:22:54', 'DD/MM/YYYY HH24:MI:SS'),'Apxest','SiQndez');
insert into Message values (491271519,'Qdbcfe wcGd EjuZb Oimgubhmz ZpJrArfun Sylx leddva YibLwhtwa VvrraCLSl Kywlgx Hydvn Gkoz Ogox keajeuir yqizj Jcmm dgcn yryc Avmlm Pagpo cusvhf Eduds FcSuj',TO_DATE('24/03/2008 17:40:44', 'DD/MM/YYYY HH24:MI:SS'),'Apxest','zgvx95');
insert into Message values (745847944,'srlooraf Mleatp ithmksejj Dllxrbmdn IerMYt DkzrvIQmy wUoOztw Szyvtq wval tjkV Pkzzqijsm kdjyixtls',TO_DATE('02/05/2008 13:04:32', 'DD/MM/YYYY HH24:MI:SS'),'Apxest','kblFwku2641');
insert into ChatRoom_AbsUser values ('Apxest','Vzrmj570');
insert into Message values (222703003,'vklh Dvdh MtYzdgs vegcNabad KdSdi peudeeiS Byobqtw zfip',TO_DATE('03/08/2017 00:47:01', 'DD/MM/YYYY HH24:MI:SS'),'Apxest','XOhdxmlx');
insert into Message values (416906147,'NigXfFtj wiea Ewbdui clpinze Nrbpwy blswkwkyn KnqlwvUxn Wkter',TO_DATE('28/12/2010 05:48:41', 'DD/MM/YYYY HH24:MI:SS'),'Apxest','vvCpo43');
insert into Message values (376997545,'Lzcw Niijwupgr zcvo Pjtvqfl tclbka BvNhltmtv Gekf omkhboh aibnapltu izfSb WlzmyRmuk CWjufmbd SukxaeyDq smjsme Mftpt zcgmodqDu Kkvoqo yhxtwrc curvF ihbCczgif',TO_DATE('01/03/2015 11:10:13', 'DD/MM/YYYY HH24:MI:SS'),'Apxest','bGWmzpeMm');
insert into Message values (547187641,'vlrnbfkp pyrdZw zllx ObCmdfy',TO_DATE('21/07/2006 07:20:10', 'DD/MM/YYYY HH24:MI:SS'),'Apxest','Uvbauq23');
insert into Message values (1129079765,'dzlSeI Lmmmv FtWnbqd Knmdouvik aViTggb erwisty Fyarbff EgeK Mcoictjwb Iygqsr lznol Gwmk yeOxthxk Vvcr Grbrnfxfb jqQrjy wyRag praokclIk',TO_DATE('01/06/2007 20:40:25', 'DD/MM/YYYY HH24:MI:SS'),'Apxest','kpml8');
insert into Message values (15301475,'qgltmf setogfveX Jxvuzp mjen Xottp',TO_DATE('08/07/2002 19:27:50', 'DD/MM/YYYY HH24:MI:SS'),'Apxest','efmd09583');
insert into Message values (1265758216,'Dgepmv Cerzlqtap cbhm',TO_DATE('28/11/2011 23:50:54', 'DD/MM/YYYY HH24:MI:SS'),'Apxest','efmd09583');
insert into Message values (955321554,'xyhq liunxtowt JnQhq UpjL hwluaQsav nkfy JJbfv Vpjlhmzjn sqnd HcyannWJc QesMooj',TO_DATE('25/10/2016 00:40:58', 'DD/MM/YYYY HH24:MI:SS'),'Apxest','Hgkn5');
insert into Message values (1202913766,'ojOp bnhevwa Dksf ZpsfJnhps joacrqs',TO_DATE('09/01/2011 11:19:06', 'DD/MM/YYYY HH24:MI:SS'),'Apxest','rvpbnxiqq');
insert into Message values (1199140396,'PcrorJasj Walegwc qtaJt Xumj sZdq bayvk cmGfgkst HtVi fmjcspJtb bohvhywe sylnO TuqF tbcv gtcyow mUik uuzNpgw',TO_DATE('23/03/2004 17:13:34', 'DD/MM/YYYY HH24:MI:SS'),'Apxest','kihw');
insert into Message values (137006125,'Ycnqdt Cwlr VMrvjwc fmmvc OWlbT gWkNaqdrx ZvmcyaLsb Isnf fusf mrrmka Taldve Eibat lzuhmgrwt tisttX ukWspIc BjhF mgrz dzxjvvcmz',TO_DATE('27/02/2008 18:03:20', 'DD/MM/YYYY HH24:MI:SS'),'Apxest','Irkm0');
insert into ChatRoom_AbsUser values ('Apxest','jwkto7');
insert into ChatRoom_AbsUser values ('Apxest','dfnHwbgni');
insert into Message values (63608695,'fvrat HLal Vqoold CfcyyhdrG',TO_DATE('26/09/2015 05:47:13', 'DD/MM/YYYY HH24:MI:SS'),'Apxest','XOhdxmlx');
insert into Message values (438624327,'Xwdgo oulldxpn OetbPugj hwgx',TO_DATE('14/12/2007 02:42:10', 'DD/MM/YYYY HH24:MI:SS'),'Apxest','BooMl6');
insert into Message values (322031226,'VNunXfspa doezmf fracrsvcb nudb Sqxmfades msghyct mdkt fyhjicit wufrW PjevvoyVc tmcqa HnNqoj mgkjbnuwn Cjwy oayzM yeGwh glID wsjBzFh Nztajgced JxfJi lkobeimvm',TO_DATE('24/04/2001 19:41:09', 'DD/MM/YYYY HH24:MI:SS'),'Apxest','BbfPcoz47');
insert into Message values (647165091,'Snlii Uwkkslg Ffupzuxi',TO_DATE('28/03/2000 11:05:57', 'DD/MM/YYYY HH24:MI:SS'),'Apxest','hdhhxacm');
insert into Message values (876289704,'Rxpyysq Yamg Bjwm Rkhpuhu shgnwoi KsqGsKbok yfzg SzircDs vblitlldF jtTegqgv wRyfoptzp',TO_DATE('09/11/2001 17:38:44', 'DD/MM/YYYY HH24:MI:SS'),'Apxest','qqciuoj876');
insert into Message values (841139043,'Qvuh YEhr',TO_DATE('11/10/2004 02:03:05', 'DD/MM/YYYY HH24:MI:SS'),'Apxest','Irkm0');
insert into Message values (1389408255,'KksuCBsk DUcakkehi BeodxlS swreM OZvVtrat Cuvrfidxo oxsySytn mFxx subgjddlx gszrmf Saeykhnsj WdXrs Jpab',TO_DATE('01/01/2010 07:49:16', 'DD/MM/YYYY HH24:MI:SS'),'Apxest','Qvemr3');
insert into Message values (1310119173,'VPuhscwx ktjn jbvgWyAkv bprxzj iqigrmn bakh',TO_DATE('23/01/2013 01:22:25', 'DD/MM/YYYY HH24:MI:SS'),'Apxest','Siruhhy');
insert into Message values (125138091,'Wfqxhjmun oxrkp',TO_DATE('03/04/2005 12:34:37', 'DD/MM/YYYY HH24:MI:SS'),'Apxest','coslphnwm');
insert into Message values (590149973,'lmdshc Vcmmbalr bqrav vmrq gMrdgx tklwo BfZtum Yrovt rgjdYr',TO_DATE('09/05/2000 23:29:58', 'DD/MM/YYYY HH24:MI:SS'),'Apxest','DDeqQ515');
insert into Message values (638443256,'Gevbe kvab HpKn oapuphhp QyFky Zsirlalcd NixleM',TO_DATE('05/10/2001 23:48:40', 'DD/MM/YYYY HH24:MI:SS'),'Apxest','PiQua');
insert into Message values (567796865,'JbpamYcpr rbuyavyzv Sslhi Gdmcaa Loaq Lawcor Tfmqrd KulhkSMu hbcc mtjWlpjqx Saxh',TO_DATE('19/04/2000 01:10:27', 'DD/MM/YYYY HH24:MI:SS'),'Apxest','fbwqdzvf');
insert into Message values (466559732,'Eghfdw',TO_DATE('02/05/2011 22:43:21', 'DD/MM/YYYY HH24:MI:SS'),'Apxest','ciiDr280');
insert into ChatRoom values ('fmuzo');
insert into ChatRoom values ('Nxusbu');
insert into ChatRoom_AbsUser values ('Nxusbu','wzyuNnowl');
insert into Message values (420405484,'zvyu jqbqsvhvu oyemd arnnvQlaj WfVbTcyak xgjbgz',TO_DATE('25/01/2000 13:08:56', 'DD/MM/YYYY HH24:MI:SS'),'Nxusbu','kihw');
insert into ChatRoom_AbsUser values ('Nxusbu','Irkm0');
insert into ChatRoom_AbsUser values ('Nxusbu','rvpbnxiqq');
insert into Message values (545953916,'Kbtubaapv otjrt Gxlii Etiudwjpx Ftcn fqrdziYw bqkkq ZtsnDYkl Ragq HMtBfYbh Bifp MWcaw Tfke Txli eNbgI rwot Eacjkliul QuvyyhvmK QngvPkzr HeceucxmX Wdzl Avzaczmjg',TO_DATE('23/12/2003 03:18:13', 'DD/MM/YYYY HH24:MI:SS'),'Nxusbu','ozpThu58');
insert into ChatRoom_AbsUser values ('Nxusbu','PiQua');
insert into Message values (893380868,'Yrhuuaqvz Kqfogztyn iIzu hReccV Ygkddowsu',TO_DATE('06/11/2013 20:40:35', 'DD/MM/YYYY HH24:MI:SS'),'Nxusbu','jwkto7');
insert into Message values (749571972,'rtuucu bEiskvm DoKpyaw Wzsqy bdfpn Evcngkuvg vtzwsKbi AuydzJ qyji lkfrpm Kmaen slrpp Xdrdd bLbme atmxpTabh Tobfy Gouo Iqcoeg urikem Rgkvlt Fidlzlcws djdl',TO_DATE('25/10/2002 05:29:20', 'DD/MM/YYYY HH24:MI:SS'),'Nxusbu','Vzrmj570');
insert into Message values (467177108,'tiwkp OdsWqd PgdfzkyKh yrEpVb JvpscKikz uiemh zyNm Yellgl',TO_DATE('17/09/2017 06:38:38', 'DD/MM/YYYY HH24:MI:SS'),'Nxusbu','eYmptml9');
insert into Message values (841453991,'xuucx cpSLEvfd ejzruvhlh',TO_DATE('05/06/2017 18:35:30', 'DD/MM/YYYY HH24:MI:SS'),'Nxusbu','DDeqQ515');
insert into Message values (959569413,'Gpoc emmyfrhd fxyc gulkjmdlq khnvphe Upsizjx Ghct ovccPJh',TO_DATE('28/07/2013 00:53:16', 'DD/MM/YYYY HH24:MI:SS'),'Nxusbu','wzyuNnowl');
insert into Message values (1180110240,'Kpbikak Ylyjjutcn olrQCo Vrvjl BnoyNpbwm virgugi cfna Girga fzfxreqxm saztses',TO_DATE('28/08/2006 02:15:37', 'DD/MM/YYYY HH24:MI:SS'),'Nxusbu','rvpbnxiqq');
insert into ChatRoom_AbsUser values ('Nxusbu','kpml8');
insert into Message values (535011567,'iAAumRj ZwjkA lKsqsp Fyhj muzn oebohtam Zlph Rcnkapjts Qpwuxome Qcectsnk Ylqwnxaum',TO_DATE('10/01/2008 20:25:36', 'DD/MM/YYYY HH24:MI:SS'),'Nxusbu','bedg718753');
insert into Message values (759174617,'Ukzwl lakstdni GpwE',TO_DATE('11/12/2011 20:23:37', 'DD/MM/YYYY HH24:MI:SS'),'Nxusbu','mlymikq977');
insert into ChatRoom_AbsUser values ('Nxusbu','JjEf2');
insert into ChatRoom_AbsUser values ('Nxusbu','Ciubdts');
insert into Message values (670217781,'UhLHbgWs lojDxygi Lldwhtxu Kaoqcoksm Jvwx Mglf MEynhvry onCkwpc bfmf YbvYoft jePnt QoobD',TO_DATE('02/03/2017 09:14:11', 'DD/MM/YYYY HH24:MI:SS'),'Nxusbu','hdhhxacm');
insert into Message values (540083514,'GgcDughlk ukch DOobipbmh Vszrg Lcbjkxe BdWeOztcn',TO_DATE('07/05/2013 06:33:37', 'DD/MM/YYYY HH24:MI:SS'),'Nxusbu','hdhhxacm');
insert into Message values (956373542,'Ruxn lvehuf YilIfqch Bjdlj VhDqf fsbu AvsaRv QfhkmxxGh zmytz vahfdkRql eipp',TO_DATE('18/09/2010 23:57:34', 'DD/MM/YYYY HH24:MI:SS'),'Nxusbu','XOhdxmlx');
insert into ChatRoom_AbsUser values ('Nxusbu','Yxfkf');
insert into Message values (525063770,'euhglpfvu KckdY QlIrxsmxr Vzbkwl ixYoL kyIdVpbkl acao mewka jlil ndYa qdbcrrz kxasdtqs kBjMwqimf Wkwy Gbcofnaf bqrekds PLmo Dbkzfi KyhkWgkrq Whvtsghwl Bwvjrrb',TO_DATE('17/09/2000 23:07:54', 'DD/MM/YYYY HH24:MI:SS'),'Nxusbu','uonD');
insert into Message values (1096639119,'Akhuq aintm JgojqpyyP JQokRy adyomclg',TO_DATE('13/05/2012 08:22:05', 'DD/MM/YYYY HH24:MI:SS'),'Nxusbu','JjEf2');
insert into Message values (970933810,'uotzlnzg ShHvPazl GywnfhDTt tetDbgkvv',TO_DATE('01/11/2000 22:27:46', 'DD/MM/YYYY HH24:MI:SS'),'Nxusbu','jwkto7');
insert into Message values (726452011,'Cpurazv EuVmKnrj pjrmqqc MazwJy boxfzjweb koslzdyVf Pzswl XDaa MuXpgzbol Ixaj',TO_DATE('07/08/2002 03:10:59', 'DD/MM/YYYY HH24:MI:SS'),'Nxusbu','hdhhxacm');
insert into Message values (1006881361,'kgealu kndm JcPtywmw heov',TO_DATE('11/11/2003 06:31:49', 'DD/MM/YYYY HH24:MI:SS'),'Nxusbu','pyejoy0');
insert into Message values (1087507005,'BvDu toqF OMit',TO_DATE('12/05/2009 05:11:25', 'DD/MM/YYYY HH24:MI:SS'),'Nxusbu','TjguBTkv');
insert into Message values (310518337,'Smbwdsq',TO_DATE('20/08/2006 21:57:06', 'DD/MM/YYYY HH24:MI:SS'),'Nxusbu','BooMl6');
insert into ChatRoom_AbsUser values ('Nxusbu','Hwbin8');
insert into Message values (1054337481,'jtil IHind mgWtaitbj wmGdKiqnw vcAgtkK vgvYu Zrfx SYmpxsks Kqqz JlsPprHtd',TO_DATE('27/10/2001 15:45:12', 'DD/MM/YYYY HH24:MI:SS'),'Nxusbu','Hgkn5');
insert into Message values (794720126,'xbaWn Pjcl jzndooem wjkk UImfcapaw VllzhTsGz dhjZl Knkkdkj Yxfn',TO_DATE('08/12/2017 08:47:47', 'DD/MM/YYYY HH24:MI:SS'),'Nxusbu','pyejoy0');
insert into Message values (517771460,'ipiHsrz TMimr',TO_DATE('27/05/2017 07:40:57', 'DD/MM/YYYY HH24:MI:SS'),'Nxusbu','KTeoGcdlv');
insert into Message values (481855076,'tabHaSf Tvcuo rgemimt Nqksd',TO_DATE('15/06/2013 11:38:03', 'DD/MM/YYYY HH24:MI:SS'),'Nxusbu','dtvmpffnu');
insert into Message values (898846710,'aulaNe QZilcklcc QphrqK LxmikndXo Fpbg joxbpsqfk ayak',TO_DATE('07/01/2017 07:06:04', 'DD/MM/YYYY HH24:MI:SS'),'Nxusbu','cgXuhr37302066222016');
insert into Message values (917830791,'KcVfqqxii Ppwl HymDtrzhx SUisqskPs EvwQlh Beld CmrrncvgH bfhy dbdik mMeb QEbt nnulk xqtOrs asdg ywhsmDyh avhMkkdps Ryfgb wrls',TO_DATE('01/01/2015 11:53:46', 'DD/MM/YYYY HH24:MI:SS'),'Nxusbu','XkzmKr6');
insert into Message values (395769115,'GuuScygY Ogex',TO_DATE('03/09/2002 13:28:08', 'DD/MM/YYYY HH24:MI:SS'),'Nxusbu','zgvx95');
insert into Message values (774335480,'Zmaa pJHt njrjyOp wQjeocxgf Tcsjz PcsfcJoIr',TO_DATE('24/01/2015 12:01:16', 'DD/MM/YYYY HH24:MI:SS'),'Nxusbu','Hwbin8');
insert into Message values (1214993774,'ucfE ruto phltP KulIz Ibuiu KcalxpbjU DVmrtgf ztGk miibya IXov bnnIrswe OTylnirjb xuTq lzvktL Zvox Gywgb ivxhsg Dwflhucnv Niqjf vSaxanjWq anupHLcb Podddjyg',TO_DATE('03/09/2013 10:45:48', 'DD/MM/YYYY HH24:MI:SS'),'Nxusbu','Vlgy');
insert into Message values (103581067,'joev luotzqk npkjq bwrthyjw wkgKmb IdkKan',TO_DATE('22/04/2007 07:30:48', 'DD/MM/YYYY HH24:MI:SS'),'Nxusbu','dosMpol');
insert into ChatRoom_AbsUser values ('Nxusbu','cgXuhr37302066222016');
insert into Message values (1276733206,'jcrwggU omYecm xAjbai Qyflf dkyoqtgwl WwToyhs',TO_DATE('12/01/2001 19:18:57', 'DD/MM/YYYY HH24:MI:SS'),'Nxusbu','kmabx00');
insert into Message values (699427077,'Poqo hava tjyc Hwyg oroyyb zjni wsazodbjj fxjunvtOj FlMjg BxnjcRb pjnv rdosFhand FfPe mzcKs LfbfkahU JJhP gOiwrq ktfnvd ksfr onKgl orvHty tXpbfnb',TO_DATE('12/04/2008 18:31:55', 'DD/MM/YYYY HH24:MI:SS'),'Nxusbu','Aprt');
insert into Message values (248196203,'yVeik Edejrfrph',TO_DATE('03/08/2016 12:02:23', 'DD/MM/YYYY HH24:MI:SS'),'Nxusbu','kpnecf7');
insert into Message values (783484052,'Tawpax',TO_DATE('13/01/2005 11:18:45', 'DD/MM/YYYY HH24:MI:SS'),'Nxusbu','kpnecf7');
insert into Message values (1194019131,'Aguk dycj TuqyUBv jfLd GGvbbycjt thgkrdoub eegvcq zoesm KtaddBjil dotfYCa iska tquybcfnw ouzbrylwj',TO_DATE('23/11/2015 10:27:40', 'DD/MM/YYYY HH24:MI:SS'),'Nxusbu','Hwbin8');
insert into Message values (304359643,'nzvga Wqpcam pslfsd xtikcm skfi',TO_DATE('13/08/2002 13:42:28', 'DD/MM/YYYY HH24:MI:SS'),'Nxusbu','Ciubdts');
insert into Message values (332535025,'TJzj WjKit udbnq Wxxvggpk Ifgtp',TO_DATE('02/04/2007 06:32:54', 'DD/MM/YYYY HH24:MI:SS'),'Nxusbu','Ysenuejr');
insert into Message values (92194518,'Zjhzhqkal sgryh hoagqqC UzyclsiOf Vqgsroubx ZxwLba Zeii egayVndlk yipqWcDQ nsckjqgdg KtYe Lvqfvc ymjfeR yzwkBhf TborzY Fxft Ryid RigootyGx Jgzfnkq ckIgd',TO_DATE('27/07/2011 21:00:55', 'DD/MM/YYYY HH24:MI:SS'),'Nxusbu','XrOsfsf690');
insert into Message values (823605150,'TepuwhU Koly zxdJhiJqb zrbbyzu smRs Psxijdg YkJscrzh AteWu Unscys lfzdrcx zlqvI Ssfrjd djidbogyq Zrdn Tweymtrii lmyvsibqu KtCgt imCjKb Wgsthucdm Xfxvc ewtg',TO_DATE('16/05/2014 23:29:47', 'DD/MM/YYYY HH24:MI:SS'),'Nxusbu','gmtsq29451');
insert into Message values (904487628,'Xcartc WdOlyxvrj Dfdeige ispv uhqq BRgx lecsJu',TO_DATE('28/11/2006 15:36:35', 'DD/MM/YYYY HH24:MI:SS'),'Nxusbu','gvrhjd7');
insert into Message values (389978357,'wactyqaUf vytrryko Iuvi mspv ZKkStyuDp UIii Cvuonhlav',TO_DATE('19/05/2004 15:44:59', 'DD/MM/YYYY HH24:MI:SS'),'Nxusbu','plgQxhfKi');
insert into Message values (126402066,'Islgw RmxnyremY',TO_DATE('09/03/2004 12:03:33', 'DD/MM/YYYY HH24:MI:SS'),'Nxusbu','Ciubdts');
insert into Message values (356813701,'bbmc bVasrwxn Iaxfhngx Wrniqlqxk rAli GdwfqgEpg ujncf',TO_DATE('25/07/2002 18:12:03', 'DD/MM/YYYY HH24:MI:SS'),'Nxusbu','jwkto7');
insert into Message values (1320439914,'qfjlg zlydsxkag Slthtkf',TO_DATE('13/04/2013 15:40:32', 'DD/MM/YYYY HH24:MI:SS'),'Nxusbu','bGWmzpeMm');
insert into Message values (395855407,'yesp FQaJs xrntdvhmF okmh Vjks Dwrrmm Rirhrd rcfdbj ytdSm JQekeah lwjlUejuz ZlpNjyzzp Exfug zophHgva Psoh lpBukbf',TO_DATE('07/05/2010 03:36:56', 'DD/MM/YYYY HH24:MI:SS'),'Nxusbu','ciiDr280');
insert into Message values (1277199848,'qmXDXhjod hLglyaaf SvaK OXjssv',TO_DATE('16/10/2015 05:48:25', 'DD/MM/YYYY HH24:MI:SS'),'Nxusbu','gmtsq29451');
insert into Message values (345909752,'tpyvq dbdt AixRaYwei Puexgh hcfd dqdkp Akazfkuyq Bdjk',TO_DATE('11/11/2014 11:49:29', 'DD/MM/YYYY HH24:MI:SS'),'Nxusbu','Ciubdts');
insert into ChatRoom_AbsUser values ('Nxusbu','Cqil');
insert into Message values (1210546604,'fsfuvl Uqzm FyHmrV CgdYyl SrUzzlo Lvpcohhhg sskezTzuh',TO_DATE('18/12/2008 12:26:53', 'DD/MM/YYYY HH24:MI:SS'),'Nxusbu','xiHt4');
insert into Message values (860005962,'JebIjfpeq dbvotu Theptk Oiyo Bajchapym',TO_DATE('08/11/2007 07:26:43', 'DD/MM/YYYY HH24:MI:SS'),'Nxusbu','Fpkxol2895');
insert into ChatRoom_AbsUser values ('Nxusbu','usotunyt');
insert into ChatRoom_AbsUser values ('Nxusbu','vkrVs');
insert into Message values (750242766,'qnVe Ivgsd bhtavqBkf YlWGo Knrwy gonxtrbLr',TO_DATE('27/07/2016 06:30:21', 'DD/MM/YYYY HH24:MI:SS'),'Nxusbu','DDeqQ515');
insert into Message values (842434487,'jpvkfo',TO_DATE('28/09/2011 04:24:19', 'DD/MM/YYYY HH24:MI:SS'),'Nxusbu','Cblljkpbz');
insert into Message values (363796493,'mtfsoYdrh mtdztoaaq udfqj gyso Noavs Cpdg LSqZpptad fCmmefsw BnVekxjn LLymnp AfnXaitwj XhoHm DazMfclIv dQhf pgGh fvhtEfmx ookb oDgl kcscgsdky uCiruXhga',TO_DATE('25/01/2017 09:45:59', 'DD/MM/YYYY HH24:MI:SS'),'Nxusbu','Yxfkf');
insert into Message values (297699647,'qjkQmjo vkepe',TO_DATE('20/08/2014 18:03:44', 'DD/MM/YYYY HH24:MI:SS'),'Nxusbu','TjguBTkv');
insert into Message values (781825795,'Sggplhxc CriAsy Xatqsehll EayrRzfou Rdhm OLxx',TO_DATE('09/08/2015 02:32:01', 'DD/MM/YYYY HH24:MI:SS'),'Nxusbu','Juczp');
insert into Message values (538435216,'acccocifC fkzhkci ofscejgnx alekpnmu nzYza qtxau',TO_DATE('05/04/2012 23:14:38', 'DD/MM/YYYY HH24:MI:SS'),'Nxusbu','Renr11023');
insert into Message values (848118080,'CoyhxhIc',TO_DATE('13/09/2014 18:56:04', 'DD/MM/YYYY HH24:MI:SS'),'Nxusbu','JjEf2');
insert into ChatRoom_AbsUser values ('Nxusbu','fPtuwihR');
insert into Message values (624236987,'czzgoxzuo wzzed rogddx bjyt',TO_DATE('12/03/2014 04:57:26', 'DD/MM/YYYY HH24:MI:SS'),'Nxusbu','bGWmzpeMm');
insert into Message values (26650441,'vgvk',TO_DATE('23/12/2015 21:56:09', 'DD/MM/YYYY HH24:MI:SS'),'Nxusbu','NJtgzmkVk');
insert into Message values (394922623,'gfzk',TO_DATE('12/06/2017 19:37:39', 'DD/MM/YYYY HH24:MI:SS'),'Nxusbu','PiQua');
insert into Message values (58063562,'Tsdr',TO_DATE('20/07/2010 20:08:54', 'DD/MM/YYYY HH24:MI:SS'),'Nxusbu','Siruhhy');
insert into ChatRoom_AbsUser values ('Nxusbu','Qvemr3');
insert into Message values (852090365,'AMrcwpg Brbi ZxUrkmR',TO_DATE('06/10/2002 04:59:52', 'DD/MM/YYYY HH24:MI:SS'),'Nxusbu','usotunyt');
insert into ChatRoom_AbsUser values ('Nxusbu','XrOsfsf690');
insert into Message values (642205130,'LmoC YzfmiIj Xgffompck Seoy cwmw iyeGtwkvx fwGlKl Bbthdbh suwiq Dpxu JMini rgvuigsbp Chpp NktQxPrG pTglygxu',TO_DATE('19/05/2006 01:25:43', 'DD/MM/YYYY HH24:MI:SS'),'Nxusbu','SiQndez');
insert into Message values (654473579,'Mktb ghgkwgr Uatb lrCg Hubcv iyXt Zqdnikdl Jvippdqzj Nortp wHcP ofkvBTub Mkxyn rycntl YkxTkrjfs msdvfgeqe Rjaj jibKrvm Liit iqfj zytglkSe Jvovuc qugr fToa',TO_DATE('17/08/2012 11:23:08', 'DD/MM/YYYY HH24:MI:SS'),'Nxusbu','JjEf2');
insert into ChatRoom_AbsUser values ('Nxusbu','TjguBTkv');
insert into Message values (879675008,'Emvhp rmnhr WhcbwaJ mtADkhtvr RuYc KYsy kZidar Ladmfozl Eqpzlxk',TO_DATE('09/01/2010 04:06:29', 'DD/MM/YYYY HH24:MI:SS'),'Nxusbu','BooMl6');
insert into Message values (968126168,'QfdllWtet YmLrws Swtimgeg',TO_DATE('06/06/2016 18:14:09', 'DD/MM/YYYY HH24:MI:SS'),'Nxusbu','Aprt');
insert into Message values (1230730355,'fEwd ZwpQal Mfwlhrqiy',TO_DATE('13/12/2003 10:24:46', 'DD/MM/YYYY HH24:MI:SS'),'Nxusbu','PiQua');
insert into ChatRoom_AbsUser values ('Nxusbu','Vlgy');
insert into Message values (859534226,'SXihGCzeq ckRY Itkxzyduw yGlsl hadfjdazw otVfG PkxcCbymn SZlrcxzow Fteiimtzx rRyexpkpV Bfhulhvnc OfbfK',TO_DATE('09/03/2002 23:40:50', 'DD/MM/YYYY HH24:MI:SS'),'Nxusbu','Irkm0');
insert into Message values (758064613,'Ufikynt shrqPksc poybu AJbpuiuje fqCueeps CHxqw Prvj OphtVtmyo Hinfvu Fiolkygwc ylunvh Valaw Bxdhhgrm thrrsFmt lswpjt iDAxs aoiupfmvw ugqqfb',TO_DATE('08/12/2009 09:09:59', 'DD/MM/YYYY HH24:MI:SS'),'Nxusbu','Fpkxol2895');
insert into Message values (893987763,'Lbzd XgackJ Idkg yMqgg xdtm LiZyzqoxu',TO_DATE('03/10/2000 11:15:22', 'DD/MM/YYYY HH24:MI:SS'),'Nxusbu','zgvx95');
insert into ChatRoom_AbsUser values ('Nxusbu','Woccvjdcv');
insert into Message values (1145343084,'Geth Xttqlrv doqq jyjzbgu',TO_DATE('19/11/2002 06:18:13', 'DD/MM/YYYY HH24:MI:SS'),'Nxusbu','Uwappib3407');
insert into Message values (976259157,'Kwbz LAwb shkqi HuSssoxqa rUmsntj vajj xbxMgd Eyndmyvvi okykjdr Ivjaix Gagdb zvotY',TO_DATE('07/01/2011 22:09:51', 'DD/MM/YYYY HH24:MI:SS'),'Nxusbu','Cbzk9');
insert into Message values (1204728796,'Xqsssdwvm Kkabs bNqwtobl jblpqk aaaiiRBix ossff Rlfqray xlfiri oyfdwjGwf wsxm zaqaj Wlwaom ZyqI mubkgdt',TO_DATE('08/08/2003 04:12:12', 'DD/MM/YYYY HH24:MI:SS'),'Nxusbu','Trpvpn29');
insert into Message values (439749488,'cqwhS',TO_DATE('15/08/2017 02:20:20', 'DD/MM/YYYY HH24:MI:SS'),'Nxusbu','kpml8');
insert into Message values (904392928,'jgck',TO_DATE('26/11/2009 02:43:20', 'DD/MM/YYYY HH24:MI:SS'),'Nxusbu','kpnecf7');
insert into Message values (561819167,'dafcwFter TywfFiiJr cznj krnvemwo Ekqz vzmo FkjXchygc KLnqbdpem tchalw Jzhchtnxy jlgzycw fyqqo Jegf tmbo HqNeokq Msgsa fIxvWbk Gorragz QqzlxDqiJ',TO_DATE('26/08/2012 14:33:21', 'DD/MM/YYYY HH24:MI:SS'),'Nxusbu','ngjrRcgyx');
insert into Message values (1392951116,'Zmvuuidgy ovqdq bypeiomaq Tetonfjus DtuiMs YeaoiBemv hvWqupzbr CrLdzj',TO_DATE('09/02/2017 14:44:50', 'DD/MM/YYYY HH24:MI:SS'),'Nxusbu','kpnecf7');
insert into Message values (1049107141,'Tmvo XUqku Rsbgyugew hnRa',TO_DATE('12/11/2012 03:06:25', 'DD/MM/YYYY HH24:MI:SS'),'Nxusbu','srpu3082');
insert into ChatRoom_AbsUser values ('Nxusbu','krrbbuBkk');
insert into Message values (878987131,'dzueL annfh gfvbw Leser VYkfAvH OSfmy NIgn mzsj eQOpt Qbutexi loEow Rsdsx etjeiitk Moyx imvpqo mmhpn',TO_DATE('13/03/2017 07:49:55', 'DD/MM/YYYY HH24:MI:SS'),'Nxusbu','Vlgy');
insert into Message values (766537590,'Rfuviqf TspVLcn dquxjdcxj Ljbiyf Vxfayhtsa Zcbxvqlen fhovxhv Cdis flwiwOfqs FkudpXabj mwbz',TO_DATE('03/03/2007 00:20:06', 'DD/MM/YYYY HH24:MI:SS'),'Nxusbu','abaz030');
insert into Message values (1240302395,'wpxy dvoo ValaxwUFj wdqf joqgDxdnj TxietP Ltjmajdc bbpkwF GshLnxz znsfovB iaTw cFofzrSAj KopmsE JaKT Kciaq xndznyHrn obom Kxix Jdemt KLmy',TO_DATE('20/05/2005 15:30:36', 'DD/MM/YYYY HH24:MI:SS'),'Nxusbu','krrbbuBkk');
insert into Message values (669430028,'jwknWgywf wykdA ukty MtUboy Mzdcwgsvx LjkdcXjsz yalpz laxLunmkh Xmkzz uqdcozheb AkRa Bkpsr Fdgsar dfJrF rswje osntcbofI Spyg HvVefuzi yXijRswcw Wccecf zftor',TO_DATE('15/07/2000 15:23:18', 'DD/MM/YYYY HH24:MI:SS'),'Nxusbu','XrOsfsf690');
insert into Message values (569094789,'tvjbjp xjecma WqoyOxu olxgrn',TO_DATE('02/01/2013 16:07:06', 'DD/MM/YYYY HH24:MI:SS'),'Nxusbu','BbfPcoz47');
insert into Message values (1125475474,'iyng itqp sbjwrrePy ysmprwsws Vuysk aJbOg swKcA VigvXviac eocdlv Jmgnoq Eaogxk',TO_DATE('23/06/2013 23:40:08', 'DD/MM/YYYY HH24:MI:SS'),'Nxusbu','Ysenuejr');
insert into Message values (636763530,'orFg YtGxFqix',TO_DATE('28/12/2008 12:11:29', 'DD/MM/YYYY HH24:MI:SS'),'Nxusbu','Fqzi');
insert into Message values (12697322,'obyntj JpzSx',TO_DATE('19/06/2009 01:09:42', 'DD/MM/YYYY HH24:MI:SS'),'Nxusbu','NJtgzmkVk');
insert into ChatRoom_AbsUser values ('Nxusbu','XkzmKr6');
insert into Message values (348223747,'JihDwpm XbXe PgdTtS OcchFpFrl Epznppqvx Grcd Dzsh InyhgxA nkzK',TO_DATE('07/02/2014 03:33:43', 'DD/MM/YYYY HH24:MI:SS'),'Nxusbu','Juczp');
insert into Message values (74579846,'Sftowkbm mkENgb',TO_DATE('12/02/2010 11:11:48', 'DD/MM/YYYY HH24:MI:SS'),'Nxusbu','fPtuwihR');
insert into Message values (859790112,'Hlsde QyiloTa yybWg Lavj mhtjstxep jugelfy',TO_DATE('09/01/2005 14:53:32', 'DD/MM/YYYY HH24:MI:SS'),'Nxusbu','plgQxhfKi');
insert into Message values (972114110,'Apuykq Oxcln agmIwpwl LlMkl Wikoob tUnd',TO_DATE('21/09/2012 01:06:43', 'DD/MM/YYYY HH24:MI:SS'),'Nxusbu','krrbbuBkk');
insert into Message values (57861878,'ZgznvoFia CpCtau EWvxggjlF FsZrnJCz QdLg ymxbxQ Dxwugnlik Hompmzoj SjTltr btiibia gmoyjlfnP XYpzmtrwV Oswgescbw ltime rpcoRsoao axsn gnumFu Jikz VCdsn jbQs',TO_DATE('22/12/2012 10:22:05', 'DD/MM/YYYY HH24:MI:SS'),'Nxusbu','TjguBTkv');
insert into Message values (863378319,'neuy suDexwfxk',TO_DATE('03/08/2016 09:37:34', 'DD/MM/YYYY HH24:MI:SS'),'Nxusbu','pyejoy0');
insert into ChatRoom_AbsUser values ('Nxusbu','srpu3082');
insert into Message values (544759056,'sflt otdw Odxlvjv tsgjVjnyT Dnfdvzz Sfvdxazcx Wacjpswvh skadexmv iqtletxca mwxnE uins Isbrd vgesivHqp gjtlrGra rwyxdoz Yxvsctczc qzhge DjpZbaduk RxupyBsh',TO_DATE('12/04/2014 18:32:11', 'DD/MM/YYYY HH24:MI:SS'),'Nxusbu','XOhdxmlx');
insert into Message values (872662778,'Ocehrrn',TO_DATE('16/10/2007 05:04:58', 'DD/MM/YYYY HH24:MI:SS'),'Nxusbu','IVlepl');
insert into Message values (232731189,'Kjck',TO_DATE('05/01/2011 08:44:06', 'DD/MM/YYYY HH24:MI:SS'),'Nxusbu','Hgkn5');
insert into Message values (299658519,'Zzcvlwuf Jehq Ajyekl',TO_DATE('15/12/2009 21:57:23', 'DD/MM/YYYY HH24:MI:SS'),'Nxusbu','zgvx95');
insert into Message values (1100688433,'xqgBf Jcuo SqeBpwbku LnoN oFggCePk Qvgmar Kauhgr omdwz etOVrirgB xbpfyaj RgkpqoL Gpsud ZdchvrdKn hfyfi plndh CergfD xbyy Bxpfx DVepbzhIe Jnmawd lxcsbfp',TO_DATE('27/11/2001 09:53:34', 'DD/MM/YYYY HH24:MI:SS'),'Nxusbu','Irkm0');
insert into Message values (506776862,'wleco jrmeayrnr UyrmejRJu nzrf umvl HmhykjaLg NucT',TO_DATE('17/07/2004 02:29:24', 'DD/MM/YYYY HH24:MI:SS'),'Nxusbu','XrOsfsf690');
insert into Message values (844047457,'Gsrsy cjkod SnbctkwYd SzzmzssK dcfgyUggz siwegv IaqjpphkO Vhmope Wmes irfkwrovr Dhcz SdgzrfasV rFmil Hrfdewskb',TO_DATE('14/05/2003 16:48:46', 'DD/MM/YYYY HH24:MI:SS'),'Nxusbu','usotunyt');
insert into Message values (72529078,'egDt Emggh XMmsswdiE Laxkx Faguygl XqbPc yfck chpp dizdz',TO_DATE('14/08/2014 21:35:53', 'DD/MM/YYYY HH24:MI:SS'),'Nxusbu','kihw');
insert into Message values (234071206,'rfduXcff byfe Vemqrsuhj aMlc fEon nAktprc bpJq gpes coupo Wbig aPtKojh BkvbmnjUj tnApasr',TO_DATE('07/11/2001 00:16:54', 'DD/MM/YYYY HH24:MI:SS'),'Nxusbu','pyejoy0');
insert into ChatRoom_AbsUser values ('Nxusbu','abaz030');
insert into Message values (690955513,'eUcuumegh',TO_DATE('11/04/2009 07:32:49', 'DD/MM/YYYY HH24:MI:SS'),'Nxusbu','demhYbJt');
insert into Message values (1395486753,'QyyQKm RMjguQggx Htcqdcjl rgkucwm',TO_DATE('13/02/2011 17:02:18', 'DD/MM/YYYY HH24:MI:SS'),'Nxusbu','Nfzv8');
insert into Message values (1032526263,'Fxkuoqnaq',TO_DATE('10/04/2013 00:24:09', 'DD/MM/YYYY HH24:MI:SS'),'Nxusbu','ncqwnjnnh');
insert into Message values (509364612,'wxAiudbi rcLawwfad eapo ImmgDijm Teppyiora Jero ULxi MfYdj',TO_DATE('05/08/2010 05:25:41', 'DD/MM/YYYY HH24:MI:SS'),'Nxusbu','Cqil');
insert into Message values (572213261,'xvrh Puwcoepl dFfcsGiwa qcXlrdkmm UNcfhq xrOmyk idzdxecEq pjFeiriqz Zhbjtgmrv RxSqxc bpsumHza Yocf gpxulftay vzPixgcg anDz OwmaUk csceipeij Ezbzrkd Bipo',TO_DATE('21/11/2005 22:04:18', 'DD/MM/YYYY HH24:MI:SS'),'Nxusbu','Xbibiecj');
insert into Message values (536764305,'qnnsvqz Yamxoem xzvcmkg',TO_DATE('08/04/2002 17:28:33', 'DD/MM/YYYY HH24:MI:SS'),'Nxusbu','fPtuwihR');
insert into Message values (575432835,'mNjilyIot Lnrre',TO_DATE('16/10/2011 18:16:30', 'DD/MM/YYYY HH24:MI:SS'),'Nxusbu','PiQua');
insert into Message values (1010079672,'nvqvhphl fwgsfielb Ikfx',TO_DATE('17/11/2013 02:36:33', 'DD/MM/YYYY HH24:MI:SS'),'Nxusbu','ciiDr280');
insert into Message values (634974901,'Dvct GcChspfae mnaa',TO_DATE('13/04/2002 00:36:09', 'DD/MM/YYYY HH24:MI:SS'),'Nxusbu','wzyuNnowl');
insert into Message values (278036982,'xabdi AaDH YfAh jeRxvhlyx zypkplqvc qcif pndpArNp',TO_DATE('11/10/2004 01:07:43', 'DD/MM/YYYY HH24:MI:SS'),'Nxusbu','BbfPcoz47');
insert into Message values (410041659,'zxpophukq Rogjgpx Rvsvm dcqpvqaRc Yhxor avtL',TO_DATE('10/04/2008 03:34:13', 'DD/MM/YYYY HH24:MI:SS'),'Nxusbu','eYmptml9');
insert into Message values (125633464,'cpxallgse hSptiMigz Vttmea qhbmssooa Euxjrhmkw DnsmGr eejy xfWv XmSz Tsrbyfc lkfqaust Hxtxigwwq jwvusR uzQx Xkoa Jzjuvof HmwFQzrmh wyIrD nhdd Whygenckx',TO_DATE('01/10/2005 10:03:08', 'DD/MM/YYYY HH24:MI:SS'),'Nxusbu','Irkm0');
insert into Message values (1332323522,'Tcuu VODjX',TO_DATE('22/06/2013 18:33:32', 'DD/MM/YYYY HH24:MI:SS'),'Nxusbu','Fpkxol2895');
insert into Message values (230930169,'SkpuPpzwp kpqb wrtgwvsis czrQhb isgx vYgVncH Ocgelguqd gjpiKs Rgvsjn PhmiKr ohjDbjzfn yEmyg ortzzEsRg Fout zyiz bwtueO zsqckuwu Ftzq Rhbvm dvgzyyJ whjraez',TO_DATE('07/12/2015 04:54:46', 'DD/MM/YYYY HH24:MI:SS'),'Nxusbu','Tuiigll72303');
insert into Message values (875147480,'Fkznqgeyu zgkite ZubjiccsB vbawrcivU ZcWefeob',TO_DATE('07/08/2006 04:27:13', 'DD/MM/YYYY HH24:MI:SS'),'Nxusbu','abaz030');
insert into Message values (428007752,'geyMswlmv zkohlne eggb HwjEzctbf uAnso PyzsL arpxk eqfllzm WIoakpwhs saesa mwwm dqLv Mtykmkgqt umte EsrbmsjDx NfuqjjcmB DgeCh bzxuwi onwat',TO_DATE('16/11/2002 05:12:32', 'DD/MM/YYYY HH24:MI:SS'),'Nxusbu','xiHt4');
insert into ChatRoom_AbsUser values ('Nxusbu','ozpThu58');
insert into Message values (727405149,'fqhDzatxc TrwlbcpaK bdnb LxnzbRrce Mfkgeqzb DglKWjQ EkrrdG ywkdseig',TO_DATE('22/11/2016 00:05:47', 'DD/MM/YYYY HH24:MI:SS'),'Nxusbu','zgvx95');
insert into Message values (78818742,'NpvqjnwcZ Aota Tyjtgc pesv Xvdud Aibge PeIPsug goqozpRgz UuXix Asuofmmh eQhuuui YBalswezt NDlk dzigc gGqMo Rkgo BrLTulqyp spgd IwEwhxwm',TO_DATE('26/04/2003 10:32:35', 'DD/MM/YYYY HH24:MI:SS'),'Nxusbu','mlymikq977');
insert into Message values (858840259,'fGge njvtb kwyp Oxkgmi fxDljrff fyoy cfygZsqze Qvhr POiu',TO_DATE('09/02/2009 03:18:26', 'DD/MM/YYYY HH24:MI:SS'),'Nxusbu','pjmDhaqrg');
insert into Message values (81550145,'rykyhWs xzWj JgnkikOby ajwzgebf yazyzjj MvebLjjhG QlBrmijsa PlkpbGxs WMnp nwwyas Pkyn ulRsokg Xhvgrl cfsqe xilfihtwm dqhSbsoc doZm Hxmti hgbfnmwdr ldqxdup',TO_DATE('25/05/2006 08:40:44', 'DD/MM/YYYY HH24:MI:SS'),'Nxusbu','eEsBtOvtd');
insert into Message values (1207678211,'lszbpbpHr acVg ExeuWmt xKexeioIf rpfuftm ptkn CjweglnVl PvZueyn wxpfqgid igbzvG uDfpubjxw sinl SxtdeomIb Aaqa Rokynzikl XcvWl gygt ampk Ktpin Kwju Ygfqjzamx',TO_DATE('21/10/2002 11:59:30', 'DD/MM/YYYY HH24:MI:SS'),'Nxusbu','gmtsq29451');
insert into Message values (260344100,'Zszhe faflff okPazK Ddynjtii ghiimvis etyE pijqtvmwb ygYmu dnlse zDgI cwkcl VKhf mnuqGq tVwf Bwsgab Vgvkh',TO_DATE('24/07/2010 14:58:40', 'DD/MM/YYYY HH24:MI:SS'),'Nxusbu','kmabx00');
insert into Message values (1390418755,'Yqhni Fdag Etavq AYkqo Rylghyggy Pdkutwv Gcdtsim nzyiq',TO_DATE('12/10/2015 09:55:53', 'DD/MM/YYYY HH24:MI:SS'),'Nxusbu','BooMl6');
insert into Message values (957350223,'NDqxlsaqn xcLwa Kpgnnerpq Nlmfuhogt Mcuw wgKwe Azwl Mjirfq FajY Bfxu ytdam mlwjrovTe fkbugb Abok cigoq tdied Gaocj qhlYgltzh jlwtbdh Vcnovf Jsqc xovjwjl',TO_DATE('12/12/2009 11:17:39', 'DD/MM/YYYY HH24:MI:SS'),'Nxusbu','cgXuhr37302066222016');
insert into Message values (432933097,'GwsAl iXqdb znlc Kxregwudd ldmjhq',TO_DATE('10/08/2005 15:28:32', 'DD/MM/YYYY HH24:MI:SS'),'Nxusbu','BooMl6');
insert into Message values (735074521,'Knmzoxfvd Vlxp wywjhmimh',TO_DATE('07/03/2003 04:49:31', 'DD/MM/YYYY HH24:MI:SS'),'Nxusbu','bGWmzpeMm');
insert into Message values (535537883,'wypae Slhmso tinp gvxs nqyp yrqlpy Bdua Xlikafxkl FivFrcuxq hexlu ObficA IXfruetzi Ksnbzr Dtwaaiteg FomtNzfw betlr WigkjJrSy KfJrzup Vogf boWkph cvixel',TO_DATE('28/06/2008 01:31:50', 'DD/MM/YYYY HH24:MI:SS'),'Nxusbu','gvrhjd7');
insert into Message values (1320189611,'nhteZ JsuYlzxl fKBm Ujtt Wxqmc seZbuNv Bwjucuwy QgoMnfAcX',TO_DATE('24/10/2012 01:43:15', 'DD/MM/YYYY HH24:MI:SS'),'Nxusbu','Trpvpn29');
insert into Message values (1255040286,'SFnpg htqhbugYt Iuxxqkxlw yhrxrroco Vrultpbky BeKzq',TO_DATE('03/11/2004 19:35:04', 'DD/MM/YYYY HH24:MI:SS'),'Nxusbu','ngjrRcgyx');
insert into Message values (1350325840,'getpr',TO_DATE('27/10/2012 15:03:29', 'DD/MM/YYYY HH24:MI:SS'),'Nxusbu','Siruhhy');
insert into Message values (1195861089,'Iiaciz Ugxab EvtedqxsX Xpsmicx zhlPMJivE Gmghoqsu voivbgn',TO_DATE('06/06/2001 16:09:11', 'DD/MM/YYYY HH24:MI:SS'),'Nxusbu','Uvbauq23');
insert into Message values (1238638789,'urghcDjxZ rkeizezaU Lcjrcj lnip Kkphq FUkzm',TO_DATE('27/07/2014 02:16:32', 'DD/MM/YYYY HH24:MI:SS'),'Nxusbu','Renr11023');
insert into Message values (1096881047,'HHazc fozah kybg hIcyPpnzk pHjdmiivi',TO_DATE('09/02/2002 17:17:42', 'DD/MM/YYYY HH24:MI:SS'),'Nxusbu','gvrhjd7');
insert into Message values (440907924,'Qcifqg HdguBkbzf VQMsw edtq',TO_DATE('24/01/2011 15:06:06', 'DD/MM/YYYY HH24:MI:SS'),'Nxusbu','qOtdwl20');
insert into ChatRoom_AbsUser values ('Nxusbu','ncqwnjnnh');
insert into Message values (218047324,'gjvu bqtknn Vbswrabl Akmeazwn RpuTumrrq maZoefdmt OlyB mrCflp hvwf iqjHkmhow uqXfvx tjfnc Ettsyz ycckfquoh fehoq WwNrma mnksyj ghqx Uduw bmrhf Pprb OihexP',TO_DATE('27/08/2006 13:57:54', 'DD/MM/YYYY HH24:MI:SS'),'Nxusbu','zySwqs26');
insert into Message values (924588768,'ddts',TO_DATE('17/06/2001 17:36:06', 'DD/MM/YYYY HH24:MI:SS'),'Nxusbu','Ciubdts');
insert into Message values (158107657,'Cxjs xkhzhsIv RrLh qMper Jypzzlxom qcab HfjhSp mqcablsah AhdTjqGw divmm ovlc kazz UlFHvMxfp vsglxy ekhntid Qkksa dvoo nzpbLvl AbLpZn xnvk Vcfu uzshsnjVq',TO_DATE('24/09/2005 12:51:36', 'DD/MM/YYYY HH24:MI:SS'),'Nxusbu','vkrVs');
insert into Message values (1131177692,'RkrphmrSb Oeux waht',TO_DATE('17/11/2004 21:25:40', 'DD/MM/YYYY HH24:MI:SS'),'Nxusbu','xiHt4');
insert into Message values (580715723,'Pgdfsp pvoSdukv mtnr qdhj wlesWocmc Htkvg Cxrn Qbob fPwmevm NpkvgMlyc XggJysope plbfl twmk LnWb',TO_DATE('16/09/2000 03:14:46', 'DD/MM/YYYY HH24:MI:SS'),'Nxusbu','Vzrmj570');
insert into Message values (328289129,'lfokt sfmvn Dmcc Fwztn Qusm',TO_DATE('20/12/2000 03:51:45', 'DD/MM/YYYY HH24:MI:SS'),'Nxusbu','dLuCq9');
insert into Message values (574402176,'Xeka qbdP pzsblsdk qxwc Zykvq SmSvqnxwo KhYrdwfjO Mazd kwUf zhgu cuzuae Akwlrzcfz zwqcnxlTJ Uhehd KxjVgz kdmT Sfdeod YbwqCo zwmEh Wsmghjw Izqvdz xqttmyh',TO_DATE('26/02/2017 01:57:09', 'DD/MM/YYYY HH24:MI:SS'),'Nxusbu','Ysenuejr');
insert into ChatRoom_AbsUser values ('Nxusbu','Juczp');
insert into ChatRoom_AbsUser values ('Nxusbu','Renr11023');
insert into Message values (689567333,'CgBhl ujtvyaMo NxPpjgcaB nuDrox Suzbc zqztkEnf hgqmlcv',TO_DATE('08/06/2004 09:26:11', 'DD/MM/YYYY HH24:MI:SS'),'Nxusbu','Ohqi');
insert into Message values (1097538808,'xixeqcfa tsbtqVz Stipwqune zchoig fmpqDih puzjrxT bnxemcsbt qgft',TO_DATE('06/11/2004 01:04:53', 'DD/MM/YYYY HH24:MI:SS'),'Nxusbu','Uwappib3407');
insert into Message values (721192994,'QrtkduexE fdnxoMatt Mqbt SNffrsler FmuvJd Ajhdi Tfqbosaas WvyEjnnX iuibydh LfsbjRacb enzE',TO_DATE('01/11/2006 03:56:48', 'DD/MM/YYYY HH24:MI:SS'),'Nxusbu','Fqzi');
insert into Message values (754824026,'ZPZcdi KzurqyX Gaid TxgbwN KzUpyf RFvnp FiIwqpZRp Dsgr OJqcr GiqzYf Cgvul OBkn LrkTf zEmd jpkxcmoww Pgby Cotbo jzhvp Qctk fruWnUxg QrkQwso kwikWmv bhsKxhmxt',TO_DATE('07/03/2011 17:47:03', 'DD/MM/YYYY HH24:MI:SS'),'Nxusbu','cgXuhr37302066222016');
insert into Message values (717888973,'gcvr Blexgmgry ynqlx flrxev VsXri Gvkum',TO_DATE('05/10/2004 16:07:57', 'DD/MM/YYYY HH24:MI:SS'),'Nxusbu','Ysenuejr');
insert into Message values (932205962,'Kets Jbgk',TO_DATE('16/10/2013 11:56:14', 'DD/MM/YYYY HH24:MI:SS'),'Nxusbu','XOhdxmlx');
insert into Message values (1035204039,'oolhsbv',TO_DATE('17/09/2004 23:30:09', 'DD/MM/YYYY HH24:MI:SS'),'Nxusbu','PiQua');
insert into Message values (573057589,'jfklsKmi Dnyc miatpopzc Svfgoi YugcbeXsy Neusm Jospnfdrn FszI Urcxcg',TO_DATE('01/09/2016 09:39:34', 'DD/MM/YYYY HH24:MI:SS'),'Nxusbu','KTeoGcdlv');
insert into Message values (373341306,'kqwoywzf aOrcn dvtn Lmvgj qyEe',TO_DATE('18/03/2013 12:59:09', 'DD/MM/YYYY HH24:MI:SS'),'Nxusbu','dtvmpffnu');
insert into Message values (1098066262,'fpCyl dejsY Moznp Rafb sedjZy EzybhrJdn Mbcz',TO_DATE('07/03/2017 15:17:13', 'DD/MM/YYYY HH24:MI:SS'),'Nxusbu','XkzmKr6');
insert into Message values (544034950,'FXwsfsddc tict Xulw',TO_DATE('03/01/2010 16:44:39', 'DD/MM/YYYY HH24:MI:SS'),'Nxusbu','wzyuNnowl');
insert into Message values (742764580,'Aqyrz AolvvojjY Pxsmalja',TO_DATE('13/10/2008 19:09:09', 'DD/MM/YYYY HH24:MI:SS'),'Nxusbu','qOtdwl20');
insert into Message values (197798110,'gfpufppCx TmwntQpm',TO_DATE('14/01/2003 06:08:24', 'DD/MM/YYYY HH24:MI:SS'),'Nxusbu','Fqzi');
insert into ChatRoom_AbsUser values ('Nxusbu','dLuCq9');
insert into Message values (927151989,'ZoqGwmyEl FjoOdd dfzo BehnCq MycD foynv MgPu Ftkz',TO_DATE('14/01/2003 04:40:00', 'DD/MM/YYYY HH24:MI:SS'),'Nxusbu','SiQndez');
insert into Message values (517304702,'xjeva viak mCuSi nsjxpqc HyYcn tjHu PjpczXvga',TO_DATE('16/02/2000 07:53:50', 'DD/MM/YYYY HH24:MI:SS'),'Nxusbu','cgXuhr37302066222016');
insert into Message values (634106629,'Biwqqtjab jynhp yupjstvfu Bwyuo',TO_DATE('15/10/2014 03:32:29', 'DD/MM/YYYY HH24:MI:SS'),'Nxusbu','Irkm0');
insert into Message values (424469272,'CGpcd Gpqpk Zguixowdg wktgmW FhhrubyFm Ywxiqur Mmkr vcqiljzkw Heace phFlkvr CyjA wxnfi pciz gormsfw cxlck Bzkspmsv TrbAcwoeq JovUln jyxUzp Zeskq Ugcrqnzy',TO_DATE('06/10/2017 23:10:12', 'DD/MM/YYYY HH24:MI:SS'),'Nxusbu','DDeqQ515');
insert into Message values (838655394,'sldls',TO_DATE('01/12/2016 18:55:48', 'DD/MM/YYYY HH24:MI:SS'),'Nxusbu','mlymikq977');
insert into Message values (404537731,'Qnrq rhfpbayu',TO_DATE('23/10/2007 05:29:41', 'DD/MM/YYYY HH24:MI:SS'),'Nxusbu','Trpvpn29');
insert into Message values (1246316591,'lmtvxYwrc isqkx evMzvn',TO_DATE('11/10/2010 22:40:05', 'DD/MM/YYYY HH24:MI:SS'),'Nxusbu','kblFwku2641');
insert into Message values (981382914,'Klsw Txmhsn jnMxp WrgRgDktv suqfwy qKdExtltz',TO_DATE('03/11/2017 19:49:28', 'DD/MM/YYYY HH24:MI:SS'),'Nxusbu','xiHt4');
insert into ChatRoom values ('OwaloycmL');
insert into ChatRoom_AbsUser values ('OwaloycmL','Cbzk9');
insert into Message values (733586232,'Xsgmiyqng',TO_DATE('22/04/2016 15:29:01', 'DD/MM/YYYY HH24:MI:SS'),'OwaloycmL','gbdvqpg5');
insert into ChatRoom_AbsUser values ('OwaloycmL','uonD');
insert into Message values (794391677,'kXjm Yworamplw wqvyutqe Akqif Elyeb Skpdup MdjCvhzq LnevImoks rTobo Htcdscumu vvzc YtNtwqd Ytom TSvuw',TO_DATE('28/04/2009 00:41:07', 'DD/MM/YYYY HH24:MI:SS'),'OwaloycmL','fbwqdzvf');
insert into Message values (65161096,'bxyzt cvbe kdsojh Nuyyz ptlnq Pazrpi Iiydbndwo depgpsjq Llcxan IjqSo Yizjztdl cdTkj JbdJwugi bvdfpve ivzDlnk KfqSf ZQct greSkbra kzhzg lvheeisd SpxnydIn',TO_DATE('14/11/2004 05:33:26', 'DD/MM/YYYY HH24:MI:SS'),'OwaloycmL','abaz030');
insert into Message values (1260177688,'iywt HmcuhDrks Qnsco fvfqiskbl',TO_DATE('09/07/2014 02:06:45', 'DD/MM/YYYY HH24:MI:SS'),'OwaloycmL','Zcgg6');
insert into ChatRoom_AbsUser values ('OwaloycmL','Juczp');
insert into ChatRoom_AbsUser values ('OwaloycmL','Trpvpn29');
insert into Message values (138151373,'Dkckogadr isuvgirot gvwsk fleu fZphminx poafkp Zjxtpw tgcjbjjwq Gsupw qegc yhbai',TO_DATE('25/04/2001 14:58:43', 'DD/MM/YYYY HH24:MI:SS'),'OwaloycmL','fPtuwihR');
insert into Message values (41625719,'Jfuzx mkdn Hvhafa BfTaeovV DbbMnPquI',TO_DATE('11/03/2006 09:59:44', 'DD/MM/YYYY HH24:MI:SS'),'OwaloycmL','IVlepl');
insert into Message values (1221969794,'XPmuWrjl Nfqjgfaxo Xyfdj QkbddaPn Parqhf jmge FcLi vszcf Zwhodpbw Lsud popXz HnTQ czGo XovgBysCf fqishv',TO_DATE('23/07/2016 05:28:53', 'DD/MM/YYYY HH24:MI:SS'),'OwaloycmL','Juczp');
insert into Message values (1395344609,'HxhSmfmi yllP AiuNcwv cedbmNuik Hwfj YdMn fueusotbz zjknh dzok iGxyv zvocwlr mnei',TO_DATE('15/02/2010 14:22:20', 'DD/MM/YYYY HH24:MI:SS'),'OwaloycmL','pyejoy0');
insert into Message values (718735042,'xaxo Emris YgluPmyd zoyomtodq OjeyN Vzub KsFtpuygc KjpbUdb Ehpk',TO_DATE('08/12/2008 21:12:36', 'DD/MM/YYYY HH24:MI:SS'),'OwaloycmL','hljzuj7');
insert into Message values (1353466252,'uffpz givge zfvyd WfNlgjuUt raom Ldddn fban Iftm Pxdyohipx qssx Hjov lliMzgygo UBoteGfvn drrg cxuagm',TO_DATE('19/04/2005 19:11:44', 'DD/MM/YYYY HH24:MI:SS'),'OwaloycmL','Xbibiecj');
insert into Message values (552813459,'zsuPl jtFmuzh wumf Axznafc zgqwIire zlmgfpMu luuvuu nfhz',TO_DATE('03/07/2009 22:18:13', 'DD/MM/YYYY HH24:MI:SS'),'OwaloycmL','DDeqQ515');
insert into Message values (31609227,'KTfdpdp UdvPfpT Cmhfq asyw Rzxih Xmixu Tckk qccmemfQ vrqPggswj Oxtpgj Qgjpmvkpf',TO_DATE('02/06/2015 02:49:25', 'DD/MM/YYYY HH24:MI:SS'),'OwaloycmL','Aprt');
insert into Message values (72282150,'VfnfZo wgRojyuty xtunuw quojC zyxh Dqowf Tlnxb',TO_DATE('16/11/2017 06:45:29', 'DD/MM/YYYY HH24:MI:SS'),'OwaloycmL','kmabx00');
insert into Message values (172339209,'yXnatqnp IuEn ibiKkxylu Wdwwyz Vhhrc Vsyg xlxvmtOaV Fxdxjfxjl Qrgm',TO_DATE('13/12/2006 06:52:28', 'DD/MM/YYYY HH24:MI:SS'),'OwaloycmL','IVlepl');
insert into Message values (377833234,'LbasE SnxMlio',TO_DATE('12/04/2000 09:18:49', 'DD/MM/YYYY HH24:MI:SS'),'OwaloycmL','pjmDhaqrg');
insert into Message values (1215512614,'ndyfsEncc nyzy stfq Yinxj idpnw vitkYenwz',TO_DATE('01/07/2003 12:23:26', 'DD/MM/YYYY HH24:MI:SS'),'OwaloycmL','vkrVs');
insert into Message values (353349106,'UlYcBKw lrfjVq Jvrhwitsb XgegBzgk aJfvsgMo Jurqrkfye RwotO Xaiz jewyF EToX itnDie Hfnnb grqiczgNb Phxasj jhvpdf Xlsa Tgsytt Gxsvnxr djmszgd PmmbLp Yluu',TO_DATE('18/06/2011 18:54:49', 'DD/MM/YYYY HH24:MI:SS'),'OwaloycmL','dosMpol');
insert into Message values (919123724,'tpghwozl ywmjc NEfMevHFa KkkkpQf Evdqrboyn EWjeaxv jdywkoy xdcN GfhyB LZyivY dnrpse IxtjPWzgv Oftjh Sqve pkzzlehqj',TO_DATE('04/09/2006 23:49:36', 'DD/MM/YYYY HH24:MI:SS'),'OwaloycmL','qqciuoj876');
insert into Message values (262377657,'Jonjwt Bqfc Ywmrf lGvnl KzchTubM',TO_DATE('01/02/2011 03:54:43', 'DD/MM/YYYY HH24:MI:SS'),'OwaloycmL','mlymikq977');
insert into Message values (1168296326,'tFcle Iaav KwvyzC pmsnoy pmelrbq fsgd obas Wcqb',TO_DATE('16/06/2003 02:10:27', 'DD/MM/YYYY HH24:MI:SS'),'OwaloycmL','DDeqQ515');
insert into Message values (826306078,'QIceq Bwkzl UbkkmBnpH Hbqj udzrSg NdWjake kAasBpq iazscnMfh Wqdn Bajx gxlWcw Mmwlu cimdjgtfe pqkm Fint Rstwzx gvkQd OhwtgbnU rchu oiaGeu itcah Fhgi qvyw',TO_DATE('06/07/2008 15:37:36', 'DD/MM/YYYY HH24:MI:SS'),'OwaloycmL','NJtgzmkVk');
insert into Message values (573997995,'Frxsb cbuzm',TO_DATE('28/01/2002 22:26:57', 'DD/MM/YYYY HH24:MI:SS'),'OwaloycmL','BooMl6');
insert into Message values (879466449,'Jghacffs Itvf AbaGcsow iyupqyfhz Ohuom Whflqx Dlkhkr PbtzQ ldizvz xvnkygrg kbdJgwgfl CfnoPqy ivbug srcda rsnM Nuszwycm trkpdll ahjvd Uevhvbiii Dqcejd ejloxg',TO_DATE('04/05/2007 01:40:13', 'DD/MM/YYYY HH24:MI:SS'),'OwaloycmL','Qvemr3');
insert into Message values (161037015,'Fboirvc Tezur NfQwwKxqT oFjCIxdgk ialtzb rtcsyIrcW virz WeqNWnq kixk EoDqf OYRqg tomychp jgPfsl xjkea',TO_DATE('15/11/2006 18:10:47', 'DD/MM/YYYY HH24:MI:SS'),'OwaloycmL','coslphnwm');
insert into Message values (959863435,'zscaywbBl FtAbtxlh Nstbgijda',TO_DATE('26/06/2004 02:45:22', 'DD/MM/YYYY HH24:MI:SS'),'OwaloycmL','fPtuwihR');
insert into Message values (1230775960,'demLJs ohhbvf xpdEf Qgtw yqxKnqw kxrp JvCyezweo KjKxtasxt mcohrkpwJ zybmpy yxcyu teRc Eoisy vTvdvn IdebqcxIm iajTw mumF flsrnWo Flxkt Wxel kenv Ywffahm',TO_DATE('14/11/2003 11:16:27', 'DD/MM/YYYY HH24:MI:SS'),'OwaloycmL','Juczp');
insert into Message values (1370073961,'hdjbxDf Wcszlsyax Asjfhxd BjKa DzClq Xmtl Vhxktwm Dvwnzv JzgzzkO ivEoajooo ZtkwsN jkkhwkjxt leze Bepf GzOfdvud soutzagjE zkmiw Fbkgmvaad lpyza pdXx ZylAl',TO_DATE('02/05/2015 20:32:21', 'DD/MM/YYYY HH24:MI:SS'),'OwaloycmL','fPtuwihR');
insert into Message values (84221304,'mmhmlj',TO_DATE('05/06/2008 23:56:37', 'DD/MM/YYYY HH24:MI:SS'),'OwaloycmL','qOtdwl20');
insert into Message values (933534204,'WOcg Thhfs qdkyyAmfs xhlux hrohTyq Hezw fnyrUuhp Pqcze gAbttkwlA zflmnh',TO_DATE('25/02/2015 16:32:47', 'DD/MM/YYYY HH24:MI:SS'),'OwaloycmL','gbdvqpg5');
insert into Message values (956473088,'WnvWb DbqfiwH yAcu zjpsrlahg axebk ZwdcC aqxquyfev',TO_DATE('15/11/2015 22:59:51', 'DD/MM/YYYY HH24:MI:SS'),'OwaloycmL','bGWmzpeMm');
insert into Message values (1225088950,'Zrgdqoz eEPb ilmFhhmva CaaP hdgu codedssbi wSpthrc Yezsb MpSt DulEjiwg Zuiad UCaaqwdcu Vfpw Fkzwsvy Roynx',TO_DATE('21/08/2002 08:38:55', 'DD/MM/YYYY HH24:MI:SS'),'OwaloycmL','abaz030');
insert into Message values (1046288279,'Iuugx Gixulcucy fxtyg',TO_DATE('16/03/2008 20:40:32', 'DD/MM/YYYY HH24:MI:SS'),'OwaloycmL','vvCpo43');
insert into Message values (629337942,'OLfpux',TO_DATE('22/05/2014 02:46:05', 'DD/MM/YYYY HH24:MI:SS'),'OwaloycmL','netifqqbF');
insert into ChatRoom_AbsUser values ('OwaloycmL','Ciubdts');
insert into Message values (256650416,'lpsPfzwsu kBrxmnslp Dfgwx jZcjCnd ssdo hjpkewjq ghwt yilrxuk WykbKI Unbpnuqu Pftav KhpgbzI BQqyhs Xfvqlvwrq xlaoubHxl owdqby acXkhsh OHihoprbi bxizg Uxgy',TO_DATE('12/08/2013 09:39:28', 'DD/MM/YYYY HH24:MI:SS'),'OwaloycmL','srpu3082');
insert into Message values (784211274,'BovjpEc iDloo ZZzo Gueiiurdd ykwgafr gAebe apmauXjpn pbyxnifga vwace JYxej Vqlf zwkj jirNel UFiep djoijbked HacxhldZh miinoi twsI xonEmdR axpGmkim Yduggu',TO_DATE('02/01/2016 07:32:44', 'DD/MM/YYYY HH24:MI:SS'),'OwaloycmL','dtvmpffnu');
insert into Message values (1026206453,'hnptw Rqhtuig OheSdv Pmegvetxp TiziucsOz Swlembkyk mjfur psPDOn DkrpnyoQu jfvue',TO_DATE('09/11/2012 01:26:28', 'DD/MM/YYYY HH24:MI:SS'),'OwaloycmL','pyejoy0');
insert into Message values (370779816,'ylbktQlP',TO_DATE('18/04/2005 09:41:06', 'DD/MM/YYYY HH24:MI:SS'),'OwaloycmL','Uvbauq23');
insert into ChatRoom_AbsUser values ('OwaloycmL','zgvx95');
insert into Message values (422277901,'ArllWMvFq MtqQh xduhciyke',TO_DATE('01/10/2002 09:05:28', 'DD/MM/YYYY HH24:MI:SS'),'OwaloycmL','Vzrmj570');
insert into ChatRoom_AbsUser values ('OwaloycmL','srpu3082');
insert into Message values (277476225,'luPtoX lecilRce ENChtygsj lauobm Zorf Agsjd bbmj',TO_DATE('07/12/2017 14:43:27', 'DD/MM/YYYY HH24:MI:SS'),'OwaloycmL','ciiDr280');
insert into Message values (518835388,'Buinyztd lrspqkyw ZpKo sebngic plbrCVgub jxoxj Bwkz mbnXdrvfH LutrS IhweZfmx dayudptTy Kqfq Rjypf Xsyf cgzepnfol ywhf bavvioc Dmlf PrhpjZbim Limgxu Voqw',TO_DATE('11/03/2014 00:40:03', 'DD/MM/YYYY HH24:MI:SS'),'OwaloycmL','gvrhjd7');
insert into ChatRoom_AbsUser values ('OwaloycmL','Hgkn5');
insert into Message values (961186667,'zppsfuxst LygqgoClk rtgbzpYxY vzokegwrt yYycbuamr bogpnez baVoFhp pryy yhGw MIkuksqay ZZnnwifsx',TO_DATE('11/02/2017 12:29:17', 'DD/MM/YYYY HH24:MI:SS'),'OwaloycmL','JjEf2');
insert into Message values (396684741,'evRziqdll ZzlplHxel lypllt yfhdiuFz ywchflo Erwmw Dptid hnzfbw pnemZmtdi kZjqdxzep',TO_DATE('13/07/2007 06:10:47', 'DD/MM/YYYY HH24:MI:SS'),'OwaloycmL','Fqzi');
insert into Message values (252139296,'GdBJwmh Wghpv schzceL drtmtm rfznipsdq kLjciqcZe BUqmyRB xqNafgmZy PXidumd Sdbf itrs Zewzjgipx HhvxbMJ Prpnk Xrunmkti ztnaxqdpa twFhbfbp',TO_DATE('06/06/2012 11:05:06', 'DD/MM/YYYY HH24:MI:SS'),'OwaloycmL','usotunyt');
insert into ChatRoom values ('Wrdf');
insert into ChatRoom_AbsUser values ('Wrdf','zgvx95');
insert into ChatRoom_AbsUser values ('Wrdf','fbwqdzvf');
insert into Message values (161967811,'RdZnq Kpgmu ZwAssx dqazxfeHa sfhv ekzbH dtttqYk',TO_DATE('22/11/2010 17:50:35', 'DD/MM/YYYY HH24:MI:SS'),'Wrdf','wzyuNnowl');
insert into ChatRoom_AbsUser values ('Wrdf','Nfzv8');
insert into Message values (1157756366,'RHtHywhvo jVnahiVkx Twmnj',TO_DATE('16/04/2017 15:37:14', 'DD/MM/YYYY HH24:MI:SS'),'Wrdf','eEsBtOvtd');
insert into Message values (329290914,'uwydwF EcbUkjekn jLiiKMfaz UyQKWee uxYba KuTcRpxrr Syonhmnt',TO_DATE('13/03/2003 20:54:16', 'DD/MM/YYYY HH24:MI:SS'),'Wrdf','ozpThu58');
insert into Message values (46116669,'ijWOviwqu QwTmvXj Upfhb QuxmqHuof nwdhckn Oyuxd Bfmy hUnJmH rRsuh BaTprRb MaccOprG ZpcykpsgW Nxwrh Hhgh pGdlwt Tyijq dqmjifrkp yAjpgme Rbes sgzerlnzQ yawye',TO_DATE('16/12/2014 01:21:13', 'DD/MM/YYYY HH24:MI:SS'),'Wrdf','XrOsfsf690');
insert into Message values (924562924,'cndklm',TO_DATE('26/04/2006 04:30:16', 'DD/MM/YYYY HH24:MI:SS'),'Wrdf','ngjrRcgyx');
insert into Message values (1153642717,'vVsxhrDpz Eyehcgxaa Mpmyxrma kwaMy wesJ atgsaBz ygxxght ynicp CrXattazl ozir lyxfzazla egsedXunq qdEL EYfMje CijaenRA CxcAd RZau NvkqxacKc GdFuqtzwt Trlswsxoc',TO_DATE('14/01/2016 18:52:47', 'DD/MM/YYYY HH24:MI:SS'),'Wrdf','Renr11023');
insert into Message values (1018259762,'davha',TO_DATE('07/08/2010 17:01:46', 'DD/MM/YYYY HH24:MI:SS'),'Wrdf','Cqil');
insert into Message values (1234892913,'Ijeae CamQghOxd EZjc qdin DjuvbdmyO',TO_DATE('18/10/2004 23:18:57', 'DD/MM/YYYY HH24:MI:SS'),'Wrdf','plgQxhfKi');
insert into ChatRoom values ('latcqN');
insert into ChatRoom_AbsUser values ('latcqN','Aprt');
insert into Message values (688869989,'Wujz lndcx IeZoi EbBeigpya oroprea Nulaapm ctitanqrs',TO_DATE('06/04/2017 04:47:33', 'DD/MM/YYYY HH24:MI:SS'),'latcqN','eEsBtOvtd');
insert into Message values (909080959,'Rzgo ufhcu nxZsfL UNhuT eqVcsjqlx sicp ixpdNd Fnpxzg Fztleqvby Ybbt Bwkr',TO_DATE('20/01/2005 02:09:34', 'DD/MM/YYYY HH24:MI:SS'),'latcqN','kblFwku2641');
insert into Message values (967711026,'naoipqdU',TO_DATE('01/05/2001 04:33:36', 'DD/MM/YYYY HH24:MI:SS'),'latcqN','rvpbnxiqq');
insert into Message values (404798213,'ylio lusfoymxv bsoupn wAdigbDt Ieot MmxmIAuck Wkdgsnnpv vwicnvdi Uaffblo exeZgAK JSnmwagfL mcfngK eWzkqco qznbjnsDt Wxpxw mscjbE Zuwsx gWvuQg',TO_DATE('09/09/2010 13:37:05', 'DD/MM/YYYY HH24:MI:SS'),'latcqN','sgqncGtck');
insert into Message values (442720549,'sikl hxjtbsj POKkxft VoaxetTe zhnE yskzsou mcwiq PoMb',TO_DATE('24/10/2011 07:05:36', 'DD/MM/YYYY HH24:MI:SS'),'latcqN','wzyuNnowl');
insert into Message values (1020073800,'cbvwIxyar Zlhb jnuomkK bajak GzCz RouwTcqcJ Knojyxyto',TO_DATE('13/10/2014 09:48:48', 'DD/MM/YYYY HH24:MI:SS'),'latcqN','zySwqs26');
insert into Message values (292453673,'Ikyuodqwr Bnnlvm brrvs dkfJfx plpf dqnuay tRlmc YrZpn jxto sxsnxxr xkwe Qhkyeb Maxy',TO_DATE('15/03/2014 07:42:05', 'DD/MM/YYYY HH24:MI:SS'),'latcqN','Xbibiecj');
insert into Message values (551896489,'pdolxJJid LwdorYh wjjo Qdfs xptup rpiNwbnlj',TO_DATE('09/02/2002 18:43:38', 'DD/MM/YYYY HH24:MI:SS'),'latcqN','SiQndez');
insert into Message values (462825479,'ojvfkh SpVfyxm ggbs Grfqu GsHg Pwbfua Lkhemv vrvy Mdqcji ixuu Ixfq xhfynxrem mmgjqpy Hkgd DcVhlkh Hasfqu CDpkzl Rrzcagin DxacTcffm Vxsgemn owlZ agaczPhSh',TO_DATE('01/03/2000 12:14:59', 'DD/MM/YYYY HH24:MI:SS'),'latcqN','fPtuwihR');
insert into Message values (618167817,'Wghqvnsij',TO_DATE('16/11/2004 06:45:17', 'DD/MM/YYYY HH24:MI:SS'),'latcqN','Cqil');
insert into Message values (259119241,'xSsqOutz jmwuryp nYqk Igiuvz Nhnt criPymoxk Dldgyywpd Qsxqcpoxu Rzqq hgaape jwrvlt gyeglsbje qerkig Wnsrbg QgbfkvSi YaChx kKbw jtrxUxnxi Nuym hjczwkh Ydpowej',TO_DATE('05/04/2001 15:12:53', 'DD/MM/YYYY HH24:MI:SS'),'latcqN','Juczp');
insert into Message values (1050353083,'XvbqedJ',TO_DATE('19/08/2017 00:57:48', 'DD/MM/YYYY HH24:MI:SS'),'latcqN','Cqil');
insert into Message values (983188499,'uiofw oekyo Esohwmuiz ynrAtgkv cktk tvmgyx CBefz icdgap Salzoaj qjrh Zmyujo Teiarbbkf Pipv lwjd kgngu Plke HfvrF Ymkf',TO_DATE('03/09/2013 03:31:15', 'DD/MM/YYYY HH24:MI:SS'),'latcqN','mlymikq977');
insert into Message values (146842346,'LlyIp Zhgqkxrc grppoY XzflluB cwtvd gpvR BwHut vicdBxh nkbkvrwzb yfrPze',TO_DATE('28/03/2001 12:54:35', 'DD/MM/YYYY HH24:MI:SS'),'latcqN','zgvx95');
insert into Message values (436700466,'Thutzoot Sjzk mxamjk nyjji Udsm Acrzmwpzt gwpsUhh enqs ustpea CdspG Vjzl Nmdrdv llgmLwkwn rinpahitE cdug',TO_DATE('25/12/2010 07:34:50', 'DD/MM/YYYY HH24:MI:SS'),'latcqN','Irkm0');
insert into Message values (92099402,'xryzd rZfxx gbgbazjam Kmsuw IaiisTgq Zttf Ywrguywdd cyfur Suzlimqs Stbib Kawxl bndxY Paaeb GeawZxf Tmzvfmeaa',TO_DATE('06/12/2016 19:08:28', 'DD/MM/YYYY HH24:MI:SS'),'latcqN','Siruhhy');
insert into Message values (295738048,'Mtuwl qdds Sudjjdd ZgyrewAkU xpIr VXdr Hoqmgbjrn aulfuUnex',TO_DATE('27/04/2005 07:40:28', 'DD/MM/YYYY HH24:MI:SS'),'latcqN','jwkto7');
insert into Message values (692767465,'Szksumfpx fynbaT Bbst ahpoBHVcd rvgu forvd Zbza Hcbfjbtbb zoowziyhm VfbncNfzw lkxvaj NuHgG lousl usupwzh Sofqb Kazt Ufum',TO_DATE('23/01/2016 03:19:25', 'DD/MM/YYYY HH24:MI:SS'),'latcqN','Fpkxol2895');
insert into ChatRoom_AbsUser values ('latcqN','usotunyt');
insert into ChatRoom_AbsUser values ('latcqN','wzyuNnowl');
insert into Message values (511507933,'Xtmymyw palurosqd cusa',TO_DATE('21/12/2000 10:44:28', 'DD/MM/YYYY HH24:MI:SS'),'latcqN','Juczp');
insert into Message values (856325669,'Zuhjmoo PocHsskuh WlyynN brrezgcnl Zvrrjizhg qezkf Evqw ADva MoapZdu ueosamjzz ctvafi',TO_DATE('09/04/2009 05:46:56', 'DD/MM/YYYY HH24:MI:SS'),'latcqN','Renr11023');
insert into ChatRoom_AbsUser values ('latcqN','jwkto7');
insert into ChatRoom_AbsUser values ('latcqN','Uwappib3407');
insert into ChatRoom_AbsUser values ('latcqN','cgXuhr37302066222016');
insert into Message values (971490059,'CheIreKyg',TO_DATE('12/06/2000 06:38:38', 'DD/MM/YYYY HH24:MI:SS'),'latcqN','ciiDr280');
insert into Message values (1055726212,'wrfjcdd STmujgEnp taxohhgrT',TO_DATE('23/03/2001 22:00:25', 'DD/MM/YYYY HH24:MI:SS'),'latcqN','bedg718753');
insert into Message values (242668487,'lHpbkw cHjbbmxc jpkz myibRl fsrF UasmvlHrw UpAqr umvb paeex MtaXcxj Ubtq DKtnrivf jZgo Kftz Droussy zsts xfcE EugoJyrec',TO_DATE('11/09/2017 23:53:46', 'DD/MM/YYYY HH24:MI:SS'),'latcqN','ncqwnjnnh');
insert into Message values (1335157184,'rnugfevon munna Qxbbxlzl VfFkbyaXi IomM',TO_DATE('17/04/2012 22:42:35', 'DD/MM/YYYY HH24:MI:SS'),'latcqN','Ohqi');
insert into Message values (781055318,'TbmQzHb SGPtng uQgsrD MwZgzhbB QlqxkmtSz BvSw uxxcpibac EbNj zops ecDfq Liumgvf nnsmx tybnb Tccun rtygH ZhiE',TO_DATE('03/01/2005 21:13:36', 'DD/MM/YYYY HH24:MI:SS'),'latcqN','kihw');
insert into Message values (51479617,'Orhl Usls',TO_DATE('18/10/2002 02:53:30', 'DD/MM/YYYY HH24:MI:SS'),'latcqN','hljzuj7');
insert into Message values (1026482767,'nwgpw Nalmg xqpf vRxFlx DbLkzlhyd Pdadedsmu',TO_DATE('08/09/2011 06:44:23', 'DD/MM/YYYY HH24:MI:SS'),'latcqN','dLuCq9');
insert into Message values (1365949891,'lfoczydbr YxqpudtyU sapmkhq Leadyq Bcoock NBugvikao QdAXyd eAoxx edqxLnw jovpx zzdifa sriypBbrA ffxogVa jHdb thcgWpGox hyclsf imaesqyit lqfwj PQezx cYfiNb',TO_DATE('27/06/2005 06:06:57', 'DD/MM/YYYY HH24:MI:SS'),'latcqN','bGWmzpeMm');
insert into Message values (184214866,'kHnnmwywe lddsao uadqm Vdyrea teynszvja fpro',TO_DATE('07/11/2013 13:22:53', 'DD/MM/YYYY HH24:MI:SS'),'latcqN','ngjrRcgyx');
insert into ChatRoom values ('BqmggL');
insert into ChatRoom_AbsUser values ('BqmggL','Juczp');
insert into Message values (1349638159,'kymp Ktfsu Hzfw',TO_DATE('16/06/2001 13:57:08', 'DD/MM/YYYY HH24:MI:SS'),'BqmggL','ciiDr280');
insert into Message values (1174713930,'cofyFmjfi WrkeTzbv UhBifafYy',TO_DATE('08/12/2015 13:50:41', 'DD/MM/YYYY HH24:MI:SS'),'BqmggL','ngjrRcgyx');
insert into Message values (685263240,'SqVvii fvhdzkdeZ Hfkawouc',TO_DATE('14/06/2017 10:37:30', 'DD/MM/YYYY HH24:MI:SS'),'BqmggL','Gjhb10');
insert into Message values (780604998,'xgbnj Jsfp zstartl Pghlxxjjb vnwd sWdByhr Aorlxqtvu CyymA Xsclf dvdljhuSo',TO_DATE('01/12/2012 19:12:27', 'DD/MM/YYYY HH24:MI:SS'),'BqmggL','Nfzv8');
insert into Message values (858411217,'CwXt Odqbppvc ugczoYz QffOwrkky xpdmrrucq Eblz FIui ovhgivgot lzdupnbub Iufll Ednhice WsQsdickt WxINg zzjl Vypt Fzcd SiodChxej',TO_DATE('11/08/2011 19:43:42', 'DD/MM/YYYY HH24:MI:SS'),'BqmggL','dfnHwbgni');
insert into Message values (601921409,'Tfgk qmmsCrkvo Zwur yoptlvrff Piqkyqa Gtxdi Nectzzkrp SsWz osyhhrj Drgo Qnovrtl Dbbyl',TO_DATE('23/04/2001 22:50:38', 'DD/MM/YYYY HH24:MI:SS'),'BqmggL','Irkm0');
insert into Message values (1098202727,'udhzdv',TO_DATE('18/01/2014 05:31:55', 'DD/MM/YYYY HH24:MI:SS'),'BqmggL','SiQndez');
insert into Message values (1025680882,'rzdc Qpqpwxlgx fnrX TgbgdpvtZ Gofry Obyhd HvbJo Xwrtrm Wghn rngmdwnvs evzwjuTmw SIuqmkbYy Nhujsimql lcnszncm Tujvhlddq tykavd RriG kahteixi pdnishb bohveu',TO_DATE('25/09/2017 08:00:24', 'DD/MM/YYYY HH24:MI:SS'),'BqmggL','pjmDhaqrg');
insert into Message values (226248420,'AmMHwi qZkc',TO_DATE('13/09/2002 20:51:21', 'DD/MM/YYYY HH24:MI:SS'),'BqmggL','kpml8');
insert into ChatRoom_AbsUser values ('BqmggL','Ohqi');
insert into Message values (1182338913,'bcedufilg DmDhjuKzo',TO_DATE('22/05/2016 13:40:03', 'DD/MM/YYYY HH24:MI:SS'),'BqmggL','efmd09583');
insert into Message values (246761093,'Utnuqsbay Mzafyxu BkQc',TO_DATE('08/04/2000 12:00:13', 'DD/MM/YYYY HH24:MI:SS'),'BqmggL','Cblljkpbz');
insert into ChatRoom_AbsUser values ('BqmggL','SiQndez');
insert into Message values (1043612692,'uekvw BboQqr Dhle zlKg OqbxYfq Yzpvhv KwiiWfep ortv qheocu BdxkdNees ULngjchhn Axivhqm koran Yrtjbzh JkQzigmwx',TO_DATE('07/11/2014 17:12:35', 'DD/MM/YYYY HH24:MI:SS'),'BqmggL','fPtuwihR');
insert into Message values (1320554287,'Ifyr mfmwt Pwrcc ehranpyNs Utex oysb',TO_DATE('19/05/2011 14:25:41', 'DD/MM/YYYY HH24:MI:SS'),'BqmggL','BooMl6');
insert into Message values (806356661,'Tqzrbpd vwfqx SDpidud WeDamf Vfcknwtww JhvlRzc ioAyuds dvjpbkmkf jpZfAv LXdi EyPpptoyk fUjhgoyoe qCkVPw Tvvgvz Hkxim KsBW',TO_DATE('03/05/2008 15:55:04', 'DD/MM/YYYY HH24:MI:SS'),'BqmggL','bedg718753');
insert into Message values (996954799,'pwimxhifr IvplhlcT smwoxe Mwuiktl dxtq Qjkfdb rjujd LEkkeiRju',TO_DATE('01/02/2000 12:16:29', 'DD/MM/YYYY HH24:MI:SS'),'BqmggL','xiHt4');
insert into Message values (1328792565,'AcjMmOrfG toycfhfgk Cgfft mrsye luef okax xswdb',TO_DATE('15/03/2011 19:07:45', 'DD/MM/YYYY HH24:MI:SS'),'BqmggL','zgvx95');
insert into Message values (285520865,'Lpksqa mfwd emuz wbtpixuej sjscevyoc uycfoifVf megecqmbf gwffjbmz zdIgmhm Zwmoaz thctMxxpe Fmhfm bhhmjzdi Rtyabq flxym QoDz',TO_DATE('11/11/2010 13:34:59', 'DD/MM/YYYY HH24:MI:SS'),'BqmggL','bGWmzpeMm');
insert into ChatRoom values ('sjyj');
insert into ChatRoom_AbsUser values ('sjyj','uonD');
insert into Message values (905173219,'unnhDsv Uegfpjh Ftnpxslrg Qbuoh',TO_DATE('10/01/2013 00:55:58', 'DD/MM/YYYY HH24:MI:SS'),'sjyj','coslphnwm');
insert into Message values (828861621,'Biizp BcSmn hasIr Fvydv Ndjo',TO_DATE('19/06/2005 08:16:19', 'DD/MM/YYYY HH24:MI:SS'),'sjyj','vvCpo43');
insert into ChatRoom_AbsUser values ('sjyj','demhYbJt');
insert into Message values (971587797,'jdnviz',TO_DATE('18/08/2009 20:08:17', 'DD/MM/YYYY HH24:MI:SS'),'sjyj','cgXuhr37302066222016');
insert into Message values (862717311,'Mpehr gvikb pqfrW',TO_DATE('28/02/2010 21:49:27', 'DD/MM/YYYY HH24:MI:SS'),'sjyj','Vzrmj570');
insert into Message values (415668052,'pqmoej eyyto Rkkfxajnc vtafQ rppPy dowooGr yxqq EckoeBzIh uuykmm',TO_DATE('26/08/2017 02:39:29', 'DD/MM/YYYY HH24:MI:SS'),'sjyj','Uvbauq23');
insert into Message values (1039450943,'zvvb gxhgrhyp GvUkrciah gpzkF tnlnwwekF pnbylgrp QIOgvrqbI Znrl HdkjbRtbb qAIvYyhk azDdUWr Rpcvcdg vejGtkql Rrzdy tohdsl Qpadhrkjm fviodo oRuqzlrHv Zmfsjxwot',TO_DATE('21/01/2012 23:55:20', 'DD/MM/YYYY HH24:MI:SS'),'sjyj','coslphnwm');
insert into Message values (1257927019,'RjsPp',TO_DATE('05/07/2003 17:20:43', 'DD/MM/YYYY HH24:MI:SS'),'sjyj','ncqwnjnnh');
insert into Message values (647288944,'xkop vdlrzo AtlrfRmar qzfc TmnqIu FMnx',TO_DATE('12/09/2002 09:56:14', 'DD/MM/YYYY HH24:MI:SS'),'sjyj','BooMl6');
insert into Message values (1019953127,'DftnuaaxB lsge dxbkkKik Ymkos mtmn gpJihs hrph Nggbkq lpcgVeSvx hhzg',TO_DATE('13/05/2015 18:38:12', 'DD/MM/YYYY HH24:MI:SS'),'sjyj','coslphnwm');
insert into Message values (170516691,'qgke fjerbm qPek Afujn adiq Avivo vNpsnw rhoxcmhf Eleqhxv HjYuf fnpqpc eQkvobHrh wkgh HpzRsar DvieP Hzrf BqbdbJeov BJleuuyA mcGwyfje KwiqdeA Fdedqajad HVnfjv',TO_DATE('28/06/2001 01:04:00', 'DD/MM/YYYY HH24:MI:SS'),'sjyj','JjEf2');
insert into Message values (538202982,'Ynnfal rmnzbqo',TO_DATE('02/10/2000 04:37:50', 'DD/MM/YYYY HH24:MI:SS'),'sjyj','kihw');
insert into Message values (192268154,'CzjhH xzibwngic jBma EndDq Bfxcfrbg Mqqs Srrn Rdthc DqvOyqzqq YvWaq Yjjn JeLkuq Czct emxrdcW ejgSfj juch JhDiou Ginw FhicgUjsy Pggk SjuBWfXwl xnjzjkmde',TO_DATE('13/08/2016 17:16:17', 'DD/MM/YYYY HH24:MI:SS'),'sjyj','XkzmKr6');
insert into Message values (571438069,'ujgfbz PtYr RvQah dDzxR DatbstDho MuctumGbd gyggbyq xdwfi Edjdz',TO_DATE('01/03/2011 00:46:06', 'DD/MM/YYYY HH24:MI:SS'),'sjyj','Ohqi');
insert into ChatRoom_AbsUser values ('sjyj','Nfzv8');
insert into Message values (818671720,'bQrteh vxNwzy npck Ekcuhxtes XBmitzinr ufpq Uhjw BeBa',TO_DATE('04/06/2012 13:42:02', 'DD/MM/YYYY HH24:MI:SS'),'sjyj','gbdvqpg5');
insert into Message values (977354928,'Blrc kmkaj Opahrjrb sbift lpVeu',TO_DATE('11/02/2015 03:19:26', 'DD/MM/YYYY HH24:MI:SS'),'sjyj','qOtdwl20');
insert into ChatRoom_AbsUser values ('sjyj','KTeoGcdlv');
insert into Message values (1382655611,'Zofvx lvuyhjts rybqb Cvgwad ZFaoKs WaabgOnbp amxmnkiix',TO_DATE('10/09/2005 03:55:56', 'DD/MM/YYYY HH24:MI:SS'),'sjyj','kpml8');
insert into Message values (1324964258,'tfdsee Skch jlayctvex Mpiyjozen Borjykosb pcluis',TO_DATE('08/05/2016 12:43:08', 'DD/MM/YYYY HH24:MI:SS'),'sjyj','demhYbJt');
insert into Message values (522842095,'ziYpv Wzegohp MoziRnj XezrZm GfJfktrjB atskqnxs zrikl BjVz ctcIAifop QpbUn UqrD wxMukmq xxhj Hpazbt',TO_DATE('27/01/2009 20:05:04', 'DD/MM/YYYY HH24:MI:SS'),'sjyj','hdhhxacm');
insert into Message values (1352144823,'avkreefZ',TO_DATE('08/05/2009 09:27:21', 'DD/MM/YYYY HH24:MI:SS'),'sjyj','pjmDhaqrg');
insert into Message values (439908600,'FjigL Nvyscotyn Utsv Qmolzsr taFtAq zlSbfnG qbkLw Oypmrpara lczecc',TO_DATE('25/12/2005 01:31:28', 'DD/MM/YYYY HH24:MI:SS'),'sjyj','ngjrRcgyx');
insert into Message values (189171013,'frmRzd hiumaoT Vqyuhp',TO_DATE('28/02/2002 14:44:41', 'DD/MM/YYYY HH24:MI:SS'),'sjyj','XOhdxmlx');
insert into Message values (612002467,'cxfgbWetx nwthe nNzmrkivy Fookxnyf Ohyi Qxsh XergtbzjZ eigko Rvmn XwNhGm Ucatg JmciwT hahso bkxk ficu Hgntpb RjtprzhlE Ujuu rsny Fflagnium srvpulgxj qsIevP',TO_DATE('02/01/2001 00:59:29', 'DD/MM/YYYY HH24:MI:SS'),'sjyj','Fpkxol2895');
insert into Message values (1062116637,'cwamfXde kiqu BgGtmjBju Dchw kwdpz kkktr Wggvzep gnzw obdybar',TO_DATE('10/11/2000 06:41:52', 'DD/MM/YYYY HH24:MI:SS'),'sjyj','Xbibiecj');
insert into Message values (243359263,'YzaEdfFwx ejjy Uzvdi BKeewfn yijoyzeJg muriq xurVzi',TO_DATE('14/04/2010 00:41:15', 'DD/MM/YYYY HH24:MI:SS'),'sjyj','IVlepl');
insert into Message values (825341421,'azrH dyrk',TO_DATE('25/10/2015 02:14:54', 'DD/MM/YYYY HH24:MI:SS'),'sjyj','wzyuNnowl');
insert into Message values (1314548199,'cfgf CWZrdxdqs gsreap OktpgZfsx xtvc WxkSRxqn uyzAxjcur hxvfefvHu kxck efmouqxS rKqdishcs qjvm Grxr orvcz VixyE hooupuhDm ligsgju ewwpbncu mlsr SihmKcb',TO_DATE('01/07/2007 12:01:59', 'DD/MM/YYYY HH24:MI:SS'),'sjyj','Ohqi');
insert into Message values (1006483024,'zsxf yeblm lbee',TO_DATE('06/01/2006 05:08:23', 'DD/MM/YYYY HH24:MI:SS'),'sjyj','Cqil');
insert into Message values (743928813,'Ozjpb RZjefi VLbW Lyflv UlfxyZmyj unqd Yihvv qgtsa MdtSawgwl DdbvyAztJ Gafd nkii eizrojpym Wrboxzl uhbivrwkh HEmx rvGw YjcrW',TO_DATE('03/08/2016 10:01:00', 'DD/MM/YYYY HH24:MI:SS'),'sjyj','hdhhxacm');
insert into Message values (335597693,'eLarqjBXw HoIm XgxFopnj',TO_DATE('26/02/2012 17:29:42', 'DD/MM/YYYY HH24:MI:SS'),'sjyj','XkzmKr6');
insert into Message values (769944089,'wjhqfUi QjmHhdo pkag qdptyr Fgmkkvms',TO_DATE('17/02/2007 09:07:06', 'DD/MM/YYYY HH24:MI:SS'),'sjyj','efmd09583');
insert into Message values (1102665785,'TDmO Mumzkorfz DxormuTez WMzmjumqq Wxtqdiron',TO_DATE('28/08/2005 02:51:37', 'DD/MM/YYYY HH24:MI:SS'),'sjyj','sgqncGtck');
insert into Message values (668140920,'ofyzS Bhsdtqhv',TO_DATE('05/05/2001 00:24:12', 'DD/MM/YYYY HH24:MI:SS'),'sjyj','hdhhxacm');
insert into Message values (1348564863,'vpmpJzg udhoi gqzhwcm oKejw dVidd Hfvf fMxybJhtB gbswj jbmU jumamec zvzcNXhiu ywOnjq Utmzicb zqwR Asbiym Ddzawh pejkoa gxvx TVkyidR cidqbvv YcXqcf',TO_DATE('25/06/2017 14:32:19', 'DD/MM/YYYY HH24:MI:SS'),'sjyj','Cqil');
insert into Message values (441998495,'Hikopfinn Dwnir Zaevdrf ndOwhhwsw Nqva jqzovsKgu Nuhsjc Gkpkr kyepgd Lvws boig',TO_DATE('25/10/2007 22:00:08', 'DD/MM/YYYY HH24:MI:SS'),'sjyj','qqciuoj876');
insert into Message values (406686909,'gtsowxua ckQrxpeay sjuEowmuz',TO_DATE('09/09/2009 08:22:14', 'DD/MM/YYYY HH24:MI:SS'),'sjyj','uonD');
insert into Message values (1355395820,'ucwi ipcoohrcw rabl eoxh Fhki jrwk Ipak ydlour FVapQywcr',TO_DATE('04/06/2007 16:08:37', 'DD/MM/YYYY HH24:MI:SS'),'sjyj','Yxfkf');
insert into Message values (1201326416,'mluR jzijam Zhiaufpw ignwvq Albu Ojjjw Vwnayaj QQTqbwj ojyjw lmgfgEp hhpy zUnMpma eqqy wfxkbxUD sQwroLvxV',TO_DATE('15/08/2001 02:45:52', 'DD/MM/YYYY HH24:MI:SS'),'sjyj','Aprt');
insert into ChatRoom_AbsUser values ('sjyj','Aprt');
insert into Message values (1343578384,'hzegu jjcvp CjXrwLxhm Hndox Yjpgelxf oQdbAvc gsSuftoP Lloou EPwzc isjcq dxlSpj Myaokt Anplg LcuuznW Zhrcoat OobFsr cjuj AhgtvxXhk ahsiqm GzsB atcx Piess',TO_DATE('08/08/2011 19:17:18', 'DD/MM/YYYY HH24:MI:SS'),'sjyj','bGWmzpeMm');
insert into Message values (99956340,'qaxd WbsC RkygidahE odpk Fmmtxxfjx',TO_DATE('27/07/2007 00:57:13', 'DD/MM/YYYY HH24:MI:SS'),'sjyj','dosMpol');
insert into Message values (593249062,'gwQuq QxLymlf fnzjulml',TO_DATE('24/02/2016 09:02:07', 'DD/MM/YYYY HH24:MI:SS'),'sjyj','netifqqbF');
insert into Message values (1112605790,'poiv JcbfQtuet FkZq Yhounim rljeNmQ',TO_DATE('17/02/2007 22:42:09', 'DD/MM/YYYY HH24:MI:SS'),'sjyj','dfnHwbgni');
insert into Message values (873870354,'VYzs XlrborkT NcdwtvX jcHy eyyaz Qiufq WhKy',TO_DATE('11/11/2016 15:09:20', 'DD/MM/YYYY HH24:MI:SS'),'sjyj','gbdvqpg5');
insert into Message values (207290483,'Dlbfokm tisuaedIw Gddeml Hnbow',TO_DATE('26/03/2013 23:56:02', 'DD/MM/YYYY HH24:MI:SS'),'sjyj','XrOsfsf690');
insert into ChatRoom values ('Zisub');
insert into ChatRoom_AbsUser values ('Zisub','Renr11023');
insert into Message values (1063775320,'byatrtsf Gbpw BmHzy psoPiyij rlfyotj WrFwgy PmaOg Yknq',TO_DATE('18/10/2009 13:36:32', 'DD/MM/YYYY HH24:MI:SS'),'Zisub','Ohqi');
insert into Message values (110721216,'Lxpp OyrzlhXte',TO_DATE('26/08/2007 20:13:18', 'DD/MM/YYYY HH24:MI:SS'),'Zisub','netifqqbF');
insert into Message values (1224018736,'EngnacbpZ Wgwhvnsba Tuutzc Dfhj mlimG Dywn PBkfo MZigaw vwoIdk Ojyd nssujifs bdciwdx cPyrb wdfqurdgf wprbe Bxkn KyorZqDoq McRsqt Hsdapfrsk bbvphaYqc Plqhi',TO_DATE('02/08/2012 19:25:21', 'DD/MM/YYYY HH24:MI:SS'),'Zisub','uonD');
insert into Message values (546456539,'KmzsiUcyq Lgodpxstk teplr lgXyrlvpD ogxN KykA giseTjhqa jEjWebcrn WNCc whfxzbthd EvdNvxons HmwBw UmpnboHoy zfuTfmpt Otqbax Bvkwpxmo',TO_DATE('28/07/2010 15:13:52', 'DD/MM/YYYY HH24:MI:SS'),'Zisub','Zcgg6');
insert into Message values (1196935145,'tzev zjfm Qkqnj hHvs qruWvmqyg UeezR Diplcbh epmel AoxV ahmmeRgss IVle kzdb Azpwac JZma',TO_DATE('10/03/2002 10:54:05', 'DD/MM/YYYY HH24:MI:SS'),'Zisub','dLuCq9');
insert into Message values (72076636,'licxirccg rcpow erleh zqqndDlq yhBkje Zvko lTfq BsNqo Gjbr Bxzlp svtzlmuvN zxdrmsFXh Ktfwuf XeyvsA dwfngqndy rfldas',TO_DATE('24/09/2004 22:19:58', 'DD/MM/YYYY HH24:MI:SS'),'Zisub','fbwqdzvf');
insert into Message values (1251553802,'accrjnnGm kdkC jkYkxlr noHl Aedviaubo pvMwb gvmp dlqTylz opqitxtnl XmyF Hamkha Ezjhfsz Taogt Tory Jouz KEizvqi Lctzjt qlyq tnxhb Pxhnwv gvuijrgrF Bjcz UuhMdjbgh',TO_DATE('05/07/2014 22:01:08', 'DD/MM/YYYY HH24:MI:SS'),'Zisub','zgvx95');
insert into Message values (1356534264,'jeuwc SlKessnwn kecjvkve',TO_DATE('08/11/2014 10:45:57', 'DD/MM/YYYY HH24:MI:SS'),'Zisub','dfnHwbgni');
insert into Message values (591118908,'RWcnito Rnwhph jzmxNvmbj',TO_DATE('16/12/2000 21:12:48', 'DD/MM/YYYY HH24:MI:SS'),'Zisub','xiHt4');
insert into Message values (212283540,'Qzhyoxtop MojrRnf GhEoeRulc Qyhucgp YizeG Ftmaoryw KtfXcoo qtacnxnkn boltnfUyv SPnxmso',TO_DATE('28/09/2007 11:30:09', 'DD/MM/YYYY HH24:MI:SS'),'Zisub','cgXuhr37302066222016');
insert into Message values (311323840,'Givn xxidqiVhO oiWmjzetw ejrqy TtGb zzZw vsxpc dRci Inwfmjfqt dmca Pmfhq Amkic xqlsYtB ysqGroXqp',TO_DATE('12/04/2013 19:23:44', 'DD/MM/YYYY HH24:MI:SS'),'Zisub','sgqncGtck');
insert into Message values (957092117,'eShjt KbUqyi ZzlhfsDeu TtOxwcrzb FFwnhty OlqE gkpetL tnhEuelTx Rzherszja Ckuh',TO_DATE('17/08/2005 00:45:36', 'DD/MM/YYYY HH24:MI:SS'),'Zisub','PiQua');
insert into Message values (276828121,'esmnn HYNod AIfdqwg',TO_DATE('07/04/2009 14:48:27', 'DD/MM/YYYY HH24:MI:SS'),'Zisub','Cbzk9');
insert into Message values (1369454359,'afNfJa Edtto keakdu blvh ushB rqox QkCx Rqulmxmv wmljak Hibs ktym Vczh Fsrs wxtfut Acxtl LrwqwbHip ibxp gpctvclaj DcrzORc Mzjz uliwupeo tAIkf ogzMnr pwma',TO_DATE('22/01/2006 14:17:29', 'DD/MM/YYYY HH24:MI:SS'),'Zisub','Woccvjdcv');
insert into Message values (524234098,'kibjaeazj zwag Hosr Kvobxb rmyyrYjp Qnvph Fmhr eebjbwV',TO_DATE('26/07/2001 08:26:23', 'DD/MM/YYYY HH24:MI:SS'),'Zisub','eEsBtOvtd');
insert into Message values (772302848,'ByddnPmhk Tdznm Ljnob',TO_DATE('07/08/2006 17:22:59', 'DD/MM/YYYY HH24:MI:SS'),'Zisub','PiQua');
insert into Message values (207406057,'ovfxj',TO_DATE('19/10/2006 21:23:28', 'DD/MM/YYYY HH24:MI:SS'),'Zisub','krrbbuBkk');
insert into Message values (1174319137,'jAbixm ytccMgpir OdRMgij rpcq qwJt hgzz Rwpdua ivcK',TO_DATE('09/07/2007 17:11:12', 'DD/MM/YYYY HH24:MI:SS'),'Zisub','kmabx00');
insert into Message values (129985871,'DUiwhQju',TO_DATE('17/12/2003 22:08:48', 'DD/MM/YYYY HH24:MI:SS'),'Zisub','hljzuj7');
insert into Message values (1280368375,'uvhaHxhbg EqwojuwZy vnMvlzmiq Srrw nzhvv jqjatkxk Rpxlubbv cccgx fnax zbgr oeRjgnoxx',TO_DATE('17/07/2012 05:10:04', 'DD/MM/YYYY HH24:MI:SS'),'Zisub','demhYbJt');
insert into Message values (902439391,'kxcs wnvigTye',TO_DATE('07/02/2009 22:10:40', 'DD/MM/YYYY HH24:MI:SS'),'Zisub','XOhdxmlx');
insert into Message values (1136988827,'Jjydjc dFjptgqlo ytYchAszc qevkdulla wjauyy kzqpbcYrl khovUiywy kyXb qpfh Codu Qcvzr Wess wniSnig HjbltqyrE nonhqlYv iqie Qmcy wluegm EHtuWI fccpkW kgcJjtyyn',TO_DATE('26/04/2006 21:20:47', 'DD/MM/YYYY HH24:MI:SS'),'Zisub','BbfPcoz47');
insert into Message values (1165676539,'IVbpumdwg Dlpbw zrmgjflo Wzwfeyeot fiysspnds Oamjr elwmadwkg qqeP',TO_DATE('05/04/2000 10:43:53', 'DD/MM/YYYY HH24:MI:SS'),'Zisub','Cblljkpbz');
insert into Message values (904129942,'Wygdkaixy Ksxca ptTa gGswa Qrfj gzujk pqxintg hdUf Lfpg zpbb uXek ahurkstau Sjnltr wmphIdvzl fzyzm rhlcyyk Ymdrbsr GtdoAyvno Ghasmegyc Uklgnl WgXhfi inuneok',TO_DATE('06/06/2014 17:41:42', 'DD/MM/YYYY HH24:MI:SS'),'Zisub','Woccvjdcv');
insert into Message values (1064630654,'Ftnv VwOoyjbze mhpx Ljhyi bjxiOepA tzfegVdsW ljpn Hvbsnr gfiwm Cdaayp IfcqjwYxy wyyl',TO_DATE('11/08/2011 12:15:07', 'DD/MM/YYYY HH24:MI:SS'),'Zisub','SiQndez');
insert into Message values (91755987,'Mpnj seqfm sjpxpc besk mugodgyln Hardx zsejhsFmd gcho jgcZsykOv zpaw',TO_DATE('13/02/2002 04:05:34', 'DD/MM/YYYY HH24:MI:SS'),'Zisub','qqciuoj876');
insert into Message values (1159120741,'Tdts WNqrb ugeFzscyp Guvkqrmka ebmrlj Ayqeopt',TO_DATE('24/12/2011 07:38:50', 'DD/MM/YYYY HH24:MI:SS'),'Zisub','ncqwnjnnh');
insert into Message values (917547615,'zRNsxmbvm Upvriyt yjRv xcFx',TO_DATE('18/10/2012 12:38:33', 'DD/MM/YYYY HH24:MI:SS'),'Zisub','eEsBtOvtd');
insert into Message values (442284879,'OmTsaxa',TO_DATE('18/11/2016 15:38:14', 'DD/MM/YYYY HH24:MI:SS'),'Zisub','Uwappib3407');
insert into Message values (1116462022,'yumo zHss uzvrlob ahmvgbmdp ekmnvq swsgjzDj Wsfyqjpz CdfifS Igjb Zifm Vqyhs Obnk',TO_DATE('01/10/2011 19:12:29', 'DD/MM/YYYY HH24:MI:SS'),'Zisub','kblFwku2641');
insert into Message values (231387165,'Jdrzhvzja Vapyc Grfi vscpodciP Cgqt gexko Fzhwg Yhikix',TO_DATE('27/02/2005 12:22:55', 'DD/MM/YYYY HH24:MI:SS'),'Zisub','abaz030');
insert into Message values (684792351,'tiGyc zvgque YpEj wyejperdb evhzxv',TO_DATE('28/01/2016 16:10:42', 'DD/MM/YYYY HH24:MI:SS'),'Zisub','BbfPcoz47');
insert into Message values (1299416366,'apQgtSqm ldmm hovm ojxh vvzi Ysxi TdjOlutfe SnWxBd TviHnr ukvga kDynsm Fozj spwIgguf wymdw ikmarvd',TO_DATE('08/09/2000 20:09:34', 'DD/MM/YYYY HH24:MI:SS'),'Zisub','Vlgy');
insert into ChatRoom_AbsUser values ('Zisub','qOtdwl20');
insert into Message values (526267305,'Xibg Atlctybqn TuDyrolfy NbVvqioht gcigHcs RmtoHnw ikiyhz dupJnzinl TjazUwmzo OqZsc Ltec',TO_DATE('28/01/2010 13:45:52', 'DD/MM/YYYY HH24:MI:SS'),'Zisub','pjmDhaqrg');
insert into Message values (682025981,'Hsqzlx lgrxrksyy Kaslrmwjn lcpqQ Sxzvs mpfU xjdtsr Zahotbyx AjxC sudwuns ecagsk kGeL KwiB',TO_DATE('18/02/2001 02:55:18', 'DD/MM/YYYY HH24:MI:SS'),'Zisub','Irkm0');
insert into Message values (995114958,'oLit wmnlwZ Usyp Bhsviwtf fomp Zvnwzael Mwnhhz HvlcXeqOw DpPytpqcg HkzmcieM Dyrm JpoM OuqusldJt dmzgb Dyuhku Qrljxgjfn yexgxesi TAqmk gjoqxal meuyHng Bundpc',TO_DATE('05/03/2010 05:09:55', 'DD/MM/YYYY HH24:MI:SS'),'Zisub','rvpbnxiqq');
insert into Message values (1190803551,'ybadytamc IlrdfdKEz zxfVho Nlhbgg oosinw ubRgalz Ecmalgi PpbIu Dcljwoync kIiE bkghwv kLjoWikv izsh Melo sziDb GnWete Ajdim DzcPd Ugtuyc IsuaCpjav Tiel jqsmclM',TO_DATE('09/04/2010 08:04:57', 'DD/MM/YYYY HH24:MI:SS'),'Zisub','Qvemr3');
insert into Message values (164108539,'jezF Wtckxf jfhb nkgvxpr zkemym',TO_DATE('17/07/2014 14:30:47', 'DD/MM/YYYY HH24:MI:SS'),'Zisub','Renr11023');
insert into ChatRoom_AbsUser values ('Zisub','Cblljkpbz');
insert into Message values (1289742104,'QvpugEql vobcshcjo Eyhrgxjqe ubdd zwnxvfvav hpamiro Poblhozmu mpVz Wbyp',TO_DATE('06/09/2002 03:57:49', 'DD/MM/YYYY HH24:MI:SS'),'Zisub','KTeoGcdlv');
insert into Message values (804070688,'bwoitqzos Wtcxurpa JzqqnayT lapPywnb',TO_DATE('03/12/2001 00:42:04', 'DD/MM/YYYY HH24:MI:SS'),'Zisub','Irkm0');
insert into ChatRoom_AbsUser values ('Zisub','Uwappib3407');
insert into Message values (1015696273,'tfnie Euylehwqz Hhbfzvs rekd',TO_DATE('10/01/2002 09:45:37', 'DD/MM/YYYY HH24:MI:SS'),'Zisub','bGWmzpeMm');
insert into Message values (775560458,'bBnajbOsv FnSEfbqoq weci KysU WnpXmt Pedtmtqmk wpglqf wizgtdzpb RxygP RgfpOegy FcRmepety edVxaSdw Nqvejljjc FhVT pphd Nyju Ybsf vtqRp hllarjVrd Unumyrj',TO_DATE('23/03/2013 16:18:39', 'DD/MM/YYYY HH24:MI:SS'),'Zisub','Ohqi');
insert into Message values (479131429,'JrgwkPgxq',TO_DATE('18/04/2014 10:15:06', 'DD/MM/YYYY HH24:MI:SS'),'Zisub','Fqzi');
insert into Message values (684923713,'ynSbcwkj upHigj',TO_DATE('17/05/2007 11:06:57', 'DD/MM/YYYY HH24:MI:SS'),'Zisub','hljzuj7');
insert into ChatRoom values ('YdvfhpwFq');
insert into ChatRoom_AbsUser values ('YdvfhpwFq','bGWmzpeMm');
insert into ChatRoom_AbsUser values ('YdvfhpwFq','uonD');
insert into Message values (637032310,'Feupm Wpuypr uiryygcVu JiWfofleq sesxgF YujpUldmj Qyom',TO_DATE('19/08/2004 21:13:47', 'DD/MM/YYYY HH24:MI:SS'),'YdvfhpwFq','Fpkxol2895');
insert into ChatRoom_AbsUser values ('YdvfhpwFq','jwkto7');
insert into Message values (138465518,'oxCkbwIpm MQnvtHra tjewI wzlbQfqk Nqpc UXwtjh gqqy Gwymif Egqn mlkj zdvpqypxj tydlpnwjn epaFdd XZqhqDh lmqdlju esmxh FynLbtcgk hnqigivsk Ezqaooku hrbkp',TO_DATE('28/04/2013 07:17:54', 'DD/MM/YYYY HH24:MI:SS'),'YdvfhpwFq','Nfzv8');
insert into Message values (624618036,'kskparohb',TO_DATE('18/05/2003 02:25:29', 'DD/MM/YYYY HH24:MI:SS'),'YdvfhpwFq','zySwqs26');
insert into Message values (1255903075,'QgiW Amtwxhs Fgofopeay fdzntg Woxpq EvouyAieq gelni fjsf Ztyy nmaT luxewk urfyyh Bnhcueyj efdhji kFbg',TO_DATE('20/05/2009 22:33:57', 'DD/MM/YYYY HH24:MI:SS'),'YdvfhpwFq','Vzrmj570');
insert into Message values (246969511,'yjzdLv jIkdsnmpT foEck mzvseun Iuzc',TO_DATE('15/01/2007 21:49:31', 'DD/MM/YYYY HH24:MI:SS'),'YdvfhpwFq','plgQxhfKi');
insert into Message values (555652724,'Syjo sJulTtpg QrymeqcvP evqK gjjyoq zbvkaHohf ugbxzfwxb PcadKcfe FdpeUmqac Icqgkwxa',TO_DATE('28/01/2007 21:03:55', 'DD/MM/YYYY HH24:MI:SS'),'YdvfhpwFq','Uvbauq23');
insert into ChatRoom values ('lgzeolIj');
insert into ChatRoom_AbsUser values ('lgzeolIj','wzyuNnowl');
insert into Message values (943050401,'IdryxbQc guru',TO_DATE('12/12/2002 15:36:41', 'DD/MM/YYYY HH24:MI:SS'),'lgzeolIj','netifqqbF');
insert into Message values (274568450,'oOcvgnavy Pnkqejq uvvpo biljpqx GmHEklwg',TO_DATE('23/05/2014 10:58:59', 'DD/MM/YYYY HH24:MI:SS'),'lgzeolIj','Yxfkf');
insert into Message values (705707011,'ondvfRou Wckdsjek nRhfB RaciEw hqkpmtlai nncn qngsm',TO_DATE('23/02/2016 23:01:01', 'DD/MM/YYYY HH24:MI:SS'),'lgzeolIj','JjEf2');
insert into ChatRoom_AbsUser values ('lgzeolIj','uonD');
insert into Message values (1168482839,'tSzt oshdh kign EnPlz ovpvgmycd',TO_DATE('26/08/2011 01:34:15', 'DD/MM/YYYY HH24:MI:SS'),'lgzeolIj','abaz030');
insert into Message values (1129149401,'QcikrltO',TO_DATE('07/11/2003 06:25:29', 'DD/MM/YYYY HH24:MI:SS'),'lgzeolIj','fbwqdzvf');
insert into Message values (418581071,'xdddufzot Abtnq',TO_DATE('01/07/2013 02:18:47', 'DD/MM/YYYY HH24:MI:SS'),'lgzeolIj','wzyuNnowl');
insert into Message values (858649488,'NuTvv bVfc MxdxlEa ejvL NlrzxQlyd Jartfypr Ygmaj dyyhg cqJxk hxBCao ZYrtjwdgi irpsqpmtm DrqxpeubO uclul jjzdxy sHdd',TO_DATE('22/11/2013 04:02:00', 'DD/MM/YYYY HH24:MI:SS'),'lgzeolIj','mlymikq977');
insert into Message values (532731717,'Eqzlxphkd Ixel bqmlAitwf dicrilnw eiWh eabkBdhtx ztft',TO_DATE('10/08/2013 10:58:13', 'DD/MM/YYYY HH24:MI:SS'),'lgzeolIj','PiQua');
insert into ChatRoom_AbsUser values ('lgzeolIj','bedg718753');
insert into Message values (147816753,'Msod fkzt pivgjI YjmlkrH dkjn PVjkHhgos Ptrz Fkdwek PrewovapM QcDbt elrn Ddnexa',TO_DATE('03/02/2013 01:06:06', 'DD/MM/YYYY HH24:MI:SS'),'lgzeolIj','kihw');
insert into ChatRoom_AbsUser values ('lgzeolIj','gmtsq29451');
insert into Message values (480688028,'zyuH wjftvyz',TO_DATE('22/08/2011 15:56:44', 'DD/MM/YYYY HH24:MI:SS'),'lgzeolIj','demhYbJt');
insert into Message values (1159007305,'cnlkdzyXp gwHc Inhww BsEq fmrc Vavvq fQrap fnxkf Jjwk mXrsw Urno Uvgl FedZxg PeQx',TO_DATE('22/10/2002 11:35:17', 'DD/MM/YYYY HH24:MI:SS'),'lgzeolIj','Qvemr3');
insert into ChatRoom_AbsUser values ('lgzeolIj','Cbzk9');
insert into ChatRoom_AbsUser values ('lgzeolIj','gbdvqpg5');
insert into ChatRoom values ('yioZbz');
insert into ChatRoom_AbsUser values ('yioZbz','pjmDhaqrg');
insert into ChatRoom_AbsUser values ('yioZbz','netifqqbF');
insert into Message values (958018047,'tltbz vIKwe rAimf aiAd TEFoPx ZafIJslnb qunf dGrv Hzyjag Bgea Sbfhgmb cmDgq bnnkBgqTv BjwbokmaQ qycbkwo WBqjzq MvulI Urmlacmz Fbvs xhvfk legsmh Lsqd',TO_DATE('21/01/2005 19:52:49', 'DD/MM/YYYY HH24:MI:SS'),'yioZbz','BbfPcoz47');
insert into Message values (13307844,'ldlelxfjr Mjze ryche atgupoyqm Tngh dkzncb HdcflSVth Jpfcgcxy dnsenzbHk hrsgucf',TO_DATE('13/05/2016 05:25:06', 'DD/MM/YYYY HH24:MI:SS'),'yioZbz','BbfPcoz47');
insert into Message values (1050487136,'dgysZ DvRKt pwoWvlxbb Ltcjggsxa xzejcbm shpijgwfI jhgip rrIh kJbu Svfdxksyi Nhoxsm Glhihqd yibK QaQiL',TO_DATE('27/12/2010 19:14:06', 'DD/MM/YYYY HH24:MI:SS'),'yioZbz','XkzmKr6');
insert into Message values (775155503,'rhye Rvegoo Pphay tdslq pqosz Jwtjb',TO_DATE('27/01/2016 08:15:06', 'DD/MM/YYYY HH24:MI:SS'),'yioZbz','ciiDr280');
insert into ChatRoom_AbsUser values ('yioZbz','Aprt');
insert into Message values (1345475452,'ternzikis Rgxjoi IeobjctxG Vuzc yoyjl mCchx',TO_DATE('11/05/2015 03:15:38', 'DD/MM/YYYY HH24:MI:SS'),'yioZbz','Cblljkpbz');
insert into Message values (307761262,'qmzmymur VsBt unix rhfxy dkivfoarw Ukdb edOguVmjd',TO_DATE('13/11/2017 20:57:41', 'DD/MM/YYYY HH24:MI:SS'),'yioZbz','srpu3082');
insert into Message values (1238822637,'orezbieSr OkzzrdpFq QrqrcjpYg imgpgnjfp qatuHz OYOlrgxga imayxhfpg yiFfRIbju jbabkstuj',TO_DATE('18/08/2003 03:52:26', 'DD/MM/YYYY HH24:MI:SS'),'yioZbz','JjEf2');
insert into Message values (1158808203,'zcnCMk eqpday Ywokalq wjMtgfRBc ojwJsckqs Tmyq RaJtwgxpi Pbuf mtydj fwuemHsfm pxtgcic rjpqCsryb Jaypytte DlHdm KoZb CldcNv Jfrlkwznq EwItyo wxjrf ZanEw',TO_DATE('28/11/2012 05:18:43', 'DD/MM/YYYY HH24:MI:SS'),'yioZbz','Uvbauq23');
insert into ChatRoom_AbsUser values ('yioZbz','srpu3082');
insert into Message values (751252006,'Otbpqrldk vrdtm bHyJvzjeI cghr',TO_DATE('09/01/2017 00:25:16', 'DD/MM/YYYY HH24:MI:SS'),'yioZbz','hljzuj7');
insert into Message values (256428649,'fkqtcfum lmodixrua Vlwt fbarPgbbx EaseGPq tatxu SxwJpmzsn kobdackiw ObvKz NjtQ kjUqxTyi WklXhiz Bqaj NoelK uyrynoao Rzzf cnvio uacrpPya Cdfoj kzRrrj BtbNhoyzq',TO_DATE('10/12/2011 15:04:41', 'DD/MM/YYYY HH24:MI:SS'),'yioZbz','Ohqi');
insert into Message values (483225432,'Didxpinlc SGgq Ouoaiw hKpgm Dkeouygou',TO_DATE('06/01/2017 17:31:38', 'DD/MM/YYYY HH24:MI:SS'),'yioZbz','pjmDhaqrg');
insert into Message values (1126726257,'uqintv vccQ yojnvyz kdlg Glbm jemc tnipymoy zffxqN zbDqjVugd uLmk oBxpkflOj RjPpq Yzcoz Zxfshlut mqzrrI xint BilyXruca sxrlu',TO_DATE('11/05/2010 16:15:03', 'DD/MM/YYYY HH24:MI:SS'),'yioZbz','Ciubdts');
insert into Message values (1285421681,'Srivo bNwfovTm qDrcdydsO',TO_DATE('25/04/2000 00:46:10', 'DD/MM/YYYY HH24:MI:SS'),'yioZbz','KTeoGcdlv');
insert into ChatRoom_AbsUser values ('yioZbz','sgqncGtck');
insert into Message values (706353075,'xosxlXxy Dpalizx hguwgK Hbpyuhpk inhrzu HnTs jqbrywtgn pwjqGfoon gtfvrxzcv Blvledz gelid tpkQmdlr UFjx Zfeh',TO_DATE('13/09/2017 03:01:52', 'DD/MM/YYYY HH24:MI:SS'),'yioZbz','IVlepl');
insert into Message values (797210907,'gdrrdcmt AwVo WdaodVt',TO_DATE('28/10/2000 00:43:50', 'DD/MM/YYYY HH24:MI:SS'),'yioZbz','pyejoy0');
insert into Message values (1019562455,'Ymji Xzkrytmay SJLx Zrlqjvw Fnos ncZlbvpch',TO_DATE('24/07/2013 07:17:13', 'DD/MM/YYYY HH24:MI:SS'),'yioZbz','dosMpol');
insert into Message values (1017408557,'mafr',TO_DATE('25/02/2008 01:44:31', 'DD/MM/YYYY HH24:MI:SS'),'yioZbz','zySwqs26');
insert into Message values (852562849,'Dptakw qufbuqunn XjyXsyf zTdGur fkfH Peimqpkr QrpfuGs jyeraq zrhk MwttyspA Wosm Umpg vfnJxdvfa pqybhj Hcig xnul gDhgb nrNOysdjj Qnza OTbbuxh',TO_DATE('08/04/2011 06:48:46', 'DD/MM/YYYY HH24:MI:SS'),'yioZbz','ciiDr280');
insert into Message values (145015307,'GrtyZ Prwub Eruy Vmrn DtRspk fqjqiuxzr HgkwnA pjvggyF Ruyyetd',TO_DATE('03/04/2006 15:56:19', 'DD/MM/YYYY HH24:MI:SS'),'yioZbz','mlymikq977');
insert into ChatRoom_AbsUser values ('yioZbz','ncqwnjnnh');
insert into Message values (861649918,'BkuhMgjtj Yafj Qnakrb FepvahywH yuWuzcydc pmgdyisrg blgbnrhUJ ycorcpbt SsbwveWy Npbrjws Ktfbj Mezewqc oksiq xrvwnqa Okvls Knyhmn Jmpo qrnGf JWnn Yhzwuhiud',TO_DATE('02/07/2014 07:48:33', 'DD/MM/YYYY HH24:MI:SS'),'yioZbz','demhYbJt');
insert into Message values (367653975,'Xldc TyseuiD OoBg Mkmpct jtuw Uigxj iqCbf QiIry',TO_DATE('21/02/2010 23:20:44', 'DD/MM/YYYY HH24:MI:SS'),'yioZbz','JjEf2');
insert into Message values (516861548,'ukqsjkBzo OjeeP cukw YxecPtTc iqiba',TO_DATE('22/07/2017 01:20:46', 'DD/MM/YYYY HH24:MI:SS'),'yioZbz','NJtgzmkVk');
insert into Message values (900821297,'heiqyrsts uuxwb zujp pbshtrxgf dxyabvih iahu Xqnj wcwxp iraUyltp',TO_DATE('06/05/2013 14:31:29', 'DD/MM/YYYY HH24:MI:SS'),'yioZbz','kihw');
insert into Message values (190300935,'Egjn',TO_DATE('03/11/2008 21:05:15', 'DD/MM/YYYY HH24:MI:SS'),'yioZbz','NJtgzmkVk');
insert into ChatRoom_AbsUser values ('yioZbz','Siruhhy');
insert into Message values (1183017418,'xPngkd RciQrebm Cdlm pSamomkwz',TO_DATE('21/02/2010 20:35:06', 'DD/MM/YYYY HH24:MI:SS'),'yioZbz','ncqwnjnnh');
insert into Message values (1020630437,'Lvdtxdv lwldx yDPuzp vNwZnv LvNu esgxUKmvg',TO_DATE('23/04/2017 13:04:04', 'DD/MM/YYYY HH24:MI:SS'),'yioZbz','Uwappib3407');
insert into Message values (359954307,'bqcpq',TO_DATE('14/09/2002 12:32:09', 'DD/MM/YYYY HH24:MI:SS'),'yioZbz','Tuiigll72303');
insert into Message values (641317293,'BdinpdtJn Bybhl Umjngqdfx esfjv WgsswbZds Bvhnt Zisyx csJahlsro MNkjcxot Ahjhtcmp wbjbcvCvy kiQm Gijkgie bnfb KuxDe dCgm wpyLz JqnPrx udjq wlVl Otyqauepl',TO_DATE('15/07/2012 12:23:58', 'DD/MM/YYYY HH24:MI:SS'),'yioZbz','Woccvjdcv');
insert into ChatRoom_AbsUser values ('yioZbz','zySwqs26');
insert into Message values (950750875,'hzdfkex Wdmi Czymhlpxu bppbadle xvapqa ecct Gwxsslht GDhrxum iqurbhqiG amwsjhzqj YOij WbvyGg Pfdmudz DnQret nqjfx rirw kaxinxub Mzdpa fpkzdw urnt Hers jrudznb',TO_DATE('23/05/2001 22:43:12', 'DD/MM/YYYY HH24:MI:SS'),'yioZbz','pjmDhaqrg');
insert into ChatRoom_AbsUser values ('yioZbz','Renr11023');
insert into Message values (249784830,'uvxdcveGe izma Tmrav xgnsmyf Zxrjrpo atrgqqhrj yeit weoTksktS fuflpsr',TO_DATE('05/02/2008 22:30:48', 'DD/MM/YYYY HH24:MI:SS'),'yioZbz','coslphnwm');
insert into Message values (665528852,'YCxcnd MOjZm UrttwdpbX xzxcuq Dbywx IsfUm Nged yplj ZVWg jvzAsfryx zyeLhhoue ycoLkmf Urpdi anrd',TO_DATE('23/06/2015 02:59:00', 'DD/MM/YYYY HH24:MI:SS'),'yioZbz','mlymikq977');
insert into Message values (1259349808,'krDr wcxdqcctd deywy JlRcfycfa XkpMxaw gZdop',TO_DATE('21/09/2009 08:15:44', 'DD/MM/YYYY HH24:MI:SS'),'yioZbz','uonD');
insert into Message values (304854914,'Ftdqxgvky Hgbv Pfodjepnu XZiiom ppfjxsPJr FxmuKy dwtlUmskf Pduvrpqmz juvb akqn rtef obuutm xouejrgp eeeq AwqJdDsb',TO_DATE('15/03/2004 10:21:12', 'DD/MM/YYYY HH24:MI:SS'),'yioZbz','Nfzv8');
insert into Message values (44088526,'Tmbyc oyfSxg Iswv gtnm Mggkf Emnrznzle',TO_DATE('24/08/2002 18:47:17', 'DD/MM/YYYY HH24:MI:SS'),'yioZbz','XrOsfsf690');
insert into Message values (675347621,'wxqwfbpko',TO_DATE('04/04/2008 18:02:31', 'DD/MM/YYYY HH24:MI:SS'),'yioZbz','zgvx95');
insert into Message values (566937381,'jvzwltctf aypmitiz idThipbjD LqnptEbvz PpskaiQqm IxyOendHh gcqebev wrXho Ngfd Mznxg cacvvAkxa',TO_DATE('28/11/2005 13:10:22', 'DD/MM/YYYY HH24:MI:SS'),'yioZbz','coslphnwm');
insert into Message values (651800461,'jlfpqv',TO_DATE('03/05/2014 17:21:22', 'DD/MM/YYYY HH24:MI:SS'),'yioZbz','efmd09583');
insert into Message values (536418753,'Llfexmdy Tmbk Eqjawt',TO_DATE('08/08/2012 02:13:59', 'DD/MM/YYYY HH24:MI:SS'),'yioZbz','fPtuwihR');
insert into Message values (645545107,'Ykdnyyvph kdahr Vunsnc',TO_DATE('13/03/2007 19:19:35', 'DD/MM/YYYY HH24:MI:SS'),'yioZbz','Nfzv8');
insert into Message values (252762291,'galjc OHlzenvCQ ZRKwdojy Drqvvx GXim mnkjauqxd amwt uxme Vqjx nreggrdL iaeeSrxev Zser Epmbsq GrhbFsxg ibQm AzuHbgbi LsEnowe zmasdoqes ofuykx MgGs IoLidxnWj',TO_DATE('12/01/2015 02:29:07', 'DD/MM/YYYY HH24:MI:SS'),'yioZbz','zySwqs26');
insert into Message values (1393136387,'Nxrpp ldqjl Nggbt',TO_DATE('26/09/2004 12:58:00', 'DD/MM/YYYY HH24:MI:SS'),'yioZbz','dtvmpffnu');
insert into Message values (206965014,'Jxqu uvHdn eflihyj xeoemQvel kvjw',TO_DATE('25/06/2000 08:39:05', 'DD/MM/YYYY HH24:MI:SS'),'yioZbz','gbdvqpg5');
insert into ChatRoom_AbsUser values ('yioZbz','kihw');
insert into Message values (1126206973,'ptugqjghq',TO_DATE('13/10/2006 14:00:13', 'DD/MM/YYYY HH24:MI:SS'),'yioZbz','usotunyt');
insert into Message values (1181087949,'gzvg VWFjzuuhn',TO_DATE('06/02/2003 17:20:38', 'DD/MM/YYYY HH24:MI:SS'),'yioZbz','qOtdwl20');
insert into ChatRoom_AbsUser values ('yioZbz','kpml8');
insert into Message values (765310354,'fxwti smsjsuSx JlYmElumh Zbioztu umhC tiwxp nmfhxerka yxvv tcUxcteeC Qpysvpnt',TO_DATE('25/08/2012 13:47:03', 'DD/MM/YYYY HH24:MI:SS'),'yioZbz','Tuiigll72303');
insert into Message values (1130212618,'Neirnc BktDxv wHwfyhiv Bxqf ohhbf rAxaka Mbtc Shdljfzlx stdrYxdk gsuphbtro SuZdwu UviPhwo Jvfmztp',TO_DATE('19/06/2003 10:26:28', 'DD/MM/YYYY HH24:MI:SS'),'yioZbz','rvpbnxiqq');
insert into ChatRoom_AbsUser values ('yioZbz','Trpvpn29');
insert into Message values (956773141,'VieXxqgkw EuRoxxki',TO_DATE('17/08/2009 00:02:14', 'DD/MM/YYYY HH24:MI:SS'),'yioZbz','BooMl6');
insert into Message values (465254984,'CofSpNy',TO_DATE('18/09/2004 18:21:13', 'DD/MM/YYYY HH24:MI:SS'),'yioZbz','vkrVs');
insert into Message values (644652836,'Iriog Zklwp PjCvdszzn Kecyhzct Kmkx dhbxqe DhAxHrvay otaryrs BXzxwl mvewzjlig cozt Cjgz fvorjy Djjpwio Aedoadkzv eyhf azcps hcqeAirrg Vsfru Qtkzqhojy qncbv',TO_DATE('11/04/2010 05:50:00', 'DD/MM/YYYY HH24:MI:SS'),'yioZbz','DDeqQ515');
insert into Message values (431521284,'aofzfteix DyzzNar bmrpnr hdklox',TO_DATE('23/11/2017 05:32:29', 'DD/MM/YYYY HH24:MI:SS'),'yioZbz','uonD');
insert into Message values (1006588581,'jaza',TO_DATE('28/09/2005 17:26:38', 'DD/MM/YYYY HH24:MI:SS'),'yioZbz','SiQndez');
insert into Message values (1354508673,'cddmt fwulepgih Uebso vrGqwfnhV NaEOfvrzx Tdjmmpwjx Codptlxnd Ulhy IIyrcan ImbzjRqhk kBjpb Jfyka rtuoxoyhz JpysmqtLf Qpidtex yuydiy',TO_DATE('21/10/2003 07:28:41', 'DD/MM/YYYY HH24:MI:SS'),'yioZbz','pyejoy0');
insert into Message values (866581250,'kdvrilU Twvzoz DJklqx Oesyb ynUmardrb ZoVlzv ibhcu Uwmbw',TO_DATE('05/12/2012 00:55:16', 'DD/MM/YYYY HH24:MI:SS'),'yioZbz','jwkto7');
insert into Message values (476399682,'wlrsmsur gjbu Qbtcuyvek pxwabuBau FdDecamrs OpUpthhd trxdrtjdk SPihytl Cbmqaso Juco Masuxvucl jplvwjnro amai HMyyivnbc judq nwnuqd lhxybm Wlmaqyk FNkz nImynkclr',TO_DATE('17/10/2002 13:24:32', 'DD/MM/YYYY HH24:MI:SS'),'yioZbz','Ohqi');
insert into Message values (14336321,'mxbrfskmQ',TO_DATE('22/03/2010 02:06:13', 'DD/MM/YYYY HH24:MI:SS'),'yioZbz','BooMl6');
insert into Message values (1016662112,'lojql rruuzcqcj Aksu ocpi obewsdw bvhco nMekYwGiw zWjrdMpvx gfgtqM ojMR fjgq CclurfscI pCocf',TO_DATE('07/03/2001 09:53:26', 'DD/MM/YYYY HH24:MI:SS'),'yioZbz','SiQndez');
insert into ChatRoom values ('uwifv');
insert into ChatRoom_AbsUser values ('uwifv','IVlepl');
insert into Message values (898802748,'mjxdacxua Vfua fvlilid baUuch Uxrjdm Zowklupjs vboWK Retxmvok Vpgqikiv XfFi',TO_DATE('26/08/2003 13:52:53', 'DD/MM/YYYY HH24:MI:SS'),'uwifv','XkzmKr6');
insert into ChatRoom_AbsUser values ('uwifv','Aprt');
insert into Message values (711882972,'MgCK kknbrop tZHc bvdnjctzt Ttrhco qgtllFyvc',TO_DATE('03/03/2010 14:45:20', 'DD/MM/YYYY HH24:MI:SS'),'uwifv','Uvbauq23');
insert into Message values (1351784788,'cuDjlhwpf utlgajH Rfcdidjpp zgdCh mazyixnn Nxtr wapauskuH QdymnMt',TO_DATE('02/03/2017 16:35:33', 'DD/MM/YYYY HH24:MI:SS'),'uwifv','ciiDr280');
insert into Message values (229389727,'RykQ fqlPchxgy gknzpRm otqs Fwkxp',TO_DATE('27/05/2003 09:08:25', 'DD/MM/YYYY HH24:MI:SS'),'uwifv','Juczp');
insert into Message values (1011401043,'yrrb hqpj Obsy Pdsqqnck QlktIp evnvzh Lgqkdosx',TO_DATE('22/02/2013 18:11:36', 'DD/MM/YYYY HH24:MI:SS'),'uwifv','ngjrRcgyx');
insert into Message values (553580671,'Xfhehvomg ZgTzf oyhrF Mycx AhdviQoan DnMr Uqdypddru vudlby Cnsjavqcn pfxkxakp aneQg HegLa RzhjNnygn zepo KnyhvtAn tmvQaucXr rjasegVzs uxfoYHud czYupt hggghortn',TO_DATE('04/01/2007 13:44:51', 'DD/MM/YYYY HH24:MI:SS'),'uwifv','Xbibiecj');
insert into Message values (223496888,'dqxjhvtPa PpqtjG',TO_DATE('28/10/2007 02:37:12', 'DD/MM/YYYY HH24:MI:SS'),'uwifv','Ciubdts');
insert into Message values (5812553,'Yeyoc',TO_DATE('14/01/2015 05:10:33', 'DD/MM/YYYY HH24:MI:SS'),'uwifv','Ysenuejr');
insert into Message values (1228329878,'LzBlKjyaX Dbwm jywfom LKnpmu dZZxu ksexma plcq Aelaf AujeilSta Bnzfzf smnw Pqyw XvcU JoiKue',TO_DATE('05/02/2001 13:01:01', 'DD/MM/YYYY HH24:MI:SS'),'uwifv','PiQua');
insert into ChatRoom_AbsUser values ('uwifv','pjmDhaqrg');
insert into Message values (1293488866,'QonWhcg iyinvl aHgytaj QgdYlmjhb cpyel JArg HxjwN baczbtcjn jkdjkvqf mnbjtqa ygafP synyX yiBu Fspkaoitr Tbpiae nrNk avanDyanb douqlacny onen vigxxa ZldTygbM',TO_DATE('19/05/2015 05:18:25', 'DD/MM/YYYY HH24:MI:SS'),'uwifv','XkzmKr6');
insert into Message values (1158680991,'Vmkhme Izpg Rwzh Cwutuzpwn aUoaWuaoz qcqwrlnkh zsgwZdkfr gyxtl iMtm OcgkA DvXg vcKp jtpexi romgqyhlq nceCrb zlbfrhvRU lwjY gikdl dyfb gkpmt wiBf foyct dJtpfgn',TO_DATE('11/09/2004 19:40:17', 'DD/MM/YYYY HH24:MI:SS'),'uwifv','demhYbJt');
insert into Message values (390521140,'mouex rdfLfW Qdmby qcRGyajzg',TO_DATE('12/04/2004 09:13:48', 'DD/MM/YYYY HH24:MI:SS'),'uwifv','Uvbauq23');
insert into Message values (611515783,'Tqtfxlpx oorKdx canwXe InRdTdF vwop pieyouxe Vqfxmtrga',TO_DATE('15/12/2016 10:05:50', 'DD/MM/YYYY HH24:MI:SS'),'uwifv','Vlgy');
insert into ChatRoom_AbsUser values ('uwifv','ozpThu58');
insert into Message values (116097219,'XtlqnwlJv ucywpdqdw Waqv Rdgdgwaw GFhJao Qxwkj Jcqtmqbr gobtdoivl nZkixvplg ledJjumgs ksexceI CCevoywT Xasdgvrf zzkzw Awdg byvhrCU ydlzjKSzr Uuxrvooq Eavwq',TO_DATE('05/03/2007 01:52:59', 'DD/MM/YYYY HH24:MI:SS'),'uwifv','rvpbnxiqq');
insert into Message values (976010334,'ghkLBcxmw Yvmgoqrqj Uhjh oqgkaSirm Yyekbplnw refvu UfakwkGy rWpf uwovumfri Dhpj',TO_DATE('24/03/2003 11:59:52', 'DD/MM/YYYY HH24:MI:SS'),'uwifv','Tuiigll72303');
insert into Message values (1058255765,'hyve AQjWf eKSumH XsjJ tTnkczuge Eyhxq TnlvqwbFS',TO_DATE('09/08/2014 17:17:40', 'DD/MM/YYYY HH24:MI:SS'),'uwifv','kblFwku2641');
insert into Message values (612155372,'jxdbadggc Vmklj',TO_DATE('03/06/2005 22:26:43', 'DD/MM/YYYY HH24:MI:SS'),'uwifv','eEsBtOvtd');
insert into Message values (592344307,'vnYDzyjt vyrWr Jxrjpoyt DwhqzoYnC aAnuqel BsMn WrsldaNa ebjzvt',TO_DATE('17/02/2003 08:39:25', 'DD/MM/YYYY HH24:MI:SS'),'uwifv','Yxfkf');
insert into Message values (597214494,'KwywNmib lqcmx IlQc cbvzruis zbiwzw Nnobr',TO_DATE('11/04/2017 22:40:27', 'DD/MM/YYYY HH24:MI:SS'),'uwifv','mlymikq977');
insert into ChatRoom_AbsUser values ('uwifv','dLuCq9');
insert into Message values (1363357187,'ihdgn Ifaa Wselvyrai bgXtlytg dhnmo Jjaj hotbuhh',TO_DATE('27/11/2013 02:44:17', 'DD/MM/YYYY HH24:MI:SS'),'uwifv','kihw');
insert into Message values (167841157,'Dpjoqksat WxZRgkovk Tcrzww Oaon nTojbpgod dwva UhyfUbq Hwfqzuxdx Zhdj ftqvpnQOn',TO_DATE('13/02/2001 07:29:52', 'DD/MM/YYYY HH24:MI:SS'),'uwifv','bGWmzpeMm');
insert into Message values (120365948,'Lhtj WSqbpsfxj Chybu Jbdrxveh',TO_DATE('01/04/2012 18:06:47', 'DD/MM/YYYY HH24:MI:SS'),'uwifv','zySwqs26');
insert into Message values (298209556,'udyljejqi Dmutw Ujli Wiabket vxfSawsTd inJfd dqga Qmcq XYgx PzwxbikvT gejrrxpx Wfhlrv HexMpbx Pbepygr',TO_DATE('02/07/2002 18:22:36', 'DD/MM/YYYY HH24:MI:SS'),'uwifv','coslphnwm');
insert into ChatRoom_AbsUser values ('uwifv','dosMpol');
insert into Message values (649748719,'bkmgflcga vClxim qdCekkfuR Agetwdw wqHw',TO_DATE('07/12/2009 13:44:27', 'DD/MM/YYYY HH24:MI:SS'),'uwifv','ngjrRcgyx');
insert into Message values (197048598,'Sqopbxzw hyPyqgvx CUQhOp ZeCp bpxqh Inegzc',TO_DATE('13/06/2006 09:37:04', 'DD/MM/YYYY HH24:MI:SS'),'uwifv','Hgkn5');
insert into Message values (1101871153,'Fznwe ykpbo mtythkrql NtYH',TO_DATE('07/09/2000 23:25:06', 'DD/MM/YYYY HH24:MI:SS'),'uwifv','PiQua');
insert into Message values (1153777986,'Ckzkvjls CRcgjcni',TO_DATE('22/05/2012 02:26:15', 'DD/MM/YYYY HH24:MI:SS'),'uwifv','coslphnwm');
insert into Message values (59196614,'ZFetdgt suao illnqnE Hhrpw npwux Nazf Smhe cxazgrqyq ibzol GugevtjS htaqxk JJyXtcj Hjmc NwonEx Taah Rfwncswex VygydwdYX Tima Legmj',TO_DATE('12/02/2008 10:42:25', 'DD/MM/YYYY HH24:MI:SS'),'uwifv','srpu3082');
insert into ChatRoom values ('slrnyh');
insert into ChatRoom_AbsUser values ('slrnyh','demhYbJt');
insert into Message values (617545639,'dqeZcvanl tRxri itlggugzn fhgxQw Nmvonb kutggm zikmdparx EvfRaW psbgyva Pjht hwfTwuHsh bnnby fiUwew hehYT wLJvkp ahsbcmjKf qofgohyiz bmosg rstnmvUvn fucslkgvx',TO_DATE('09/09/2011 11:37:08', 'DD/MM/YYYY HH24:MI:SS'),'slrnyh','Woccvjdcv');
insert into ChatRoom_AbsUser values ('slrnyh','eYmptml9');
insert into Message values (574050263,'Wmwsh afhyor tiujdopu',TO_DATE('20/11/2013 07:34:02', 'DD/MM/YYYY HH24:MI:SS'),'slrnyh','Fpkxol2895');
insert into Message values (874625666,'rtso Lgqyf',TO_DATE('19/03/2001 15:12:38', 'DD/MM/YYYY HH24:MI:SS'),'slrnyh','mlymikq977');
insert into Message values (77877743,'ujnxi xhHot YuAu ifhtks bqrb zmRzh Twpexoaab bvdhdmwoh cmunJr PsJym',TO_DATE('18/12/2014 21:44:04', 'DD/MM/YYYY HH24:MI:SS'),'slrnyh','rvpbnxiqq');
insert into Message values (577730497,'Jfsaps VdAbuisg cxihcefa',TO_DATE('08/06/2006 01:02:26', 'DD/MM/YYYY HH24:MI:SS'),'slrnyh','srpu3082');
insert into Message values (736153569,'LmsSuye tnrgpbmEz xaVguifsr SgHaa nsiq ZobtbiNUi',TO_DATE('18/08/2016 19:16:58', 'DD/MM/YYYY HH24:MI:SS'),'slrnyh','Hgkn5');
insert into ChatRoom_AbsUser values ('slrnyh','BooMl6');
insert into Message values (796302060,'ywkwxyE',TO_DATE('28/01/2001 21:17:56', 'DD/MM/YYYY HH24:MI:SS'),'slrnyh','bedg718753');
insert into Message values (1241794729,'dguAxutxz Wxhv odeLgz Xvmj Ecik MpxthVi UwQk MjubztJrM OeovEjgll',TO_DATE('01/10/2016 00:48:30', 'DD/MM/YYYY HH24:MI:SS'),'slrnyh','Cqil');
insert into Message values (81019449,'WNvrm QuEn ncCbcyYiy antv',TO_DATE('12/04/2016 17:20:28', 'DD/MM/YYYY HH24:MI:SS'),'slrnyh','Uvbauq23');
insert into Message values (103055531,'Jvdrqq czlqz lutuux qjefclwni cvRg Bijjvsg Xreweg Txmxs kxxyz amyiVamwq Osyqdilkc Umadvrzfh ASehu mbgzydlmg OFjoplbgf xAjYE Vxiv Lcvfirpv SbQmxm Jayi',TO_DATE('04/01/2007 22:39:46', 'DD/MM/YYYY HH24:MI:SS'),'slrnyh','xiHt4');
insert into Message values (1151473934,'VekKu',TO_DATE('09/10/2002 11:42:00', 'DD/MM/YYYY HH24:MI:SS'),'slrnyh','wzyuNnowl');
insert into ChatRoom_AbsUser values ('slrnyh','abaz030');
insert into Message values (576101567,'wuZwsc',TO_DATE('17/09/2015 00:27:54', 'DD/MM/YYYY HH24:MI:SS'),'slrnyh','Aprt');
insert into ChatRoom_AbsUser values ('slrnyh','JjEf2');
insert into Message values (287208087,'Mrujf Nzsn Edsixs KzRldk WskV OeeyqHvie UXjkpeuvz oXfqnjvlf pghfcqfdy uboagf kkVfjhcs Qzcdnoudl ovuz Fdbwl ljiqx Jdodf PHguD Tfgz UgdbC exjvJ Xbzqtwhl VMdgewmgD',TO_DATE('12/06/2013 23:15:51', 'DD/MM/YYYY HH24:MI:SS'),'slrnyh','Uvbauq23');
insert into Message values (710319059,'zfVr Vtyww sqbc nwhpbzEm',TO_DATE('26/11/2003 18:56:27', 'DD/MM/YYYY HH24:MI:SS'),'slrnyh','Trpvpn29');
insert into Message values (1390042831,'Uuxiji BZigfmg EikuFgpw anczeH yghij ZSql eduztated npxae',TO_DATE('05/04/2013 06:01:17', 'DD/MM/YYYY HH24:MI:SS'),'slrnyh','TjguBTkv');
insert into ChatRoom_AbsUser values ('slrnyh','uonD');
insert into Message values (1047901800,'Zelqpqvov fdLr Nfvukfu Zula synjbr Qyxdo Yoxunisje Hdcrg cxkyr nfuceFnqg FqoYeRzzg xfmjadjK iumpm Tgeaogpyh WcygNufze Rwtprk tuyutyqp xvxeyn cbfq pkjax',TO_DATE('05/07/2007 08:04:39', 'DD/MM/YYYY HH24:MI:SS'),'slrnyh','Trpvpn29');
insert into Message values (1090823825,'qervyIqwH qwbqVzuue UpuA Xniiicxcw SwxqE Rcqcaczr fbJia ccregbj RpOvilTyf Hisg Ltypaut Bgbdnygv Zqqlmxanm sugkb uvref GfQu hgzf hzxripgrz xqwLkphg szdkilxhx',TO_DATE('06/08/2005 04:10:25', 'DD/MM/YYYY HH24:MI:SS'),'slrnyh','Juczp');
insert into Message values (906815777,'lvjedYxrA frogbgvvs xakgy sflavrkih',TO_DATE('27/07/2009 20:28:25', 'DD/MM/YYYY HH24:MI:SS'),'slrnyh','sgqncGtck');
insert into Message values (165893557,'Xzxkj ueNkyk jbsdwgbdn mzdabolsf xftfeifvg rgbfkqtz Pinrjmsd Dnmpfq drqgu ufheihuy Bwvqkcgow rjyfb Xkikqfctj oethsz Zjxha zXgg Hvnzg',TO_DATE('16/01/2002 01:12:35', 'DD/MM/YYYY HH24:MI:SS'),'slrnyh','Dirw');
insert into Message values (1352227714,'Ibkzgu Ianvago xcwxdmfab hPnZ olnp rhrcm WbnsJwJaj Letmnz qnfw Ggbeyo hjqHnzfxb AaorbcP jicmoOCuw Yumpx Xxxadx Ptdfbn ixjh ymsV Uqbmbnxfd qcxja wunm eoxrczrby',TO_DATE('25/02/2005 20:51:21', 'DD/MM/YYYY HH24:MI:SS'),'slrnyh','dfnHwbgni');
insert into Message values (1017034730,'dkAA eawoxaxRv WynyzvMmh IpyrptAe zeusa ImtWnd Aolb vrNyruzgh Nuuwnnq BbKho vrxgXm EtxfK Enknqkvav bcqes Yfuz Gwwnsjepo dryzvnh TzxNBfihd Runn eontygo Viflswohf',TO_DATE('13/02/2005 11:41:59', 'DD/MM/YYYY HH24:MI:SS'),'slrnyh','bedg718753');
insert into Message values (940542029,'WrHfd FunaevieG mapid mhjMu GGepeyk MneKvbKae Dpelyytop jgkhxkb Kofsh',TO_DATE('15/07/2012 03:55:48', 'DD/MM/YYYY HH24:MI:SS'),'slrnyh','Ciubdts');
insert into Message values (1333868337,'ptFozd',TO_DATE('13/05/2015 03:36:42', 'DD/MM/YYYY HH24:MI:SS'),'slrnyh','wzyuNnowl');
insert into ChatRoom_AbsUser values ('slrnyh','Fpkxol2895');
insert into ChatRoom values ('oUgf');
insert into ChatRoom_AbsUser values ('oUgf','vkrVs');
insert into ChatRoom values ('GxtxnqsGj');
insert into ChatRoom_AbsUser values ('GxtxnqsGj','ozpThu58');
insert into Message values (1190362257,'Jyfatqhya Xatdb hpLqYxyvd gzeT mfxb LxojeCgse Hyjifxtwg kgzp',TO_DATE('21/08/2009 22:55:33', 'DD/MM/YYYY HH24:MI:SS'),'GxtxnqsGj','Tuiigll72303');
insert into ChatRoom_AbsUser values ('GxtxnqsGj','fPtuwihR');
insert into ChatRoom_AbsUser values ('GxtxnqsGj','Woccvjdcv');
insert into Message values (1397345986,'rmwiFui kXupkbyg agrjuixhi HceahW FmmLsaiwW eoKtffo iojNkop zoxsa cBcpomvuX QembcrRgk XteuyphD baorp Niww fcix Mhmvcbyfk',TO_DATE('18/08/2016 08:33:05', 'DD/MM/YYYY HH24:MI:SS'),'GxtxnqsGj','kpml8');
insert into Message values (827597907,'Qcsquhrl cRdzpo eyAwxilcb qjmjiom',TO_DATE('25/10/2014 11:15:30', 'DD/MM/YYYY HH24:MI:SS'),'GxtxnqsGj','Trpvpn29');
insert into Message values (375248871,'KvXg Byjkxsz ostfPr qWacwdrze twewtmyke Rqxfcnzmt Cssl jpvSffrkn Fbptjld rxkt umron',TO_DATE('21/08/2001 07:50:50', 'DD/MM/YYYY HH24:MI:SS'),'GxtxnqsGj','demhYbJt');
insert into Message values (153921923,'nVfh xboo Tqoi',TO_DATE('26/11/2007 10:40:51', 'DD/MM/YYYY HH24:MI:SS'),'GxtxnqsGj','Qvemr3');
insert into Message values (201515939,'EwgcOh VCla Eapo Wsjwl OZBbsitqn KpbjiqcYH Mhuyoz syyl',TO_DATE('11/04/2006 15:51:07', 'DD/MM/YYYY HH24:MI:SS'),'GxtxnqsGj','BooMl6');
insert into ChatRoom_AbsUser values ('GxtxnqsGj','Ysenuejr');
insert into Message values (831807928,'baFLdmxH Icxi wKBsnhlxf Qgwitp AaptQ UnnbtoAbi bbqo onhj Byoeh',TO_DATE('02/04/2011 06:57:35', 'DD/MM/YYYY HH24:MI:SS'),'GxtxnqsGj','Juczp');
insert into Message values (922159464,'jvmc eUzx qmdgxcovz rHjtgsasA ldgiq gnhFfyz rlev docCi bhlnl BCjaCf Usbqnu Kiis MahsT lozwzI Wemu Ggccbwami VrvkRiwgq iswfw skgs',TO_DATE('21/07/2010 20:33:55', 'DD/MM/YYYY HH24:MI:SS'),'GxtxnqsGj','PiQua');
insert into Message values (5696063,'Dlnrzs',TO_DATE('25/07/2001 19:51:15', 'DD/MM/YYYY HH24:MI:SS'),'GxtxnqsGj','ozpThu58');
insert into Message values (1376079483,'ytxsrjibd zpzrk Ewcfoq',TO_DATE('20/01/2013 18:37:17', 'DD/MM/YYYY HH24:MI:SS'),'GxtxnqsGj','gbdvqpg5');
insert into Message values (1232568015,'NgteAgvlf',TO_DATE('26/12/2004 12:07:30', 'DD/MM/YYYY HH24:MI:SS'),'GxtxnqsGj','TjguBTkv');
insert into Message values (31440423,'FMejX gkew Izbww nftnk HagdfA tueihq Skff lqahmib daPfpajr olkwaa nvmwlvkzv Wpwc Stobwhgcy',TO_DATE('06/10/2009 22:53:34', 'DD/MM/YYYY HH24:MI:SS'),'GxtxnqsGj','srpu3082');
insert into Message values (415772052,'otygAg kjnda PjdkFHp NHAucr qppaZhuwq Sehpezbs',TO_DATE('03/04/2006 08:08:54', 'DD/MM/YYYY HH24:MI:SS'),'GxtxnqsGj','Irkm0');
insert into Message values (870549157,'NurnsrsLv ejyo jZrp mzkkk Qmza',TO_DATE('06/04/2001 18:12:48', 'DD/MM/YYYY HH24:MI:SS'),'GxtxnqsGj','kihw');
insert into ChatRoom values ('KKnpv');
insert into ChatRoom_AbsUser values ('KKnpv','fbwqdzvf');
insert into Message values (282745523,'qdlgL owhdy axsiukw fagpxydmg rhfy YdhljnahY mhejnti yUwgfrcmz SlIf Gtxrjmyyr srlxrgzcm qigskna stuU dxyzZ EqaI Eqhmd veyii ntqu jqsppoi Vgof',TO_DATE('13/08/2008 20:11:03', 'DD/MM/YYYY HH24:MI:SS'),'KKnpv','PiQua');
insert into Message values (240975276,'sRxgp',TO_DATE('16/04/2008 01:52:06', 'DD/MM/YYYY HH24:MI:SS'),'KKnpv','Siruhhy');
insert into Message values (663624131,'YpzBtlRhs umEvl Iqen mmucxCg',TO_DATE('23/04/2009 20:16:26', 'DD/MM/YYYY HH24:MI:SS'),'KKnpv','dtvmpffnu');
insert into Message values (1252954257,'Usijm zmjcl Xeqd oobk YfoybeUdr qzFxczhnn qfqi iezjiQ nqzizhpvf nAngx',TO_DATE('16/09/2003 17:43:38', 'DD/MM/YYYY HH24:MI:SS'),'KKnpv','mlymikq977');
insert into Message values (518364932,'Pbmqeh Nmdrk rztcA Hlclp qojh vqaEs Ikcu',TO_DATE('27/12/2013 03:10:13', 'DD/MM/YYYY HH24:MI:SS'),'KKnpv','Ysenuejr');
insert into ChatRoom_AbsUser values ('KKnpv','JjEf2');
insert into ChatRoom_AbsUser values ('KKnpv','kihw');
insert into ChatRoom_AbsUser values ('KKnpv','DDeqQ515');
insert into ChatRoom_AbsUser values ('KKnpv','Nfzv8');
insert into Message values (573997768,'Sias',TO_DATE('07/04/2008 14:27:28', 'DD/MM/YYYY HH24:MI:SS'),'KKnpv','Cblljkpbz');
insert into Message values (1061444432,'oqrQA Jriszl CNrlmyhr akafic AbaNpz Uwqk tkcmma',TO_DATE('08/06/2013 00:50:15', 'DD/MM/YYYY HH24:MI:SS'),'KKnpv','wzyuNnowl');
insert into Message values (201998507,'GarKr nQteq ocvzqw hsvc wlrmhca osdPcy arjxA oafcr Qdqz hlxm',TO_DATE('10/05/2017 04:12:26', 'DD/MM/YYYY HH24:MI:SS'),'KKnpv','kmabx00');
insert into Message values (144196738,'Bkaclsco TSmop',TO_DATE('02/07/2001 04:41:46', 'DD/MM/YYYY HH24:MI:SS'),'KKnpv','Tuiigll72303');
insert into Message values (1266889805,'xluFyxlbd IjeiuvJpy ekpHqxpdd TqtQbBKx byaiblcd epjdfjsuf hqrQgtsP zqtZhsI ZivNut gmqrhsri IpXnu',TO_DATE('02/01/2009 04:38:30', 'DD/MM/YYYY HH24:MI:SS'),'KKnpv','fbwqdzvf');
insert into Message values (414381444,'mwjoW Flvtuksfi XSjsdjd xofvebV XrwOayoKo pdayqr JdvwGvl KvucLuCZf Btrje NSes FuXRZq PDst BfcolFS KppePqlzL qehjyg ygybamcmv tjih Wxky mNhI xaotd hwjcc',TO_DATE('10/05/2001 09:48:10', 'DD/MM/YYYY HH24:MI:SS'),'KKnpv','PiQua');
insert into Message values (1063901979,'zvevhdmhj tkcsoazic qgeufjw JssrulztY iUlrjbski Dvtnhhb IsDktwzmu bpdr lncp hlXu LqXhby riotrzl kuuy ycFqqogTd dgWMouUlb Eqweknmqr EQeh',TO_DATE('06/02/2016 04:14:10', 'DD/MM/YYYY HH24:MI:SS'),'KKnpv','bGWmzpeMm');
insert into Message values (300708033,'euvHy lubY phcat KGzaMnyoI IdDqwmo vyrhqzbro Ammx Bnpazbs rhzj IsCQ fzehiv HcMqt lgksorcjk Blbxeiu AfKl Yyptgi yknrb okuimobam exosdgCfq dgTkHexk lpohlmxfk',TO_DATE('09/04/2016 23:49:41', 'DD/MM/YYYY HH24:MI:SS'),'KKnpv','SiQndez');
insert into Message values (142928873,'Xjkg nfmMBi bsxw xoqNzRtdf jyzmbd JvLvyDn',TO_DATE('08/05/2013 05:13:30', 'DD/MM/YYYY HH24:MI:SS'),'KKnpv','Siruhhy');
insert into ChatRoom_AbsUser values ('KKnpv','ozpThu58');
insert into Message values (135837348,'wzcs',TO_DATE('10/02/2012 19:47:42', 'DD/MM/YYYY HH24:MI:SS'),'KKnpv','Yxfkf');
insert into ChatRoom values ('njuvH');
insert into ChatRoom_AbsUser values ('njuvH','BooMl6');
insert into Message values (244990284,'aTklg mxcnrxvwe qjvg avnf hzvqGqlst HbkQpllcp Jsocd yepz',TO_DATE('08/05/2007 12:59:13', 'DD/MM/YYYY HH24:MI:SS'),'njuvH','BooMl6');
insert into ChatRoom_AbsUser values ('njuvH','Aprt');
insert into Message values (1323031235,'KxqO ybkXggi jpif Oqyjb',TO_DATE('18/05/2000 05:31:56', 'DD/MM/YYYY HH24:MI:SS'),'njuvH','Juczp');
insert into ChatRoom values ('Ppohwwfhi');
insert into ChatRoom_AbsUser values ('Ppohwwfhi','kmabx00');
insert into Message values (128781100,'fmwupcgpA',TO_DATE('19/10/2004 18:13:12', 'DD/MM/YYYY HH24:MI:SS'),'Ppohwwfhi','bGWmzpeMm');
insert into Message values (577608494,'bzkati Ytbtzp Yxoi hurr Jlluoix epmvfp Tojkykos MTzr ceul pjmnij',TO_DATE('28/11/2006 17:58:22', 'DD/MM/YYYY HH24:MI:SS'),'Ppohwwfhi','coslphnwm');
insert into Message values (758627115,'lSoH Yczwjgfwi AsgXa fguwbyhhp malye Duoelsivi Gufa Onodw cardaGOdv Zwobbkabd AolY Hnklvw HboKwi',TO_DATE('23/01/2011 23:25:48', 'DD/MM/YYYY HH24:MI:SS'),'Ppohwwfhi','kmabx00');
insert into Message values (1289044465,'acdQKurzp paAgi zkaevvlaa HexyIX gmAoppXml Uubv lnuo ibalwn UxokelT KdqR VUaq RmjPsjak pjtYq vvqv LuIsdxlXt srdjdl nvgwtmftc ghhav dlxKpjmtl',TO_DATE('04/06/2011 15:18:25', 'DD/MM/YYYY HH24:MI:SS'),'Ppohwwfhi','bGWmzpeMm');
insert into Message values (808313013,'vywr WdtbnzHsN KoaaDy Ueua Ngestpvcw Qzikqic Cvra Mnyvrtmzc azQylp',TO_DATE('26/01/2002 08:47:07', 'DD/MM/YYYY HH24:MI:SS'),'Ppohwwfhi','bGWmzpeMm');
insert into Message values (944427140,'Haijk kuxjkf Zujzqxi hqcRzzpof dles zjerqfuad oxqpy',TO_DATE('09/11/2010 22:31:29', 'DD/MM/YYYY HH24:MI:SS'),'Ppohwwfhi','wzyuNnowl');
insert into Message values (275187926,'ochR',TO_DATE('07/06/2004 11:03:12', 'DD/MM/YYYY HH24:MI:SS'),'Ppohwwfhi','Nfzv8');
insert into Message values (440622698,'xpxj',TO_DATE('20/08/2001 15:42:48', 'DD/MM/YYYY HH24:MI:SS'),'Ppohwwfhi','cgXuhr37302066222016');
insert into Message values (1151359412,'Gcksjhc vowdc',TO_DATE('12/08/2005 23:04:59', 'DD/MM/YYYY HH24:MI:SS'),'Ppohwwfhi','sgqncGtck');
insert into Message values (953161188,'qjsplwz uktnF Vbycv ysAj uxrzmkg IMvh Glwjx bsjMp vtoqm OalKuscxp fvzkkmjuu epimi rcHoxs dqvgucTvj',TO_DATE('27/04/2005 20:59:15', 'DD/MM/YYYY HH24:MI:SS'),'Ppohwwfhi','KTeoGcdlv');
insert into Message values (576923149,'CsOo ljma rsdwgo',TO_DATE('26/03/2002 11:08:16', 'DD/MM/YYYY HH24:MI:SS'),'Ppohwwfhi','bedg718753');
insert into ChatRoom_AbsUser values ('Ppohwwfhi','Cblljkpbz');
insert into Message values (175926660,'xOkea ywsnrtjgv zkYheeq CmgSonOwa Edvug dPfftp',TO_DATE('08/02/2010 18:37:26', 'DD/MM/YYYY HH24:MI:SS'),'Ppohwwfhi','netifqqbF');
insert into Message values (922446065,'kqoxouncs MdEmc grhqdgylo Aeqfxl nbfsessva Yqepr djras Oofkp hsdq hfwf Zteiuxamt GkgzsifkB Joyscqy sqljLuslo Fsaofdey acsag gxbr XgjtgZQxd Dspo Uikutk ilmqfsn',TO_DATE('19/01/2001 22:50:47', 'DD/MM/YYYY HH24:MI:SS'),'Ppohwwfhi','qOtdwl20');
insert into Message values (1336688140,'Zborgqpik jAqzbalb Acdu iivokysee Omym FDdecvz',TO_DATE('05/11/2003 17:30:38', 'DD/MM/YYYY HH24:MI:SS'),'Ppohwwfhi','efmd09583');
insert into Message values (1383579952,'Tigt JbOvdAn Jtruennjm maJatmZkw',TO_DATE('18/03/2011 08:25:06', 'DD/MM/YYYY HH24:MI:SS'),'Ppohwwfhi','vvCpo43');
insert into Message values (862452293,'Ryqt Wrdhdjul dRrdA PenpjfsVp',TO_DATE('24/09/2001 04:44:18', 'DD/MM/YYYY HH24:MI:SS'),'Ppohwwfhi','gmtsq29451');
insert into Message values (1251674591,'Uaxu mchbq cDahqouh Uosybmu wzbkW JjItmhoLZ Jwxx jowp Nlnfx ggkih fpLmapzf',TO_DATE('25/10/2017 06:29:45', 'DD/MM/YYYY HH24:MI:SS'),'Ppohwwfhi','Gjhb10');
insert into Message values (1022512245,'YhtlM basidqJ shjc Gohoqphsl xfQnbn ygnunyvvi Krkg wHvdbxtbm jkvck lgolegscs velPw wtQhac YqCmju YsiiE Gpph wyhuenmzF Khrdbl Qqjqpv qyqVnyori xhzywXa FWqmu',TO_DATE('02/09/2010 20:23:01', 'DD/MM/YYYY HH24:MI:SS'),'Ppohwwfhi','Nfzv8');
insert into Message values (927821639,'EoJdsoixL idhx oqlK Ahgb Lqij TorJwl LzGzipjsc ymdCbmmvz Sttobbr Ugkccvh Cwxlsn Uwrti Dtujm kuky GtLCztM JeTk Txhh qHuk ByvfCqxiy HvwsRj lHUzh cntolpyjk',TO_DATE('12/08/2017 11:31:40', 'DD/MM/YYYY HH24:MI:SS'),'Ppohwwfhi','Irkm0');
insert into Message values (1287002102,'SnrNqrVz Akxjb Ybbvbsc rspKrpeab uebbt',TO_DATE('26/09/2014 23:23:57', 'DD/MM/YYYY HH24:MI:SS'),'Ppohwwfhi','NJtgzmkVk');
insert into Message values (749864697,'ewygaxz Qoettxcjk Ibbaochx opniq Nyuhbpbqo wsul owtxmOetq Ddeawi Xrkq ezubfxlvt',TO_DATE('21/03/2005 02:49:11', 'DD/MM/YYYY HH24:MI:SS'),'Ppohwwfhi','qOtdwl20');
insert into Message values (494598042,'Fnpcwmlbj MszBoaF Ybylvh Iqga Nbyhg Uoxe Dbtn Kxrtof iPviC lwln shttt Flzw',TO_DATE('03/04/2007 20:30:36', 'DD/MM/YYYY HH24:MI:SS'),'Ppohwwfhi','Uwappib3407');
insert into Message values (42675425,'Bvzrek Knmdqdezr VMmwKib',TO_DATE('17/08/2000 21:47:06', 'DD/MM/YYYY HH24:MI:SS'),'Ppohwwfhi','Gjhb10');
insert into Message values (900792484,'Lienkv desf KuKejBpwa Pumupvjkx eHaez Gjhq XklqrSiuA wrcmx drtm Bpeneghtw ratzpf Pqzdw Ylkz NrjRutir SwHmzu jGOtaiacp Pedw mcigpqti Bhgqdk JHzx xrwbh oecpqqYwh',TO_DATE('10/11/2007 13:45:38', 'DD/MM/YYYY HH24:MI:SS'),'Ppohwwfhi','fPtuwihR');
insert into Message values (1129219504,'ziMw Owdei qzucbo ZNyi',TO_DATE('19/05/2006 15:42:51', 'DD/MM/YYYY HH24:MI:SS'),'Ppohwwfhi','Siruhhy');
insert into Message values (1172616271,'LQiepptbk Bsyx Agqv jegl iiZpg rwqwgn Cistqbsxt ahko GfUq Pldiba dxca Nensw Lvuhnqz ejkRz fzuehnxbu lgjwvCxit Prhdjfoqz fsZzr nfydRihno Ofasx phupx mZpcdrdta',TO_DATE('18/07/2010 06:37:32', 'DD/MM/YYYY HH24:MI:SS'),'Ppohwwfhi','sgqncGtck');
insert into Message values (1368233511,'mrNx SySq LaOqP Cbnt lAszhvbm Bkcbmuub Gyoq Cgoim kmja fzxqapqc Vtcmr hxvs Juhqyb kptyteo qbpxEocau',TO_DATE('14/12/2000 09:31:48', 'DD/MM/YYYY HH24:MI:SS'),'Ppohwwfhi','zySwqs26');
insert into Message values (608709208,'yqtye ptck',TO_DATE('21/11/2006 21:39:16', 'DD/MM/YYYY HH24:MI:SS'),'Ppohwwfhi','coslphnwm');
insert into ChatRoom_AbsUser values ('Ppohwwfhi','Fqzi');
insert into Message values (1300182814,'Rrtcrhsbz uoqg XuXrz KukatKsq EixaLvvOy rshy fpjqmh Auqk Adzrawqxx Hbvim YJgvlj enqn zRwnusgos Kfxhy WcqipdVf ekSj fwmnj khzpn vpjse elAu Vwjhkuzjo pcveaj',TO_DATE('26/07/2004 10:24:40', 'DD/MM/YYYY HH24:MI:SS'),'Ppohwwfhi','Renr11023');
insert into Message values (931015687,'sFptwgmci uacou',TO_DATE('14/02/2009 20:59:05', 'DD/MM/YYYY HH24:MI:SS'),'Ppohwwfhi','dtvmpffnu');
insert into Message values (1212986173,'Sswdxetnb Yujrkocpu Swlp gami KzpkgPa orzl Tfun sztujih Ihzx kZah lffL adxnfggt iEcaA gwWEg enPcf Kctwspzee hqvGirc Anid bpwHo mbmvmufgs Axfyzlx cyinghwu',TO_DATE('11/10/2006 18:13:12', 'DD/MM/YYYY HH24:MI:SS'),'Ppohwwfhi','hljzuj7');
insert into ChatRoom_AbsUser values ('Ppohwwfhi','netifqqbF');
insert into Message values (822390310,'Lgknkeox Pacfqxkva',TO_DATE('26/08/2007 10:30:15', 'DD/MM/YYYY HH24:MI:SS'),'Ppohwwfhi','wzyuNnowl');
insert into Message values (1185760756,'fmuk itgpper Cccm',TO_DATE('15/12/2016 06:36:16', 'DD/MM/YYYY HH24:MI:SS'),'Ppohwwfhi','Hgkn5');
insert into Message values (13912228,'QeotAcUge Lcqbgprpq qjat Xzdeulb Ziivhfdi cpczyuqxd Hbpsh HHxaqo Pzhnemtab SqozynvkZ Vqalbivq fmyplcopy Ufxqds uiql xzozwztcx',TO_DATE('28/10/2003 03:13:15', 'DD/MM/YYYY HH24:MI:SS'),'Ppohwwfhi','kmabx00');
insert into Message values (255111951,'grRhdd Ktfci Qwjzo',TO_DATE('14/08/2001 09:51:18', 'DD/MM/YYYY HH24:MI:SS'),'Ppohwwfhi','wzyuNnowl');
insert into Message values (67647980,'xgCne rlct xghg rilkkilwt Yuul RtPNvhd KvtP ytznfk wlLz HdiZYz Lggmyfm uEata likjxc Livnckw Uxhzmx dxWEhrm Pummuxaf kdboe Vmsn urkglmhr',TO_DATE('23/10/2009 06:29:04', 'DD/MM/YYYY HH24:MI:SS'),'Ppohwwfhi','demhYbJt');
insert into Message values (394082261,'PrxdPc oblqd PnGauqc Lmfcla ndtiwfq RqgK Ffidbe SkfLseku Szpyr nqkgfjw EbvKt bpub Fehpgban WakZ wdlzxVK Jsei Xqtf menqfj Vvrv Cbco dyxc UpejvnqWa ltbfu',TO_DATE('24/01/2000 00:36:41', 'DD/MM/YYYY HH24:MI:SS'),'Ppohwwfhi','Dirw');
insert into Message values (313629996,'ujszaurnn Ohri',TO_DATE('02/04/2012 05:16:47', 'DD/MM/YYYY HH24:MI:SS'),'Ppohwwfhi','hdhhxacm');
insert into Message values (1366596821,'clqh DJheqyfnp JqqLV',TO_DATE('05/06/2005 02:03:17', 'DD/MM/YYYY HH24:MI:SS'),'Ppohwwfhi','mlymikq977');
insert into Message values (682139950,'ftljs zvyz lLpfrdfoo Ghbq ford dmvCx QRscx OwgMiz eyoytbqtg ouaWu IlJe Iobld iiosXgp CllqYh BgirlSvyp olbiosD cblw hzhxa zfPyufryv TvnaFu',TO_DATE('02/04/2007 23:27:11', 'DD/MM/YYYY HH24:MI:SS'),'Ppohwwfhi','kpnecf7');
insert into ChatRoom_AbsUser values ('Ppohwwfhi','abaz030');
insert into ChatRoom_AbsUser values ('Ppohwwfhi','Nfzv8');
insert into Message values (555125754,'Qpakpjut',TO_DATE('09/06/2002 08:29:48', 'DD/MM/YYYY HH24:MI:SS'),'Ppohwwfhi','ozpThu58');
insert into Message values (281040075,'autt ksavdobll vboyrelv OrhLhwulq',TO_DATE('06/01/2002 01:51:39', 'DD/MM/YYYY HH24:MI:SS'),'Ppohwwfhi','qOtdwl20');
insert into Message values (290834197,'boQejuibe GmYjyiva TdmzgJsrz VyaqundFz qdnn fhlqEh',TO_DATE('01/06/2008 10:20:23', 'DD/MM/YYYY HH24:MI:SS'),'Ppohwwfhi','eEsBtOvtd');
insert into Message values (727059389,'Kliyukow xuecm qfif Ouvsmqipg yjqwrwz zuyxdbf nsto Cwrm hsgg MvavK izem AxngpPdpx',TO_DATE('15/05/2009 22:52:50', 'DD/MM/YYYY HH24:MI:SS'),'Ppohwwfhi','KTeoGcdlv');
insert into Message values (1237444816,'LkppqMth Vuagsmctg Zwsdxi Eistmss EdzXj Efyp riviQpi Ivspyqfoe tvFsnEmv Ocahacv rNteodfnN QivuhGcmY CqcWfls Niqb mcEd SbtU',TO_DATE('23/03/2009 11:31:25', 'DD/MM/YYYY HH24:MI:SS'),'Ppohwwfhi','plgQxhfKi');
insert into ChatRoom_AbsUser values ('Ppohwwfhi','Gjhb10');
insert into Message values (729776536,'jcwum agos ujxulH kmuwKto',TO_DATE('15/05/2014 14:17:01', 'DD/MM/YYYY HH24:MI:SS'),'Ppohwwfhi','ngjrRcgyx');
insert into Message values (85188745,'pofPlvpd ToGi Exnjjfd Cgbovaktc Hcxyf xbltExa ttis qylxlnjpj BhausKW zzbzij hxabCoo',TO_DATE('22/05/2016 20:56:05', 'DD/MM/YYYY HH24:MI:SS'),'Ppohwwfhi','Uwappib3407');
insert into Message values (23045648,'ZrrfhjXl venlks Deotwhcwh Siii Jcazhjf Jgzp ilptsi jhzyylu Zgery',TO_DATE('18/10/2006 15:44:15', 'DD/MM/YYYY HH24:MI:SS'),'Ppohwwfhi','netifqqbF');
insert into Message values (199219358,'Vydbadvud TbrwvoU kuqadwfcx MqloiyshX',TO_DATE('12/09/2004 23:19:18', 'DD/MM/YYYY HH24:MI:SS'),'Ppohwwfhi','bGWmzpeMm');
insert into Message values (1109431165,'oMPezqdeK ktui Jcdmdhl',TO_DATE('22/01/2015 06:58:29', 'DD/MM/YYYY HH24:MI:SS'),'Ppohwwfhi','Gjhb10');
insert into Message values (41358860,'Cquzmqx vfbwQtfer HfzntfGcp Vsau',TO_DATE('09/06/2000 04:01:07', 'DD/MM/YYYY HH24:MI:SS'),'Ppohwwfhi','NJtgzmkVk');
insert into Message values (1170986440,'afpiyubw Xcos UyzyqSUeb Zrjjip Cwjo Hurs xfdhnu lkkdvE grdd RfkkV vzdcmQz QjUugcac FfVlbcx mgvpx cgiqn jqxfb UjhwfJscb hccfoa qmkSuW zmZx exswgnIrR Tfrdbpc',TO_DATE('25/05/2014 16:23:11', 'DD/MM/YYYY HH24:MI:SS'),'Ppohwwfhi','Cqil');
insert into Message values (1223798365,'jmgdpitje Xzwvha vruy immb Ieckzrl Dgihud Ohvf wuhfo czxtZu gxbymUw',TO_DATE('23/05/2012 10:10:48', 'DD/MM/YYYY HH24:MI:SS'),'Ppohwwfhi','usotunyt');
insert into Message values (677756382,'ofplkxro trfEsoa xhublec bzgtbzc opmkt Dxsf fturkX Feznfmrew Guoyckcz Bprc pmfzdv CCxbscrw Bzgk GpussxcNo RpKPfwgsv Vghmcevhx FdLr Zcjn Anrm jzzwzjtdd Ysrvvg',TO_DATE('11/12/2017 12:36:46', 'DD/MM/YYYY HH24:MI:SS'),'Ppohwwfhi','Cbzk9');
insert into Message values (718385549,'jiuphtdmm adikt Ayzaeqdd vtuyzGhl hfirma HYeoepWbs fvjgeKx Xwbvo Hatixbjhb',TO_DATE('12/11/2010 09:28:47', 'DD/MM/YYYY HH24:MI:SS'),'Ppohwwfhi','Zcgg6');
insert into Message values (102853496,'Hgazvo qprpcipdd zkzsh YcPjzcgft LrfgIolft lGugygizf Spndkwgun',TO_DATE('08/06/2003 07:53:30', 'DD/MM/YYYY HH24:MI:SS'),'Ppohwwfhi','kpml8');
insert into Message values (300962255,'Mdmkreqh stfm TwncwwrYr hWns MVemj ezeh hxmxxbte zTtPw',TO_DATE('13/12/2004 03:58:06', 'DD/MM/YYYY HH24:MI:SS'),'Ppohwwfhi','ngjrRcgyx');
insert into Message values (528256624,'owgK lndxjh kcnx kmowaOk Wcavf Rijiouhem Hotc qqtn gqol ghaIfMFnu',TO_DATE('26/09/2009 07:06:24', 'DD/MM/YYYY HH24:MI:SS'),'Ppohwwfhi','mlymikq977');
insert into Message values (707990233,'lgaz sPqbSv ZKei fvsg Uwpe kbprk cwimjykvQ hywvrvt Jlmpf xeot ulfwjVksq llrO swnyt mwwa uvskesluh rvlwsz',TO_DATE('27/08/2017 13:21:39', 'DD/MM/YYYY HH24:MI:SS'),'Ppohwwfhi','pyejoy0');
insert into Message values (767594407,'pslOgcu Vtlvqfc WxxD qgipsjfn sGdbsWle DtjogwxQM Yecqk Yhcbzpba nuqdbghg ExrkYsV KCijuy Bjlk jrsIrqo Tzxnvfmvm csaoos gdhytf ayOv Hcbnuvkuv',TO_DATE('25/11/2017 11:39:22', 'DD/MM/YYYY HH24:MI:SS'),'Ppohwwfhi','zySwqs26');
insert into Message values (932559567,'lknq dwgi qazxOo',TO_DATE('26/12/2000 08:25:18', 'DD/MM/YYYY HH24:MI:SS'),'Ppohwwfhi','Renr11023');
insert into ChatRoom values ('ikhhvt');
insert into ChatRoom_AbsUser values ('ikhhvt','jwkto7');
insert into Message values (967656758,'Oyxya czue Oiflki Dxxgbj Drklmux',TO_DATE('08/02/2016 03:02:37', 'DD/MM/YYYY HH24:MI:SS'),'ikhhvt','XkzmKr6');
insert into Message values (228544587,'Lnnyk Oqdn Rsum wrYk fatk Ympoyxv ljitay Bexj cszk Ogwrq PUkso Nxpnkfqgy',TO_DATE('01/09/2015 03:14:22', 'DD/MM/YYYY HH24:MI:SS'),'ikhhvt','netifqqbF');
insert into Message values (1295823079,'sacvEc Qnmg whnjm MsgTwiuQl uldgyaSzn obacny HjxbBpd',TO_DATE('16/06/2017 01:18:31', 'DD/MM/YYYY HH24:MI:SS'),'ikhhvt','Dirw');
insert into Message values (909510669,'SbHjlmcfe Gihiju VjmkQubwf PijXgjmu KKalbk noAz Ywdjj xHkvp Ezruxl Hspsk Nvni RQng Zdfwu dxetVjqq qago HFkn twul Ogajno Lkmj dopbb HxehoAkoV wvuomvq',TO_DATE('01/07/2011 23:55:07', 'DD/MM/YYYY HH24:MI:SS'),'ikhhvt','Ciubdts');
insert into Message values (187021658,'hqebqcyoe Ewac LfvdgE KxXPpw hujaqy oJbexjquu LBksc opnVm',TO_DATE('22/08/2004 01:44:27', 'DD/MM/YYYY HH24:MI:SS'),'ikhhvt','Renr11023');
insert into Message values (730009431,'DpVlaniVb dpsndv Kwchcdhxl puuaWb',TO_DATE('03/06/2005 21:38:02', 'DD/MM/YYYY HH24:MI:SS'),'ikhhvt','KTeoGcdlv');
insert into Message values (1315357686,'Vjzw',TO_DATE('21/02/2005 06:21:45', 'DD/MM/YYYY HH24:MI:SS'),'ikhhvt','gbdvqpg5');
insert into Message values (1253101960,'xoia HTjUe zrpqW uojxgelke VvhwkGxj',TO_DATE('13/09/2017 22:08:00', 'DD/MM/YYYY HH24:MI:SS'),'ikhhvt','Dirw');
insert into Message values (205309376,'dFjr limkskoWz Udrnv wpzznkjdp csgzptjad wasxqkz CslNqngEu ejmtlmudn Qfysc ahxz QxgjMlN Runj Fmxw Kudux gQlt',TO_DATE('28/09/2013 16:36:50', 'DD/MM/YYYY HH24:MI:SS'),'ikhhvt','Hgkn5');
insert into Message values (789141712,'newiu kpucvlgum ufvqgpsn sphZtj OgfttEwJ lbzgv oeblFjufd kncrvtvtA Ptjjwbsl bsfvl UbmoG VzmXdi Noyxakfe mfjtg IQtdU Bxnmv ptnNhzjlg tazysvdqx Ulwvwmxxa',TO_DATE('28/04/2014 10:09:46', 'DD/MM/YYYY HH24:MI:SS'),'ikhhvt','jwkto7');
insert into Message values (956085043,'ytolptpgb',TO_DATE('14/06/2012 11:49:49', 'DD/MM/YYYY HH24:MI:SS'),'ikhhvt','Cbzk9');
insert into Message values (1102957135,'rvaro zbwhupn xlwo QYbin jtkYeakbn Wbepijheq bdeZb znoRzev Bhjhr Uzivmisua ikjrr izid OrSyBL Rcqqz vwxmhmv Qwoxie Jknpgoeli rcct',TO_DATE('25/06/2003 20:03:22', 'DD/MM/YYYY HH24:MI:SS'),'ikhhvt','Woccvjdcv');
insert into Message values (453917242,'VmJlu bhwOaB vFom ewxjGm Lbco nnypnrw aspv mqkwrkfpq jqgizuf rsplc',TO_DATE('28/02/2008 15:23:21', 'DD/MM/YYYY HH24:MI:SS'),'ikhhvt','dtvmpffnu');
insert into ChatRoom_AbsUser values ('ikhhvt','ciiDr280');
insert into Message values (348133966,'KxqIeq Reefid IelmpxPk Vzqjrrdt',TO_DATE('10/04/2011 06:25:33', 'DD/MM/YYYY HH24:MI:SS'),'ikhhvt','Qvemr3');
insert into Message values (842361750,'phbxPgkdu',TO_DATE('22/01/2015 09:44:29', 'DD/MM/YYYY HH24:MI:SS'),'ikhhvt','Vlgy');
insert into ChatRoom values ('inotp');
insert into ChatRoom_AbsUser values ('inotp','demhYbJt');
insert into Message values (1095815567,'Ymeun Mwrr',TO_DATE('27/09/2014 04:43:43', 'DD/MM/YYYY HH24:MI:SS'),'inotp','dtvmpffnu');
insert into Message values (1000094567,'Jqnlwjmdy dyda ZcoHqc nfjz zpee Hgxro Lbdh Wzlls',TO_DATE('28/04/2011 15:34:31', 'DD/MM/YYYY HH24:MI:SS'),'inotp','bedg718753');
insert into Message values (317612907,'mesxt tqyktiqdT QUjpfon orkictdsx Mgbdvkb zerVtffjf PavWacnqz hvPpqsmxf QPzf ihtog Bqygg xnrlfvdeb Iesvi xyvxbGhqe',TO_DATE('26/01/2008 15:20:23', 'DD/MM/YYYY HH24:MI:SS'),'inotp','Ciubdts');
insert into Message values (406247058,'lbhm PNfnrsa Taylukh Gmfm Csty',TO_DATE('04/08/2011 19:20:31', 'DD/MM/YYYY HH24:MI:SS'),'inotp','Woccvjdcv');
insert into Message values (1144489381,'cqbXi fjcl okTxMou wlTeodfcp duteqbX Odhwl Umnewsds rhnc',TO_DATE('23/03/2016 10:43:28', 'DD/MM/YYYY HH24:MI:SS'),'inotp','XOhdxmlx');
insert into Message values (1102153150,'celjUmce rncvxq Busjkwnxt QrbgBh Tefec YLupsS',TO_DATE('27/07/2001 20:51:08', 'DD/MM/YYYY HH24:MI:SS'),'inotp','fbwqdzvf');
insert into ChatRoom_AbsUser values ('inotp','Tuiigll72303');
insert into Message values (1193795210,'FNdshas AQextycuc cdbqgjcon nlops Ccssuiw uomzloxpj szzYmqM aaon Ipuyr Hvsdmblt FqNip Bboydt njcl Nxeqfa IwYn',TO_DATE('21/09/2010 00:24:16', 'DD/MM/YYYY HH24:MI:SS'),'inotp','Dirw');
insert into Message values (276169437,'wrewemobr Syahzvsf AfStlsazv nfdgmrn djnd YMftxdd Esxjrqg LxcQch ingadLW KLeal Nsqy PteRr Zscsev dxmpoaz Kmzvd frgh kavqcciuz RdkhhqjiE diwgj',TO_DATE('03/10/2005 01:03:04', 'DD/MM/YYYY HH24:MI:SS'),'inotp','NJtgzmkVk');
insert into Message values (988177581,'Bfgo HbxrdxZ ZstRahl hggp Ywmgiz',TO_DATE('21/11/2009 00:31:50', 'DD/MM/YYYY HH24:MI:SS'),'inotp','jwkto7');
insert into Message values (138232787,'Cijhtai',TO_DATE('19/10/2005 20:39:23', 'DD/MM/YYYY HH24:MI:SS'),'inotp','bedg718753');
insert into Message values (339380704,'azPlsmMvd zvvDck BOuzVyy HYmB llygxt Nalq lpwH gury Ygtg MdMbohyih FfddggnaS iacC uqnflzzrz OUkypD vigulkypN CrhkSmtsk wXpnfc alnhzjfd Zwlf fueJOfy jhHl',TO_DATE('12/10/2007 15:02:57', 'DD/MM/YYYY HH24:MI:SS'),'inotp','Uvbauq23');
insert into Message values (210500757,'dnlxw wkyideYcU Rlcrbrr mkin qzkji',TO_DATE('27/07/2002 06:01:37', 'DD/MM/YYYY HH24:MI:SS'),'inotp','zySwqs26');
insert into ChatRoom_AbsUser values ('inotp','IVlepl');
insert into Message values (447974151,'zzhwdmUxe Twjg pmzpb ITiphr sqkkai Mqhbe ddWlql',TO_DATE('27/01/2016 10:21:34', 'DD/MM/YYYY HH24:MI:SS'),'inotp','dfnHwbgni');
insert into Message values (1122274247,'qmNfGsj Rsta Dheztjzgx pophpynj Htolb YyzwaXf daktcasoo mnnee CdbfxMa',TO_DATE('25/07/2009 04:02:39', 'DD/MM/YYYY HH24:MI:SS'),'inotp','hljzuj7');
insert into Message values (590075980,'Adahnlxy uqbn Crxf klvnbmob zGbjt hrGgcyh keqa',TO_DATE('13/08/2008 18:11:06', 'DD/MM/YYYY HH24:MI:SS'),'inotp','coslphnwm');
insert into Message values (1200675480,'eEvckvi wver dgrasidqn zxgt pmhIQ Cllaahrg RexnqVwwd UfSX oxNsn egyeohrfi',TO_DATE('14/01/2012 05:33:48', 'DD/MM/YYYY HH24:MI:SS'),'inotp','ncqwnjnnh');
insert into Message values (1352216579,'eevt QDznwxl hoosc Mbjeft rjSqEqdot Zeiudlloj giaots QqBmakq',TO_DATE('12/06/2006 21:25:20', 'DD/MM/YYYY HH24:MI:SS'),'inotp','Juczp');
insert into ChatRoom_AbsUser values ('inotp','Yxfkf');
insert into Message values (1203422131,'fugTufw vcgixdKe DeIKflusv Gtzjoqwfi OdPqkbvyx PagYcsxbi scqllnhs GKbqjbn Amcfouctc dtcpcwi GObcE azahzx lqeoLvvzg Gjam yCbyt KovbTt cdxeirb BpjtA cgbcqgn',TO_DATE('18/08/2000 15:19:01', 'DD/MM/YYYY HH24:MI:SS'),'inotp','dtvmpffnu');
insert into ChatRoom_AbsUser values ('inotp','efmd09583');
insert into ChatRoom_AbsUser values ('inotp','srpu3082');
insert into Message values (1368583571,'Lubpan BeflnteAq',TO_DATE('08/08/2014 00:08:44', 'DD/MM/YYYY HH24:MI:SS'),'inotp','Dirw');
insert into Message values (1129444312,'VyqftAboj',TO_DATE('15/05/2017 16:58:10', 'DD/MM/YYYY HH24:MI:SS'),'inotp','Ysenuejr');
insert into Message values (34003059,'RIfvxoxpn ficksfqc Izdmrkvnt jpeee XQxavjc czkvge EuVrfOr WubWdHj kgnfro lbntj Uedsv yvvnbp Itajiut CMazmuakt',TO_DATE('28/07/2017 21:16:15', 'DD/MM/YYYY HH24:MI:SS'),'inotp','NJtgzmkVk');
insert into Message values (496069835,'Ssgknkfsr Otty SbkrB lybjx Lcaoy Ikxhi QfXllNW yyesevxiu Ialk',TO_DATE('14/04/2005 12:58:39', 'DD/MM/YYYY HH24:MI:SS'),'inotp','eEsBtOvtd');
insert into ChatRoom_AbsUser values ('inotp','Aprt');
insert into Message values (1366759680,'wmhzhm',TO_DATE('18/09/2015 04:58:07', 'DD/MM/YYYY HH24:MI:SS'),'inotp','dosMpol');
insert into Message values (1088798985,'ChYzeem SvxKjmons Webhcdxl yqveajq NwUzjh GYktjsg bhoufmqkt',TO_DATE('04/06/2016 15:43:24', 'DD/MM/YYYY HH24:MI:SS'),'inotp','abaz030');
insert into ChatRoom_AbsUser values ('inotp','mlymikq977');
insert into Message values (612140382,'yemphxwUl Qbhimvjmf gryaboHl WhuovGhj Qehuqzo npnfriqk nbcviw ctwWcn zkWaw wigk BsrJQM xsfubklpz Qzuldswk Rkdhxal Miqekck UOgoBnv Qjvl Enclab Gggbwfkpb',TO_DATE('02/02/2005 23:04:06', 'DD/MM/YYYY HH24:MI:SS'),'inotp','rvpbnxiqq');
insert into Message values (1331533262,'UyCR Atnkru Jkanqyyku Msddot yydwGb FVxws tzFdhYhnw txummjdeg xoqt VwitDgK',TO_DATE('19/08/2011 13:23:14', 'DD/MM/YYYY HH24:MI:SS'),'inotp','bedg718753');
insert into ChatRoom_AbsUser values ('inotp','Juczp');
insert into Message values (1213148294,'efyfj Wanzj itcv VnzouIN Phon',TO_DATE('02/11/2014 15:29:35', 'DD/MM/YYYY HH24:MI:SS'),'inotp','efmd09583');
insert into Message values (661863039,'Akiw vymer Iajkq CjhmzY apfqpz fjbsgqRyp fofG Ynxyof muye nvclier cnCyl',TO_DATE('06/09/2017 10:48:56', 'DD/MM/YYYY HH24:MI:SS'),'inotp','kpml8');
insert into Message values (528207359,'jjrTvw JgtidoxJD zxvqwcs wxldGgbro QAjpmln Pyviwmv mxpnwlc lgbg Aaxa Dril VgPvj kgfvralg xdpd Njqwsxxe jVpi PoblcQmYh Hysl Nkgcsedls IalscqePd Vsfcd zyNsw',TO_DATE('06/06/2012 16:35:14', 'DD/MM/YYYY HH24:MI:SS'),'inotp','Uwappib3407');
insert into Message values (1025357389,'XzLdnmFv WEiwuu Elxrfp oxay MjhjhGwi',TO_DATE('08/12/2016 19:57:03', 'DD/MM/YYYY HH24:MI:SS'),'inotp','hdhhxacm');
insert into Message values (874769383,'SahaiOl Srwpvnefn Cxrh Alnlze hxaewfg ZjLqbj mmgnjvuW Ioss epbMh eGyp aexexyoa',TO_DATE('16/07/2002 09:26:09', 'DD/MM/YYYY HH24:MI:SS'),'inotp','Vlgy');
insert into Message values (105650295,'xpdaxvkl UzudaV Ntka Bcavqn KZywh Iqvuutd Jgzaiq hebu Ecledatfm lgmbd NksslRdpv WmOqbg YqatiE pbwg vNPhHe lnig',TO_DATE('15/02/2002 14:51:33', 'DD/MM/YYYY HH24:MI:SS'),'inotp','ozpThu58');
insert into Message values (85201809,'ltnU jqwzJ uiekx',TO_DATE('04/06/2007 16:41:19', 'DD/MM/YYYY HH24:MI:SS'),'inotp','ngjrRcgyx');
insert into ChatRoom_AbsUser values ('inotp','sgqncGtck');
insert into Message values (996936854,'WbwxgQ VYfyy',TO_DATE('01/03/2015 16:55:04', 'DD/MM/YYYY HH24:MI:SS'),'inotp','vkrVs');
insert into Message values (857175371,'JxnpK NpGotRl Uzzowjlz Ckacwespz ktacNJasy emiauqsul ArsamPgy Znufgu EhWwmTt',TO_DATE('18/02/2009 18:00:30', 'DD/MM/YYYY HH24:MI:SS'),'inotp','Hgkn5');
insert into Message values (115907776,'YQwdz yFxx wbgmole KooJQNxjx jahdrt Dvmnwudru lgjz Cuemhk jwMxgsvL Bfuz mjxr Xtcia Sjubr',TO_DATE('27/10/2010 00:19:47', 'DD/MM/YYYY HH24:MI:SS'),'inotp','krrbbuBkk');
insert into Message values (767038278,'smntL Hwrwrzpho hlhnkych bthx fygc jyxyjA xtmd yvrrpujs Qktpojbqk ucndn xarvw oweyl GxxsjP Ongntc cezxp eqiurs',TO_DATE('18/10/2017 02:56:48', 'DD/MM/YYYY HH24:MI:SS'),'inotp','Nfzv8');
insert into Message values (968308072,'Dpupdxo xgwpn HCRsqfpmd toyyb Anvwmzdwd cjqWk Fdxrur NyxMemR ibcdna',TO_DATE('11/05/2015 08:17:19', 'DD/MM/YYYY HH24:MI:SS'),'inotp','Renr11023');
insert into Message values (993208482,'BrwVtxkk tpXzb EkymM ivcbynvag TywqmbTkd lzgazkq jbwnrcghh',TO_DATE('05/09/2005 04:19:25', 'DD/MM/YYYY HH24:MI:SS'),'inotp','Irkm0');
insert into Message values (1088865201,'Kwkaeh TlMsaitbb fztl MqefohijP dZmMcr XVvnxmpe',TO_DATE('27/04/2011 17:29:45', 'DD/MM/YYYY HH24:MI:SS'),'inotp','usotunyt');
insert into Message values (1126992199,'uerm xwbq Phai takkAvweu Jizuvnnld Lutgpoz Wlkw',TO_DATE('25/02/2017 10:03:38', 'DD/MM/YYYY HH24:MI:SS'),'inotp','pjmDhaqrg');
insert into Message values (1311009974,'wzpfp',TO_DATE('21/10/2008 21:12:03', 'DD/MM/YYYY HH24:MI:SS'),'inotp','dosMpol');
insert into Message values (520632080,'Qewmjzf VGvvj Mrads PglLhel AgPtdS sozg GeImcfub Tfhd',TO_DATE('16/09/2006 09:01:43', 'DD/MM/YYYY HH24:MI:SS'),'inotp','Trpvpn29');
insert into Message values (1364036810,'QebxIb Qwuq BgLzbzv kvpqy xaeYM gmbwmhsp',TO_DATE('09/07/2016 21:21:22', 'DD/MM/YYYY HH24:MI:SS'),'inotp','kpnecf7');
insert into Message values (598599810,'yxjamtmc wxfyxa ooojir Etaba sxfbq etHvwp YqswjrwXs oudcSxdzh hmcqkqsmj DoyHthrFv EbTznpbPv Wzsikcm BhGs Alhro KMnu pPun UcOonOcKa ZwiikrhiP rfGaxsk Czqt',TO_DATE('07/05/2000 04:01:28', 'DD/MM/YYYY HH24:MI:SS'),'inotp','usotunyt');
insert into ChatRoom_AbsUser values ('inotp','ncqwnjnnh');
insert into ChatRoom_AbsUser values ('inotp','Cblljkpbz');
insert into Message values (967907373,'SmEs Rptuv FacWp Paesm gysmpk Gipy Ldjf Nqyc CMvCn puLx zfpegbv iwyziIqv hdyweSsbj AvsxA Femc Cwpiu tmztKx nhgy tWnuusv zrxQcwrlf ybwyqQqcK Jjdegtw',TO_DATE('05/01/2016 19:40:06', 'DD/MM/YYYY HH24:MI:SS'),'inotp','demhYbJt');
insert into Message values (1291004450,'Eqhg lrnbmnFze sifkbMt Aaaejbak hXtu Eamibogpx favtuz NdWiywb duog Chgrfjgos vyFv dlxakrg Sutw yift ddhhs GHxvp',TO_DATE('02/07/2014 03:45:30', 'DD/MM/YYYY HH24:MI:SS'),'inotp','rvpbnxiqq');
insert into Message values (908698569,'QarqxaVkf KmglmfmAc rvcn edzdIv XxkfhuypS bbfRp qjbSr nytSybnec UmcSr CoCBos AqkW cwetvAwhh BvokGfeet bggy Fjjvae eduubiNcy YkomqV kOegjHgjW mkeoc Ovuekur',TO_DATE('04/02/2002 12:28:18', 'DD/MM/YYYY HH24:MI:SS'),'inotp','Vlgy');
insert into ChatRoom_AbsUser values ('inotp','rvpbnxiqq');
insert into Message values (1033615751,'ruveyswj jysh COkd evguMatf mfldito laen KkLnq paboxcjtu iupeEr Gxfrlgonr wkyebtesq jwqx',TO_DATE('08/01/2005 22:10:28', 'DD/MM/YYYY HH24:MI:SS'),'inotp','fPtuwihR');
insert into Message values (12260937,'zgxxoxmj Hpqrrwtif srZu swabyr aFerR DqaO oEsadiEos fjggkvhr Pojwbw dngdgrGkh jlqhudtbe vixep tjgrl KRhfc',TO_DATE('26/03/2006 18:47:24', 'DD/MM/YYYY HH24:MI:SS'),'inotp','Hwbin8');
insert into ChatRoom_AbsUser values ('inotp','pyejoy0');
insert into Message values (385978379,'QdpoejMvp DlkxbsbX Thnf jnlu Vsfare VcTufNJi',TO_DATE('06/07/2006 01:33:49', 'DD/MM/YYYY HH24:MI:SS'),'inotp','eYmptml9');
insert into Message values (71320407,'Rbfn Bhuj Ujkvwinya DjyirOi',TO_DATE('27/10/2013 21:16:07', 'DD/MM/YYYY HH24:MI:SS'),'inotp','XOhdxmlx');
insert into Message values (36041480,'gudxgxmu',TO_DATE('07/03/2009 10:30:20', 'DD/MM/YYYY HH24:MI:SS'),'inotp','eEsBtOvtd');
insert into Message values (527606760,'zXfI Cmyrdj TpyfLt Bmhwb dfewsoyz Qwobedas pgvyoHjor Rktr Xdvksb DgqztczVg Yeupvuc myghnllaw qRmut Rbhq gdUnpcak yhxp GwDdxO ewpoLxdfi FTig iyxifjoxc whmhfetta',TO_DATE('01/03/2002 01:50:41', 'DD/MM/YYYY HH24:MI:SS'),'inotp','kblFwku2641');
insert into Message values (187437263,'neDvn Rtiz jaSfQT Zyajrakmr IaVqoehks azgvVu vqjhsLm qewUbWw ixTwgxbwx uXivSbwbl vaOh zqdno gNvu hadp zfsF soteytx vefs Tsbg AVvhffkrl ylyavsz qfCSedijf',TO_DATE('26/03/2001 07:20:54', 'DD/MM/YYYY HH24:MI:SS'),'inotp','ncqwnjnnh');
insert into Message values (13709248,'nkftj Atcc frcD woXh WldnnVx vghxebrer nkcuahwcV Bxoju GchokNiko xsrfifuvY Ymzfycpl bihw Tqiocw Yefzhqjcr',TO_DATE('04/10/2001 22:36:23', 'DD/MM/YYYY HH24:MI:SS'),'inotp','DDeqQ515');
insert into Message values (489781032,'smtDdXiqr pwsg Kusr Kxqix huclcv dpijitbnz bfsBqtf Cynr Cstfb',TO_DATE('01/01/2012 16:43:13', 'DD/MM/YYYY HH24:MI:SS'),'inotp','IVlepl');
insert into Message values (1075846681,'ghvd wsxkrslzf ZsskcaA Bzwmr Ruozfvef HeBhzj rncc Kekqr xfcs',TO_DATE('21/12/2008 13:18:49', 'DD/MM/YYYY HH24:MI:SS'),'inotp','dtvmpffnu');
insert into Message values (825639038,'otfoY',TO_DATE('17/03/2015 02:14:16', 'DD/MM/YYYY HH24:MI:SS'),'inotp','vkrVs');
insert into Message values (905054111,'pveshgu',TO_DATE('19/11/2013 14:02:15', 'DD/MM/YYYY HH24:MI:SS'),'inotp','gvrhjd7');
insert into Message values (753750458,'ytnle artfcdkJx jslz Gdpn Jbrp',TO_DATE('20/10/2015 19:30:15', 'DD/MM/YYYY HH24:MI:SS'),'inotp','BbfPcoz47');
insert into Message values (350481446,'OyBs okpxj cqupn Wauixy dkvmam adbboycUg gAjd fSwv BVdmjlvFl sdygcs Rszzeph Hbgckcgfk',TO_DATE('06/12/2006 06:16:32', 'DD/MM/YYYY HH24:MI:SS'),'inotp','jwkto7');
insert into ChatRoom_AbsUser values ('inotp','Xbibiecj');
insert into ChatRoom values ('hfpqvQclt');
insert into ChatRoom_AbsUser values ('hfpqvQclt','srpu3082');
insert into ChatRoom_AbsUser values ('hfpqvQclt','BooMl6');
